{
"type": "FeatureCollection",
"name": "city_roads",
"crs": { "type": "name", "properties": { "name": "urn:ogc:def:crs:EPSG::3857" } },
"features": [
{ "type": "Feature", "properties": { "UserID": null, "number": "3", "개설여부": "개설", "검토": null, "변경사항": "전체개설(양동마을앞 0.6km 2차선 개설)", "연장": 4154, "시점": "사천시 축동면 배춘리", "종점": "사천시 사천읍 두량리" }, "geometry": { "type": "MultiLineString", "coordinates": [ [ [ 14259921.994280030950904, 4177993.005777863319963 ], [ 14259945.363187676295638, 4178010.333683927543461 ], [ 14259967.803602201864123, 4178025.906308473553509 ], [ 14259991.725726868957281, 4178040.916593500413001 ], [ 14260012.570122996345162, 4178051.037775690667331 ], [ 14260033.213021617382765, 4178057.919095268007368 ], [ 14260059.51840447448194, 4178065.941850111819804 ], [ 14260165.148954862728715, 4178092.725598425604403 ], [ 14260197.510968714952469, 4178100.906806296203285 ], [ 14260328.740735432133079, 4178134.090417948551476 ], [ 14260358.383664887398481, 4178141.624046691227704 ], [ 14260457.980115478858352, 4178166.991219150833786 ], [ 14260514.595410110428929, 4178181.425078807398677 ], [ 14260555.443296417593956, 4178188.831368972547352 ], [ 14260584.656969003379345, 4178190.711699068546295 ], [ 14260717.999416850507259, 4178197.197206816636026 ], [ 14260790.304338725283742, 4178199.808282003737986 ], [ 14260805.587123535573483, 4178199.460412866901606 ], [ 14260825.435777304694057, 4178196.823352813720703 ], [ 14260846.265321709215641, 4178192.64143897080794 ], [ 14260870.468333506956697, 4178185.916973512154073 ], [ 14260922.419356504455209, 4178172.567811232991517 ], [ 14260951.24234252423048, 4178166.45873074606061 ], [ 14260963.86472737416625, 4178165.055981813929975 ], [ 14261025.177045358344913, 4178159.617796984035522 ], [ 14261059.225109428167343, 4178157.311003427021205 ], [ 14261111.728124171495438, 4178154.33457544632256 ], [ 14261184.407688725739717, 4178150.245870495215058 ], [ 14261241.705837277695537, 4178146.18707083677873 ], [ 14261284.119662648066878, 4178144.246304958127439 ], [ 14261319.280273539945483, 4178141.878579824231565 ], [ 14261338.789399901404977, 4178141.010469420813024 ], [ 14261358.310004223138094, 4178140.670940837822855 ], [ 14261374.586932705715299, 4178141.707802665885538 ], [ 14261394.389923749491572, 4178144.339295379351825 ], [ 14261411.925436809659004, 4178147.450422687456012 ], [ 14261440.823467401787639, 4178155.251649022568017 ], [ 14261467.547682696953416, 4178163.160666804295033 ], [ 14261513.850385850295424, 4178177.256240911316127 ], [ 14261544.285423777997494, 4178186.251061633694917 ], [ 14261593.346184393391013, 4178199.801114173140377 ], [ 14261607.136324495077133, 4178202.354896530043334 ], [ 14261624.577547831460834, 4178202.65362163586542 ], [ 14261639.692682147026062, 4178200.286605007015169 ], [ 14261686.61975471675396, 4178191.81091458722949 ], [ 14261725.537500301375985, 4178185.058251870796084 ], [ 14261797.634925464168191, 4178171.836423738393933 ], [ 14261877.899723889306188, 4178157.823031719774008 ], [ 14261914.579647803679109, 4178150.923862250056118 ], [ 14261937.06427569501102, 4178147.926860857289284 ], [ 14261956.79011432826519, 4178149.544626736082137 ], [ 14261974.972839405760169, 4178153.182540365494788 ], [ 14261993.634838316589594, 4178159.510878486558795 ], [ 14262025.795976646244526, 4178176.427557773888111 ], [ 14262037.162005938589573, 4178185.685507345944643 ], [ 14262060.809507075697184, 4178208.153423533774912 ], [ 14262114.954651989042759, 4178261.632512459531426 ], [ 14262199.253179464489222, 4178346.43665662733838 ], [ 14262240.70040151104331, 4178388.551894449163228 ], [ 14262310.662951977923512, 4178454.920038988348097 ], [ 14262330.494696963578463, 4178469.409896304830909 ], [ 14262346.68751597777009, 4178477.399681892246008 ], [ 14262355.012133043259382, 4178480.502678230404854 ], [ 14262369.837814753875136, 4178484.578076647594571 ], [ 14262384.286539474502206, 4178486.875384845305234 ], [ 14262438.18721180036664, 4178492.618125126697123 ], [ 14262472.761346762999892, 4178496.454751935787499 ], [ 14262490.692192198708653, 4178498.843305467627943 ], [ 14262512.116930468007922, 4178503.771207264158875 ], [ 14262543.025098849087954, 4178514.05805220734328 ], [ 14262566.000057008117437, 4178523.937820602208376 ], [ 14262636.391261015087366, 4178556.524554379284382 ], [ 14262738.865241991356015, 4178604.739915964193642 ], [ 14262793.48746071383357, 4178630.555999798234552 ], [ 14262869.547239953652024, 4178666.232757123652846 ], [ 14262961.104249989613891, 4178708.725759888999164 ], [ 14263037.601645877584815, 4178743.477667358703911 ], [ 14263052.410504611209035, 4178749.870974963996559 ], [ 14263063.52282864972949, 4178753.387271366082132 ], [ 14263073.578930210322142, 4178755.754764365032315 ], [ 14263093.022636737674475, 4178758.449916108045727 ], [ 14263103.323097370564938, 4178758.632005439139903 ], [ 14263122.790995741263032, 4178757.060374465305358 ], [ 14263125.238474480807781, 4178756.623560470528901 ], [ 14263145.200262349098921, 4178751.98097564605996 ], [ 14263151.573644768446684, 4178750.203362129628658 ], [ 14263162.735814934596419, 4178746.124949535354972 ], [ 14263177.017113603651524, 4178741.624861704651266 ], [ 14263185.047786165028811, 4178738.958510673139244 ], [ 14263193.078082794323564, 4178736.334883464034647 ], [ 14263226.28655156865716, 4178725.939179381355643 ], [ 14263245.314890550449491, 4178719.077860896009952 ], [ 14263315.558152189478278, 4178695.3027105294168 ], [ 14263354.045212643221021, 4178685.50122260954231 ], [ 14263374.536798281595111, 4178682.412973835133016 ], [ 14263388.622208358719945, 4178682.273733781185001 ], [ 14263405.40616206638515, 4178685.295509953517467 ], [ 14263411.970758749172091, 4178687.900958652142435 ], [ 14263421.466410024091601, 4178693.458374424371868 ], [ 14263426.933166334405541, 4178698.203798512462527 ], [ 14263441.978622613474727, 4178715.340189245529473 ], [ 14263528.141852242872119, 4178817.080245919991285 ], [ 14263606.471152327954769, 4178911.925843773875386 ], [ 14263721.938274471089244, 4179053.651007092092186 ], [ 14263742.82842674665153, 4179080.654376922640949 ], [ 14263793.306243922561407, 4179143.637348918709904 ], [ 14263823.371849937364459, 4179180.120553661137819 ], [ 14263851.959859659895301, 4179216.982299640309066 ], [ 14263859.169449590146542, 4179227.72288891300559 ], [ 14263862.449642537161708, 4179233.731071082875133 ], [ 14263865.077117286622524, 4179241.441945894155651 ], [ 14263867.054218463599682, 4179250.154655073303729 ], [ 14263867.181752434000373, 4179257.137715992983431 ], [ 14263866.206756442785263, 4179261.217724011745304 ], [ 14263861.973709361627698, 4179272.565851398743689 ], [ 14263842.104347642511129, 4179319.259753603488207 ], [ 14263836.18781354278326, 4179331.269107741303742 ], [ 14263828.388562571257353, 4179353.754192732274532 ], [ 14263825.175233470275998, 4179369.080813876353204 ], [ 14263823.392581297084689, 4179382.858846554532647 ], [ 14263818.819078993052244, 4179438.709139758720994 ], [ 14263814.849259749054909, 4179491.109627427067608 ], [ 14263808.687237825244665, 4179571.77581923129037 ], [ 14263804.616052204743028, 4179622.430961022619158 ], [ 14263805.367606539279222, 4179639.036639360245317 ], [ 14263806.959714852273464, 4179647.406978328712285 ], [ 14263811.01561389118433, 4179659.597020493354648 ], [ 14263819.737909128889441, 4179676.742760444059968 ] ], [ [ 14263819.737909128889441, 4179676.742760444059968 ], [ 14263887.548929002135992, 4179737.391006350517273 ], [ 14263913.407502364367247, 4179758.866770668886602 ], [ 14263957.673873703926802, 4179785.601905833464116 ] ] ] } },
{ "type": "Feature", "properties": { "UserID": null, "number": "4", "개설여부": "개설", "검토": null, "변경사항": "변경없음", "연장": 5816, "시점": "사천시 곤명면 정곡리", "종점": "사천시 곤명면 봉계리" }, "geometry": { "type": "MultiLineString", "coordinates": [ [ [ 14240976.428851522505283, 4179035.965989568736404 ], [ 14240986.638432471081614, 4179044.555310127791017 ], [ 14240995.956920057535172, 4179050.616953645367175 ], [ 14241007.275088664144278, 4179056.935631084721535 ], [ 14241019.982926225289702, 4179062.106569566763937 ], [ 14241034.132449490949512, 4179066.484722292982042 ], [ 14241049.078769667074084, 4179070.020202140323818 ], [ 14241100.185311231762171, 4179079.649394182022661 ], [ 14241135.532775450497866, 4179086.654941746033728 ], [ 14241183.792817629873753, 4179096.014468267560005 ], [ 14241228.651404885575175, 4179104.661008587107062 ], [ 14241274.232898067682981, 4179113.496117884293199 ], [ 14241390.556243086233735, 4179134.532769803889096 ], [ 14241424.20108730904758, 4179141.784395748283714 ], [ 14241455.435760486871004, 4179149.51462342357263 ], [ 14241477.784737667068839, 4179155.225732686463743 ], [ 14241499.798395041376352, 4179160.074430440552533 ], [ 14241515.644740741699934, 4179162.344996271654963 ], [ 14241539.579554866999388, 4179165.151849140413105 ], [ 14241565.13940043374896, 4179167.955690137110651 ], [ 14241595.371571825817227, 4179170.705572887323797 ], [ 14241618.38175855576992, 4179172.0889837378636 ], [ 14241637.248956773430109, 4179173.583480253815651 ], [ 14241735.420772163197398, 4179180.401171430014074 ], [ 14241763.133369540795684, 4179185.963175384327769 ], [ 14241781.240954294800758, 4179192.473023620899767 ], [ 14241802.04182586632669, 4179199.607881383039057 ], [ 14241822.037318147718906, 4179201.792644185945392 ], [ 14241843.3885557372123, 4179199.343429817352444 ], [ 14241859.779647536575794, 4179192.849330638535321 ], [ 14241874.806005345657468, 4179185.829012075904757 ], [ 14241884.288976076990366, 4179180.874141036998481 ], [ 14241897.338746685534716, 4179173.039816897828132 ], [ 14241913.15345761179924, 4179162.03548074234277 ], [ 14241924.656265694648027, 4179151.116271679289639 ], [ 14241933.144667094573379, 4179142.045449766330421 ], [ 14241942.957145925611258, 4179132.270277849864215 ], [ 14241958.24686293490231, 4179116.869698917493224 ], [ 14241979.308021731674671, 4179093.961988179944456 ], [ 14241992.617305010557175, 4179078.706598860677332 ], [ 14242005.448778823018074, 4179065.454343932680786 ], [ 14242015.043787583708763, 4179058.302368520759046 ], [ 14242037.362938560545444, 4179046.467478886712343 ], [ 14242059.867808910086751, 4179035.391640674788505 ], [ 14242070.848153630271554, 4179031.410712033510208 ], [ 14242072.767508490011096, 4179030.842554038856179 ], [ 14242083.573847983032465, 4179028.222889471333474 ], [ 14242095.478985723108053, 4179027.506859665270895 ], [ 14242097.068593513220549, 4179027.635504494886845 ], [ 14242115.181327238678932, 4179029.102681177668273 ], [ 14242124.456686018034816, 4179029.853322490118444 ], [ 14242173.526393281295896, 4179039.651309020351619 ], [ 14242196.555465243756771, 4179047.283955160994083 ], [ 14242218.373847711831331, 4179057.514857394155115 ], [ 14242223.694321930408478, 4179060.68838773528114 ], [ 14242238.077212378382683, 4179069.267280066385865 ], [ 14242248.296779559925199, 4179076.31997316563502 ], [ 14242255.218116201460361, 4179081.09651585156098 ], [ 14242269.006925275549293, 4179093.313024331815541 ], [ 14242283.627770515158772, 4179107.556061753071845 ], [ 14242296.468562223017216, 4179122.590791208669543 ], [ 14242300.04746369458735, 4179128.456297155003995 ], [ 14242305.055778624489903, 4179136.663815583102405 ], [ 14242312.656816981732845, 4179153.46514256997034 ], [ 14242314.354553520679474, 4179157.218081305269152 ], [ 14242317.770280187949538, 4179169.149500100407749 ], [ 14242319.852932412177324, 4179181.400290645193309 ], [ 14242325.230487920343876, 4179196.13203862728551 ], [ 14242334.129793854430318, 4179212.679939651861787 ], [ 14242342.837593106552958, 4179226.446477422490716 ], [ 14242359.775447690859437, 4179247.792716370895505 ], [ 14242381.081700475886464, 4179272.416377463843673 ], [ 14242396.302021348848939, 4179285.893182334955782 ], [ 14242411.659601429477334, 4179295.751915977336466 ], [ 14242422.059359461069107, 4179299.424934382084757 ], [ 14242432.741800229996443, 4179302.001979996915907 ], [ 14242558.838929001241922, 4179290.993572836741805 ], [ 14242594.011132936924696, 4179289.587973609566689 ], [ 14242838.996263222768903, 4179283.592581381089985 ], [ 14242855.32393392547965, 4179285.448014331515878 ], [ 14242866.506104519590735, 4179289.623239181470126 ], [ 14242881.589528841897845, 4179297.499990431126207 ], [ 14242897.922225669026375, 4179308.258914217352867 ], [ 14242920.305836150422692, 4179324.28522746777162 ], [ 14242947.977881234139204, 4179354.206951875705272 ], [ 14242967.821380699053407, 4179366.45786741329357 ], [ 14243003.361036110669374, 4179386.284061348997056 ], [ 14243018.519515573978424, 4179397.257321682758629 ], [ 14243032.415216606110334, 4179410.687435653060675 ], [ 14243042.834886671975255, 4179425.714377548079938 ], [ 14243045.607156658545136, 4179429.8417814290151 ], [ 14243052.649635460227728, 4179440.327682182658464 ], [ 14243064.769340122118592, 4179455.908720673527569 ], [ 14243072.165036281570792, 4179464.395408705808222 ], [ 14243076.375618452206254, 4179466.910453503020108 ], [ 14243095.942174486815929, 4179478.591649091336876 ], [ 14243131.565699541941285, 4179495.726210008841008 ], [ 14243138.5218809209764, 4179498.065564130432904 ], [ 14243146.441746210679412, 4179500.727923862170428 ], [ 14243152.951466364786029, 4179503.513357412070036 ], [ 14243195.322701597586274, 4179522.324882255867124 ], [ 14243238.747540127485991, 4179540.956592802423984 ], [ 14243262.228834837675095, 4179550.67001782823354 ], [ 14243284.66585686057806, 4179560.783197975251824 ], [ 14243313.789319096133113, 4179572.735097723547369 ], [ 14243353.551839215680957, 4179589.076365772634745 ], [ 14243380.790007326751947, 4179601.05510868690908 ], [ 14243421.880240049213171, 4179617.575930462218821 ], [ 14243436.527523588389158, 4179621.90644404059276 ], [ 14243450.704925581812859, 4179624.003521734382957 ], [ 14243466.316795969381928, 4179623.287035822868347 ], [ 14243477.195347217842937, 4179621.928287945687771 ], [ 14243489.582295477390289, 4179619.859475090168417 ], [ 14243507.965970603749156, 4179615.986592631787062 ], [ 14243517.988608181476593, 4179614.002612077631056 ], [ 14243557.680874666199088, 4179606.415771548636258 ], [ 14243566.358501954004169, 4179605.419629510957748 ], [ 14243577.283831875771284, 4179605.56393153173849 ], [ 14243585.936380105093122, 4179606.842814371455461 ], [ 14243597.000745391473174, 4179608.818588433321565 ], [ 14243613.090992825105786, 4179614.627397663891315 ], [ 14243641.511124430224299, 4179629.354830861091614 ], [ 14243695.846840996295214, 4179656.60386028746143 ], [ 14243717.226377451792359, 4179665.317208732943982 ], [ 14243725.858451548963785, 4179668.673610939644277 ], [ 14243738.51249254308641, 4179671.876249400433153 ], [ 14243755.510029872879386, 4179675.715986555442214 ], [ 14243790.739447569474578, 4179682.308007225394249 ], [ 14243828.540075670927763, 4179689.290767008438706 ], [ 14243901.224763043224812, 4179702.481861907988787 ], [ 14243940.594046577811241, 4179707.149259797297418 ], [ 14244010.504492273554206, 4179711.97351105324924 ], [ 14244074.74217059276998, 4179714.025099049322307 ], [ 14244094.867152255028486, 4179715.7837506220676 ], [ 14244108.32906050235033, 4179717.666308434214443 ], [ 14244119.987759526818991, 4179721.699127896223217 ], [ 14244125.676039092242718, 4179723.995118007995188 ], [ 14244143.62647520750761, 4179732.232573682907969 ], [ 14244157.349907329306006, 4179741.39623052906245 ], [ 14244173.572174852713943, 4179754.670147690922022 ], [ 14244208.968173651024699, 4179784.535629480611533 ], [ 14244243.901456052437425, 4179813.78207843285054 ], [ 14244276.910635264590383, 4179841.070865246467292 ], [ 14244301.485622638836503, 4179858.304052697960287 ], [ 14244325.77760935947299, 4179870.422693864442408 ], [ 14244343.386375164613128, 4179876.715643243864179 ], [ 14244358.633278815075755, 4179882.655155742540956 ], [ 14244380.82105603069067, 4179889.665633800439537 ], [ 14244423.687525194138288, 4179902.151149068959057 ], [ 14244466.753538278862834, 4179910.387515879236162 ], [ 14244501.663981508463621, 4179913.205441408790648 ], [ 14244532.984690252691507, 4179913.039886036422104 ], [ 14244574.260460782796144, 4179911.715610429178923 ], [ 14244613.27259848639369, 4179910.641869639512151 ], [ 14244712.70863157697022, 4179908.098762830719352 ], [ 14244769.433247290551662, 4179908.688582927454263 ], [ 14244796.021956507116556, 4179910.695149380713701 ], [ 14244825.073223233222961, 4179912.573300117626786 ], [ 14244857.17463206499815, 4179914.804561238270253 ], [ 14244885.877872917801142, 4179916.67584330867976 ], [ 14244922.760571835562587, 4179918.840152440126985 ], [ 14244957.495136715471745, 4179921.775640578009188 ], [ 14244996.075495829805732, 4179923.673074989113957 ], [ 14245025.033239368349314, 4179926.116193379741162 ], [ 14245042.974359933286905, 4179927.355900013819337 ], [ 14245063.163530245423317, 4179930.014958039391786 ], [ 14245091.944664446637034, 4179937.426958506461233 ], [ 14245104.301063759252429, 4179942.502963615115732 ], [ 14245119.421162487939, 4179948.71664518257603 ], [ 14245173.808053573593497, 4179977.018416428938508 ], [ 14245214.937591481953859, 4180001.030871637631208 ], [ 14245235.977021770551801, 4180016.976233658846468 ], [ 14245255.553633078932762, 4180036.059011815581471 ], [ 14245285.784067211672664, 4180067.20291611040011 ], [ 14245321.052357483655214, 4180104.448772615287453 ], [ 14245359.167027046903968, 4180144.520227715373039 ], [ 14245381.103348707780242, 4180162.077831624541432 ], [ 14245397.055657142773271, 4180173.177314832806587 ], [ 14245398.027192750945687, 4180173.934462120756507 ], [ 14245417.767864881083369, 4180189.336998449638486 ], [ 14245435.011997733265162, 4180202.429504443425685 ], [ 14245454.658869571983814, 4180217.346511756069958 ], [ 14245484.954069605097175, 4180237.099265935830772 ], [ 14245510.054196216166019, 4180254.038775854744017 ], [ 14245518.52810962498188, 4180259.550550094339997 ], [ 14245528.777687938883901, 4180266.541686343960464 ], [ 14245572.092278199270368, 4180295.292882089037448 ], [ 14245597.745899943634868, 4180312.882974865846336 ], [ 14245613.991227708756924, 4180325.101397318765521 ], [ 14245629.459964755922556, 4180336.706416396424174 ], [ 14245646.812814714387059, 4180350.940209397114813 ], [ 14245678.545738015323877, 4180377.743927297648042 ], [ 14245757.962334578856826, 4180449.260831295046955 ], [ 14245788.990065410733223, 4180476.334847325924784 ], [ 14245817.924014076590538, 4180501.938630127813667 ], [ 14245843.920589065179229, 4180525.891825041733682 ], [ 14245934.154331086203456, 4180605.929608438163996 ], [ 14246000.104556567966938, 4180664.420293993782252 ], [ 14246053.360460601747036, 4180712.360990912653506 ], [ 14246075.733005279675126, 4180743.1533293412067 ], [ 14246080.198142264038324, 4180749.298763844650239 ], [ 14246085.471293764188886, 4180756.556605662219226 ], [ 14246088.974298771470785, 4180761.377047677524388 ], [ 14246128.284000476822257, 4180824.066718806046993 ] ], [ [ 14246128.284000476822257, 4180824.066718806046993 ], [ 14246176.114243762567639, 4180901.077530963346362 ], [ 14246199.533801412209868, 4180947.916646267753094 ], [ 14246210.865845434367657, 4180987.578800352755934 ], [ 14246232.018994281068444, 4181106.942997409962118 ], [ 14246285.657335998490453, 4181397.79879403533414 ], [ 14246309.832363251596689, 4181528.8727699178271 ], [ 14246330.607777293771505, 4181661.457685004919767 ], [ 14246351.005456538870931, 4181767.223429229110479 ], [ 14246365.737113768234849, 4181824.639118957333267 ], [ 14246381.22424060292542, 4181871.478234256152064 ], [ 14246417.109046682715416, 4181950.802542429883033 ], [ 14246448.838769951835275, 4182002.552210138645023 ] ] ] } },
{ "type": "Feature", "properties": { "UserID": null, "number": "5", "개설여부": "미개설", "검토": null, "변경사항": "변경없음", "연장": 2767, "시점": "사천시 용현면 선진리", "종점": "사천시 사남면 화전리" }, "geometry": { "type": "MultiLineString", "coordinates": [ [ [ 14256485.906640652567148, 4169843.640381244942546 ], [ 14257236.96969280205667, 4169795.5330746374093 ], [ 14257327.293615413829684, 4169829.895436502061784 ], [ 14257374.419140255078673, 4169899.601941996254027 ], [ 14257403.872593279927969, 4169966.363102186005563 ], [ 14257620.060938488692045, 4170149.367223649751395 ], [ 14257940.514507405459881, 4170275.428002600558102 ], [ 14258128.258079485967755, 4170358.137064434122294 ], [ 14258199.221962718293071, 4170380.641910134349018 ] ], [ [ 14258199.221962718293071, 4170380.641910134349018 ], [ 14258231.363794738426805, 4170388.117165175266564 ], [ 14258276.980993151664734, 4170397.968648828100413 ], [ 14258339.951243644580245, 4170417.135424222797155 ], [ 14258369.201747020706534, 4170427.649865563958883 ], [ 14258392.956165948882699, 4170436.502882656641304 ], [ 14258396.108601756393909, 4170436.378552512731403 ], [ 14258396.558335212990642, 4170436.552284789737314 ], [ 14258405.595365643501282, 4170439.085931175854057 ], [ 14258483.690577363595366, 4170473.060002939309925 ], [ 14258502.432861004024744, 4170481.283717605751008 ], [ 14258524.662779306992888, 4170489.189490094315261 ], [ 14258573.636485118418932, 4170506.792704834137112 ], [ 14258602.13207683339715, 4170515.456119365990162 ], [ 14258636.557616855949163, 4170523.473943558055907 ], [ 14258665.075639458373189, 4170529.687095742207021 ], [ 14258679.684701018035412, 4170532.621842434629798 ], [ 14258693.954898033291101, 4170534.503316664136946 ], [ 14258716.932979738339782, 4170536.814886189065874 ], [ 14258742.704991800710559, 4170538.451998925767839 ], [ 14258782.411542305722833, 4170540.567144366446882 ], [ 14258827.344756249338388, 4170542.730152971576899 ], [ 14258881.334329094737768, 4170545.326162922661752 ], [ 14258921.047305453568697, 4170546.740778476465493 ], [ 14259001.561587182804942, 4170550.568339652847499 ], [ 14259038.554163556545973, 4170552.033907404635102 ], [ 14259096.868449188768864, 4170551.817254314664751 ], [ 14259142.080491719767451, 4170553.73324922285974 ] ], [ [ 14259142.080491717904806, 4170553.733249223325402 ], [ 14259196.894708452746272, 4170560.693478239234537 ], [ 14259226.677801014855504, 4170556.891381317283958 ], [ 14259433.258400499820709, 4170522.672509008552879 ], [ 14259553.024453572928905, 4170492.255733625497669 ], [ 14259630.967440493404865, 4170496.057830548845232 ] ] ] } },
{ "type": "Feature", "properties": { "UserID": null, "number": "7", "개설여부": "개설", "검토": null, "변경사항": "변경없음", "연장": 3492, "시점": "사천시 곤명면 정곡리", "종점": "사천시 곤명면 금성리" }, "geometry": { "type": "MultiLineString", "coordinates": [ [ [ 14246052.466245006769896, 4181836.166281291749328 ], [ 14246038.733131254091859, 4182007.232577794231474 ], [ 14246039.117954462766647, 4182017.331051144748926 ], [ 14246044.000546464696527, 4182028.423268863465637 ], [ 14246055.367999691516161, 4182040.632872861344367 ], [ 14246097.749614728614688, 4182074.921965719200671 ], [ 14246252.104703884571791, 4182184.177737298887223 ], [ 14246281.470693990588188, 4182207.453296540305018 ], [ 14246293.447657030075788, 4182220.297314380761236 ], [ 14246300.016746021807194, 4182229.536085319239646 ], [ 14246303.554933872073889, 4182237.651607980486006 ], [ 14246304.383851697668433, 4182245.437313352245837 ], [ 14246304.090735357254744, 4182253.541451623663306 ], [ 14246302.560720331966877, 4182266.49858674639836 ], [ 14246300.327088272199035, 4182283.279992873780429 ], [ 14246208.716952674090862, 4182746.195291509386152 ], [ 14246206.111743349581957, 4182754.999746546614915 ], [ 14246198.099728202447295, 4182773.049593049101532 ], [ 14246191.341899462044239, 4182784.569223804865032 ], [ 14245919.345543690025806, 4183337.596498762257397 ], [ 14245915.544209877029061, 4183345.323905231431127 ], [ 14245909.868612008169293, 4183360.344740475993603 ], [ 14245893.683855084702373, 4183407.850451153703034 ], [ 14245868.756522782146931, 4183481.017952961847186 ], [ 14245858.559356581419706, 4183514.265839140862226 ], [ 14245855.306476606056094, 4183521.627255338709801 ], [ 14245854.659889277070761, 4183523.091727587860078 ], [ 14245848.015438569709659, 4183533.841295642778277 ], [ 14245835.380085961893201, 4183552.721427349373698 ], [ 14245813.932534635066986, 4183585.858783879317343 ], [ 14245778.507733505219221, 4183643.130073155276477 ], [ 14245770.055425358936191, 4183658.729759238660336 ], [ 14245763.297611087560654, 4183677.031803137622774 ], [ 14245763.199600772932172, 4183677.29704960109666 ], [ 14245758.868577132001519, 4183690.177556403912604 ], [ 14245749.490529274567962, 4183724.374374184757471 ], [ 14245745.307802941650152, 4183743.370781185571104 ], [ 14245744.931824661791325, 4183759.475392713677138 ], [ 14245745.535258976742625, 4183772.16554400511086 ], [ 14245746.408510379493237, 4183779.058302274439484 ], [ 14245747.680231139063835, 4183785.926984007935971 ], [ 14245748.746004780754447, 4183791.680604443419725 ], [ 14245754.777464693412185, 4183812.364933446981013 ], [ 14245758.078285694122314, 4183828.236677098087966 ], [ 14245761.347868902608752, 4183841.804953671526164 ], [ 14245762.40746721252799, 4183849.464139672927558 ], [ 14245763.302218366414309, 4183855.931382441427559 ], [ 14245764.584870791062713, 4183868.975954657886177 ], [ 14245764.862693419679999, 4183882.683750665746629 ], [ 14245761.853798303753138, 4183920.068970624823123 ], [ 14245755.691527156159282, 4183978.379710398614407 ], [ 14245752.273790361359715, 4184035.054143494460732 ], [ 14245749.290076257660985, 4184075.085692271124572 ], [ 14245750.287577468901873, 4184085.216942680999637 ], [ 14245751.569088248535991, 4184090.782762499526143 ], [ 14245752.059761855751276, 4184092.956099120900035 ], [ 14245753.312668925151229, 4184097.385355581529438 ], [ 14245754.798825137317181, 4184102.058771232143044 ], [ 14245756.172557201236486, 4184105.075697402935475 ], [ 14245759.729735592380166, 4184112.907041375525296 ], [ 14245760.952142585068941, 4184115.435248472727835 ], [ 14245762.383845886215568, 4184118.279762319754809 ], [ 14245764.765135688707232, 4184121.913337755016983 ], [ 14245772.112287506461143, 4184132.529044459573925 ], [ 14245775.86357543990016, 4184137.64566965168342 ], [ 14245779.614854164421558, 4184142.76352292438969 ], [ 14245792.029909536242485, 4184158.286219927016646 ], [ 14245804.554983967915177, 4184173.686132467817515 ], [ 14245810.522551914677024, 4184180.67131966445595 ], [ 14245828.060179051011801, 4184201.495479870587587 ], [ 14245838.455902013927698, 4184214.069406330119818 ], [ 14245844.97043421305716, 4184221.919241577852517 ], [ 14245848.159487180411816, 4184225.766145001165569 ], [ 14245861.857941111549735, 4184242.541567398235202 ], [ 14245871.527008814737201, 4184255.698194937314838 ], [ 14245880.710565527901053, 4184269.265773510560393 ], [ 14245883.085361560806632, 4184273.537393683101982 ], [ 14245885.39755542948842, 4184277.60098640434444 ], [ 14245886.714745532721281, 4184279.944910027552396 ], [ 14245889.016710005700588, 4184284.290629686322063 ], [ 14245892.593797393143177, 4184291.507489752490073 ], [ 14245896.674011548981071, 4184301.591162433382124 ], [ 14245897.834850525483489, 4184305.35935230134055 ], [ 14245902.256134008988738, 4184317.795239894650877 ], [ 14245904.840521322563291, 4184324.850880675949156 ], [ 14245914.737216191366315, 4184356.388216310646385 ], [ 14245922.884289212524891, 4184385.108448620885611 ], [ 14245926.784762371331453, 4184395.451703099533916 ], [ 14245927.747220477089286, 4184397.724474555347115 ], [ 14245928.796966208145022, 4184400.180991068482399 ], [ 14245929.322161026299, 4184401.377961615566164 ], [ 14245931.046531062573195, 4184405.349593908526003 ], [ 14245931.08436893671751, 4184405.471470154821873 ], [ 14245932.064736939966679, 4184408.259814185556024 ], [ 14245935.872824626043439, 4184414.283934548031539 ], [ 14245938.238926762714982, 4184417.62413311842829 ], [ 14245939.423076653853059, 4184420.07836635177955 ], [ 14245941.672650311142206, 4184425.24697637418285 ], [ 14245943.064278282225132, 4184427.601513678673655 ], [ 14245946.147738324478269, 4184431.865809042472392 ], [ 14245947.509948555380106, 4184433.754967220593244 ], [ 14245950.143498467281461, 4184437.104079650714993 ], [ 14245951.380596503615379, 4184438.68638958549127 ], [ 14245960.576273389160633, 4184449.5546048367396 ], [ 14245968.417073646560311, 4184458.177876507863402 ], [ 14245988.202469874173403, 4184477.765375597402453 ], [ 14245992.211269332095981, 4184481.7386319716461 ], [ 14245995.628833388909698, 4184485.115513624157757 ], [ 14246009.000077430158854, 4184498.359790283255279 ], [ 14246021.112636493518949, 4184510.340581234544516 ], [ 14246052.93574795499444, 4184540.300563469529152 ], [ 14246089.641413800418377, 4184576.25042297039181 ], [ 14246099.258523475378752, 4184587.740270689129829 ], [ 14246111.839111674576998, 4184606.268959999084473 ], [ 14246115.022820744663477, 4184613.392301164101809 ], [ 14246116.542680473998189, 4184617.660054269246757 ], [ 14246120.141442103311419, 4184627.073847153689712 ], [ 14246123.590176207944751, 4184640.034960144665092 ], [ 14246124.556195802986622, 4184645.179293313995004 ], [ 14246125.329128408804536, 4184656.755493643227965 ], [ 14246125.430482871830463, 4184660.804861721582711 ], [ 14246125.997122352942824, 4184683.906666066963226 ], [ 14246125.832598488777876, 4184709.568120547104627 ], [ 14246127.322254825383425, 4184730.819239213131368 ], [ 14246130.752704504877329, 4184746.873911713715643 ], [ 14246131.664115300402045, 4184750.080065669957548 ], [ 14246133.822448389604688, 4184757.249319290742278 ], [ 14246136.733565652742982, 4184763.79930359357968 ], [ 14246138.229404782876372, 4184766.839715573936701 ], [ 14246142.568267961964011, 4184775.804794806055725 ], [ 14246147.199070926755667, 4184783.464763141237199 ], [ 14246159.140578221529722, 4184798.229570398107171 ], [ 14246168.485224131494761, 4184807.01089713582769 ], [ 14246219.769935799762607, 4184856.194878567010164 ], [ 14246237.783525068312883, 4184872.956555858720094 ], [ 14246250.608105104416609, 4184888.951548461802304 ], [ 14246261.366376046091318, 4184906.903352151159197 ], [ 14246269.270949034020305, 4184926.754748219624162 ], [ 14246274.993259722366929, 4184952.24451490258798 ], [ 14246293.039329865947366, 4185088.588705515023321 ], [ 14246297.020826511085033, 4185107.291669838596135 ], [ 14246306.626475190743804, 4185130.21300673019141 ], [ 14246315.349899565801024, 4185146.957405890338123 ], [ 14246328.317074131220579, 4185164.457486242987216 ], [ 14246342.667360413819551, 4185177.654620545450598 ], [ 14246391.264795886352658, 4185213.679433180950582 ], [ 14246421.945349527522922, 4185231.314738853368908 ], [ 14246447.463781982660294, 4185245.543944728560746 ], [ 14246490.846848221495748, 4185260.400651717558503 ], [ 14246537.486712278798223, 4185272.427768391091377 ], [ 14246609.072443878278136, 4185285.423884781077504 ], [ 14246697.674126703292131, 4185289.579942194279283 ], [ 14246805.459505021572113, 4185280.884026228450239 ], [ 14246814.744090242311358, 4185281.15636700950563 ] ] ] } },
{ "type": "Feature", "properties": { "UserID": null, "number": "11", "개설여부": "개설", "검토": null, "변경사항": "변경없음", "연장": 828, "시점": "사천시 곤양면 무고리", "종점": "사천시 곤양면 무고리" }, "geometry": { "type": "MultiLineString", "coordinates": [ [ [ 14239514.765354987233877, 4172578.991978847887367 ], [ 14239515.984210424125195, 4172584.994359027594328 ], [ 14239520.92606102861464, 4172609.330984468571842 ], [ 14239519.967316383495927, 4172616.949955308344215 ], [ 14239518.230296185240149, 4172622.065890477970243 ], [ 14239507.960234344005585, 4172644.583336933981627 ], [ 14239503.230572255328298, 4172656.270026474259794 ], [ 14239500.905568722635508, 4172668.458643625490367 ], [ 14239498.665219713002443, 4172693.326857467181981 ], [ 14239496.803709212690592, 4172703.283457840792835 ], [ 14239494.989891335368156, 4172708.83988448092714 ], [ 14239490.528020143508911, 4172715.406847280450165 ], [ 14239484.080373914912343, 4172723.128881522919983 ], [ 14239475.599193166941404, 4172730.444988376460969 ], [ 14239469.750957749783993, 4172736.567750011570752 ], [ 14239466.620617061853409, 4172742.329208223614842 ], [ 14239465.892166521400213, 4172748.849990793969482 ], [ 14239467.056510407477617, 4172755.925945839844644 ], [ 14239470.397814331576228, 4172764.473424897529185 ], [ 14239475.884740371257067, 4172770.855050494428724 ], [ 14239478.776220971718431, 4172772.943623321130872 ], [ 14239492.134216155856848, 4172774.710288854781538 ], [ 14239495.247036479413509, 4172775.067955729551613 ], [ 14239507.248523462563753, 4172775.542550021316856 ], [ 14239519.250011749565601, 4172776.01713132346049 ], [ 14239527.739617528393865, 4172777.175200606230646 ], [ 14239538.489281250163913, 4172780.28294784296304 ], [ 14239550.957807058468461, 4172785.568918659351766 ], [ 14239569.376130001619458, 4172797.447843881789595 ], [ 14239582.135746521875262, 4172808.124555574264377 ], [ 14239593.392542332410812, 4172819.43146501807496 ], [ 14239602.040247475728393, 4172831.094975594896823 ], [ 14239608.119019040837884, 4172841.926722371019423 ], [ 14239612.603188360109925, 4172852.651759304571897 ], [ 14239614.900017449632287, 4172860.631255456712097 ], [ 14239618.335719363763928, 4172867.965259441640228 ], [ 14239624.684678841382265, 4172876.919288055039942 ], [ 14239635.086053503677249, 4172885.66232908796519 ], [ 14239642.924044355750084, 4172893.582716677337885 ], [ 14239649.409636199474335, 4172901.690839390270412 ], [ 14239655.562589658424258, 4172911.582004073541611 ], [ 14239660.140302874147892, 4172923.728561902884394 ], [ 14239663.175748839974403, 4172935.005618740338832 ], [ 14239673.326446345075965, 4173005.329550189897418 ], [ 14239676.974728398025036, 4173016.713945352472365 ], [ 14239682.42839334718883, 4173029.075673886109143 ], [ 14239686.726756989955902, 4173035.648724225815386 ], [ 14239692.629947707056999, 4173041.180791333783418 ], [ 14239751.144607033580542, 4173085.42221996653825 ], [ 14239768.982384566217661, 4173098.876561029348522 ], [ 14239795.833337740972638, 4173116.816645384766161 ], [ 14239822.65790712274611, 4173134.358946271240711 ], [ 14239869.517834329977632, 4173164.197010833304375 ], [ 14239913.945511486381292, 4173193.089922623708844 ], [ 14239975.446757290512323, 4173232.934965807013214 ], [ 14239985.761378139257431, 4173241.004078926052898 ], [ 14239995.440176097676158, 4173249.103612617123872 ], [ 14240033.282564269378781, 4173285.866202275734395 ] ] ] } },
{ "type": "Feature", "properties": { "UserID": null, "number": "12", "개설여부": "개설", "검토": "도시계획도로(폐지검토)", "변경사항": "종점부 선형 변경(현황도로 구간으로)", "연장": 2348, "시점": "사천시 사천읍수석리", "종점": "사천시 사남면 방지리" }, "geometry": { "type": "MultiLineString", "coordinates": [ [ [ 14256335.937656981870532, 4173290.15571572072804 ], [ 14256157.386529235169291, 4172724.726739388424903 ], [ 14256147.776485668495297, 4172694.294072583317757 ], [ 14256062.721380360424519, 4172424.931629544124007 ], [ 14256017.8113610483706, 4172282.703102596569806 ], [ 14256008.628433817997575, 4172264.998053801711649 ], [ 14255998.690142523497343, 4172253.164790187496692 ], [ 14255985.124160423874855, 4172244.571357089094818 ], [ 14255969.262838775292039, 4172237.543631279375404 ], [ 14255954.888129509985447, 4172235.176901295781136 ], [ 14255938.658004432916641, 4172234.828659295570105 ], [ 14255920.71037982404232, 4172237.798312161583453 ], [ 14255642.39798172749579, 4172327.921794169582427 ], [ 14255634.573534958064556, 4172330.125186151824892 ], [ 14255619.285371283069253, 4172332.502996349707246 ], [ 14255605.292796734720469, 4172333.359590318519622 ], [ 14255589.777657685801387, 4172332.749158584978431 ], [ 14255576.278694050386548, 4172330.683184251654893 ], [ 14255563.749392120167613, 4172328.01839223690331 ], [ 14255551.876748004928231, 4172322.352928443346173 ], [ 14255537.644453691318631, 4172312.10387792205438 ], [ 14255487.621780870482326, 4172278.693376482464373 ], [ 14255459.87084867618978, 4172266.417219014372677 ], [ 14255432.829516997560859, 4172261.474302363581955 ], [ 14255400.059005292132497, 4172259.770614079199731 ], [ 14255371.368948128074408, 4172265.992342977784574 ], [ 14255334.236137559637427, 4172281.757477584294975 ], [ 14255295.864722723141313, 4172302.434757771436125 ], [ 14255294.589144166558981, 4172303.12256079679355 ], [ 14255041.776803934946656, 4172437.308700459077954 ], [ 14254883.314706012606621, 4172521.412023944314569 ], [ 14254869.450777536258101, 4172531.213739462662488 ], [ 14254858.564359461888671, 4172510.83719984209165 ], [ 14254847.175665158778429, 4172468.10191860049963 ], [ 14254840.630873061716557, 4172444.01839601714164 ], [ 14254835.788124734535813, 4172424.737959484569728 ], [ 14254831.066047811880708, 4172408.56858040438965 ], [ 14254826.313593933358788, 4172396.384028839878738 ], [ 14254820.308837601915002, 4172383.714368146378547 ], [ 14254812.851527011021972, 4172373.022776876110584 ], [ 14254805.233315402641892, 4172362.185009309090674 ], [ 14254796.375800553709269, 4172352.325856719631702 ], [ 14254783.887923538684845, 4172342.081445288844407 ], [ 14254770.953689809888601, 4172331.553282327950001 ], [ 14254760.877444677054882, 4172325.658974611666054 ], [ 14254756.403034465387464, 4172323.040816036984324 ], [ 14254742.948604522272944, 4172317.708726725075394 ], [ 14254730.145186504349113, 4172314.37599269207567 ], [ 14254718.45667814463377, 4172312.249054848682135 ], [ 14254710.216330366209149, 4172311.19209424732253 ], [ 14254701.765419457107782, 4172310.592788351234049 ], [ 14254693.924564966931939, 4172310.389112515840679 ], [ 14254686.849472990259528, 4172310.761523237917572 ], [ 14254681.022087877616286, 4172311.459664901718497 ], [ 14254675.946330841630697, 4172312.164991437923163 ], [ 14254667.242480032145977, 4172313.919222465716302 ], [ 14254659.052983034402132, 4172315.479787291027606 ], [ 14254650.226433832198381, 4172316.016840578056872 ], [ 14254640.072179885581136, 4172315.527451064903289 ], [ 14254633.658977257087827, 4172314.688942802604288 ], [ 14254627.017870286479592, 4172313.305222235620022 ], [ 14254616.640854911878705, 4172310.313054125290364 ], [ 14254609.779229305684566, 4172307.605804947204888 ], [ 14254604.465265907347202, 4172304.991813673637807 ], [ 14254598.695008469745517, 4172301.596299085766077 ], [ 14254591.933744102716446, 4172297.186145690269768 ], [ 14254584.136588633060455, 4172290.961705089081079 ], [ 14254577.913918178528547, 4172284.83323585242033 ], [ 14254559.569803532212973, 4172264.853721465915442 ], [ 14254556.168933814391494, 4172261.118045975919813 ], [ 14254539.746727367863059, 4172243.078979105688632 ], [ 14254530.204465949907899, 4172232.629688890650868 ], [ 14254511.357796665281057, 4172212.13299775775522 ], [ 14254501.314880980178714, 4172203.524948960635811 ] ] ] } },
{ "type": "Feature", "properties": { "UserID": null, "number": "16", "개설여부": "미개설", "검토": null, "변경사항": "변경없음", "연장": 577, "시점": "사천시 정동면 소곡리", "종점": "사천시 사남면 종천리" }, "geometry": { "type": "MultiLineString", "coordinates": [ [ [ 14267029.300676852464676, 4168536.933106074575335 ], [ 14266970.902842074632645, 4168412.962255218531936 ], [ 14266962.63015966117382, 4168398.181652571540326 ], [ 14266954.245088867843151, 4168384.588734780438244 ], [ 14266933.630557028576732, 4168353.98350629536435 ], [ 14266920.931849300861359, 4168333.865804528817534 ], [ 14266912.769649475812912, 4168322.221938116941601 ], [ 14266906.136194398626685, 4168310.549333468545228 ], [ 14266902.319660866633058, 4168303.653764117043465 ], [ 14266900.142582619562745, 4168299.822005224879831 ], [ 14266899.10394636169076, 4168297.992323915939778 ], [ 14266894.364284547045827, 4168291.49823260679841 ], [ 14266888.503327032551169, 4168285.179697261191905 ], [ 14266873.269156847149134, 4168265.443782225251198 ], [ 14266868.625474685803056, 4168259.873212713282555 ], [ 14266863.073607103899121, 4168253.065922300796956 ], [ 14266857.394511252641678, 4168247.0307642724365 ], [ 14266851.072286570444703, 4168243.21175856795162 ], [ 14266850.007911492139101, 4168243.145166904199868 ], [ 14266845.340764308348298, 4168242.852053464855999 ], [ 14266843.529010279104114, 4168242.738704521674663 ], [ 14266843.246744908392429, 4168242.504723452031612 ], [ 14266839.369191773235798, 4168241.793635476380587 ], [ 14266834.793889541178942, 4168235.270392348989844 ], [ 14266826.291767837479711, 4168223.420652923174202 ], [ 14266806.607896896079183, 4168197.399429280776531 ], [ 14266801.659146647900343, 4168191.213275830727071 ], [ 14266798.888125354424119, 4168187.511912226676941 ], [ 14266795.641799068078399, 4168183.936365928500891 ], [ 14266793.241699485108256, 4168182.271821834612638 ], [ 14266789.89110386185348, 4168180.858884780667722 ], [ 14266783.082910165190697, 4168178.858994311653078 ], [ 14266775.636993169784546, 4168179.000626012217253 ], [ 14266771.343055671080947, 4168179.445857083424926 ], [ 14266768.275322897359729, 4168179.569390807766467 ], [ 14266763.389366112649441, 4168180.206891774665564 ], [ 14266756.698646048083901, 4168181.207752310670912 ], [ 14266748.434446454048157, 4168182.048247445374727 ], [ 14266729.136437460780144, 4168184.958090255968273 ], [ 14266719.999006690457463, 4168186.212695518508554 ], [ 14266664.145216699689627, 4168194.856333428062499 ], [ 14266656.693625966086984, 4168195.817603796720505 ], [ 14266652.517434813082218, 4168195.168313860427588 ], [ 14266649.373643450438976, 4168193.598946440033615 ], [ 14266645.39989648014307, 4168190.922171591315418 ], [ 14266636.521522413939238, 4168184.714007078204304 ], [ 14266628.122467817738652, 4168178.661845837719738 ], [ 14266621.336981821805239, 4168174.678284778725356 ], [ 14266611.972449729219079, 4168169.132584159262478 ], [ 14266598.105009747669101, 4168163.78764922497794 ], [ 14266587.049972899258137, 4168162.430577144026756 ], [ 14266572.562593977898359, 4168161.473263151943684 ], [ 14266562.350815223529935, 4168160.656348098069429 ], [ 14266553.083651287481189, 4168156.592887181788683 ], [ 14266549.591199390590191, 4168153.985113214235753 ], [ 14266545.103403313085437, 4168149.19511360488832 ], [ 14266541.21027110517025, 4168146.075417233631015 ], [ 14266537.482539560645819, 4168142.870123279746622 ] ] ] } },
{ "type": "Feature", "properties": { "UserID": null, "number": "17", "개설여부": "개설", "검토": null, "변경사항": "변경없음", "연장": 132, "시점": "사천시 축동면 가산리", "종점": "사천시 축동면 반용리" }, "geometry": { "type": "MultiLineString", "coordinates": [ [ [ 14253615.421104203909636, 4176782.330834160093218 ], [ 14253601.863738084211946, 4176800.975759142078459 ], [ 14253594.628391331061721, 4176816.232767100445926 ], [ 14253590.971488924697042, 4176826.634916148614138 ], [ 14253588.381050184369087, 4176833.851628197357059 ], [ 14253587.909682964906096, 4176837.35021281382069 ], [ 14253588.267971243709326, 4176845.684799398761243 ], [ 14253589.278665063902736, 4176856.098687771707773 ], [ 14253592.190835932269692, 4176882.698675206396729 ], [ 14253591.927692899480462, 4176891.177184944506735 ], [ 14253591.864243654534221, 4176893.212221585679799 ], [ 14253577.135873105376959, 4176926.540354571770877 ], [ 14253575.302253996953368, 4176932.991462596692145 ] ] ] } },
{ "type": "Feature", "properties": { "UserID": null, "number": "20", "개설여부": "개설", "검토": null, "변경사항": "변경없음", "연장": 2197, "시점": "사천시 곤명면 은사리", "종점": "사천시 곤명면 삼정리" }, "geometry": { "type": "MultiLineString", "coordinates": [ [ [ 14238605.213033631443977, 4182050.798715048935264 ], [ 14238579.257925733923912, 4182046.721855264157057 ], [ 14238562.187702838331461, 4182043.878824941348284 ], [ 14238523.992538426071405, 4182038.147961999755353 ], [ 14238488.757560200989246, 4182035.812358966562897 ], [ 14238472.349798530340195, 4182036.870170540641993 ], [ 14238459.093734739348292, 4182039.909624071791768 ], [ 14238429.527581959962845, 4182044.416596459690481 ], [ 14238416.520524179562926, 4182048.258702783379704 ], [ 14238403.886324675753713, 4182052.129358898382634 ], [ 14238372.80614366941154, 4182065.146836522500962 ], [ 14238353.50970914401114, 4182074.11133083794266 ], [ 14238324.262394241988659, 4182089.609786277636886 ], [ 14238300.884193636476994, 4182100.647600952070206 ], [ 14238291.351352278143167, 4182107.394791396334767 ], [ 14238278.644650170579553, 4182119.001602449920028 ], [ 14238264.597968831658363, 4182134.745079742744565 ], [ 14238254.277471534907818, 4182151.077221235726029 ], [ 14238238.711277853697538, 4182172.484253541566432 ], [ 14238231.473267463967204, 4182183.368379754479975 ], [ 14238221.390328515321016, 4182193.683117376640439 ], [ 14238208.876336326822639, 4182205.487833449617028 ], [ 14238193.910781446844339, 4182218.538107394240797 ], [ 14238174.256896805018187, 4182237.17053990252316 ], [ 14238158.504708629101515, 4182250.799402892123908 ], [ 14238150.878996530547738, 4182258.305613308679312 ], [ 14238141.146607514470816, 4182265.442188733257353 ], [ 14238133.012910436838865, 4182269.072152196895331 ], [ 14238121.755704861134291, 4182272.961288241203874 ], [ 14238108.56143207475543, 4182275.654268948361278 ], [ 14238094.806768838316202, 4182276.089317611418664 ], [ 14238078.517980042845011, 4182276.398503000847995 ], [ 14238059.645936835557222, 4182275.416665613651276 ], [ 14238042.377880582585931, 4182276.106490483507514 ], [ 14238026.265854153782129, 4182278.081775711383671 ], [ 14237999.899819657206535, 4182281.411798866000026 ], [ 14237982.260781187564135, 4182283.979496093001217 ], [ 14237970.15391730889678, 4182285.313794096466154 ], [ 14237955.717799987643957, 4182285.643328146077693 ], [ 14237940.912055728957057, 4182284.108663092367351 ], [ 14237923.980531169101596, 4182280.78830907959491 ], [ 14237886.505455881357193, 4182270.772901006042957 ], [ 14237836.663818212226033, 4182257.285060087218881 ], [ 14237808.56601738370955, 4182247.045138516929001 ], [ 14237784.300663135945797, 4182236.692698413971812 ], [ 14237770.998547241091728, 4182231.454540336504579 ], [ 14237752.42906510271132, 4182226.353664409834892 ], [ 14237737.336192786693573, 4182224.326129607390612 ], [ 14237723.041871169582009, 4182223.168383351061493 ], [ 14237304.032101390883327, 4182081.777725252788514 ], [ 14237272.205170888453722, 4182071.619447756558657 ], [ 14237248.712033182382584, 4182070.020490101072937 ], [ 14237230.945567348971963, 4182072.05020172521472 ], [ 14237210.917003683745861, 4182078.065033111255616 ], [ 14237184.171133318915963, 4182089.797634924761951 ], [ 14237073.736823853105307, 4182167.881155762355775 ], [ 14237050.824599463492632, 4182193.915708672255278 ], [ 14237039.833853, 4182224.985216217581183 ], [ 14237047.84107774682343, 4182303.056032050400972 ], [ 14237044.947747470811009, 4182323.967330472543836 ], [ 14237037.608969608321786, 4182345.720190511085093 ], [ 14236969.013842135667801, 4182410.903671890031546 ], [ 14236854.211970610544086, 4182522.359587200451642 ], [ 14236842.471656324341893, 4182540.944083447102457 ], [ 14236801.297879824414849, 4182693.331072022672743 ], [ 14236607.109129590913653, 4182842.221715979278088 ], [ 14236577.461473144590855, 4182875.311349836178124 ], [ 14236567.789521846920252, 4182907.288315024226904 ], [ 14236551.104510525241494, 4182931.610867069102824 ], [ 14236525.911204855889082, 4182947.039504809770733 ] ] ] } },
{ "type": "Feature", "properties": { "UserID": null, "number": "9", "개설여부": "미개설", "검토": null, "변경사항": "변경없음", "연장": 1023, "시점": "사천시 정동면 고읍리", "종점": "사천시 정동면 감곡리" }, "geometry": { "type": "MultiLineString", "coordinates": [ [ [ 14263360.164077628403902, 4170777.937880064360797 ], [ 14263365.299075899645686, 4170788.381265146657825 ], [ 14263368.090583030134439, 4170799.062706181779504 ], [ 14263371.500273706391454, 4170821.019370467402041 ], [ 14263375.250843271613121, 4170842.503516626078635 ], [ 14263378.502903774380684, 4170856.771615200676024 ], [ 14263382.911047242581844, 4170867.321448522154242 ], [ 14263391.74732131510973, 4170882.475682474207133 ], [ 14263397.948835769668221, 4170889.967331416439265 ], [ 14263418.257924638688564, 4170909.358783705160022 ], [ 14263435.101543441414833, 4170926.120231758337468 ], [ 14263440.593109831213951, 4170928.542476582806557 ], [ 14263466.809249114245176, 4170937.519810423254967 ], [ 14263482.169169746339321, 4170943.758207580074668 ], [ 14263492.914364460855722, 4170950.294430499430746 ], [ 14263508.244882961735129, 4170959.922713848762214 ], [ 14263527.510440958663821, 4170969.969087546691298 ], [ 14263548.773788208141923, 4170979.129621465224773 ], [ 14263555.251592559739947, 4170984.047326249070466 ], [ 14263561.768178639933467, 4170988.996010604780167 ], [ 14263565.858130007982254, 4170994.197993218433112 ], [ 14263574.773784248158336, 4171004.040920839644969 ], [ 14263625.166964532807469, 4171053.465808656532317 ], [ 14263632.052651369944215, 4171060.040500042960048 ], [ 14263636.850861761718988, 4171064.621144063770771 ], [ 14263636.709805672988296, 4171066.394681081641465 ], [ 14263636.471741259098053, 4171069.36485023284331 ], [ 14263626.5824243593961, 4171081.032504501286894 ], [ 14263617.953762324526906, 4171089.998779491055757 ], [ 14263617.611046297475696, 4171092.091681805904955 ], [ 14263617.12148212082684, 4171095.078041248954833 ], [ 14263623.051690997555852, 4171099.836530262138695 ], [ 14263633.642268512398005, 4171110.299645802471787 ], [ 14263646.802829725667834, 4171123.683973263017833 ], [ 14263660.734114238992333, 4171138.950332121457905 ], [ 14263673.314037228003144, 4171150.634467451833189 ], [ 14263680.132893737405539, 4171155.779458158649504 ], [ 14263689.551047682762146, 4171159.478813777212054 ], [ 14263716.822007449343801, 4171167.629055471625179 ], [ 14263740.36239717900753, 4171173.870107403025031 ], [ 14263751.948750142008066, 4171174.198129249271005 ], [ 14263763.407200623303652, 4171176.332903487607837 ], [ 14263772.816845957189798, 4171181.160975420847535 ], [ 14263779.970546945929527, 4171186.535596533678472 ], [ 14263789.357690699398518, 4171193.964365413412452 ], [ 14263801.038366686552763, 4171205.527794713620096 ], [ 14263804.804317351430655, 4171208.431249317247421 ], [ 14263814.104688346385956, 4171212.920056121423841 ], [ 14263821.845584385097027, 4171215.587348111439496 ], [ 14263837.441353507339954, 4171220.583397569600493 ], [ 14263848.881289420649409, 4171224.865336680784822 ], [ 14263857.72463040985167, 4171230.14191817259416 ], [ 14263865.109983934089541, 4171234.840724388603121 ], [ 14263877.061335150152445, 4171244.890300078317523 ], [ 14263883.548084648326039, 4171249.513843529857695 ], [ 14263893.412699606269598, 4171253.668008846230805 ], [ 14263931.732625715434551, 4171268.470445207320154 ], [ 14263957.800362430512905, 4171281.627671195194125 ], [ 14263967.236546818166971, 4171283.405100938864052 ], [ 14263978.897458566352725, 4171284.297359031625092 ], [ 14263992.175233049318194, 4171284.187600359320641 ], [ 14264005.57990981452167, 4171282.382570275571197 ], [ 14264015.955575697124004, 4171279.64778607385233 ], [ 14264035.933356631547213, 4171268.519776086322963 ], [ 14264041.345195356756449, 4171267.210093482863158 ], [ 14264048.53714051283896, 4171268.17732295487076 ], [ 14264133.157225104048848, 4171289.485150593798608 ], [ 14264138.564189145341516, 4171288.740421154070646 ], [ 14264140.652919577434659, 4171281.411786713637412 ], [ 14264146.826093696057796, 4171257.052159586455673 ], [ 14264161.006727, 4171187.485393976327032 ], [ 14264183.93905433639884, 4171085.557692584116012 ] ] ] } },
{ "type": "Feature", "properties": { "UserID": null, "number": "9", "개설여부": "미개설", "검토": null, "변경사항": "변경없음", "연장": 1738, "시점": "사천시 정동면 고읍리", "종점": "사천시 정동면 감곡리" }, "geometry": { "type": "MultiLineString", "coordinates": [ [ [ 14265956.255043631419539, 4170904.214206774253398 ], [ 14265974.479395255446434, 4170896.865348785649985 ], [ 14265996.809014048427343, 4170889.165262850001454 ], [ 14266019.626499524340034, 4170882.542419278528541 ], [ 14266030.578765112906694, 4170880.037733857054263 ], [ 14266039.170147497206926, 4170878.120182853657752 ], [ 14266045.778321063145995, 4170877.736040800344199 ], [ 14266058.559489442035556, 4170878.587472241837531 ], [ 14266081.642967561259866, 4170878.717565772123635 ], [ 14266098.802524054422975, 4170878.380403983406723 ], [ 14266115.87770533002913, 4170878.821812999434769 ], [ 14266124.226156724616885, 4170878.929994503967464 ], [ 14266129.516030374914408, 4170878.122107681352645 ], [ 14266135.561879443004727, 4170875.350940369069576 ], [ 14266142.939700884744525, 4170869.32846217462793 ], [ 14266145.799685258418322, 4170867.206004668027163 ], [ 14266149.480246929451823, 4170865.328285146504641 ], [ 14266156.140447393059731, 4170864.124154420103878 ], [ 14266168.314972626045346, 4170861.925576112233102 ], [ 14266178.751103259623051, 4170860.881994685623795 ], [ 14266185.393491543829441, 4170860.384772223420441 ], [ 14266190.443738535046577, 4170862.975924521684647 ], [ 14266198.564781006425619, 4170872.119987374171615 ], [ 14266202.841264255344868, 4170874.590560015756637 ], [ 14266206.72814866900444, 4170874.999740696977824 ], [ 14266211.959866287186742, 4170875.46180981490761 ], [ 14266218.861763291060925, 4170875.803716610651463 ], [ 14266227.017508402466774, 4170876.660006009042263 ], [ 14266234.356347495689988, 4170878.035206321626902 ], [ 14266238.419620640575886, 4170880.758886985946447 ], [ 14266241.74255514703691, 4170885.575914243236184 ], [ 14266244.205641249194741, 4170889.158742412459105 ], [ 14266246.428061982616782, 4170892.99925435334444 ], [ 14266256.321307297796011, 4170910.786753762047738 ], [ 14266259.589646484702826, 4170914.995751584880054 ], [ 14266262.247348539531231, 4170917.283389877993613 ], [ 14266265.58385275863111, 4170919.045287084765732 ], [ 14266268.813588110730052, 4170920.346236845012754 ], [ 14266273.238016229122877, 4170921.875638897996396 ], [ 14266278.999481316655874, 4170923.764388498850167 ], [ 14266289.491145513951778, 4170927.113289280794561 ], [ 14266296.01687715575099, 4170929.210633914917707 ], [ 14266300.730346456170082, 4170931.380693374667317 ], [ 14266303.384485198184848, 4170934.092372937593609 ], [ 14266307.295600082725286, 4170938.521103101316839 ], [ 14266313.238671755418181, 4170944.383477426599711 ], [ 14266322.788943890482187, 4170953.27538761915639 ], [ 14266345.645038157701492, 4170976.336512122768909 ], [ 14266353.644736167043447, 4170984.47174660814926 ], [ 14266360.057606376707554, 4170989.111801271792501 ], [ 14266365.177200328558683, 4170995.113902534823865 ], [ 14266393.133161228150129, 4171028.508446864783764 ], [ 14266401.047625729814172, 4171038.876254537608474 ], [ 14266405.767085818573833, 4171046.460017566569149 ], [ 14266411.485430499538779, 4171053.953678009100258 ], [ 14266415.691504437476397, 4171056.395420355722308 ], [ 14266419.190808434039354, 4171057.339645711239427 ], [ 14266422.716745493933558, 4171056.944301907438785 ], [ 14266427.496818440034986, 4171056.84148700768128 ], [ 14266431.995036225765944, 4171055.988400559406728 ], [ 14266439.614153595641255, 4171054.778440778143704 ], [ 14266443.404791902750731, 4171054.518478128127754 ], [ 14266445.728860342875123, 4171054.811869834549725 ], [ 14266450.185810070484877, 4171055.958188778720796 ], [ 14266451.682227838784456, 4171056.79566938849166 ], [ 14266454.134313080459833, 4171058.780809052288532 ], [ 14266458.858571691438556, 4171063.733440050389618 ], [ 14266467.946059314534068, 4171073.478749685455114 ], [ 14266472.6142203733325, 4171081.32840094761923 ], [ 14266478.496844477951527, 4171094.842897756956518 ], [ 14266487.008837092667818, 4171112.023942296393216 ], [ 14266496.631159519776702, 4171126.274943600874394 ], [ 14266500.525895703583956, 4171131.208391039632261 ], [ 14266504.078860815614462, 4171134.581490383949131 ], [ 14266508.415330233052373, 4171138.464515952393413 ], [ 14266516.424873869866133, 4171144.878267521969974 ], [ 14266528.681279465556145, 4171153.444295783527195 ], [ 14266535.048124572262168, 4171158.638647665269673 ], [ 14266542.072552759200335, 4171163.243174582254142 ], [ 14266548.521058514714241, 4171167.252005023881793 ], [ 14266555.02859821356833, 4171170.634516650345176 ], [ 14266560.411377800628543, 4171173.591831690166146 ], [ 14266570.680193472653627, 4171178.998868209775537 ], [ 14266575.922228408977389, 4171181.667433362919837 ], [ 14266578.717989565804601, 4171182.707881493493915 ], [ 14266581.215424159541726, 4171183.843336143530905 ], [ 14266583.854818034917116, 4171185.123909215908498 ], [ 14266585.312704607844353, 4171186.358378633391112 ], [ 14266588.455554265528917, 4171191.669137500692159 ], [ 14266591.424000028520823, 4171196.88200893625617 ], [ 14266594.01548725925386, 4171199.599939183797687 ], [ 14266597.424430783838034, 4171203.079630358144641 ], [ 14266603.764926919713616, 4171207.551447232719511 ], [ 14266609.4018949046731, 4171211.681966664735228 ], [ 14266615.666685683652759, 4171216.105260380543768 ], [ 14266618.85291339084506, 4171219.892967350780964 ], [ 14266620.705761931836605, 4171224.394019992090762 ], [ 14266621.80134579911828, 4171230.383660616818815 ], [ 14266622.037344804033637, 4171236.561002023983747 ], [ 14266621.064812418073416, 4171243.223174836020917 ], [ 14266620.334467267617583, 4171248.238197744358331 ], [ 14266620.586757572367787, 4171252.323134242556989 ], [ 14266622.218620080500841, 4171255.844644200988114 ], [ 14266626.077692776918411, 4171260.190163621678948 ], [ 14266632.327341314405203, 4171267.578470033593476 ], [ 14266644.075412131845951, 4171280.788824696093798 ], [ 14266652.600061500445008, 4171290.899221245665103 ], [ 14266657.875074990093708, 4171297.211822959128767 ], [ 14266663.222396317869425, 4171301.742381053511053 ], [ 14266672.686770580708981, 4171308.978070733137429 ], [ 14266681.338866297155619, 4171315.664315438363701 ], [ 14266684.807278648018837, 4171318.798891181591898 ], [ 14266686.962899914011359, 4171321.347341087646782 ], [ 14266689.289902599528432, 4171324.95853318227455 ], [ 14266691.033125536516309, 4171328.883576726075262 ], [ 14266693.391219727694988, 4171334.596485003363341 ], [ 14266696.133865490555763, 4171342.807984288781881 ], [ 14266698.122935969382524, 4171351.565503117162734 ], [ 14266699.673049557954073, 4171358.328112087678164 ], [ 14266700.69783703610301, 4171365.927443627268076 ], [ 14266703.133657773956656, 4171389.837006174493581 ], [ 14266704.425281969830394, 4171407.135351833887398 ], [ 14266705.190250338986516, 4171411.569751209579408 ], [ 14266706.607810733839869, 4171420.461918328888714 ], [ 14266707.990280156955123, 4171426.39657046366483 ], [ 14266710.966525211930275, 4171434.038638875354081 ], [ 14266714.532605262473226, 4171439.186790127307177 ], [ 14266719.47174233943224, 4171444.576509952545166 ], [ 14266725.033139118924737, 4171451.78007698757574 ], [ 14266730.650033785030246, 4171458.325674288440496 ], [ 14266744.219382576644421, 4171474.216459759045392 ], [ 14266759.605788201093674, 4171491.84975234605372 ], [ 14266762.850903250277042, 4171493.783689476549625 ], [ 14266767.876914508640766, 4171494.699428027495742 ], [ 14266781.965994171798229, 4171496.814615869894624 ], [ 14266787.241441002115607, 4171497.607704462483525 ], [ 14266793.461828721687198, 4171496.911779256537557 ], [ 14266799.399452148005366, 4171495.333011800888926 ], [ 14266802.890689454972744, 4171493.9902682332322 ], [ 14266806.941325813531876, 4171492.652157311793417 ], [ 14266810.499986721202731, 4171490.686232761479914 ], [ 14266812.443596731871367, 4171488.644192288164049 ], [ 14266814.085284240543842, 4171485.539228494279087 ], [ 14266815.102135771885514, 4171482.865609459578991 ], [ 14266818.115320699289441, 4171472.029345982242376 ], [ 14266823.349094327539206, 4171456.567885172087699 ], [ 14266828.841151909902692, 4171439.244588238652796 ], [ 14266834.138794910162687, 4171423.102263032924384 ], [ 14266835.533124843612313, 4171419.870475444477051 ], [ 14266838.291808947920799, 4171416.962086133658886 ], [ 14266840.599313613027334, 4171415.983586960937828 ], [ 14266842.782414117828012, 4171415.004036569036543 ], [ 14266845.205446127802134, 4171415.086877958849072 ], [ 14266847.310892518609762, 4171415.977904139552265 ], [ 14266852.690871335566044, 4171419.142161442898214 ], [ 14266863.607658501714468, 4171425.806124473921955 ], [ 14266882.852482350543141, 4171435.574590335600078 ], [ 14266897.960948118939996, 4171443.954294168390334 ], [ 14266904.943999737501144, 4171448.629058266989887 ], [ 14266907.222286392003298, 4171451.143369019031525 ], [ 14266909.795721556991339, 4171455.531411196570843 ], [ 14266910.523698842152953, 4171458.751395034138113 ], [ 14266911.419153835624456, 4171463.125369575805962 ], [ 14266912.053701732307673, 4171468.994043794926256 ], [ 14266912.834356343373656, 4171472.244213880505413 ], [ 14266914.985847363248467, 4171475.069332017097622 ], [ 14266917.33604533597827, 4171476.399132599588484 ], [ 14266923.28068951331079, 4171478.944297330919653 ], [ 14266934.337425066158175, 4171481.796033449936658 ], [ 14266943.518125366419554, 4171483.807216456625611 ], [ 14266950.050602033734322, 4171484.798799275420606 ], [ 14266954.459407651796937, 4171485.210246033035219 ], [ 14266969.185337608680129, 4171485.459227787796408 ], [ 14266983.550280684605241, 4171486.33628142112866 ], [ 14266995.532881192862988, 4171487.684836980886757 ], [ 14267005.287365531548858, 4171488.889748453162611 ], [ 14267013.989962231367826, 4171488.58878571446985 ], [ 14267022.448339160531759, 4171487.78685182146728 ], [ 14267027.668062357231975, 4171487.830857022665441 ], [ 14267032.221202513203025, 4171488.432858640793711 ], [ 14267036.622197609394789, 4171489.779829923063517 ], [ 14267044.985027674585581, 4171492.969158768188208 ], [ 14267052.984447138383985, 4171495.032671187072992 ], [ 14267057.460762798786163, 4171496.198756030295044 ], [ 14267064.65969261713326, 4171497.382172048091888 ], [ 14267073.540046581998467, 4171498.143220738042146 ], [ 14267078.655432987958193, 4171498.182582160457969 ], [ 14267087.304375702515244, 4171496.88320433255285 ], [ 14267093.902536794543266, 4171495.566450046375394 ], [ 14267100.184068193659186, 4171494.995617042761296 ], [ 14267106.78254771605134, 4171495.055033328011632 ], [ 14267117.400069130584598, 4171496.142553492914885 ], [ 14267126.037554448470473, 4171496.215296921785921 ], [ 14267136.507129987701774, 4171494.993494333699346 ], [ 14267144.648978810757399, 4171494.874924986157566 ], [ 14267153.717815924435854, 4171495.387902958318591 ], [ 14267171.138117454946041, 4171496.034016423858702 ], [ 14267187.312600389122963, 4171495.921493001747876 ], [ 14267201.291929489001632, 4171496.288632364477962 ], [ 14267210.986843071877956, 4171496.245457390788943 ], [ 14267221.389541774988174, 4171495.709229123778641 ], [ 14267233.269828911870718, 4171494.436921392101794 ], [ 14267245.731247218325734, 4171493.041091796010733 ], [ 14267253.687738193199039, 4171492.796133347321302 ], [ 14267264.501237843185663, 4171492.762318541295826 ], [ 14267271.911441745236516, 4171493.393670117948204 ], [ 14267280.167819822207093, 4171494.461180568672717 ], [ 14267285.875701859593391, 4171495.569541511125863 ], [ 14267291.146202750504017, 4171496.98609738657251 ], [ 14267298.659602181985974, 4171499.304385716561228 ], [ 14267309.437570286914706, 4171503.511818103026599 ], [ 14267318.537976926192641, 4171507.705236976034939 ], [ 14267327.960752906277776, 4171512.412141946610063 ], [ 14267334.338950574398041, 4171515.147956513334066 ], [ 14267338.682984903454781, 4171515.870675725862384 ], [ 14267342.411340581253171, 4171515.902001591399312 ], [ 14267349.780720936134458, 4171514.777948757633567 ], [ 14267355.441687656566501, 4171514.077006111852825 ], [ 14267361.104211390018463, 4171513.188948642928153 ], [ 14267366.336931206285954, 4171511.673434523865581 ], [ 14267378.926562517881393, 4171507.288083660416305 ], [ 14267403.452035346999764, 4171498.246082896366715 ], [ 14267426.444533120840788, 4171490.89146673399955 ], [ 14267429.829277455806732, 4171489.71754883043468 ], [ 14267432.835392413660884, 4171487.290148924104869 ], [ 14267435.151682183146477, 4171485.251126692630351 ], [ 14267436.414178667590022, 4171482.891478813253343 ], [ 14267437.680306937545538, 4171480.095144407358021 ], [ 14267438.381539605557919, 4171477.980192323680967 ], [ 14267438.223158871755004, 4171474.610529614146799 ], [ 14267436.893019502982497, 4171470.170661801472306 ], [ 14267433.757071010768414, 4171466.152261869981885 ], [ 14267430.742960030212998, 4171462.11421829694882 ], [ 14267430.259465131908655, 4171460.488323447760195 ], [ 14267430.583025254309177, 4171458.931671356316656 ], [ 14267431.531818175688386, 4171456.943551065400243 ], [ 14267433.168141944333911, 4171454.462204375769943 ], [ 14267436.861357262358069, 4171452.099118654150516 ], [ 14267443.415409108623862, 4171448.598583326674998 ], [ 14267450.908598912879825, 4171444.29514963272959 ], [ 14267459.292185693979263, 4171439.724623486399651 ], [ 14267464.668452031910419, 4171435.902416748926044 ], [ 14267465.308460639789701, 4171433.972678493708372 ], [ 14267465.19827039539814, 4171432.287640408612788 ], [ 14267465.080819331109524, 4171431.475785535760224 ], [ 14267465.530334483832121, 4171429.732976044528186 ], [ 14267466.732172716408968, 4171427.185610131826252 ], [ 14267468.554360104724765, 4171424.768292185850441 ], [ 14267474.288573471829295, 4171415.936311900615692 ], [ 14267480.360128618776798, 4171410.685232796706259 ], [ 14267483.607023062184453, 4171408.841237945482135 ], [ 14267485.668468162417412, 4171407.548574415501207 ], [ 14267487.793669447302818, 4171406.069415708072484 ], [ 14267489.296965831890702, 4171404.6473208963871 ], [ 14267491.49874166958034, 4171401.642548304051161 ], [ 14267492.266097074374557, 4171399.029260476119816 ], [ 14267493.939421463757753, 4171392.119554584845901 ], [ 14267496.389473009854555, 4171381.519357819575816 ], [ 14267496.48848626576364, 4171377.091427569743246 ], [ 14267496.319200666621327, 4171375.031657068058848 ], [ 14267495.172121996060014, 4171370.967616310808808 ], [ 14267493.762889234349132, 4171367.999893507920206 ], [ 14267490.872951608151197, 4171364.295480837114155 ], [ 14267489.323225498199463, 4171363.845861922949553 ], [ 14267486.092418860644102, 4171363.756386069580913 ], [ 14267481.618325097486377, 4171363.718853518832475 ], [ 14267477.203014051541686, 4171364.118431651033461 ], [ 14267472.537340205162764, 4171364.703030107077211 ], [ 14267467.12608896009624, 4171365.281370966229588 ], [ 14267464.26755203679204, 4171365.257386391982436 ], [ 14267455.881350725889206, 4171364.875146666076034 ], [ 14267450.854817287996411, 4171364.022101392038167 ], [ 14267446.578741585835814, 4171362.613890772219747 ], [ 14267445.061723152175546, 4171361.946230598259717 ] ] ] } },
{ "type": "Feature", "properties": { "UserID": null, "number": "10", "개설여부": "개설", "검토": null, "변경사항": "신송마을앞 개설로 변경", "연장": 5049, "시점": "사천시 용현면 송지리", "종점": "사천시 사남면 가천리" }, "geometry": { "type": "MultiLineString", "coordinates": [ [ [ 14254776.101929645985365, 4166002.784033527597785 ], [ 14254743.908452583476901, 4166023.820202432572842 ], [ 14254723.414262130856514, 4166036.280670228414237 ], [ 14254702.592164630070329, 4166044.806253457441926 ], [ 14254626.025869090110064, 4166065.792304481845349 ], [ 14254560.116552591323853, 4166083.171377987135202 ], [ 14254545.196781937032938, 4166086.942309030797333 ] ], [ [ 14255660.60279219597578, 4165652.374639621935785 ], [ 14255592.297357451170683, 4165712.273676451295614 ], [ 14255592.299738895148039, 4165712.279824396129698 ], [ 14255559.580588730052114, 4165740.799804591573775 ], [ 14255549.495211126282811, 4165750.234197166282684 ], [ 14255549.506048288196325, 4165750.249000828247517 ], [ 14255542.719174861907959, 4165756.220698642544448 ], [ 14255532.13473423756659, 4165766.458916700445116 ], [ 14255499.03192107193172, 4165797.229380303993821 ], [ 14255482.725280283018947, 4165811.34834467805922 ], [ 14255478.857197025790811, 4165815.069032119121403 ], [ 14255431.534569235518575, 4165856.785603392869234 ], [ 14255414.912383606657386, 4165870.981179542839527 ], [ 14255409.184096746146679, 4165877.327977751381695 ], [ 14255402.679554691538215, 4165883.089166498277336 ], [ 14255389.026198895648122, 4165893.477112219203264 ], [ 14255377.543054474517703, 4165901.727015976328403 ], [ 14255370.773899048566818, 4165905.795048424508423 ], [ 14255352.639863954856992, 4165915.389463708736002 ], [ 14255346.171562768518925, 4165918.329572069924325 ], [ 14255343.533292058855295, 4165919.528407901059836 ], [ 14255335.370107967406511, 4165922.949815287254751 ], [ 14255334.150479201227427, 4165923.602243625093251 ], [ 14255331.283905485644937, 4165925.085583932232112 ], [ 14255321.226618489250541, 4165929.162808832712471 ], [ 14255317.086154259741306, 4165930.713683963753283 ], [ 14255312.834056839346886, 4165932.463189718313515 ], [ 14255307.010855523869395, 4165934.630238293204457 ], [ 14255290.718294745311141, 4165940.985732379835099 ], [ 14255289.631590154021978, 4165941.379696983844042 ], [ 14255286.974790504202247, 4165942.343125646002591 ], [ 14255280.943333322182298, 4165944.607418026775122 ], [ 14255275.694642640650272, 4165946.375623991712928 ], [ 14255266.191945102065802, 4165949.705858875066042 ], [ 14255262.564629038795829, 4165950.639236938208342 ], [ 14255257.776831364259124, 4165951.771083111874759 ], [ 14255253.876909242942929, 4165952.38334145070985 ], [ 14255247.929088389500976, 4165952.916214111726731 ], [ 14255236.691772041842341, 4165953.92297046026215 ], [ 14255204.382306557148695, 4165959.622635739855468 ], [ 14255187.079966440796852, 4165960.396608197595924 ], [ 14255164.494294047355652, 4165963.247106679249555 ], [ 14255142.29734511859715, 4165969.754525705240667 ], [ 14255135.873225716874003, 4165972.785602549090981 ], [ 14255132.455933282151818, 4165974.337166293058544 ], [ 14255128.811850260943174, 4165975.88289683451876 ], [ 14255122.368283288553357, 4165978.518072489649057 ], [ 14255114.762693347409368, 4165981.126265036407858 ], [ 14255110.673456430435181, 4165982.4129334166646 ], [ 14255107.585128378123045, 4165983.092892437241971 ], [ 14255106.281118731945753, 4165983.379413817077875 ], [ 14255099.266655033454299, 4165985.250804184004664 ], [ 14255093.316478557884693, 4165986.519761865958571 ], [ 14255083.165636397898197, 4165988.475236714817584 ], [ 14255080.451981356367469, 4165988.99826426897198 ], [ 14255073.387798566371202, 4165990.580040143802762 ], [ 14255069.111612755805254, 4165991.644395394716412 ], [ 14255058.124107798561454, 4165993.730323329567909 ], [ 14255048.389885019510984, 4165993.925574296154082 ], [ 14255045.673700431361794, 4165994.070010524708778 ], [ 14255043.171053154394031, 4165994.203002519439906 ], [ 14255039.178452245891094, 4165994.164996781852096 ], [ 14255035.80339121632278, 4165993.952777167316526 ], [ 14255032.119545429944992, 4165993.506071202922612 ], [ 14255028.21986198425293, 4165992.797585959546268 ], [ 14255024.732538988813758, 4165992.074648648034781 ], [ 14255021.495650466531515, 4165991.307540467008948 ], [ 14255018.070585753768682, 4165990.449206761550158 ], [ 14255007.240060646086931, 4165987.530781692359596 ], [ 14254999.048132441937923, 4165985.323534985072911 ], [ 14254986.34503835812211, 4165981.682821216061711 ], [ 14254973.753826092928648, 4165978.464596969541162 ], [ 14254966.478482753038406, 4165976.704647184815258 ], [ 14254951.548991722986102, 4165973.650341412983835 ], [ 14254939.03839722648263, 4165971.841721488628536 ], [ 14254921.651566278189421, 4165972.518915847409517 ], [ 14254909.745605243369937, 4165975.131312041077763 ], [ 14254895.879247324541211, 4165978.571558935567737 ], [ 14254878.699828434735537, 4165985.82214453490451 ], [ 14254872.819384438917041, 4165987.840189784299582 ], [ 14254872.039979197084904, 4165988.107183122541755 ], [ 14254864.447783507406712, 4165990.194661424960941 ], [ 14254852.851267388090491, 4165993.742259070742875 ], [ 14254852.540591672062874, 4165993.837305211927742 ], [ 14254837.559622671455145, 4165996.230412246659398 ], [ 14254829.604577545076609, 4165997.092972703278065 ], [ 14254810.726480377838016, 4165996.443677026312798 ], [ 14254804.748114813119173, 4165995.917425498832017 ], [ 14254793.427284695208073, 4165996.747848395258188 ], [ 14254780.783786702901125, 4166000.481400127988309 ], [ 14254776.101929645985365, 4166002.784033527597785 ] ], [ [ 14255660.60279219597578, 4165652.374639620538801 ], [ 14255677.927216574549675, 4165640.532254584599286 ], [ 14255689.798455748707056, 4165637.336151728406549 ], [ 14255698.816031666472554, 4165637.222005199640989 ], [ 14255729.521448384970427, 4165644.413236623629928 ], [ 14255767.532243058085442, 4165654.800570904277265 ], [ 14255776.192435612902045, 4165656.498024126049131 ], [ 14255785.827372912317514, 4165574.836055571679026 ], [ 14255845.921531111001968, 4165563.940622851718217 ], [ 14255900.904591729864478, 4165547.556411120574921 ], [ 14255907.236372224986553, 4165545.222413566894829 ], [ 14256018.815068356692791, 4165514.189594262745231 ], [ 14256022.057728623971343, 4165513.28790194215253 ], [ 14256086.523293921723962, 4165495.354346858803183 ], [ 14256101.288848031312227, 4165491.24743718188256 ], [ 14256205.82862676307559, 4165462.164207271765918 ], [ 14256301.16339535266161, 4165434.326352100353688 ], [ 14256416.093477560207248, 4165402.656125710811466 ], [ 14256434.980413611978292, 4165398.068096771836281 ], [ 14256477.230273650959134, 4165387.805702779442072 ], [ 14256558.208141991868615, 4165365.534808720927685 ], [ 14256563.455161372199655, 4165364.158078826032579 ], [ 14256564.686229135841131, 4165363.835189895704389 ], [ 14256610.288327852264047, 4165351.866651559714228 ], [ 14256646.577515382319689, 4165339.95275745773688 ], [ 14256672.160246616229415, 4165325.824019320774823 ], [ 14256778.877130897715688, 4165258.135757144074887 ], [ 14256780.491501875221729, 4165257.11326691089198 ], [ 14256781.52954457141459, 4165256.430840712971985 ], [ 14256816.256305543705821, 4165233.573371563572437 ], [ 14256831.498258600011468, 4165224.186487337574363 ], [ 14256845.660839119926095, 4165215.46570757497102 ], [ 14256868.935694796964526, 4165200.681737607810646 ], [ 14256882.236664220690727, 4165195.313113385345787 ], [ 14256892.358316332101822, 4165192.449324092362076 ], [ 14256909.211068496108055, 4165189.649681127164513 ], [ 14256935.969111191108823, 4165184.828204905614257 ], [ 14256945.993583610281348, 4165183.764245502650738 ], [ 14256947.291194763034582, 4165183.62691933196038 ], [ 14256978.30675769969821, 4165180.228181594517082 ], [ 14256987.084322446957231, 4165179.224812317639589 ], [ 14256994.291929021477699, 4165178.401549803093076 ], [ 14257014.011009389534593, 4165178.180247666779906 ], [ 14257034.593584103509784, 4165176.764000510331243 ], [ 14257036.674175690859556, 4165176.620499698910862 ], [ 14257054.057199236005545, 4165175.155965576414019 ], [ 14257060.713422464206815, 4165174.74524525180459 ], [ 14257074.892199695110321, 4165173.871852719690651 ], [ 14257105.81874448992312, 4165173.103277589660138 ], [ 14257143.232229571789503, 4165175.988118074834347 ], [ 14257159.785626232624054, 4165178.255675117485225 ], [ 14257168.007765520364046, 4165179.817081493791193 ], [ 14257184.352218557149172, 4165182.921795534901321 ], [ 14257195.383487394079566, 4165185.739298384636641 ], [ 14257205.485297229140997, 4165188.314146882854402 ], [ 14257250.046195968985558, 4165199.675056234933436 ], [ 14257279.059840766713023, 4165205.330583450850099 ], [ 14257292.446036379784346, 4165206.562697434332222 ], [ 14257309.061940863728523, 4165207.747696527745575 ], [ 14257355.997915469110012, 4165204.380990562494844 ], [ 14257398.109372803941369, 4165199.702519843354821 ], [ 14257459.574983056634665, 4165194.569320171140134 ], [ 14257516.397324228659272, 4165191.083162127994001 ], [ 14257537.20313686132431, 4165192.967045669443905 ], [ 14257546.66234671138227, 4165193.688275446649641 ], [ 14257556.552695315331221, 4165193.146826240234077 ], [ 14257558.867825739085674, 4165192.695474496111274 ], [ 14257567.214891742914915, 4165191.591413678601384 ], [ 14257579.909500012174249, 4165188.52139195939526 ], [ 14257589.108579199761152, 4165186.704282543156296 ], [ 14257598.350018469616771, 4165185.357611212879419 ], [ 14257606.819053806364536, 4165185.22188950330019 ], [ 14257616.708616612479091, 4165185.850500012747943 ], [ 14257627.083042029291391, 4165187.267286887858063 ], [ 14257648.860703675076365, 4165190.736166664399207 ], [ 14257668.7658855561167, 4165193.45806014444679 ], [ 14257681.153969636186957, 4165194.541924718301743 ], [ 14257690.635026210919023, 4165194.056693371850997 ], [ 14257707.616528380662203, 4165191.176669183652848 ], [ 14257738.96200143918395, 4165186.628150871954858 ], [ 14257763.000423902645707, 4165184.920254355296493 ], [ 14257785.108256243169308, 4165183.350609432905912 ], [ 14257802.420961417257786, 4165181.803870301693678 ], [ 14257820.960168911144137, 4165178.594610556028783 ], [ 14257923.652782170102, 4165157.736640191171318 ], [ 14257949.257901201024652, 4165152.452584760729223 ], [ 14257963.669063419103622, 4165148.536821211222559 ], [ 14257971.561683690175414, 4165145.689772398211062 ], [ 14257986.878211943432689, 4165137.732864616438746 ], [ 14258017.663447819650173, 4165124.285071492195129 ], [ 14258037.959251435473561, 4165117.235885462723672 ], [ 14258047.236516833305359, 4165114.785879143513739 ], [ 14258064.24065232463181, 4165112.779820398893207 ], [ 14258072.653295446187258, 4165112.857586251106113 ], [ 14258092.988763924688101, 4165113.52216133615002 ], [ 14258124.683653371408582, 4165114.769643017090857 ], [ 14258149.30026132799685, 4165115.950646706856787 ], [ 14258192.403597641736269, 4165117.459873976185918 ], [ 14258236.874740269035101, 4165117.063442027196288 ], [ 14258293.250478418543935, 4165116.013231360353529 ], [ 14258361.397102776914835, 4165115.10529721621424 ], [ 14258396.12220393307507, 4165114.149450710508972 ], [ 14258417.649267014116049, 4165112.584497157484293 ], [ 14258432.348025662824512, 4165110.053918961435556 ], [ 14258456.422442425042391, 4165100.916343666613102 ], [ 14258475.93299900367856, 4165087.509911879897118 ], [ 14258506.226189948618412, 4165065.420428334269673 ], [ 14258524.712236484512687, 4165052.584267497994006 ], [ 14258536.309947965666652, 4165045.831500425003469 ], [ 14258543.224990122020245, 4165043.215605624485761 ], [ 14258547.759738638997078, 4165041.911994554568082 ], [ 14258554.444773321971297, 4165040.988451655954123 ], [ 14258564.178214898332953, 4165041.510187062900513 ], [ 14258588.742965340614319, 4165042.528803799767047 ], [ 14258617.327907716855407, 4165043.643344650045037 ], [ 14258648.119935274124146, 4165044.851160148158669 ], [ 14258677.351111492142081, 4165046.196957842912525 ], [ 14258714.494193237274885, 4165047.998767431359738 ], [ 14258759.065558472648263, 4165050.59993798378855 ], [ 14258803.796564295887947, 4165052.778808920178562 ], [ 14258817.594898289069533, 4165053.560881851240993 ], [ 14258835.079966003075242, 4165054.989495725370944 ], [ 14258854.04752691090107, 4165056.050400559324771 ], [ 14258877.896697960793972, 4165056.576311941724271 ], [ 14258902.398915523663163, 4165056.755882713478059 ], [ 14258918.014511093497276, 4165055.960947513580322 ], [ 14258933.109953004866838, 4165055.084885601885617 ], [ 14258946.895820649340749, 4165053.791134022176266 ], [ 14258976.606933429837227, 4165050.814051957335323 ], [ 14258991.390264946967363, 4165049.115796551574022 ], [ 14258999.576594607904553, 4165048.818775969091803 ], [ 14259011.099816216155887, 4165049.160343905445188 ], [ 14259019.128733437508345, 4165049.674139760900289 ], [ 14259035.945271603763103, 4165052.15464786067605 ], [ 14259052.201185937970877, 4165056.301415616180748 ], [ 14259070.210690647363663, 4165062.883127347100526 ], [ 14259110.930983457714319, 4165080.902332860510796 ], [ 14259138.400776213034987, 4165089.683502209372818 ], [ 14259149.896204086020589, 4165092.344186439644545 ], [ 14259165.342894906178117, 4165094.726410064846277 ], [ 14259175.104498462751508, 4165095.25535714160651 ], [ 14259190.842490687966347, 4165094.950933480169624 ], [ 14259216.577927006408572, 4165093.836913382634521 ], [ 14259360.959267916157842, 4165082.518339588772506 ], [ 14259375.850772090256214, 4165079.469069632235914 ], [ 14259389.230690537020564, 4165075.358913485426456 ], [ 14259405.159355271607637, 4165070.607464069500566 ], [ 14259417.92332947999239, 4165067.320613206829876 ], [ 14259429.556776847690344, 4165066.290327117778361 ], [ 14259438.160340055823326, 4165066.499547198414803 ], [ 14259447.055502120405436, 4165068.107595573179424 ], [ 14259457.628633206710219, 4165071.606980427633971 ], [ 14259467.75831339135766, 4165076.570649974048138 ], [ 14259487.188101852312684, 4165089.433754954021424 ], [ 14259501.907520653679967, 4165097.487282650079578 ], [ 14259509.566626038402319, 4165101.120777152013034 ], [ 14259523.208864042535424, 4165106.685172241181135 ], [ 14259561.612418321892619, 4165121.143153088632971 ], [ 14259599.23906447738409, 4165135.375984882935882 ], [ 14259614.97287423722446, 4165141.205242107622325 ], [ 14259629.641277357935905, 4165146.391456377226859 ], [ 14259637.661755075678229, 4165148.346267667599022 ], [ 14259643.841639123857021, 4165149.24160344991833 ], [ 14259656.233505735173821, 4165149.088619976304471 ], [ 14259666.795038131996989, 4165147.625306654255837 ], [ 14259679.777473857626319, 4165146.323631931096315 ], [ 14259722.958959553390741, 4165152.830518499482423 ], [ 14259921.072858575731516, 4165188.661698251497 ], [ 14259950.643325559794903, 4165193.57781426422298 ], [ 14259975.44497630558908, 4165195.705304520204663 ], [ 14260002.368586454540491, 4165195.526880613528192 ], [ 14260015.59407339990139, 4165198.393332360778004 ], [ 14260028.560474250465631, 4165206.750451108906418 ], [ 14260048.870209258049726, 4165217.07660420704633 ], [ 14260059.999819502234459, 4165219.079962786752731 ], [ 14260081.034245761111379, 4165219.058671076316386 ], [ 14260101.092504082247615, 4165216.654385196510702 ], [ 14260103.985868023708463, 4165216.308190541341901 ], [ 14260153.923015521839261, 4165206.619715504813939 ], [ 14260168.055796049535275, 4165204.058747648727149 ], [ 14260174.332484656944871, 4165204.574591763783246 ], [ 14260182.305715, 4165204.900860857684165 ], [ 14260188.694223117083311, 4165205.466899604536593 ], [ 14260196.534078512340784, 4165206.554439119528979 ], [ 14260204.054519904777408, 4165207.956804869230837 ], [ 14260211.450692247599363, 4165209.103849161416292 ], [ 14260217.771948330104351, 4165210.114031679928303 ], [ 14260224.220320882275701, 4165211.061928674578667 ], [ 14260229.27399473823607, 4165212.251320193056017 ], [ 14260236.018756810575724, 4165213.153160905931145 ], [ 14260245.645837809890509, 4165213.987350755371153 ], [ 14260265.005304273217916, 4165212.067785163875669 ], [ 14260287.668965959921479, 4165207.938913968857378 ], [ 14260303.639928905293345, 4165205.831850757356733 ], [ 14260316.033662738278508, 4165204.996333554387093 ], [ 14260324.653672324493527, 4165203.667997873853892 ], [ 14260340.272175647318363, 4165199.701657605823129 ] ] ] } },
{ "type": "Feature", "properties": { "UserID": null, "number": "10", "개설여부": "미개설", "검토": null, "변경사항": "변경없음", "연장": 2466, "시점": "사천시 용현면 송지리", "종점": "사천시 사남면 가천리" }, "geometry": { "type": "MultiLineString", "coordinates": [ [ [ 14260340.272175647318363, 4165199.701657605823129 ], [ 14260351.213962659239769, 4165199.093382672406733 ], [ 14260583.943423204123974, 4165219.21848433278501 ], [ 14260801.282409876585007, 4165267.121771189384162 ], [ 14260945.879368355497718, 4165273.331456523854285 ], [ 14261029.266571408137679, 4165275.105652332771569 ], [ 14261476.363915422931314, 4165231.637854998465627 ], [ 14261609.428601138293743, 4165228.089463378302753 ], [ 14261824.114680854603648, 4165189.504104977473617 ], [ 14261902.365429716184735, 4165182.210425711236894 ], [ 14261993.51168517395854, 4165182.61732863727957 ], [ 14262058.616153363138437, 4165183.024231563322246 ], [ 14262123.720621544867754, 4165183.431134492624551 ], [ 14262191.673410216346383, 4165190.348484236747026 ], [ 14262310.920381754636765, 4165168.595453802030534 ], [ 14262389.338713686913252, 4165146.614557732827961 ], [ 14262455.875480175018311, 4165142.456009825691581 ], [ 14262517.06554221175611, 4165141.267853281460702 ], [ 14262572.31482152454555, 4165136.515227104537189 ], [ 14262680.437067065387964, 4165113.346174486912787 ], [ 14262769.548807894811034, 4165062.849521354772151 ], [ 14262815.292834853753448, 4165042.650860096793622 ], [ 14262881.235523067414761, 4165005.81800722097978 ], [ 14262906.780888771638274, 4164986.807502510491759 ], [ 14262931.138097932562232, 4164978.490406699012965 ], [ 14262955.495307087898254, 4164991.560128688346595 ], [ 14262979.986794220283628, 4165011.674696670845151 ], [ 14262997.483620043843985, 4165016.557531786616892 ], [ 14263016.20115464925766, 4165022.254172753542662 ], [ 14263056.077641408890486, 4165079.627485339995474 ], [ 14263078.050399424508214, 4165089.800058493390679 ], [ 14263099.616254510357976, 4165110.552107729483396 ], [ 14263115.485468633472919, 4165123.166098437272012 ], [ 14263153.734343688935041, 4165131.711059889290482 ], [ 14263164.720722699537873, 4165139.035312560852617 ], [ 14263191.314337227493525, 4165190.059824699070305 ], [ 14263198.072353916242719, 4165198.748703514225781 ] ] ] } },
{ "type": "Feature", "properties": { "UserID": null, "number": "10", "개설여부": "개설", "검토": null, "변경사항": "변경없음", "연장": 466, "시점": "사천시 용현면 송지리", "종점": "사천시 사남면 가천리" }, "geometry": { "type": "MultiLineString", "coordinates": [ [ [ 14263198.072353916242719, 4165198.748703514225781 ], [ 14263198.337593214586377, 4165199.08972525363788 ], [ 14263319.405148778110743, 4165290.392053065821528 ], [ 14263342.816002063453197, 4165307.114091130439192 ], [ 14263358.424764713272452, 4165314.329765086993575 ], [ 14263368.045663321390748, 4165318.17812452884391 ], [ 14263390.311171539127827, 4165323.400898063089699 ], [ 14263523.354455184191465, 4165336.595273300074041 ], [ 14263644.028012044727802, 4165346.765937545802444 ], [ 14263670.966528154909611, 4165351.988711076788604 ], [ 14263691.582739463075995, 4165361.334726871456951 ], [ 14263720.200455516576767, 4165376.133050020318478 ] ] ] } },
{ "type": "Feature", "properties": { "UserID": null, "number": "13", "개설여부": "개설", "검토": null, "변경사항": "변경없음", "연장": 1761, "시점": "사천시 서포면 선전리", "종점": "사천시 서포면 비토리" }, "geometry": { "type": "MultiLineString", "coordinates": [ [ [ 14246221.986417630687356, 4162165.667609449010342 ], [ 14246230.140972819179296, 4162162.831849056761712 ], [ 14246238.771934254094958, 4162155.941123700235039 ], [ 14246247.857834046706557, 4162148.037983354646713 ], [ 14246270.700284916907549, 4162128.063345536589622 ], [ 14246311.01664113253355, 4162095.742050420027226 ], [ 14246318.291976124048233, 4162091.248970419634134 ], [ 14246324.334737375378609, 4162087.98007145896554 ], [ 14246331.222515344619751, 4162083.965494681615382 ], [ 14246354.055469170212746, 4162074.116658479440957 ], [ 14246363.565766423940659, 4162068.894599065184593 ], [ 14246373.906848674640059, 4162060.034012205898762 ], [ 14246397.109614409506321, 4162036.152966151945293 ], [ 14246412.219050653278828, 4162019.612565871793777 ], [ 14246420.449161062017083, 4162013.793140585068613 ], [ 14246432.30743008479476, 4162008.215564648620784 ], [ 14246447.142663480713964, 4162003.732841974124312 ], [ 14246471.161593358963728, 4162001.776756427250803 ], [ 14246476.141082545742393, 4162001.371174729429185 ], [ 14246484.591529186815023, 4161999.885619328822941 ], [ 14246491.824907638132572, 4161995.324652487412095 ], [ 14246497.659332389011979, 4161986.873232571873814 ], [ 14246502.338123455643654, 4161973.265121707227081 ], [ 14246512.128332575783134, 4161936.730058274231851 ], [ 14246517.535996971651912, 4161925.767408308107406 ], [ 14246525.542681997641921, 4161919.488857625517994 ], [ 14246555.054841695353389, 4161907.481987832579762 ], [ 14246605.211715377867222, 4161892.494497280567884 ], [ 14246620.844498779624701, 4161884.01516183372587 ], [ 14246641.172625632956624, 4161863.751448563300073 ], [ 14246652.952732127159834, 4161858.400689845904708 ], [ 14246664.923661040142179, 4161856.700113787781447 ], [ 14246695.861544052138925, 4161860.665987663902342 ], [ 14246718.872629385441542, 4161862.953477198723704 ], [ 14246757.495414523407817, 4161858.942296670749784 ], [ 14246775.222389990463853, 4161860.188383603468537 ], [ 14246779.985179705545306, 4161860.465026461519301 ], [ 14246799.186342900618911, 4161865.525066137779504 ], [ 14246848.222023883834481, 4161886.446518664713949 ], [ 14246910.659810300916433, 4161894.891171583440155 ], [ 14246974.989552661776543, 4161902.759671587962657 ], [ 14246982.475644716992974, 4161903.064116188324988 ], [ 14246986.024945063516498, 4161902.3056580577977 ], [ 14246992.141233110800385, 4161900.99789411155507 ], [ 14246998.399865413084626, 4161899.238461731467396 ], [ 14247034.170696415007114, 4161879.884026041254401 ], [ 14247058.593453146517277, 4161871.732847962062806 ], [ 14247066.815266486257315, 4161866.688133499119431 ], [ 14247071.296905411407351, 4161861.148352378048003 ], [ 14247077.3738660402596, 4161838.105052044615149 ], [ 14247108.860123416408896, 4161692.844254616182297 ], [ 14247112.053991479799151, 4161679.996235737111419 ], [ 14247116.084208786487579, 4161663.054272785317153 ], [ 14247119.362198695540428, 4161653.091146701946855 ], [ 14247127.067410783842206, 4161642.945522380061448 ], [ 14247137.544803727418184, 4161627.753396184183657 ], [ 14247140.826103182509542, 4161622.994986502453685 ], [ 14247143.534501921385527, 4161613.295481660403311 ], [ 14247145.423884311690927, 4161598.520119126420468 ], [ 14247142.596587728708982, 4161549.090025749523193 ], [ 14247143.704015137627721, 4161536.890692521817982 ], [ 14247149.350009638816118, 4161524.584698795806617 ], [ 14247165.274040214717388, 4161509.648001349065453 ], [ 14247386.783653629943728, 4161336.072910984046757 ], [ 14247406.353799810633063, 4161319.525005645584315 ], [ 14247416.384013500064611, 4161307.620184833649546 ], [ 14247420.238919541239738, 4161298.073401895351708 ], [ 14247423.67745142057538, 4161289.557157466188073 ], [ 14247433.410615572705865, 4161273.265296742785722 ], [ 14247444.703076839447021, 4161259.976117096841335 ], [ 14247466.832981292158365, 4161240.901056149508804 ], [ 14247486.122624194249511, 4161229.646608639508486 ], [ 14247498.084459302946925, 4161224.905710099730641 ], [ 14247507.047925043851137, 4161221.197181667666882 ], [ 14247543.317786499857903, 4161210.19161191675812 ], [ 14247574.335891993716359, 4161198.577710489742458 ], [ 14247593.225255686789751, 4161189.522057504858822 ], [ 14247605.612950541079044, 4161180.020560839213431 ], [ 14247629.18729623965919, 4161156.446226837579161 ], [ 14247636.044402573257685, 4161144.130679050926119 ], [ 14247643.681064687669277, 4161125.713682406116277 ], [ 14247650.554553057998419, 4161111.649638395290822 ], [ 14247656.904531678184867, 4161104.647270815912634 ], [ 14247668.916742892935872, 4161098.638096821960062 ], [ 14247692.760063318535686, 4161093.333409761544317 ], [ 14247773.742086159065366, 4161081.566024207510054 ], [ 14247788.222009599208832, 4161082.168768393341452 ] ] ] } },
{ "type": "Feature", "properties": { "UserID": null, "number": "13", "개설여부": "미개설", "검토": null, "변경사항": "변경없음", "연장": 1571, "시점": "사천시 서포면 선전리", "종점": "사천시 서포면 비토리" }, "geometry": { "type": "MultiLineString", "coordinates": [ [ [ 14247788.222009599208832, 4161082.168768393341452 ], [ 14247977.252427326515317, 4160991.997930961661041 ], [ 14248296.122025875374675, 4160839.882585920393467 ] ], [ [ 14248188.664513546973467, 4160142.36317280633375 ], [ 14248168.983404282480478, 4160085.13297408958897 ], [ 14248063.01102614030242, 4159776.972733430564404 ] ], [ [ 14248188.664513546973467, 4160142.36317280633375 ], [ 14248191.102810813114047, 4160143.46014525461942 ], [ 14248201.0595039781183, 4160147.896409043110907 ], [ 14248211.54682831466198, 4160152.185224575456232 ], [ 14248215.775135496631265, 4160154.677206859923899 ], [ 14248222.26344490237534, 4160160.767894634511322 ], [ 14248225.88837669044733, 4160166.036243578419089 ], [ 14248236.334833029657602, 4160182.746041666250676 ], [ 14248244.671090753749013, 4160197.585293418262154 ], [ 14248252.102827506139874, 4160213.293412157800049 ], [ 14248259.562234874814749, 4160225.005513068754226 ], [ 14248267.357388831675053, 4160234.402131714392453 ], [ 14248277.83609864115715, 4160247.286071369424462 ], [ 14248287.667587468400598, 4160256.512479419820011 ], [ 14248296.708570109680295, 4160263.255748152267188 ], [ 14248307.415075484663248, 4160268.384157824330032 ], [ 14248321.507739439606667, 4160275.903645372483879 ], [ 14248340.239928524941206, 4160284.877204114105552 ], [ 14248351.31561516970396, 4160290.997819173149765 ], [ 14248359.484226934611797, 4160295.402128357905895 ], [ 14248361.677307048812509, 4160300.593013862147927 ], [ 14248362.368164543062449, 4160306.234064599499106 ], [ 14248361.187532572075725, 4160312.891348877456039 ], [ 14248358.24037536047399, 4160327.236870101653039 ], [ 14248352.96490440517664, 4160340.626497481949627 ], [ 14248350.219986606389284, 4160345.585370794869959 ], [ 14248349.426860932260752, 4160350.935190887656063 ], [ 14248349.741393374279141, 4160356.455916990526021 ], [ 14248351.974285198375583, 4160360.297847246285528 ], [ 14248355.301612213253975, 4160363.622472367715091 ], [ 14248362.432428309693933, 4160370.311064570676535 ], [ 14248372.745522294193506, 4160377.658570472616702 ], [ 14248392.4355563595891, 4160393.601994749624282 ], [ 14248402.626232730224729, 4160400.198877909686416 ], [ 14248411.682680275291204, 4160403.713423315901309 ], [ 14248417.117151768878102, 4160405.669343316461891 ], [ 14248424.602222975343466, 4160407.266090735327452 ], [ 14248434.65803037956357, 4160411.262087614275515 ], [ 14248443.410516722127795, 4160414.848653272725642 ], [ 14248449.136862201616168, 4160418.872605099342763 ], [ 14248454.822853012010455, 4160426.004160201642662 ], [ 14248469.039830025285482, 4160445.261036810930818 ], [ 14248479.427058113738894, 4160462.231156986672431 ], [ 14248483.744107695296407, 4160469.948072718922049 ], [ 14248485.387785062193871, 4160477.637160586193204 ], [ 14248487.473905837163329, 4160498.798849668819457 ], [ 14248490.668041536584496, 4160530.932775948662311 ], [ 14248492.950410155579448, 4160545.266859487164766 ], [ 14248490.343525517731905, 4160551.26032381458208 ], [ 14248476.501490423455834, 4160557.140294837299734 ], [ 14248462.445720398798585, 4160554.439874370582402 ], [ 14248453.153480783104897, 4160554.79747013701126 ], [ 14248436.565253213047981, 4160565.61598197510466 ], [ 14248416.508212177082896, 4160638.554137276951224 ], [ 14248414.204050565138459, 4160753.322237918153405 ], [ 14248412.53367992118001, 4160767.299841791391373 ], [ 14248406.71448477357626, 4160779.274170427117497 ], [ 14248393.750166930258274, 4160793.34966441988945 ], [ 14248378.349574599415064, 4160798.35928665054962 ], [ 14248365.290115283802152, 4160803.705982029438019 ], [ 14248354.74765707179904, 4160809.078121199272573 ], [ 14248338.44897210970521, 4160823.663783879950643 ], [ 14248334.415114866569638, 4160828.469581899698824 ], [ 14248296.12202587723732, 4160839.882585919927806 ] ] ] } },
{ "type": "Feature", "properties": { "UserID": null, "number": "16", "개설여부": "개설", "검토": null, "변경사항": "변경없음", "연장": 5996, "시점": "사천시 정동면 소곡리", "종점": "사천시 사남면 종천리" }, "geometry": { "type": "MultiLineString", "coordinates": [ [ [ 14264260.316856207326055, 4164217.885698309633881 ], [ 14264393.293564, 4164206.273350741248578 ], [ 14264755.146536126732826, 4164166.818111123517156 ], [ 14264812.096373427659273, 4164153.863951579667628 ], [ 14264851.034240631386638, 4164132.926866972353309 ], [ 14264873.24664443358779, 4164116.982694978360087 ], [ 14264886.739099087193608, 4164104.456740237306803 ], [ 14264888.082317909225821, 4164103.238512722309679 ], [ 14264905.344146152958274, 4164099.386830241419375 ], [ 14264978.754559148102999, 4164119.07939541619271 ], [ 14264984.599865229800344, 4164120.281189422123134 ], [ 14265012.962166748940945, 4164126.111181711778045 ], [ 14265029.907852942124009, 4164126.153034389484674 ], [ 14265051.499570310115814, 4164122.610341113060713 ], [ 14265076.475489594042301, 4164114.736040258780122 ], [ 14265102.989360366016626, 4164102.535051379352808 ], [ 14265132.126162517815828, 4164089.039797802921385 ], [ 14265147.624392993748188, 4164082.994651085697114 ], [ 14265155.353967091068625, 4164080.396312864497304 ], [ 14265176.386439401656389, 4164075.083842811174691 ], [ 14265187.332831427454948, 4164072.914919248782098 ], [ 14265204.708381980657578, 4164069.704078009352088 ], [ 14265225.817383935675025, 4164066.851706890389323 ], [ 14265287.661851478740573, 4164058.802377460058779 ], [ 14265319.365224095061421, 4164053.848622496239841 ], [ 14265348.025077762082219, 4164048.882806713227183 ], [ 14265360.850276788696647, 4164046.105101625900716 ], [ 14265372.166401686146855, 4164042.077123234048486 ], [ 14265383.426396202296019, 4164037.152616773732007 ], [ 14265390.632751557976007, 4164033.031471799593419 ], [ 14265398.125636810436845, 4164028.421655688900501 ], [ 14265412.144949009642005, 4164018.255925118923187 ], [ 14265436.504817200824618, 4164000.59351392602548 ], [ 14265460.869716353714466, 4163981.362028784118593 ], [ 14265483.993626244366169, 4163962.203599894419312 ], [ 14265493.630337275564671, 4163953.371744456700981 ], [ 14265503.295417916029692, 4163942.197094033006579 ], [ 14265509.859061548486352, 4163933.339018662460148 ], [ 14265515.69206253811717, 4163924.041664390824735 ], [ 14265525.679005047306418, 4163906.046022723428905 ], [ 14265538.910333143547177, 4163878.408758814446628 ], [ 14265549.768050020560622, 4163854.433205293491483 ], [ 14265559.852913677692413, 4163833.375992802903056 ], [ 14265566.352635268121958, 4163823.968812518753111 ], [ 14265574.223519565537572, 4163815.999093227088451 ], [ 14265580.854999367147684, 4163811.541268744971603 ], [ 14265587.337153047323227, 4163809.112570212222636 ] ], [ [ 14265587.337153047323227, 4163809.112570212222636 ], [ 14265594.043877016752958, 4163806.964929309673607 ], [ 14265602.312494404613972, 4163806.418505299370736 ], [ 14265609.140677658841014, 4163806.613999485969543 ], [ 14265614.978452488780022, 4163808.152334893587977 ], [ 14265621.832317322492599, 4163810.719663813244551 ], [ 14265628.681125467643142, 4163814.738287681248039 ], [ 14265635.57643068768084, 4163819.260627193376422 ], [ 14265642.319414734840393, 4163826.879715018440038 ], [ 14265647.111832018941641, 4163833.572025726549327 ], [ 14265649.79757378436625, 4163839.576834462117404 ], [ 14265651.075823796913028, 4163849.941973214969039 ], [ 14265651.789667339995503, 4163858.171928006224334 ], [ 14265649.411798249930143, 4163909.533174206968397 ], [ 14265646.387705711647868, 4163977.492888803593814 ], [ 14265645.894282767549157, 4163987.363042886834592 ], [ 14265646.430028671398759, 4163997.126193091738969 ], [ 14265647.378930190578103, 4164006.331863464321941 ], [ 14265649.883149772882462, 4164017.55199954053387 ], [ 14265653.274310132488608, 4164028.415699441451579 ], [ 14265669.599278168752789, 4164063.475429138168693 ], [ 14265688.080496318638325, 4164100.754854493308812 ], [ 14265698.756176931783557, 4164114.423429671674967 ], [ 14265706.626714127138257, 4164122.467341378331184 ], [ 14265716.739484325051308, 4164130.028050663881004 ], [ 14265728.487272353842854, 4164136.190271590370685 ], [ 14265743.048262041062117, 4164138.903301745187491 ], [ 14265761.038780599832535, 4164139.9926369166933 ], [ 14265810.647927172482014, 4164142.431539082434028 ], [ 14265866.247085029259324, 4164148.359617352485657 ], [ 14265887.040157185867429, 4164151.476223946083337 ], [ 14265893.645869310945272, 4164153.494371303822845 ], [ 14265905.333782713860273, 4164157.6838194928132 ], [ 14265915.594306994229555, 4164162.506929414346814 ], [ 14265928.560936929658055, 4164169.044650876894593 ], [ 14265944.016743810847402, 4164177.859994720201939 ], [ 14265961.661417616531253, 4164187.862739442847669 ], [ 14265971.640607360750437, 4164192.852817342150956 ], [ 14265982.807009909301996, 4164197.320293160155416 ], [ 14265992.705049516633153, 4164200.126290192361921 ], [ 14266006.297498196363449, 4164202.038297614548355 ], [ 14266014.635355604812503, 4164203.415694376453757 ], [ 14266024.738284133374691, 4164204.207958217710257 ], [ 14266035.210653889924288, 4164203.208376485388726 ], [ 14266042.899069068953395, 4164200.594129701610655 ], [ 14266069.125494202598929, 4164189.49504660628736 ], [ 14266095.402308886870742, 4164176.304207075387239 ], [ 14266129.620194537565112, 4164161.91845971159637 ], [ 14266191.535525877028704, 4164138.428762244991958 ], [ 14266202.421666437759995, 4164136.337063921615481 ], [ 14266235.6759994328022, 4164135.639939239714295 ], [ 14266260.966830134391785, 4164129.536049994174391 ], [ 14266268.619993103668094, 4164128.512396363541484 ], [ 14266273.60721935890615, 4164128.609122314490378 ], [ 14266277.719205422326922, 4164129.62383906589821 ], [ 14266279.7089524846524, 4164131.545891321264207 ], [ 14266281.099021343514323, 4164134.672589346300811 ], [ 14266281.066977754235268, 4164138.482651186641306 ], [ 14266279.829080605879426, 4164143.861042192205787 ], [ 14266276.484045056626201, 4164148.350675248075277 ], [ 14266270.095195453613997, 4164153.739750413224101 ], [ 14266258.479903539642692, 4164160.53621964994818 ], [ 14266251.604594171047211, 4164164.152167400810868 ], [ 14266245.210915369912982, 4164166.887593523599207 ], [ 14266229.655595442280173, 4164172.75830538244918 ], [ 14266219.562390878796577, 4164176.210807819385082 ], [ 14266212.039364919066429, 4164179.349960850086063 ], [ 14266204.885986857116222, 4164183.780006136279553 ], [ 14266196.075709916651249, 4164190.357712633442134 ], [ 14266180.130901321768761, 4164203.470445271581411 ], [ 14266144.543114457279444, 4164229.806392907164991 ], [ 14266137.907099455595016, 4164236.60036891233176 ], [ 14266132.55414655059576, 4164244.21849020710215 ], [ 14266128.55377759411931, 4164252.123866174835712 ], [ 14266125.492228241637349, 4164261.266682588029653 ], [ 14266124.439793344587088, 4164269.56359590170905 ], [ 14266124.423555867746472, 4164275.517212395556271 ], [ 14266125.787561817094684, 4164282.727080561686307 ], [ 14266128.235394516959786, 4164289.824379285331815 ], [ 14266131.740031396970153, 4164298.16375090694055 ], [ 14266136.524118216708302, 4164307.812891121953726 ], [ 14266141.33983189240098, 4164317.568400241900235 ], [ 14266144.727924631908536, 4164327.384033568669111 ], [ 14266148.008654134348035, 4164342.155443763826042 ], [ 14266148.80837562866509, 4164350.057255693245679 ], [ 14266148.906886950135231, 4164362.243292891420424 ], [ 14266148.043007364496589, 4164369.863342033699155 ], [ 14266146.186881333589554, 4164376.609162304550409 ], [ 14266142.172782862558961, 4164387.121825069189072 ], [ 14266135.397537795826793, 4164394.068391108885407 ], [ 14266128.171210343018174, 4164399.98950980277732 ], [ 14266118.663909735158086, 4164406.417931751348078 ], [ 14266107.067454762756824, 4164415.187810029368848 ], [ 14266090.238403033465147, 4164431.483928027562797 ], [ 14266078.066251032054424, 4164449.778406813275069 ], [ 14266071.775858582928777, 4164461.70101866312325 ], [ 14266070.473640169948339, 4164465.972041183151305 ], [ 14266069.789023401215672, 4164471.602913073729724 ], [ 14266070.088066343218088, 4164475.902606448158622 ], [ 14266072.465339664369822, 4164482.338461559731513 ], [ 14266076.272770592942834, 4164489.195469154510647 ], [ 14266081.753128683194518, 4164495.67978725489229 ], [ 14266093.407190520316362, 4164506.370513052679598 ], [ 14266104.872765632346272, 4164513.894804834853858 ], [ 14266117.421682318672538, 4164519.421060869470239 ], [ 14266127.922704303637147, 4164522.788835579063743 ], [ 14266143.984735483303666, 4164527.830608915537596 ], [ 14266176.27367028594017, 4164538.861832165159285 ], [ 14266199.555981311947107, 4164549.001151183154434 ], [ 14266205.319988055154681, 4164554.074720518663526 ], [ 14266210.196039168164134, 4164560.673160682898015 ], [ 14266212.090236390009522, 4164565.239029111340642 ], [ 14266213.19542682915926, 4164570.23599385144189 ], [ 14266213.322237, 4164576.046292538754642 ], [ 14266212.260828582569957, 4164581.931978070642799 ], [ 14266210.086313595995307, 4164590.202799662947655 ], [ 14266206.025579083710909, 4164600.004394347313792 ], [ 14266201.365474516525865, 4164612.283057419583201 ], [ 14266200.577186182141304, 4164619.356688482221216 ], [ 14266201.124811101704836, 4164624.845758414827287 ], [ 14266202.513266859576106, 4164629.086938156280667 ], [ 14266205.08212611079216, 4164633.505144346971065 ], [ 14266207.94537702947855, 4164637.552660692483187 ], [ 14266213.489295201376081, 4164642.745006570126861 ], [ 14266217.296271670609713, 4164646.130059181712568 ], [ 14266221.207069974392653, 4164648.951695144176483 ], [ 14266228.025847632437944, 4164652.67100870795548 ], [ 14266238.214457688853145, 4164657.28032851871103 ], [ 14266244.613187557086349, 4164659.228252029046416 ], [ 14266251.094701344147325, 4164660.319096724968404 ], [ 14266259.587794994935393, 4164660.822783285286278 ], [ 14266277.394548734650016, 4164661.0402926155366 ], [ 14266288.173696948215365, 4164660.998987701721489 ], [ 14266295.20002268999815, 4164661.560173430945724 ], [ 14266305.560486722737551, 4164664.10457769036293 ], [ 14266316.762244315817952, 4164668.233772156760097 ], [ 14266326.584633704274893, 4164673.418616949114949 ], [ 14266335.915209535509348, 4164680.536046932917088 ], [ 14266341.847987528890371, 4164687.513344557024539 ], [ 14266345.9534378554672, 4164693.83562921686098 ], [ 14266352.05241665802896, 4164703.52121180575341 ], [ 14266359.160832662135363, 4164717.464782545808703 ], [ 14266362.778754634782672, 4164727.021571935620159 ], [ 14266372.601374851539731, 4164754.448729588650167 ], [ 14266382.426148815080523, 4164780.978129320312291 ], [ 14266394.379571821540594, 4164812.049251402262598 ], [ 14266402.287624426186085, 4164833.634985624346882 ], [ 14266408.69880916364491, 4164849.534744251985103 ], [ 14266413.768021229654551, 4164862.91173174418509 ], [ 14266419.921842537820339, 4164879.439446193631738 ], [ 14266424.930748736485839, 4164893.319487842265517 ] ], [ [ 14266572.347210066393018, 4166576.081206026487052 ], [ 14266550.32817910425365, 4166552.521602058317512 ], [ 14266544.058448849245906, 4166525.651329526212066 ], [ 14266530.623312579467893, 4166445.040511913597584 ], [ 14266523.905744446441531, 4166389.060777464881539 ], [ 14266528.831961078569293, 4166362.190504928585142 ], [ 14266532.414664084091783, 4166325.019961253739893 ], [ 14266521.666555069386959, 4166298.149688718374819 ], [ 14266510.022770306095481, 4166280.684011569712311 ], [ 14266506.887905176728964, 4166254.261576906312257 ], [ 14266513.60547330789268, 4166226.495628621894866 ], [ 14266537.788718592375517, 4166180.368327433243394 ], [ 14266539.580070093274117, 4166147.676162517629564 ], [ 14266532.8625019621104, 4166120.805889979470521 ], [ 14266524.801420200616121, 4166105.57940220925957 ], [ 14266505.544391546398401, 4166086.770211433526129 ], [ 14266476.434929635375738, 4166076.022102419286966 ], [ 14266438.816548081114888, 4166065.721831281669438 ], [ 14266415.081140678375959, 4166053.630208638031036 ], [ 14266397.615463525056839, 4166033.925342114642262 ], [ 14266389.55438176356256, 4166000.785339319612831 ], [ 14266394.480598395690322, 4165973.019391032401472 ], [ 14266408.81141041778028, 4165955.553713881410658 ], [ 14266504.648715794086456, 4165883.89965378632769 ], [ 14266535.549529209733009, 4165857.029381251428276 ], [ 14266547.641151854768395, 4165829.711270836181939 ], [ 14266549.432503355666995, 4165809.558566437102854 ], [ 14266541.371421594172716, 4165779.105590895749629 ], [ 14266531.518988331779838, 4165757.161534992046654 ], [ 14266510.918446054682136, 4165719.095315566752106 ], [ 14266467.030334243550897, 4165659.085040235891938 ], [ 14266445.53411621786654, 4165626.392875317018479 ], [ 14266438.816548081114888, 4165600.418278532568365 ], [ 14266413.737627048045397, 4165462.036374971736223 ], [ 14266411.946275541558862, 4165422.626641917973757 ], [ 14266415.528978548943996, 4165392.621504251845181 ], [ 14266443.74276471324265, 4165311.562848767731339 ], [ 14266467.478172119706869, 4165242.147978051099926 ], [ 14266487.183038646355271, 4165202.290407124906778 ], [ 14266495.691958284005523, 4165187.063919349573553 ], [ 14266503.753040045499802, 4165153.02824080735445 ], [ 14266501.961688539013267, 4165135.562563661951572 ], [ 14266497.03547191247344, 4165107.34877749485895 ], [ 14266455.386549480259418, 4164981.954172327183187 ], [ 14266424.930748736485839, 4164893.319487842265517 ] ], [ [ 14266537.482539560645819, 4168142.870123279746622 ], [ 14266538.018742995336652, 4168142.005434811580926 ], [ 14266538.585611764341593, 4168141.08923665387556 ], [ 14266546.591482449322939, 4168128.169615450315177 ], [ 14266561.438076676800847, 4168110.773570866324008 ], [ 14266578.37496498785913, 4168097.480645661242306 ], [ 14266632.688006648793817, 4168082.261483732610941 ], [ 14266863.123761409893632, 4168035.374507999513298 ], [ 14266858.873962758108974, 4168022.21897127199918 ], [ 14266857.895830627530813, 4168012.418756910599768 ], [ 14266856.679008804261684, 4168002.762690667528659 ], [ 14266851.671522734686732, 4167980.906794938258827 ], [ 14266838.091395588591695, 4167940.489503576420248 ], [ 14266829.658107813447714, 4167914.920287023298442 ], [ 14266821.312729934230447, 4167889.705535942688584 ], [ 14266817.259174974635243, 4167873.773560892324895 ], [ 14266816.063689960166812, 4167859.905945438425988 ], [ 14266816.589609857648611, 4167849.650512538384646 ], [ 14266819.316420810297132, 4167829.796471226029098 ], [ 14266822.429399583488703, 4167813.328105956315994 ], [ 14266826.277813347056508, 4167793.833969993051142 ], [ 14266829.302727576345205, 4167780.061872002203017 ], [ 14266831.162523332983255, 4167766.784493484068662 ], [ 14266831.95157259516418, 4167754.586829727049917 ], [ 14266832.170365313068032, 4167743.364810337778181 ], [ 14266830.012019908055663, 4167725.025759787298739 ], [ 14266827.562437411397696, 4167710.926127550657839 ], [ 14266824.162287171930075, 4167690.540230598766357 ], [ 14266819.921997750177979, 4167667.367127829231322 ], [ 14266817.118218056857586, 4167651.325985815376043 ], [ 14266815.859816830605268, 4167644.526078674010932 ], [ 14266813.775357235223055, 4167632.406901790760458 ], [ 14266808.880349911749363, 4167605.194162133615464 ], [ 14266803.331001043319702, 4167573.753542036749423 ], [ 14266800.110736154019833, 4167555.056492117233574 ], [ 14266799.010234177112579, 4167544.764071299694479 ], [ 14266797.856005297973752, 4167533.314616600517184 ], [ 14266795.366323318332434, 4167509.693207358010113 ], [ 14266793.860982598736882, 4167497.487727481406182 ], [ 14266792.68464863114059, 4167484.303514472208917 ], [ 14266790.953832225874066, 4167473.381668831687421 ], [ 14266788.962420644238591, 4167464.01346748508513 ], [ 14266786.520032512024045, 4167453.338616364169866 ], [ 14266778.717222530394793, 4167430.512096529826522 ], [ 14266771.707223139703274, 4167408.971276134252548 ], [ 14266767.059205489233136, 4167396.612727266736329 ], [ 14266762.252335520461202, 4167381.461143401451409 ], [ 14266753.513337768614292, 4167357.32823252864182 ], [ 14266748.209709577262402, 4167341.070304017979652 ], [ 14266741.066962009295821, 4167323.977616993710399 ], [ 14266733.1663379650563, 4167310.562196312006563 ], [ 14266714.687311811372638, 4167287.00793720735237 ], [ 14266705.274444844573736, 4167274.481526006478816 ], [ 14266697.846329677850008, 4167263.985608921851963 ], [ 14266693.212413595989347, 4167255.416282621677965 ], [ 14266687.896799052134156, 4167239.783444502390921 ], [ 14266682.826629977673292, 4167219.417935537640005 ], [ 14266678.516960676759481, 4167198.640697057824582 ], [ 14266675.83033480681479, 4167185.506519935559481 ], [ 14266673.765991717576981, 4167173.030433030799031 ], [ 14266668.166722197085619, 4167151.458168377168477 ], [ 14266663.279246913269162, 4167135.380720219574869 ], [ 14266658.376494113355875, 4167121.315205208491534 ], [ 14266653.046233342960477, 4167107.973039431963116 ], [ 14266647.906784370541573, 4167096.24314237292856 ], [ 14266642.79972368106246, 4167085.67033400060609 ], [ 14266635.685339139774442, 4167072.228133559692651 ], [ 14266626.283638399094343, 4167053.73398997914046 ], [ 14266615.011207610368729, 4167032.0069709434174 ], [ 14266610.26718720421195, 4167022.642537768930197 ], [ 14266606.971099296584725, 4167014.582651361823082 ], [ 14266603.879317615181208, 4167003.762513141613454 ], [ 14266602.725220214575529, 4166989.605509977787733 ], [ 14266601.125058155506849, 4166952.017314065713435 ], [ 14266599.710701463744044, 4166914.082497276365757 ], [ 14266598.584645805880427, 4166874.699393431656063 ], [ 14266599.437777010723948, 4166859.223117161076516 ], [ 14266601.443490020930767, 4166826.017451964784414 ], [ 14266604.08091357909143, 4166793.952389883808792 ], [ 14266605.92843433842063, 4166766.737269089091569 ], [ 14266606.476223276928067, 4166749.226925644557923 ], [ 14266605.877886010333896, 4166739.757975888438523 ], [ 14266601.747106363996863, 4166709.723105930257589 ], [ 14266596.880582759156823, 4166678.611463925801218 ], [ 14266596.259107273072004, 4166659.352320914156735 ], [ 14266597.726889217272401, 4166629.098157308064401 ], [ 14266597.834195801988244, 4166616.301830699201673 ], [ 14266594.884712321683764, 4166606.120318355038762 ], [ 14266587.914592845365405, 4166592.857865493744612 ], [ 14266585.234157992526889, 4166589.969217355363071 ], [ 14266577.007942479103804, 4166581.103989723138511 ], [ 14266572.347210066393018, 4166576.081206026487052 ] ] ] } },
{ "type": "Feature", "properties": { "UserID": null, "number": "17", "개설여부": "개설", "검토": null, "변경사항": "변경없음", "연장": 2307, "시점": "사천시 축동면 가산리", "종점": "사천시 축동면 반용리" }, "geometry": { "type": "MultiLineString", "coordinates": [ [ [ 14253585.095901977270842, 4177078.081546526867896 ], [ 14253589.111896244809031, 4177086.407683270983398 ], [ 14253604.510465772822499, 4177120.501160187646747 ], [ 14253608.45229983702302, 4177134.02697327407077 ], [ 14253610.549355240538716, 4177150.00269002141431 ], [ 14253612.729932084679604, 4177163.315175168216228 ], [ 14253614.298738520592451, 4177204.621837862301618 ], [ 14253615.434524578973651, 4177218.469583382364362 ], [ 14253617.078665837645531, 4177233.537831935565919 ], [ 14253622.306410333141685, 4177261.805877230130136 ], [ 14253628.584535770118237, 4177282.429225898347795 ], [ 14253636.877203721553087, 4177309.87514829589054 ], [ 14253643.720861341804266, 4177329.748501506634057 ], [ 14253650.134489949792624, 4177341.796773022972047 ], [ 14253656.589272655546665, 4177349.549563407897949 ], [ 14253678.12691667675972, 4177369.795978051610291 ], [ 14253690.717884700745344, 4177380.52452074829489 ], [ 14253700.230901164934039, 4177388.776379460468888 ], [ 14253705.735434532165527, 4177393.916623680852354 ], [ 14253712.156482558697462, 4177398.82395841833204 ], [ 14253726.335525074973702, 4177410.880981949158013 ], [ 14253738.837188508361578, 4177422.084264451637864 ], [ 14253746.804273273795843, 4177429.87986211059615 ], [ 14253755.006961641833186, 4177438.364567731041461 ], [ 14253757.751472951844335, 4177445.817841586191207 ], [ 14253755.605834294110537, 4177455.782528700307012 ], [ 14253750.16188495233655, 4177474.165426201652735 ], [ 14253743.932918703183532, 4177492.299553632736206 ], [ 14253737.191562531515956, 4177511.923694821074605 ], [ 14253728.645982004702091, 4177534.457774931099266 ], [ 14253722.801739851012826, 4177556.905158773064613 ], [ 14253719.881592374294996, 4177579.719306152779609 ], [ 14253712.338055783882737, 4177615.154826268553734 ], [ 14253705.771028583869338, 4177642.570791064761579 ], [ 14253701.575212106108665, 4177657.457731425296515 ], [ 14253694.164729628711939, 4177678.985144095961004 ], [ 14253689.321946520358324, 4177690.926237843930721 ], [ 14253681.996190650388598, 4177705.895820294041187 ], [ 14253678.764055663719773, 4177714.232211338821799 ], [ 14253672.148771883919835, 4177723.215333078987896 ], [ 14253672.079680886119604, 4177723.290701350197196 ], [ 14253667.364646807312965, 4177728.389827404171228 ], [ 14253653.492174344137311, 4177743.39060338633135 ], [ 14253593.728223692625761, 4177826.384112826548517 ], [ 14253588.235117102041841, 4177835.716610683128238 ], [ 14253583.202212641015649, 4177844.03687950829044 ], [ 14253578.605546964332461, 4177853.717769984621555 ], [ 14253575.378836739808321, 4177861.602976073045284 ], [ 14253564.238473003730178, 4177896.212228714488447 ], [ 14253557.92384946346283, 4177920.804357901215553 ], [ 14253552.824746394529939, 4177936.022583961486816 ], [ 14253541.952365800738335, 4177966.224454636219889 ], [ 14253530.655892379581928, 4177996.083800621330738 ], [ 14253492.059606108814478, 4178076.229622415266931 ], [ 14253480.826485704630613, 4178097.042467810679227 ], [ 14253472.082274680957198, 4178116.635839631780982 ], [ 14253457.689751148223877, 4178140.584790052846074 ], [ 14253447.889340505003929, 4178152.929582063108683 ], [ 14253433.827725941315293, 4178165.798492428846657 ], [ 14253426.565091816708446, 4178171.834562298841774 ], [ 14253416.130762344226241, 4178179.875788290984929 ], [ 14253409.54416617564857, 4178185.692739134654403 ], [ 14253403.629550371319056, 4178191.96875474601984 ], [ 14253400.651136899366975, 4178197.368108605965972 ], [ 14253394.203502340242267, 4178212.233842952176929 ], [ 14253386.501026535406709, 4178240.545175150502473 ], [ 14253379.890449753031135, 4178272.37233543721959 ], [ 14253377.540407532826066, 4178282.641897536814213 ], [ 14253354.963693199679255, 4178335.801847095135599 ], [ 14253352.104468433186412, 4178352.173040014691651 ], [ 14253351.281611716374755, 4178367.544810997787863 ], [ 14253350.689889604225755, 4178382.24183888360858 ], [ 14253351.817435087636113, 4178405.436520504299551 ], [ 14253351.89772111363709, 4178420.591450131498277 ], [ 14253353.608594119548798, 4178450.425812728237361 ], [ 14253355.205450464040041, 4178521.615735662635416 ], [ 14253360.077735187485814, 4178576.965985647402704 ], [ 14253363.710676625370979, 4178597.245478020515293 ], [ 14253395.233881838619709, 4178691.193208939395845 ], [ 14253397.616415286436677, 4178700.942376592662185 ], [ 14253399.303302243351936, 4178712.947692208923399 ], [ 14253403.131668897345662, 4178759.806283798534423 ], [ 14253403.050220817327499, 4178768.287963788956404 ], [ 14253404.845469933003187, 4178777.783753227442503 ], [ 14253406.243400722742081, 4178785.169797186274081 ], [ 14253413.144999673590064, 4178793.379414622206241 ], [ 14253423.183727754279971, 4178803.202842487022281 ], [ 14253431.457359082996845, 4178809.164079834707081 ], [ 14253478.499648455530405, 4178832.352966869715601 ], [ 14253509.911069951951504, 4178844.192380296997726 ], [ 14253564.650958830490708, 4178863.043728375807405 ], [ 14253600.540405564010143, 4178877.64173993235454 ], [ 14253611.613742450252175, 4178881.714149025734514 ], [ 14253621.386419264599681, 4178885.307896282989532 ], [ 14253675.380373736843467, 4178913.877822078764439 ], [ 14253697.769120475277305, 4178925.06415648618713 ], [ 14253843.331587543711066, 4179004.508475029375404 ], [ 14253875.094945659860969, 4179026.75507187936455 ], [ 14253887.13382819108665, 4179039.313120783306658 ], [ 14253893.105023996904492, 4179046.935957903508097 ], [ 14253901.149877592921257, 4179057.204802119638771 ], [ 14253908.694753967225552, 4179068.813108273316175 ], [ 14253922.423401661217213, 4179093.148708760738373 ], [ 14253939.682275721803308, 4179122.834202254656702 ], [ 14253948.326981794089079, 4179137.168714739382267 ], [ 14253970.316084500402212, 4179169.048786010593176 ], [ 14253982.557341890409589, 4179184.096277720760554 ], [ 14253992.812945811077952, 4179194.82559285312891 ], [ 14254008.865298613905907, 4179209.344378443434834 ], [ 14254027.405066277831793, 4179225.130845573265105 ], [ 14254054.190175397321582, 4179250.0450006169267 ], [ 14254062.655810294672847, 4179259.627418417483568 ], [ 14254073.760796073824167, 4179275.794873741921037 ], [ 14254078.169722063466907, 4179285.676765663083643 ], [ 14254076.433761958032846, 4179302.398884856607765 ], [ 14254072.855893230065703, 4179323.401160552632064 ], [ 14254069.784653628244996, 4179338.528209859039634 ], [ 14254064.430547811090946, 4179356.799056219868362 ], [ 14254063.56739935465157, 4179373.415614063385874 ] ] ] } },
{ "type": "Feature", "properties": { "UserID": null, "number": "17", "개설여부": "미개설", "검토": null, "변경사항": "미개설로 변경(용수마을 앞 1차로 구간)", "연장": 123, "시점": "사천시 축동면 가산리", "종점": "사천시 축동면 반용리" }, "geometry": { "type": "MultiLineString", "coordinates": [ [ [ 14253575.302253996953368, 4176932.991462596692145 ], [ 14253571.07790058106184, 4176947.85372749529779 ], [ 14253566.812008859589696, 4176975.389655406121165 ], [ 14253564.630695780739188, 4176991.538618569727987 ], [ 14253563.198277227580547, 4177004.254911479074508 ], [ 14253563.551168538630009, 4177014.435454896651208 ], [ 14253563.574033211916685, 4177026.144532299600542 ], [ 14253566.674464294686913, 4177038.231913565658033 ], [ 14253578.978170489892364, 4177065.397980104200542 ], [ 14253585.095901977270842, 4177078.081546526867896 ] ] ] } },
{ "type": "Feature", "properties": { "UserID": null, "number": "2", "개설여부": "개설", "검토": null, "변경사항": "변경없음", "연장": 7811, "시점": "사천시 곤명면 송림리", "종점": "사천시 곤명면 삼정리" }, "geometry": { "type": "MultiLineString", "coordinates": [ [ [ 14243512.977289814502001, 4179614.99460345832631 ], [ 14243506.136651756241918, 4179640.316856598947197 ], [ 14243498.336937729269266, 4179664.228625168092549 ], [ 14243484.234502578154206, 4179707.294453071430326 ], [ 14243468.555858856067061, 4179750.256013863254339 ], [ 14243453.835245333611965, 4179793.975678326562047 ], [ 14243444.411530219018459, 4179820.923168896697462 ], [ 14243436.403347140178084, 4179838.455363696441054 ], [ 14243426.220181688666344, 4179853.967132795602083 ], [ 14243412.1544698048383, 4179870.138411630876362 ], [ 14243404.834792325273156, 4179874.207323190290481 ], [ 14243399.360085461288691, 4179878.201472783461213 ], [ 14243387.89773016050458, 4179885.332417886238545 ], [ 14243380.02028195373714, 4179890.463787950575352 ], [ 14243365.87325294315815, 4179899.969820116180927 ], [ 14243352.431410482153296, 4179909.248301941435784 ], [ 14243323.182139154523611, 4179934.847990861628205 ], [ 14243309.76631573587656, 4179947.982135109137744 ], [ 14243302.112873643636703, 4179956.287655489519238 ], [ 14243281.497237695381045, 4179980.175707996357232 ], [ 14243259.378555839881301, 4180005.381511731538922 ], [ 14243195.933939319103956, 4180085.104105479083955 ], [ 14243148.331070877611637, 4180145.603137527126819 ], [ 14243140.833691917359829, 4180158.499293893575668 ], [ 14243135.354246038943529, 4180178.300739906728268 ], [ 14243127.239557985216379, 4180212.53970720153302 ], [ 14243107.839524086564779, 4180286.274802050087601 ], [ 14243092.531655512750149, 4180338.295329136773944 ], [ 14243085.247483475133777, 4180361.59929463127628 ], [ 14243081.459098029881716, 4180370.908652564510703 ], [ 14243068.893872082233429, 4180388.535023517906666 ], [ 14243056.292032036930323, 4180404.134282325394452 ], [ 14243042.416349740698934, 4180414.831744147930294 ], [ 14243027.432125652208924, 4180424.735395970754325 ], [ 14243013.220778234302998, 4180430.940877178683877 ], [ 14242996.285644194111228, 4180435.613234431482852 ], [ 14242973.713769514113665, 4180440.083470891229808 ], [ 14242925.999294467270374, 4180450.005744302179664 ], [ 14242880.124929444864392, 4180459.706956909503788 ], [ 14242850.568500604480505, 4180465.900813836604357 ], [ 14242837.824091726914048, 4180468.955523863434792 ], [ 14242821.891123790293932, 4180471.783083997201174 ], [ 14242793.878410998731852, 4180475.009723867289722 ], [ 14242754.281383484601974, 4180476.913914698176086 ], [ 14242679.870554637163877, 4180480.177866767626256 ], [ 14242645.590863907709718, 4180481.395596598740667 ], [ 14242617.654470333829522, 4180482.538747931830585 ], [ 14242589.797098873183131, 4180483.366330651100725 ], [ 14242567.711710020899773, 4180484.57316742092371 ], [ 14242548.071321366354823, 4180485.397317676339298 ], [ 14242528.926879983395338, 4180486.510665788780898 ], [ 14242520.673291873186827, 4180486.595970540773124 ], [ 14242514.685273569077253, 4180487.693684172816575 ], [ 14242503.71958589181304, 4180490.281928651034832 ], [ 14242493.345342665910721, 4180493.874539232812822 ], [ 14242466.068541454151273, 4180509.530680868308991 ], [ 14242421.795416925102472, 4180538.439037776552141 ], [ 14242376.46774080209434, 4180568.709975281264633 ], [ 14242335.391065856441855, 4180596.037771938834339 ], [ 14242319.213756557554007, 4180607.126941910479218 ], [ 14242292.952790174633265, 4180624.063704530242831 ], [ 14242260.782464938238263, 4180646.524130089208484 ], [ 14242243.384544229134917, 4180661.690348119940609 ], [ 14242225.551212290301919, 4180682.359584501478821 ], [ 14242196.723060514777899, 4180718.04363497113809 ], [ 14242187.461983986198902, 4180729.305268045980483 ], [ 14242158.961751030758023, 4180764.55047510843724 ], [ 14242114.742996772751212, 4180818.751258119940758 ], [ 14242084.799132717773318, 4180855.943055495154113 ], [ 14242066.921554496511817, 4180881.038548669312149 ], [ 14242057.698704602196813, 4180897.24402294261381 ], [ 14241964.848037438467145, 4181099.815511370543391 ], [ 14241959.7890994399786, 4181108.27597445063293 ], [ 14241939.729137152433395, 4181135.361145243514329 ], [ 14241917.954573821276426, 4181161.857456860132515 ], [ 14241892.290451064705849, 4181192.471305470447987 ], [ 14241875.548635456711054, 4181210.667311971075833 ], [ 14241845.593940056860447, 4181243.241424557752907 ], [ 14241833.996590295806527, 4181254.974678947590292 ], [ 14241812.967604311183095, 4181275.124233403243124 ], [ 14241801.169152228161693, 4181284.51957187615335 ], [ 14241785.379222413524985, 4181296.263304299209267 ], [ 14241773.610072670504451, 4181303.935343120712787 ], [ 14241757.571202777326107, 4181310.67311704158783 ], [ 14241747.52979607693851, 4181314.132599741220474 ], [ 14241693.907620185986161, 4181332.426507010590285 ], [ 14241641.405196601524949, 4181350.430051849689335 ], [ 14241636.831657353788614, 4181352.941103185527027 ], [ 14241630.692864155396819, 4181356.318341658450663 ], [ 14241622.629600381478667, 4181362.546973976306617 ], [ 14241601.551136473193765, 4181387.746201875153929 ], [ 14241584.426029512658715, 4181408.046461062505841 ], [ 14241529.443834375590086, 4181475.265531318262219 ], [ 14241474.918083854019642, 4181542.621664000675082 ], [ 14241431.790517196059227, 4181592.388530544005334 ], [ 14241388.39504568465054, 4181644.902463383041322 ], [ 14241355.126095414161682, 4181685.845201778691262 ], [ 14241335.638916010037065, 4181709.446253018919379 ], [ 14241329.894874341785908, 4181715.752636530436575 ], [ 14241315.021520294249058, 4181709.687065233010799 ], [ 14241269.236398991197348, 4181691.689728762954473 ], [ 14241207.744748163968325, 4181667.135499505791813 ], [ 14241169.028623200953007, 4181651.576082652434707 ], [ 14241144.414271678775549, 4181641.811312851961702 ], [ 14241126.466221615672112, 4181636.423154073301703 ], [ 14241100.650211839005351, 4181629.314553519245237 ], [ 14241059.991363752633333, 4181618.17769048595801 ], [ 14241022.679520417004824, 4181607.873577583581209 ], [ 14240985.208681611344218, 4181596.689291786868125 ], [ 14240962.477164214476943, 4181588.580577889457345 ], [ 14240884.060048146173358, 4181560.154497073963284 ], [ 14240743.176668029278517, 4181510.906603734008968 ], [ 14240731.749807827174664, 4181507.32317550946027 ], [ 14240716.209542, 4181502.663701345678419 ], [ 14240700.909166652709246, 4181499.750309888273478 ], [ 14240664.185905657708645, 4181496.070465887431055 ], [ 14240627.869020389392972, 4181492.781838059425354 ], [ 14240601.300954291597009, 4181490.162036846857518 ], [ 14240581.842689989134669, 4181488.381009263917804 ], [ 14240569.150536416098475, 4181486.320309523958713 ], [ 14240560.365072075277567, 4181483.824271622579545 ], [ 14240551.950900163501501, 4181480.671374141704291 ], [ 14240539.571223385632038, 4181474.657043798360974 ], [ 14240513.164377089589834, 4181461.220372525043786 ], [ 14240499.248367054387927, 4181455.28493657708168 ], [ 14240484.551912950351834, 4181451.13797121308744 ], [ 14240474.606139585375786, 4181448.871397049631923 ], [ 14240465.461907453835011, 4181447.370383476372808 ], [ 14240446.707375189289451, 4181444.996638209093362 ], [ 14240421.597400670871139, 4181443.24174765124917 ], [ 14240311.643908755853772, 4181439.464526585303247 ], [ 14240270.892715729773045, 4181443.453613096382469 ], [ 14240207.795107049867511, 4181450.978545866906643 ], [ 14240144.946199016645551, 4181458.015330540481955 ], [ 14240119.612396260723472, 4181463.643267919309437 ], [ 14240103.011549312621355, 4181468.708948245737702 ], [ 14240085.481124361976981, 4181475.531191426329315 ], [ 14240045.905626378953457, 4181489.607148653361946 ], [ 14239961.269453534856439, 4181519.485658464487642 ], [ 14239923.434138219803572, 4181532.006837527267635 ], [ 14239908.600663201883435, 4181535.762836848385632 ], [ 14239871.794084127992392, 4181541.660146500449628 ], [ 14239787.024466153234243, 4181554.315350870136172 ], [ 14239690.125959383323789, 4181568.741051431745291 ], [ 14239675.610321970656514, 4181571.620002789888531 ], [ 14239664.707680011168122, 4181575.243492814712226 ], [ 14239635.318883769214153, 4181590.471462801564485 ], [ 14239601.648973219096661, 4181608.568780808243901 ], [ 14239583.073698196560144, 4181616.990075336303562 ], [ 14239569.302672039717436, 4181620.961832644883543 ], [ 14239533.70602991618216, 4181626.133636430371553 ], [ 14239514.264315923675895, 4181628.250075646676123 ], [ 14239503.618970161303878, 4181628.079365381039679 ], [ 14239494.101855831220746, 4181626.808864980004728 ], [ 14239475.92095016874373, 4181623.327258748933673 ], [ 14239464.090020399540663, 4181622.975596326868981 ], [ 14239456.95236006565392, 4181623.016376908868551 ], [ 14239435.67526426166296, 4181624.045740799512714 ], [ 14239412.003119802102447, 4181625.94444441748783 ], [ 14239398.658574901521206, 4181627.601560080423951 ], [ 14239381.656619245186448, 4181631.251569334417582 ], [ 14239363.940913829952478, 4181636.53859617235139 ], [ 14239336.791892955079675, 4181646.659568949136883 ], [ 14239306.6665781121701, 4181657.328728938940912 ], [ 14239291.411641415208578, 4181661.959570554550737 ], [ 14239276.843508230522275, 4181666.77241678815335 ], [ 14239242.776519941166043, 4181676.12471032794565 ], [ 14239222.620979815721512, 4181680.590510925278068 ], [ 14239210.612027607858181, 4181682.229261477477849 ], [ 14239199.66322429291904, 4181683.434473424684256 ], [ 14239191.644901001825929, 4181684.588971722405404 ], [ 14239182.317067103460431, 4181686.762569955084473 ], [ 14239159.111134408041835, 4181695.005838131532073 ], [ 14239126.7972003929317, 4181708.684110825881362 ], [ 14239110.860853224992752, 4181716.303880102001131 ], [ 14239101.64756210707128, 4181721.089763438329101 ], [ 14239093.162391735240817, 4181726.432669667992741 ], [ 14239082.500209297984838, 4181734.690961129963398 ], [ 14239066.121361784636974, 4181748.406756388489157 ], [ 14239050.638239009305835, 4181759.154456877149642 ], [ 14239039.604525836184621, 4181765.346692747436464 ], [ 14239024.784122485667467, 4181772.057521587237716 ], [ 14238993.765560260042548, 4181782.79555473010987 ], [ 14238954.979820473119617, 4181795.760207097511739 ], [ 14238937.242137674242258, 4181801.547685069963336 ], [ 14238880.318111212924123, 4181816.913969059940428 ], [ 14238844.193324064835906, 4181827.629717190749943 ], [ 14238758.107591694220901, 4181851.970055216923356 ], [ 14238738.364429203793406, 4181856.998466747812927 ], [ 14238720.554860696196556, 4181863.968024672940373 ], [ 14238698.588742230087519, 4181875.623064607381821 ], [ 14238688.214165974408388, 4181882.169064371846616 ], [ 14238676.230949908494949, 4181892.112495206762105 ], [ 14238662.36656191572547, 4181904.846120520494878 ], [ 14238651.709562564268708, 4181917.847560509573668 ], [ 14238641.629341034218669, 4181934.438371125143021 ], [ 14238630.444756120443344, 4181957.792276101186872 ], [ 14238624.531034318730235, 4181973.432915986981243 ], [ 14238619.015919718891382, 4181986.00981321092695 ], [ 14238612.082902250811458, 4182005.062108018901199 ], [ 14238609.136858018115163, 4182022.801384127233177 ], [ 14238605.213033631443977, 4182050.798715048935264 ], [ 14238604.04158840328455, 4182059.29080279963091 ], [ 14238599.931153990328312, 4182105.685168326366693 ], [ 14238599.363917173817754, 4182147.075762205291539 ], [ 14238597.370369108393788, 4182185.343407180625945 ], [ 14238598.330910252407193, 4182207.063237494789064 ], [ 14238604.546860540285707, 4182267.42470965674147 ], [ 14238607.388609122484922, 4182276.249611874576658 ], [ 14238610.33666891977191, 4182283.535380378365517 ], [ 14238613.415167963132262, 4182290.082021510228515 ], [ 14238622.002017296850681, 4182303.197534832637757 ], [ 14238628.791793446987867, 4182313.073273215442896 ], [ 14238636.923829758539796, 4182328.356571662705392 ], [ 14238642.194162506610155, 4182345.71341362548992 ], [ 14238645.733368072658777, 4182357.777401990257204 ], [ 14238648.498750668019056, 4182449.326496777124703 ], [ 14238651.528472965583205, 4182541.982609938364476 ], [ 14238653.771540539339185, 4182559.911444519646466 ], [ 14238657.700900990515947, 4182572.638782247435302 ], [ 14238668.141107754781842, 4182599.808323890436441 ], [ 14238671.742431236431003, 4182612.379706220701337 ], [ 14238672.994183145463467, 4182620.216246641241014 ], [ 14238673.029850993305445, 4182631.847071408294141 ], [ 14238669.919810829684138, 4182650.088742537423968 ], [ 14238661.198623858392239, 4182685.848316451068968 ], [ 14238650.433295585215092, 4182722.962539169937372 ], [ 14238645.757142944261432, 4182745.466554442886263 ], [ 14238640.759846981614828, 4182773.374776696320623 ], [ 14238640.988706631585956, 4182781.262718153186142 ], [ 14238641.467959681525826, 4182789.358792365528643 ], [ 14238644.826162280514836, 4182802.377914011944085 ], [ 14238673.35699101537466, 4182870.032078576739877 ], [ 14238688.707494473084807, 4182915.650695328135043 ], [ 14238703.937921285629272, 4182959.10148506751284 ], [ 14238717.506485253572464, 4182998.694876899477094 ], [ 14238721.94403682090342, 4183017.687736723572016 ], [ 14238722.998805804178119, 4183025.561645203270018 ], [ 14238722.992605287581682, 4183033.464709047693759 ], [ 14238722.548299226909876, 4183041.819010758306831 ], [ 14238718.63624775595963, 4183066.27592404326424 ], [ 14238699.474399853497744, 4183172.237442356534302 ], [ 14238679.473297990858555, 4183295.672830732539296 ], [ 14238676.357214929535985, 4183305.513165507465601 ], [ 14238672.177698632702231, 4183317.520628864411265 ], [ 14238668.029280724003911, 4183326.483341958839446 ], [ 14238662.037325980141759, 4183336.076551080215722 ], [ 14238650.006361382082105, 4183350.095800627954304 ], [ 14238593.418802531436086, 4183402.803751282393932 ], [ 14238531.745571793988347, 4183465.619986013509333 ], [ 14238497.806820103898644, 4183505.268945776857436 ], [ 14238485.904907694086432, 4183520.964505668729544 ], [ 14238460.144854627549648, 4183553.153064606711268 ], [ 14238453.016066500917077, 4183561.63753604888916 ], [ 14238448.299310581758618, 4183566.661711949389428 ], [ 14238438.131792675703764, 4183572.18911107769236 ], [ 14238430.688726039603353, 4183576.689695437904447 ], [ 14238414.263134377077222, 4183584.150137227028608 ], [ 14238377.533091504126787, 4183602.576275213621557 ], [ 14238366.870451891794801, 4183610.052301050629467 ], [ 14238362.310006162151694, 4183616.519722509663552 ], [ 14238358.524235812947154, 4183621.005516616627574 ], [ 14238343.885778414085507, 4183650.635408838745207 ], [ 14238339.504100352525711, 4183659.22389318048954 ], [ 14238329.518736468628049, 4183681.665569035336375 ], [ 14238324.487847091630101, 4183692.644483622163534 ], [ 14238315.798302413895726, 4183711.378602758049965 ], [ 14238312.064997714012861, 4183718.315362705849111 ], [ 14238308.297861397266388, 4183722.743007230572402 ], [ 14238299.784469410777092, 4183735.384063700214028 ], [ 14238292.736285099759698, 4183742.656403186265379 ], [ 14238281.08887568116188, 4183752.579305775929242 ], [ 14238204.373249907046556, 4183811.847823497373611 ], [ 14238162.038344699889421, 4183844.221299755387008 ], [ 14238146.686280028894544, 4183856.611368184443563 ], [ 14238128.522157130762935, 4183871.950495574623346 ], [ 14238115.824988573789597, 4183885.286622714716941 ], [ 14238103.358641013503075, 4183902.904944049660116 ], [ 14238094.730473639443517, 4183920.912240910343826 ], [ 14238088.813788069412112, 4183933.210347707848996 ], [ 14238080.815931104123592, 4183948.409113463945687 ], [ 14238073.844825463369489, 4183959.947050443850458 ], [ 14238058.578581970185041, 4183976.326047717127949 ], [ 14238056.242235796526074, 4183978.394711814355105 ], [ 14238042.00844587571919, 4183989.640972580760717 ], [ 14237949.870992187410593, 4184046.177017331589013 ], [ 14237838.325571399182081, 4184114.835931005887687 ], [ 14237806.722262911498547, 4184133.648801101837307 ], [ 14237753.080570079386234, 4184167.032830893993378 ], [ 14237719.622830584645271, 4184186.835576349403709 ], [ 14237708.378191625699401, 4184191.975500952918082 ], [ 14237691.095569718629122, 4184197.896020254585892 ], [ 14237670.047921946272254, 4184201.466594985220581 ], [ 14237635.319194840267301, 4184205.705343344248831 ], [ 14237537.542100759223104, 4184217.335361535660923 ], [ 14237504.006826670840383, 4184223.921849569305778 ], [ 14237484.317578576505184, 4184228.453630684409291 ], [ 14237467.348987277597189, 4184236.019636204000562 ], [ 14237456.996267937123775, 4184242.835016041528434 ], [ 14237450.334284815937281, 4184247.65680854767561 ], [ 14237442.132278831675649, 4184255.372798712458462 ], [ 14237388.940247351303697, 4184348.615664137527347 ], [ 14237368.677194191142917, 4184376.857000287622213 ], [ 14237342.698485419154167, 4184410.480438481085002 ], [ 14237326.512043476104736, 4184430.157959876116365 ], [ 14237316.751015856862068, 4184445.258213124237955 ], [ 14237298.371681844815612, 4184480.359291040338576 ], [ 14237271.3104686178267, 4184545.602211586199701 ], [ 14237264.273679938167334, 4184562.565081942826509 ], [ 14237252.875528985634446, 4184586.78541593439877 ], [ 14237228.388063684105873, 4184646.453919273801148 ] ] ] } },
{ "type": "Feature", "properties": { "UserID": null, "number": "20", "개설여부": "미개설", "검토": null, "변경사항": "일부변경(도금마을 앞 200미터 미개설로 변경)", "연장": 1263, "시점": "사천시 곤명면 은사리", "종점": "사천시 곤명면 삼정리" }, "geometry": { "type": "MultiLineString", "coordinates": [ [ [ 14236525.911204855889082, 4182947.039504809770733 ], [ 14236481.294512338936329, 4182955.522381436079741 ], [ 14236473.572680426761508, 4182955.780212718527764 ], [ 14236463.60682007484138, 4182957.304216336924583 ], [ 14236442.430590631440282, 4182960.521268454845995 ], [ 14236420.190116755664349, 4182962.940762273501605 ], [ 14236410.388165913522243, 4182962.838488352485001 ], [ 14236404.011745048686862, 4182963.497614098247141 ], [ 14236395.172979490831494, 4182966.747050281614065 ], [ 14236391.841350408270955, 4182968.978801206685603 ], [ 14236387.662627324461937, 4182973.766261593904346 ], [ 14236382.36282579600811, 4182981.093170390930027 ], [ 14236374.079037465155125, 4182987.831616181414574 ], [ 14236368.00926623120904, 4182993.165740500669926 ], [ 14236363.76147735863924, 4182995.341782530304044 ], [ 14236360.504232725128531, 4182997.010390689130872 ], [ 14236351.234101856127381, 4183000.164804167579859 ], [ 14236344.138688845559955, 4183004.693426207173616 ], [ 14236326.245621029287577, 4183014.74178570555523 ], [ 14236311.165992537513375, 4183024.517393477726728 ], [ 14236306.037862883880734, 4183029.767586030066013 ], [ 14236303.316836828365922, 4183035.132704756688327 ], [ 14236303.052113318815827, 4183040.158872809726745 ], [ 14236301.294266931712627, 4183052.47599458694458 ], [ 14236300.967453213408589, 4183058.459329918958247 ], [ 14236301.434963440522552, 4183063.336561621166766 ], [ 14236303.606927651911974, 4183069.804389588534832 ], [ 14236307.217707036063075, 4183078.279148422647268 ], [ 14236313.295402813702822, 4183085.699630960822105 ], [ 14236316.916971478611231, 4183093.351838222704828 ], [ 14236317.907987685874104, 4183098.07779164519161 ], [ 14236319.840907596051693, 4183163.927476621698588 ], [ 14236318.583030182868242, 4183180.862597447354347 ], [ 14236317.716951053589582, 4183198.430108924861997 ], [ 14236316.842935273423791, 4183205.723166738636792 ], [ 14236313.816128546372056, 4183219.120138331782073 ], [ 14236307.215095721185207, 4183232.00506126601249 ], [ 14236303.450403103604913, 4183237.715965694747865 ], [ 14236298.185175517573953, 4183243.587903323117644 ], [ 14236294.358183849602938, 4183246.997543434612453 ], [ 14236290.544019065797329, 4183249.256430748850107 ], [ 14236287.545721534639597, 4183250.965510576963425 ], [ 14236283.380891144275665, 4183253.283082395326346 ], [ 14236280.168462404981256, 4183255.300694290082902 ], [ 14236274.948743633925915, 4183258.936484512407333 ], [ 14236270.962005581706762, 4183262.014170179143548 ], [ 14236264.430606257170439, 4183269.181708393618464 ], [ 14236259.222420677542686, 4183279.786108491942286 ], [ 14236255.54338551685214, 4183292.484197755344212 ], [ 14236252.332219174131751, 4183298.380915773566812 ], [ 14236246.51547309756279, 4183305.735905155073851 ], [ 14236235.836133699864149, 4183316.904146580491215 ], [ 14236230.231125561520457, 4183322.838665390387177 ], [ 14236226.191386317834258, 4183326.567384833469987 ], [ 14236222.416730329394341, 4183329.612989286426455 ], [ 14236215.637884287163615, 4183333.374781012535095 ], [ 14236202.461383128538728, 4183339.773319756612182 ], [ 14236180.67469728924334, 4183349.515523896552622 ], [ 14236169.396320838481188, 4183355.065931155811995 ], [ 14236164.042358858510852, 4183357.543685037642717 ], [ 14236162.026688303798437, 4183358.71083874348551 ], [ 14236157.002480912953615, 4183362.407117482274771 ], [ 14236150.523244831711054, 4183370.261739846784621 ], [ 14236146.602243361994624, 4183373.705077991355211 ], [ 14236141.874681467190385, 4183376.366463634651154 ], [ 14236133.793761452659965, 4183383.594823244959116 ], [ 14236125.905393538996577, 4183393.420993700623512 ], [ 14236120.671808829531074, 4183399.188816129695624 ], [ 14236116.933813577517867, 4183404.383343960624188 ], [ 14236115.070654528215528, 4183405.513267174363136 ], [ 14236109.505342459306121, 4183409.786271610762924 ], [ 14236103.393506160005927, 4183412.087528961244971 ], [ 14236099.578249657526612, 4183414.126326905097812 ], [ 14236095.356744218617678, 4183416.840806111227721 ], [ 14236088.474501822143793, 4183421.802577379159629 ], [ 14236080.604740727692842, 4183428.810893805231899 ], [ 14236074.310346039012074, 4183438.672281578183174 ], [ 14236070.500490726903081, 4183444.672967533580959 ], [ 14236067.192083351314068, 4183450.358429647982121 ], [ 14236063.492206495255232, 4183454.45919521106407 ], [ 14236059.901570590212941, 4183457.867727663367987 ], [ 14236055.164939317852259, 4183459.170493215322495 ], [ 14236049.746923763304949, 4183459.338422503788024 ], [ 14236044.549700887873769, 4183459.023312424775213 ], [ 14236040.506042070686817, 4183458.663052398711443 ], [ 14236035.600138181820512, 4183457.675062327180058 ], [ 14236027.349280074238777, 4183456.82316875923425 ], [ 14236022.839014008641243, 4183456.759356386959553 ], [ 14236019.550775559619069, 4183457.405228887218982 ], [ 14236013.976821485906839, 4183458.788651834242046 ], [ 14236008.486078187823296, 4183459.707184059545398 ], [ 14236004.295571364462376, 4183460.436946686822921 ], [ 14235998.774054469540715, 4183461.877066070679575 ], [ 14235988.186009781435132, 4183463.760822486132383 ], [ 14235976.972755555063486, 4183464.607934698462486 ], [ 14235971.032111948356032, 4183466.951973025221378 ], [ 14235967.317204605787992, 4183468.606811329722404 ], [ 14235964.410458415746689, 4183471.393082663416862 ], [ 14235963.096046840772033, 4183476.327463589608669 ], [ 14235962.144281202927232, 4183483.023123318329453 ], [ 14235961.026461124420166, 4183490.462972501758486 ], [ 14235959.68485914170742, 4183495.927970231510699 ], [ 14235958.625080781057477, 4183499.0824308921583 ], [ 14235955.962777933105826, 4183504.153867743909359 ], [ 14235952.887968748807907, 4183508.102778000291437 ], [ 14235948.035179674625397, 4183512.783016422297806 ], [ 14235944.399938222020864, 4183515.462478810921311 ], [ 14235936.523590700700879, 4183522.05680632404983 ], [ 14235927.058342369273305, 4183529.699171385262161 ], [ 14235917.612323569133878, 4183535.973507548682392 ], [ 14235909.38942008651793, 4183540.242280059494078 ], [ 14235901.803687799721956, 4183542.989071403164417 ], [ 14235894.632584409788251, 4183544.447630134876817 ], [ 14235889.010168299078941, 4183544.555398746393621 ], [ 14235881.635901687666774, 4183544.689922720193863 ], [ 14235865.410297065973282, 4183547.193730316590518 ], [ 14235856.389293702319264, 4183549.072273121215403 ], [ 14235842.105020605027676, 4183551.259363790042698 ], [ 14235832.314928086474538, 4183554.162187546491623 ], [ 14235823.792942507192492, 4183557.64385839458555 ], [ 14235816.476423835381866, 4183561.817757605575025 ], [ 14235811.324919756501913, 4183566.060239482205361 ], [ 14235806.375090714544058, 4183571.415408531669527 ], [ 14235800.654492789879441, 4183580.126820288598537 ], [ 14235793.774390317499638, 4183593.47961999848485 ], [ 14235788.491598516702652, 4183604.677621304057539 ], [ 14235784.685832960531116, 4183609.770973853766918 ], [ 14235781.305386917665601, 4183613.262842884752899 ], [ 14235777.433023577556014, 4183615.831281035207212 ], [ 14235773.03026220202446, 4183618.709186038002372 ], [ 14235767.160620020702481, 4183622.146085979416966 ], [ 14235761.64639245159924, 4183624.624106637667865 ], [ 14235757.356485348194838, 4183626.585906186606735 ], [ 14235753.472094941884279, 4183628.196683185175061 ], [ 14235749.932596610859036, 4183631.213171794079244 ], [ 14235745.969660362228751, 4183634.077150345314294 ], [ 14235740.868656162172556, 4183637.894409330096096 ], [ 14235724.57944074459374, 4183651.081857753451914 ], [ 14235719.15136038698256, 4183658.43458442715928 ], [ 14235714.923223856836557, 4183663.552933799568564 ], [ 14235710.759034242480993, 4183667.382810671813786 ], [ 14235708.484009375795722, 4183672.196725639980286 ], [ 14235707.97469418309629, 4183678.934605330228806 ], [ 14235708.12494376860559, 4183689.413584454450756 ], [ 14235708.300851348787546, 4183697.953484158031642 ], [ 14235706.870460582897067, 4183704.842828376218677 ], [ 14235704.91014008037746, 4183709.949312795419246 ], [ 14235701.931352991610765, 4183715.685084066353738 ], [ 14235697.696832746267319, 4183719.048795738723129 ], [ 14235693.604761213064194, 4183720.539269610773772 ], [ 14235689.794727379456162, 4183720.961661881767213 ], [ 14235686.206467129290104, 4183720.320751140359789 ], [ 14235681.251928875222802, 4183718.800904682837427 ], [ 14235674.44292245618999, 4183716.138089027721435 ], [ 14235661.438143184408545, 4183710.712573762983084 ], [ 14235644.768852518871427, 4183703.772284926846623 ], [ 14235628.302564471960068, 4183697.815584842115641 ], [ 14235613.690509282052517, 4183695.256283278111368 ], [ 14235603.582864055410028, 4183693.347809889819473 ], [ 14235591.309738276526332, 4183692.338138975203037 ], [ 14235574.040772803127766, 4183693.447432176675647 ], [ 14235563.239715427160263, 4183694.362483768723905 ], [ 14235555.618809647858143, 4183697.756064456887543 ], [ 14235548.850989915430546, 4183701.053246023599058 ], [ 14235540.078254630789161, 4183705.739739684853703 ], [ 14235530.794959962368011, 4183711.252017871942371 ], [ 14235520.311819922178984, 4183717.290157438255847 ], [ 14235508.445954481139779, 4183722.970475786365569 ], [ 14235494.547188498079777, 4183729.782993640750647 ], [ 14235486.355512287467718, 4183735.834991607815027 ], [ 14235477.343348797410727, 4183741.725160233210772 ], [ 14235464.602871742099524, 4183747.725698565598577 ] ] ] } },
{ "type": "Feature", "properties": { "UserID": null, "number": "21", "개설여부": "개설", "검토": null, "변경사항": "변경없음", "연장": 5709, "시점": "사천시 곤양면 서정리", "종점": "사천시 서포면 다평리" }, "geometry": { "type": "MultiLineString", "coordinates": [ [ [ 14240743.766643399372697, 4166914.177499709650874 ], [ 14240779.80674091167748, 4166977.779548590537161 ], [ 14240788.57535083964467, 4166992.503515736199915 ], [ 14240800.84238214418292, 4167014.167701876256615 ], [ 14240805.233143409714103, 4167020.784233716782182 ], [ 14240813.402239369228482, 4167035.89604903711006 ], [ 14240817.63599201105535, 4167043.952989621087909 ], [ 14240822.528887424618006, 4167052.291889351792634 ], [ 14240838.368955528363585, 4167081.030712582636625 ], [ 14240857.957417109981179, 4167120.383658403996378 ], [ 14240873.960693689063191, 4167155.957484626211226 ], [ 14240891.732294458895922, 4167196.603755456395447 ], [ 14240900.558720003813505, 4167221.718873683363199 ], [ 14240919.263156680390239, 4167275.942617195192724 ], [ 14240928.712242215871811, 4167307.90357896592468 ], [ 14240941.856560807675123, 4167358.791885306593031 ], [ 14240948.743960192427039, 4167390.152715149335563 ], [ 14240967.054524650797248, 4167479.828618264757097 ], [ 14240984.723847953602672, 4167563.40804570633918 ], [ 14240985.176618771627545, 4167567.262712834402919 ], [ 14240986.375500770285726, 4167572.293111313600093 ], [ 14240987.093419339507818, 4167575.306435139849782 ], [ 14240990.915589401498437, 4167592.463431012351066 ], [ 14241188.338246261700988, 4168603.238685456570238 ], [ 14241198.376637460663915, 4168654.632701793219894 ], [ 14241205.836576338857412, 4168689.778703191783279 ], [ 14241210.600908337160945, 4168715.873217263258994 ], [ 14241210.670049950480461, 4168716.252607692964375 ], [ 14241218.615315744653344, 4168759.76366185490042 ], [ 14241226.161377012729645, 4168796.681608037091792 ], [ 14241282.626351207494736, 4169093.196835872717202 ], [ 14241289.977754658088088, 4169122.560161824803799 ], [ 14241295.138706132769585, 4169141.931045103818178 ], [ 14241300.785177676007152, 4169160.961613629478961 ], [ 14241310.288907565176487, 4169190.070103247184306 ], [ 14241315.229626273736358, 4169207.563794266432524 ], [ 14241322.706038299947977, 4169227.740348999854177 ], [ 14241335.452768683433533, 4169258.307874616235495 ], [ 14241363.368692837655544, 4169321.55370414070785 ], [ 14241380.44104672037065, 4169354.687531171366572 ], [ 14241399.697187341749668, 4169385.993250843603164 ], [ 14241420.007665881887078, 4169416.0224016639404 ], [ 14241444.313341002911329, 4169447.221997077111155 ], [ 14241478.139340652152896, 4169487.159905096516013 ], [ 14241515.05129542760551, 4169527.058720981236547 ], [ 14241588.318505454808474, 4169602.84186784317717 ], [ 14241610.484186321496964, 4169626.687756742816418 ], [ 14241633.36268749460578, 4169654.063372008968145 ], [ 14241658.387833783403039, 4169685.512317572254688 ], [ 14241670.032647529616952, 4169701.790603528730571 ], [ 14241693.746496748179197, 4169739.664312900509685 ], [ 14241712.086632557213306, 4169774.421572520863265 ], [ 14241727.061537299305201, 4169809.119517263956368 ], [ 14241739.595219455659389, 4169843.596501695457846 ], [ 14241746.489713963121176, 4169869.619517757557333 ], [ 14241752.937592476606369, 4169903.687010026071221 ], [ 14241757.634271232411265, 4169944.229867269750684 ], [ 14241759.438711013644934, 4169993.113432334270328 ], [ 14241759.861061111092567, 4170021.208360922057182 ], [ 14241757.525301611050963, 4170090.122175086755306 ], [ 14241750.150750014930964, 4170203.444081602152437 ], [ 14241741.915763648226857, 4170299.797312370035797 ], [ 14241737.442041903734207, 4170366.323310044128448 ], [ 14241736.011526649817824, 4170395.292731897439808 ], [ 14241735.065810007974505, 4170439.020929380785674 ], [ 14241735.430487748235464, 4170495.135623512323946 ], [ 14241740.368687050417066, 4170558.301473021972924 ], [ 14241746.497760703787208, 4170592.207084217574447 ], [ 14241751.50172253139317, 4170615.233346500899643 ], [ 14241761.74226707033813, 4170646.871751206927001 ], [ 14241771.347206437960267, 4170670.590919529553503 ], [ 14241778.539347780868411, 4170687.490716360043734 ], [ 14241802.985008303076029, 4170739.735860255546868 ], [ 14241820.690494598820806, 4170774.00635174009949 ], [ 14241853.189800404012203, 4170826.200881513301283 ], [ 14241931.147301992401481, 4170940.444824366830289 ], [ 14241962.240738308057189, 4170981.725155072286725 ], [ 14241984.990057228133082, 4171008.967175366356969 ], [ 14242006.819990735501051, 4171032.254026568029076 ], [ 14242033.224730610847473, 4171054.810346289072186 ], [ 14242072.115955678746104, 4171086.273469428531826 ], [ 14242089.421866795048118, 4171097.945439647883177 ], [ 14242107.935493819415569, 4171109.066515868064016 ], [ 14242136.773735418915749, 4171125.047409558668733 ], [ 14242194.508921390399337, 4171151.722187225241214 ], [ 14242214.106887731701136, 4171158.750006589107215 ], [ 14242258.833812022581697, 4171172.807046602480114 ], [ 14242283.092255929484963, 4171178.620897016022354 ], [ 14242302.889455245807767, 4171182.052167710848153 ], [ 14242311.136877793818712, 4171182.702829697169363 ], [ 14242325.994907153770328, 4171183.368924157228321 ], [ 14242339.151457821950316, 4171181.900117083452642 ], [ 14242368.728743467479944, 4171175.820391959510744 ], [ 14242388.345495333895087, 4171171.396785080432892 ], [ 14242411.887694, 4171165.449867452029139 ], [ 14242435.047314424067736, 4171157.833152684848756 ], [ 14242450.657821472734213, 4171151.720643108710647 ], [ 14242470.744760913774371, 4171142.862588565796614 ], [ 14242486.736761940643191, 4171134.822472350206226 ], [ 14242522.132757740095258, 4171117.997820475604385 ], [ 14242605.398275403305888, 4171083.273871591314673 ], [ 14242632.937382256612182, 4171075.474251898005605 ], [ 14242636.542680198326707, 4171074.453689309302717 ], [ 14242796.550819635391235, 4171038.291517509613186 ], [ 14242826.613475039601326, 4171033.218376541044563 ], [ 14242853.559011986479163, 4171031.355073269456625 ], [ 14242884.989875176921487, 4171029.595753350760788 ], [ 14242937.575560227036476, 4171027.820862849708647 ], [ 14242994.520814593881369, 4171030.679596430622041 ], [ 14243012.510155016556382, 4171030.708802304696292 ], [ 14243035.328659351915121, 4171028.777954949066043 ], [ 14243088.862867357209325, 4171020.572881461121142 ], [ 14243196.643828785046935, 4171009.020614135544747 ], [ 14243262.360509317368269, 4171004.565602113958448 ], [ 14243322.57281750626862, 4171001.419737324118614 ], [ 14243371.715146889910102, 4170999.525432276539505 ], [ 14243471.008267337456346, 4170998.000784777104855 ], [ 14243524.708918375894427, 4170998.995502081234008 ], [ 14243579.042312, 4171000.281443695072085 ], [ 14243619.929793704301119, 4171002.426681798417121 ], [ 14243647.056211326271296, 4171004.70925027038902 ], [ 14243684.705226119607687, 4171008.736367726698518 ], [ 14243707.756788732483983, 4171011.609240723308176 ], [ 14243733.46193272806704, 4171014.800193814560771 ], [ 14243757.215604357421398, 4171018.248991899192333 ], [ 14243772.419923527166247, 4171020.166518702637404 ], [ 14243782.988262606784701, 4171021.568895355332643 ], [ 14243795.543671021237969, 4171023.147784625180066 ], [ 14243808.905066594481468, 4171024.935093103908002 ], [ 14243837.21781468950212, 4171028.428104408085346 ], [ 14243848.531608678400517, 4171030.096061252057552 ], [ 14243900.034717906266451, 4171036.941761562135071 ], [ 14243928.379373107105494, 4171042.026536402758211 ], [ 14243969.176662964746356, 4171049.52369671408087 ], [ 14244090.899107938632369, 4171072.705228394828737 ], [ 14244139.549327258020639, 4171082.08403620775789 ], [ 14244183.056083396077156, 4171092.431718161795288 ], [ 14244226.675449162721634, 4171104.720332799013704 ], [ 14244260.005944803357124, 4171114.313691935036331 ], [ 14244288.611928846687078, 4171122.265964189078659 ], [ 14244329.697269015014172, 4171131.302092582918704 ], [ 14244384.54557179659605, 4171141.302312493789941 ], [ 14244408.486905993893743, 4171144.782803534530103 ], [ 14244413.441939812153578, 4171145.016178116202354 ], [ 14244447.917780196294188, 4171149.142166894394904 ], [ 14244459.537267798557878, 4171149.926277421880513 ], [ 14244489.388733942061663, 4171134.939853785093874 ] ] ] } },
{ "type": "Feature", "properties": { "UserID": null, "number": "21", "개설여부": "미개설", "검토": null, "변경사항": "변경없음", "연장": 4426, "시점": "사천시 곤양면 서정리", "종점": "사천시 서포면 다평리" }, "geometry": { "type": "MultiLineString", "coordinates": [ [ [ 14240743.766643399372697, 4166914.177499709650874 ], [ 14240997.441137643530965, 4165750.615265642758459 ], [ 14241071.266629215329885, 4165715.004215139895678 ], [ 14241091.800542328506708, 4165660.944374640937895 ], [ 14241064.592276059091091, 4165643.93886906420812 ], [ 14240994.279567053541541, 4165606.864895223174244 ], [ 14240975.103373685851693, 4165554.449966689571738 ], [ 14240995.557979941368103, 4165513.540754175279289 ], [ 14241031.062438825145364, 4165471.981976312119514 ], [ 14241130.795594569295645, 4165434.950649533886462 ], [ 14241202.660868294537067, 4165378.02898772386834 ], [ 14241196.268803840503097, 4165316.665168952662498 ], [ 14241154.081178432330489, 4165225.897853686474264 ], [ 14241152.802765542641282, 4165161.977209133561701 ], [ 14241183.48467493057251, 4165108.283867707941681 ], [ 14241219.280235877260566, 4165064.817829412873834 ], [ 14241275.530403086915612, 4165004.732423532288522 ], [ 14241348.399937877431512, 4164952.317494997289032 ], [ 14241367.57613124139607, 4164907.573043811134994 ], [ 14241389.309150388464332, 4164873.055895753204823 ], [ 14241444.280904706567526, 4164827.033031671773642 ], [ 14241446.837730487808585, 4164756.72032266529277 ], [ 14241466.013923853635788, 4164741.379367973189801 ], [ 14241537.605045752599835, 4164757.998735555913299 ], [ 14241581.071084052324295, 4164752.885083992034197 ], [ 14241615.588232107460499, 4164711.975871478207409 ], [ 14241655.219031734392047, 4164697.913329676259309 ], [ 14241787.047811383381486, 4164632.18678486905992 ], [ 14241902.48458918184042, 4164603.800691965036094 ], [ 14242053.877084661275148, 4164592.446254806127399 ], [ 14242302.829374320805073, 4164453.019313233438879 ], [ 14242315.02913935855031, 4164336.971418688073754 ], [ 14242318.813951747491956, 4164246.135921400040388 ], [ 14242371.801325161010027, 4164113.667487856466323 ], [ 14242358.554481809958816, 4164037.971240119542927 ], [ 14242324.491170326247811, 4163969.844617154449224 ], [ 14242265.826578330248594, 4163916.857243737671524 ], [ 14241911.946620149537921, 4163740.863467743154615 ], [ 14241815.433904284611344, 4163644.350751877296716 ], [ 14241687.099684346467257, 4163336.17050167452544 ] ], [ [ 14241597.675364876165986, 4162927.517970752902329 ], [ 14241606.315249320119619, 4162945.813601321540773 ], [ 14241611.494099348783493, 4162957.773681645281613 ], [ 14241620.874628558754921, 4162968.000893347430974 ], [ 14241635.494077218696475, 4162978.606471159495413 ], [ 14241639.996030585840344, 4162986.351377011276782 ], [ 14241645.167661841958761, 4162999.715334927197546 ], [ 14241653.458295492455363, 4163018.009222322143614 ], [ 14241657.254239371046424, 4163027.154348926153034 ], [ 14241657.902104493230581, 4163036.98497415939346 ], [ 14241663.41225677728653, 4163052.456594252493232 ], [ 14241676.294022098183632, 4163061.298249662853777 ], [ 14241690.198524262756109, 4163075.058877441566437 ], [ 14241697.819582434371114, 4163087.733763641212136 ], [ 14241696.320305975154042, 4163107.380525993183255 ], [ 14241697.652446553111076, 4163120.022598039358854 ], [ 14241705.948701415210962, 4163137.263745267409831 ], [ 14241718.051916120573878, 4163161.544327214360237 ], [ 14241725.982501657679677, 4163181.942411925178021 ], [ 14241726.606827143579721, 4163196.335759166162461 ], [ 14241721.257040368393064, 4163217.366525752004236 ], [ 14241727.120385820046067, 4163232.138250643853098 ], [ 14241724.219943823292851, 4163252.479913112241775 ], [ 14241720.649766962975264, 4163267.20243011880666 ], [ 14241719.539846297353506, 4163279.129967021290213 ], [ 14241727.148360878229141, 4163294.261866822838783 ], [ 14241733.384748863056302, 4163304.472879198845476 ], [ 14241719.702172158285975, 4163315.281869184225798 ], [ 14241705.664726877585053, 4163327.141944793984294 ], [ 14241687.099684348329902, 4163336.17050167452544 ] ] ] } },
{ "type": "Feature", "properties": { "UserID": null, "number": "8", "개설여부": "미개설", "검토": null, "변경사항": "변경없음", "연장": 1452, "시점": "사천시 서포면 구평리", "종점": "사천시 서포면 자혜리" }, "geometry": { "type": "MultiLineString", "coordinates": [ [ [ 14242061.997846581041813, 4165641.415905939415097 ], [ 14241997.19554534740746, 4165811.50444041704759 ], [ 14242003.216908043250442, 4165943.97441968228668 ], [ 14242021.28099612519145, 4166023.757475374266505 ], [ 14241985.152819961309433, 4166186.334268110338598 ], [ 14241909.885786287486553, 4166338.373676130082458 ], [ 14241884.294994834810495, 4166522.02523829229176 ], [ 14241912.896467631682754, 4166624.388404089491814 ], [ 14241964.078050529584289, 4166711.698163149412721 ], [ 14241995.690204676240683, 4166817.072010294999927 ], [ 14242105.580073839053512, 4167057.926518048625439 ], [ 14242256.684533311054111, 4167290.898088088724762 ] ] ] } },
{ "type": "Feature", "properties": { "UserID": null, "number": "28", "개설여부": "개설", "검토": null, "변경사항": "변경없음", "연장": 4430, "시점": "사천시 서포면 비토리", "종점": "사천시 서포면 구평리" }, "geometry": { "type": "MultiLineString", "coordinates": [ [ [ 14245190.470805674791336, 4161759.604975627269596 ], [ 14245201.473316878080368, 4161768.04057983495295 ], [ 14245201.842066118493676, 4161768.218134326394647 ], [ 14245216.147936750203371, 4161775.167946787551045 ], [ 14245223.888919932767749, 4161778.92851809039712 ], [ 14245226.719376554712653, 4161780.303552872966975 ], [ 14245246.570295749232173, 4161787.642373478040099 ], [ 14245260.376220464706421, 4161792.746355515439063 ], [ 14245270.532614450901747, 4161794.587984607089311 ], [ 14245287.900207346305251, 4161797.737177016213536 ], [ 14245295.049961967393756, 4161797.297913066577166 ], [ 14245319.514875853434205, 4161795.794811730273068 ], [ 14245343.78195078112185, 4161794.303811761550605 ], [ 14245347.187546176835895, 4161794.094563365913928 ], [ 14245367.776946760714054, 4161790.086368747055531 ], [ 14245407.987726639956236, 4161782.258311792742461 ], [ 14245471.569557148963213, 4161772.454975393135101 ], [ 14245534.384259209036827, 4161771.102188442833722 ], [ 14245567.006971836090088, 4161759.764432684518397 ], [ 14245622.498415265232325, 4161727.686388638336211 ], [ 14245624.008970739319921, 4161727.414270766079426 ], [ 14245642.235589664429426, 4161724.130833481438458 ], [ 14245648.097380746155977, 4161724.28148468118161 ], [ 14245668.036650635302067, 4161724.793911481276155 ], [ 14245672.30670353770256, 4161725.998741949442774 ], [ 14245695.779426176100969, 4161732.621731725055724 ], [ 14245719.252177616581321, 4161739.244676223490387 ], [ 14245735.022016048431396, 4161743.694178493693471 ], [ 14245742.72709421813488, 4161745.859920518938452 ], [ 14245766.206413241103292, 4161752.459447931032628 ], [ 14245789.685760967433453, 4161759.058930013794452 ], [ 14245811.044647431001067, 4161765.062354856170714 ], [ 14245813.14044682867825, 4161765.7407919135876 ], [ 14245836.365877607837319, 4161773.188750591594726 ], [ 14245859.804686954244971, 4161779.932250416837633 ], [ 14245906.6823933981359, 4161793.419115117751062 ], [ 14245930.121290495619178, 4161800.162479992024601 ], [ 14245931.446787636727095, 4161800.543823594693094 ], [ 14245953.471746411174536, 4161807.208289818372577 ], [ 14245976.816929761320353, 4161814.272186959628016 ], [ 14246000.16214357316494, 4161821.336039931047708 ], [ 14246013.94278865121305, 4161824.875391326379031 ], [ 14246028.956523753702641, 4161830.001151662319899 ], [ 14246044.329483669251204, 4161835.89121007733047 ], [ 14246057.16969645395875, 4161841.891483895014971 ], [ 14246068.584011882543564, 4161848.299932230263948 ], [ 14246077.292968068271875, 4161854.466506470926106 ], [ 14246083.291713565587997, 4161859.771146852523088 ], [ 14246088.06088749319315, 4161866.81189820356667 ], [ 14246090.842574972659349, 4161872.213151294272393 ], [ 14246104.765527248382568, 4161896.390285950154066 ], [ 14246115.094287846237421, 4161914.583271390758455 ], [ 14246129.45073552057147, 4161939.136303247883916 ], [ 14246142.2113620582968, 4161961.646729530300945 ], [ 14246149.545566650107503, 4161974.757747760508209 ], [ 14246155.816375039517879, 4161988.248334014322609 ], [ 14246160.599079005420208, 4162000.860323430038989 ], [ 14246163.201789047569036, 4162010.406157629564404 ], [ 14246165.887177534401417, 4162023.377533738035709 ], [ 14246167.119016647338867, 4162032.888069366570562 ], [ 14246167.63389946334064, 4162057.472841411828995 ], [ 14246168.61699990555644, 4162066.617047255393118 ], [ 14246170.456891212612391, 4162077.525014553684741 ], [ 14246172.994865447282791, 4162086.005289309192449 ], [ 14246179.11996066942811, 4162097.972580796573311 ], [ 14246184.485780945047736, 4162106.200499354861677 ], [ 14246193.938696576282382, 4162117.328679029364139 ], [ 14246202.395352434366941, 4162127.314264947548509 ], [ 14246209.776571486145258, 4162136.82255596620962 ], [ 14246215.578494654968381, 4162147.46012528706342 ], [ 14246219.922931579872966, 4162158.681526967789978 ], [ 14246221.986417630687356, 4162165.667609449010342 ], [ 14246223.582679480314255, 4162173.890203631017357 ], [ 14246224.195806037634611, 4162182.493812484666705 ], [ 14246223.459639867767692, 4162193.394124377984554 ], [ 14246220.947936860844493, 4162205.879373602569103 ], [ 14246217.4901018794626, 4162215.526272520422935 ], [ 14246214.264308290556073, 4162223.652512780856341 ], [ 14246209.590967243537307, 4162231.294911008328199 ], [ 14246204.280866978690028, 4162238.726863232906908 ], [ 14246198.657925996929407, 4162245.100590662099421 ], [ 14246188.546861601993442, 4162254.284454169683158 ], [ 14246177.950408848002553, 4162263.323690927121788 ], [ 14246170.612606678158045, 4162271.817447795066983 ], [ 14246165.302768113091588, 4162280.554770819377154 ], [ 14246159.021011494100094, 4162295.555664788931608 ], [ 14246156.236768025904894, 4162312.287816581316292 ], [ 14246155.566195100545883, 4162325.030691942200065 ], [ 14246157.559166952967644, 4162342.790534805506468 ], [ 14246159.670311491936445, 4162355.329525962006301 ], [ 14246162.001734783872962, 4162365.9648009352386 ], [ 14246184.242871254682541, 4162437.689128956757486 ], [ 14246188.416097924113274, 4162453.185465599875897 ], [ 14246188.877843743190169, 4162459.779194762930274 ], [ 14246187.613672338426113, 4162469.609823205508292 ], [ 14246181.836322117596865, 4162488.046379138249904 ], [ 14246177.176193641498685, 4162503.370702223852277 ], [ 14246173.156109895557165, 4162518.431269981898367 ], [ 14246171.094642879441381, 4162527.460917725693434 ], [ 14246169.554242448881269, 4162537.178268490824848 ], [ 14246168.483698358759284, 4162545.782405553385615 ], [ 14246167.92618790641427, 4162555.909581958316267 ], [ 14246165.458673063665628, 4162591.316731004510075 ], [ 14246163.607185499742627, 4162602.240598556119949 ], [ 14246159.878653367981315, 4162611.679109721444547 ], [ 14246154.461993223056197, 4162619.280259906779975 ], [ 14246152.316722640767694, 4162622.446109070442617 ], [ 14246124.308465536683798, 4162657.297232115641236 ], [ 14246104.918582897633314, 4162685.368996446952224 ], [ 14246100.206724951043725, 4162693.669421438593417 ], [ 14246098.37562601082027, 4162696.870366554241627 ], [ 14246092.362150637432933, 4162707.383943518158048 ], [ 14246085.902273464947939, 4162717.554889834020287 ], [ 14246073.784796394407749, 4162737.295157324988395 ], [ 14246066.756604619324207, 4162748.192650587763637 ], [ 14246042.525123473256826, 4162785.76759391836822 ], [ 14246037.653803026303649, 4162793.31932011526078 ], [ 14246022.313527630642056, 4162815.102337956428528 ], [ 14245996.273637333884835, 4162852.079411434475332 ], [ 14245984.491083770990372, 4162872.302154646255076 ], [ 14245981.787915140390396, 4162877.670519927982241 ], [ 14245980.083924239501357, 4162882.264138891827315 ], [ 14245977.275266867130995, 4162889.837213920429349 ], [ 14245971.752099955454469, 4162912.100228609051555 ], [ 14245970.547836918383837, 4162918.852160580456257 ], [ 14245970.034404437988997, 4162924.698784431442618 ], [ 14245970.849399084225297, 4162941.077436770312488 ], [ 14245971.75775046274066, 4162948.458701026625931 ], [ 14245973.83646503277123, 4162959.78112343326211 ], [ 14245978.064591288566589, 4162975.403891184367239 ], [ 14245986.071809951215982, 4162991.325376657303423 ], [ 14245990.116551214829087, 4162999.020774777512997 ], [ 14245996.004823235794902, 4163007.668500733561814 ], [ 14246006.133368797600269, 4163019.682850617449731 ], [ 14246018.087804453447461, 4163034.375056240241975 ], [ 14246033.083840318024158, 4163051.379221021197736 ], [ 14246040.492115607485175, 4163059.359234720468521 ], [ 14246043.770578360185027, 4163064.257920225150883 ], [ 14246046.655250277370214, 4163070.464281543623656 ], [ 14246046.953480212017894, 4163071.107922056224197 ], [ 14246051.979656353592873, 4163090.136608342640102 ], [ 14246052.01324744336307, 4163094.241206550505012 ], [ 14246051.807094763964415, 4163099.612207666039467 ], [ 14246051.070615055039525, 4163104.977735086344182 ], [ 14246050.241363337263465, 4163108.089925756677985 ], [ 14246032.18807259015739, 4163175.827859493903816 ], [ 14246021.587241284549236, 4163217.32099226443097 ], [ 14246014.164012445136905, 4163255.100422278977931 ], [ 14246013.629584038630128, 4163262.998549901414663 ], [ 14246014.067918544635177, 4163271.871876702643931 ], [ 14246016.224411124363542, 4163282.990878242067993 ], [ 14246018.950718060135841, 4163290.140056840609759 ], [ 14246023.024592317640781, 4163298.694538621231914 ], [ 14246028.154375461861491, 4163307.487745808437467 ], [ 14246033.415339456871152, 4163314.66311586368829 ], [ 14246041.039658213034272, 4163323.709908010903746 ], [ 14246052.540456460788846, 4163334.750305861234665 ], [ 14246073.128154693171382, 4163352.398075914476067 ], [ 14246074.614575484767556, 4163353.69947567069903 ], [ 14246104.810724785551429, 4163380.138927792198956 ], [ 14246118.702180029824376, 4163394.090882470831275 ], [ 14246128.497759204357862, 4163409.14210045710206 ], [ 14246137.531760692596436, 4163428.440497764386237 ], [ 14246147.802056627348065, 4163459.912949564866722 ], [ 14246155.771737646311522, 4163483.259512715507299 ], [ 14246163.64669075421989, 4163504.902629087213427 ], [ 14246166.277896154671907, 4163513.973915619309992 ], [ 14246167.248921515420079, 4163517.507769756019115 ], [ 14246171.96766453795135, 4163534.683266358915716 ], [ 14246176.526517536491156, 4163554.976790935266763 ], [ 14246176.556268097832799, 4163555.286980959586799 ], [ 14246177.17524254694581, 4163561.651483938563615 ], [ 14246180.120769592002034, 4163591.981883192434907 ], [ 14246181.981764059513807, 4163604.476067317649722 ], [ 14246185.076171750202775, 4163625.254343781154603 ], [ 14246189.556149117648602, 4163645.874246592167765 ], [ 14246193.509463127702475, 4163659.568371935281903 ], [ 14246199.275124652311206, 4163679.545076341368258 ], [ 14246206.37500043772161, 4163710.354680975433439 ], [ 14246207.750785874202847, 4163723.799373622052372 ], [ 14246207.960626808926463, 4163732.97446471825242 ], [ 14246206.540746739134192, 4163737.682858638931066 ], [ 14246204.906289022415876, 4163743.10435657016933 ], [ 14246192.201061764732003, 4163772.061206677462906 ], [ 14246181.203923547640443, 4163800.555590660776943 ], [ 14246175.238562157377601, 4163821.577607044018805 ], [ 14246174.487485721707344, 4163827.059698069002479 ], [ 14246169.323689740151167, 4163864.905042943544686 ], [ 14246166.570651615038514, 4163891.430150944273919 ], [ 14246165.53849121928215, 4163901.584022866096348 ], [ 14246164.160109544172883, 4163914.652321947272867 ], [ 14246162.449192067608237, 4163931.612630555871874 ], [ 14246157.755701458081603, 4163974.850490953307599 ], [ 14246156.854603685438633, 4163984.092298665549606 ], [ 14246155.52553360722959, 4163999.513126376084983 ], [ 14246155.432843333110213, 4164019.740232912823558 ], [ 14246155.952757144346833, 4164048.367809280287474 ], [ 14246156.981216691434383, 4164066.434959523379803 ], [ 14246157.992559090256691, 4164083.777129366528243 ], [ 14246160.7249262239784, 4164105.287303884513676 ], [ 14246164.800560101866722, 4164124.397329670842737 ], [ 14246167.341624388471246, 4164134.905632517300546 ], [ 14246170.344121737405658, 4164144.708633898757398 ], [ 14246175.122636651620269, 4164158.850826918147504 ], [ 14246180.081528330221772, 4164171.22229778720066 ], [ 14246191.966314816847444, 4164197.580784843768924 ], [ 14246215.466214938089252, 4164246.293672009836882 ], [ 14246238.834835689514875, 4164295.87484951550141 ], [ 14246260.219051651656628, 4164341.093119780067354 ], [ 14246273.017819870263338, 4164367.971616393886507 ], [ 14246286.727718871086836, 4164397.856748303864151 ], [ 14246298.507418520748615, 4164423.186204834841192 ], [ 14246308.576612200587988, 4164442.904821356758475 ], [ 14246315.078458689153194, 4164457.244108241982758 ], [ 14246319.419772274792194, 4164466.860679308883846 ], [ 14246323.016116891056299, 4164476.964641056489199 ], [ 14246326.82766592130065, 4164490.57984254648909 ], [ 14246328.936171932145953, 4164501.786983466241509 ], [ 14246330.529904972761869, 4164514.831515765748918 ], [ 14246332.781546147540212, 4164536.011233334895223 ], [ 14246333.452486399561167, 4164542.784516250248998 ], [ 14246335.482372522354126, 4164562.163260951638222 ], [ 14246338.858947785571218, 4164592.485534270759672 ], [ 14246343.936676179990172, 4164636.888189293909818 ], [ 14246348.577331438660622, 4164678.62713167630136 ], [ 14246350.88779329136014, 4164699.31503674434498 ], [ 14246352.4399991389364, 4164712.003242170903832 ], [ 14246353.187843721359968, 4164721.024876386392862 ], [ 14246353.22825894318521, 4164733.641437841579318 ], [ 14246352.693030416965485, 4164744.267201402690262 ], [ 14246350.083663521334529, 4164759.377295539714396 ], [ 14246345.57848783954978, 4164773.35895961523056 ], [ 14246340.975704617798328, 4164783.774019143078476 ], [ 14246338.534651510417461, 4164788.700626650825143 ] ], [ [ 14246277.303456772118807, 4164929.992393737193197 ], [ 14246269.196612725034356, 4164936.084241557400674 ], [ 14246228.615388497710228, 4164965.616122553125024 ], [ 14246211.338233632966876, 4164983.696866020094603 ], [ 14246203.101450497284532, 4164994.344414950348437 ], [ 14246122.392587410286069, 4165098.980887698475271 ], [ 14246115.985240513458848, 4165109.417938957922161 ], [ 14246097.975010849535465, 4165111.251447640825063 ], [ 14246076.934148009866476, 4165108.298344087321311 ], [ 14245994.431817408651114, 4165102.761274918913841 ], [ 14245920.235090555623174, 4165098.885326500982046 ], [ 14245882.767589187249541, 4165102.392136972863227 ], [ 14245817.245604030787945, 4165112.912568392697722 ], [ 14245786.238016692921519, 4165119.187913447618484 ], [ 14245769.442240215837955, 4165123.063861866947263 ], [ 14245717.762927984818816, 4165149.45722489990294 ], [ 14245703.181979173794389, 4165157.762828652281314 ], [ 14245692.107840839773417, 4165165.883863431867212 ], [ 14245682.141116335988045, 4165177.696277657523751 ], [ 14245675.312064360827208, 4165198.737140495795757 ], [ 14245666.083615746349096, 4165229.929296807385981 ], [ 14245661.838529385626316, 4165240.818866168614477 ], [ 14245653.717494601383805, 4165247.094211228191853 ], [ 14245592.256026841700077, 4165295.63585093524307 ], [ 14245573.614560643211007, 4165311.139644605573267 ], [ 14245554.603956498205662, 4165317.784127606078982 ], [ 14245543.52981816418469, 4165320.552662188187242 ], [ 14245517.690162047743797, 4165323.321196774020791 ], [ 14245504.032058099284768, 4165327.935421080794185 ], [ 14245492.95791975967586, 4165335.133610998280346 ], [ 14245489.081971345469356, 4165345.469473446253687 ], [ 14245455.305849419906735, 4165456.764563722535968 ], [ 14245445.339124921709299, 4165501.614823981188238 ], [ 14245443.124297253787518, 4165510.84327259613201 ] ], [ [ 14246338.534651510417461, 4164788.700626650825143 ], [ 14246329.806486500427127, 4164809.189016848802567 ], [ 14246308.52020974829793, 4164857.788407745305449 ], [ 14246303.775678182020783, 4164869.97031311551109 ], [ 14246294.030153885483742, 4164893.757086229976267 ], [ 14246280.15989345125854, 4164925.052178537473083 ], [ 14246277.303456770256162, 4164929.992393737193197 ] ] ] } },
{ "type": "Feature", "properties": { "UserID": null, "number": "9", "개설여부": "개설", "검토": null, "변경사항": "변경없음", "연장": 5030, "시점": "사천시 정동면 고읍리", "종점": "사천시 정동면 감곡리" }, "geometry": { "type": "MultiLineString", "coordinates": [ [ [ 14258716.433017171919346, 4174346.495764925144613 ], [ 14258777.941516947001219, 4174304.884978036396205 ], [ 14258830.485714085400105, 4174274.963976887054741 ], [ 14259707.561683079227805, 4173617.813650568481535 ], [ 14261100.039870755746961, 4172569.944106699433178 ], [ 14261611.011308128014207, 4172174.562402516137809 ], [ 14261653.96199013479054, 4172166.946426928043365 ], [ 14261669.246415164321661, 4172181.205329841468483 ], [ 14261679.691143169999123, 4172259.298265586607158 ] ], [ [ 14261679.691143169999123, 4172259.298265586607158 ], [ 14261694.72777520865202, 4172274.599740422796458 ], [ 14261782.849310293793678, 4172176.566785234492272 ], [ 14261906.111334834247828, 4172063.396388435736299 ], [ 14262007.568235149607062, 4171967.345717264804989 ], [ 14262090.643956366926432, 4171877.42210579616949 ], [ 14262208.968985013663769, 4171729.613714822102338 ], [ 14262261.607413658872247, 4171664.827956487890333 ], [ 14262314.306578947231174, 4171705.97906035836786 ], [ 14262325.224061986431479, 4171705.948344146832824 ] ], [ [ 14262325.224061986431479, 4171705.948344147298485 ], [ 14262685.4932945612818, 4171446.51343751931563 ], [ 14262777.336344705894589, 4171367.955860040150583 ], [ 14262809.683582488447428, 4171304.994272206909955 ], [ 14262832.211123092100024, 4171255.318157038185745 ], [ 14262851.727382382377982, 4171193.49372597457841 ], [ 14262859.668722474947572, 4171185.720584037248045 ], [ 14262872.585637871176004, 4171181.239205230027437 ], [ 14262911.599994588643312, 4171184.402531447820365 ], [ 14262964.84931929782033, 4171195.21056269807741 ], [ 14262966.35430571064353, 4171194.969449751544744 ], [ 14262967.854918261989951, 4171194.702241180930287 ], [ 14262969.350708562880754, 4171194.409016834106296 ], [ 14262970.841229656711221, 4171194.089864326175302 ], [ 14262972.326036170125008, 4171193.744879029691219 ], [ 14262973.804684428498149, 4171193.374164028093219 ], [ 14262975.276732608675957, 4171192.977830097544938 ], [ 14262976.74174085073173, 4171192.55599566642195 ], [ 14262978.199271403253078, 4171192.108786787837744 ], [ 14262979.648888744413853, 4171191.636337087489665 ], [ 14262981.090159717947245, 4171191.138787747360766 ], [ 14262982.522653672844172, 4171190.616287435404956 ], [ 14262983.945942565798759, 4171190.068992288317531 ], [ 14262985.359601110219955, 4171189.497065838426352 ], [ 14262986.763206901028752, 4171188.900678987149149 ], [ 14262988.156340528279543, 4171188.280009943060577 ], [ 14262989.538585720583797, 4171187.635244174394757 ], [ 14262990.909529458731413, 4171186.966574336402118 ], [ 14262992.268762094900012, 4171186.274200243875384 ], [ 14262993.615877483040094, 4171185.558328783139586 ], [ 14262994.950473101809621, 4171184.819173865485936 ], [ 14262996.272150168195367, 4171184.056956360582262 ], [ 14262997.580513760447502, 4171183.271904027555138 ], [ 14262998.875172935426235, 4171182.464251450262964 ], [ 14263000.155740842223167, 4171181.63423996604979 ], [ 14263001.421834845095873, 4171180.782117587514222 ], [ 14263002.673076633363962, 4171179.908138943370432 ], [ 14263003.909092327579856, 4171179.012565187644213 ], [ 14263005.129512606188655, 4171178.095663926564157 ], [ 14263006.333972806110978, 4171177.157709141727537 ], [ 14263007.522113028913736, 4171176.198981100693345 ], [ 14263008.693578258156776, 4171175.219766286667436 ], [ 14263009.848018459975719, 4171174.220357296988368 ], [ 14263010.985088683664799, 4171173.201052765361965 ], [ 14263012.104449173435569, 4171172.162157273851335 ], [ 14263013.205765463411808, 4171171.10398125089705 ], [ 14263014.288708481937647, 4171170.026840891689062 ], [ 14263015.35295464284718, 4171168.931058054789901 ], [ 14263016.398185953497887, 4171167.816960173659027 ], [ 14263017.424090096727014, 4171166.684880150016397 ], [ 14263018.430360533297062, 4171165.535156259313226 ], [ 14263019.416696595028043, 4171164.368132052011788 ], [ 14263091.728321610018611, 4171096.139705547131598 ] ], [ [ 14263091.728321610018611, 4171096.139705548528582 ], [ 14263102.528245363384485, 4171081.97648326260969 ], [ 14263121.301240837201476, 4171052.351722753606737 ], [ 14263138.704754680395126, 4171029.908396443817765 ], [ 14263213.897043608129025, 4170944.84913317579776 ], [ 14263221.216196842491627, 4170935.940420573111624 ], [ 14263231.613643065094948, 4170924.803552879486233 ], [ 14263287.41602098941803, 4170860.276586694642901 ], [ 14263323.381632240489125, 4170817.68250030791387 ], [ 14263349.452417425811291, 4170790.301285698078573 ], [ 14263356.706469047814608, 4170784.224485845305026 ], [ 14263360.164077628403902, 4170777.937880064360797 ] ] ] } },
{ "type": "Feature", "properties": { "UserID": null, "number": "9", "개설여부": "개설", "검토": null, "변경사항": "변경없음", "연장": 1609, "시점": "사천시 정동면 고읍리", "종점": "사천시 정동면 감곡리" }, "geometry": { "type": "MultiLineString", "coordinates": [ [ [ 14264183.93905433639884, 4171085.557692584116012 ], [ 14264187.777620354667306, 4171084.008745939470828 ], [ 14264299.658546699211001, 4171106.613522906322032 ], [ 14264366.799103002995253, 4171119.403306418564171 ], [ 14264503.895325146615505, 4171147.416908413637429 ], [ 14264512.52124291472137, 4171149.485451985150576 ] ], [ [ 14264512.52124291472137, 4171149.485451985150576 ], [ 14264556.658793114125729, 4170963.667653412558138 ], [ 14264566.848711686208844, 4170969.782829803414643 ], [ 14264573.81748172827065, 4170971.44823967712 ], [ 14264580.371182415634394, 4170971.772472457028925 ], [ 14264587.158880580216646, 4170970.553829415235668 ], [ 14264591.783684028312564, 4170969.066117759328336 ], [ 14264596.253543376922607, 4170967.152016847394407 ], [ 14264602.909593719989061, 4170963.235088180750608 ], [ 14264617.329689711332321, 4170954.473076824098825 ], [ 14264629.488324267789721, 4170947.873108045198023 ], [ 14264634.725520052015781, 4170944.83720754692331 ], [ 14264640.740496387705207, 4170942.116743771824986 ], [ 14264661.518963385373354, 4170934.370319228153676 ], [ 14264686.699359644204378, 4170925.246533351950347 ], [ 14264697.987355139106512, 4170921.125523529481143 ], [ 14264707.267425909638405, 4170918.619010358117521 ], [ 14264716.313374785706401, 4170916.746194514445961 ], [ 14264727.631762307137251, 4170914.99858308583498 ], [ 14264736.116123095154762, 4170914.354637525044382 ], [ 14264747.264178672805429, 4170914.164118058979511 ], [ 14264756.883848750963807, 4170914.820687480270863 ], [ 14264765.218560498207808, 4170915.89443270675838 ], [ 14264776.881410587579012, 4170917.862625677604228 ], [ 14264788.966221142560244, 4170920.074116858653724 ], [ 14264800.549903063103557, 4170922.036960081197321 ], [ 14264816.050248401239514, 4170924.731114274356514 ], [ 14264822.838721510022879, 4170925.61015643319115 ], [ 14264828.189289564266801, 4170926.12602906441316 ], [ 14264835.14999358728528, 4170926.467554185539484 ], [ 14264840.665817026048899, 4170926.423127840738744 ], [ 14264848.552657131105661, 4170925.970499798189849 ], [ 14264854.561133652925491, 4170925.225339318159968 ], [ 14264859.663952779024839, 4170924.284781376365572 ], [ 14264870.540661877021194, 4170922.315655185841024 ], [ 14264887.229993795976043, 4170919.102829665411264 ], [ 14264904.553286340087652, 4170915.800999779254198 ], [ 14264916.514256382361054, 4170913.555689758621156 ], [ 14264925.82816181704402, 4170912.57277929643169 ], [ 14264940.394408829510212, 4170911.709431506227702 ], [ 14264952.249218111857772, 4170911.279997420031577 ], [ 14264959.735317615792155, 4170911.304376237094402 ], [ 14264968.750514682382345, 4170911.214481306262314 ], [ 14264981.265648698434234, 4170911.079338758252561 ], [ 14264989.473855556920171, 4170910.483337317127734 ], [ 14264994.07198080047965, 4170910.177667999640107 ], [ 14265004.382689295336604, 4170909.167572230566293 ], [ 14265018.68555798754096, 4170907.351670807227492 ], [ 14265030.108215142041445, 4170905.769309398252517 ], [ 14265048.873647443950176, 4170903.242251882329583 ], [ 14265064.602249132469296, 4170901.090091885533184 ], [ 14265077.715404042974114, 4170899.327596304006875 ], [ 14265088.98124791122973, 4170897.982423843350261 ], [ 14265104.134798910468817, 4170896.401939287781715 ], [ 14265121.547381795942783, 4170895.45195711357519 ], [ 14265139.512632431462407, 4170896.207843001000583 ], [ 14265157.577242629602551, 4170898.898098026867956 ], [ 14265174.144398871809244, 4170901.751915643922985 ], [ 14265190.057841470465064, 4170904.987216163426638 ], [ 14265200.479682764038444, 4170907.252970654517412 ], [ 14265213.48893179744482, 4170911.012524275574833 ], [ 14265224.886943567544222, 4170914.473700624424964 ], [ 14265241.775097129866481, 4170921.276702411938459 ], [ 14265261.826049771159887, 4170931.839257820509374 ], [ 14265278.475501516833901, 4170939.119663242716342 ], [ 14265316.713929651305079, 4170954.840990078635514 ], [ 14265337.618564320728183, 4170961.222404872998595 ], [ 14265357.422955056652427, 4170964.743185448460281 ], [ 14265393.07085838355124, 4170965.183283020742238 ], [ 14265472.288421338424087, 4170967.163722094614059 ], [ 14265505.29573923163116, 4170965.183283020742238 ], [ 14265523.119690900668502, 4170961.662502445746213 ], [ 14265545.564667068421841, 4170951.320209505036473 ], [ 14265570.210131099447608, 4170940.537818990647793 ], [ 14265586.71379004791379, 4170934.596501769963652 ], [ 14265602.337253851816058, 4170932.396013911347836 ], [ 14265618.620864013209939, 4170932.616062696557492 ], [ 14265651.848230693489313, 4170935.476696914993227 ], [ 14265665.051157854497433, 4170935.476696913596243 ], [ 14265688.156280377879739, 4170939.657623846549541 ], [ 14265782.557209566235542, 4170956.161282795015723 ], [ 14265800.381161225959659, 4170957.481575511395931 ], [ 14265812.703893242403865, 4170956.82142915436998 ], [ 14265827.667210688814521, 4170952.420453434810042 ], [ 14265905.784529712051153, 4170921.3935746117495 ], [ 14265948.644682746380568, 4170906.804670115467161 ] ] ] } },
{ "type": "Feature", "properties": { "UserID": null, "number": "14", "개설여부": "미개설", "검토": null, "변경사항": "변경없음", "연장": 694, "시점": "사천시 사천읍용당리", "종점": "사천시 송포동" }, "geometry": { "type": "MultiLineString", "coordinates": [ [ [ 14254845.005758382380009, 4160388.56587607646361 ], [ 14254845.346308674663305, 4160387.054715070407838 ], [ 14255031.778633130714297, 4159559.747299295384437 ] ] ] } },
{ "type": "Feature", "properties": { "UserID": null, "number": "14", "개설여부": "개설", "검토": null, "변경사항": "변경없음", "연장": 17618, "시점": "사천시 사천읍용당리", "종점": "사천시 송포동" }, "geometry": { "type": "MultiLineString", "coordinates": [ [ [ 14252965.628514796495438, 4167075.962314197327942 ], [ 14252995.812965357676148, 4166984.742350206244737 ], [ 14253009.809609889984131, 4166951.341266655363142 ], [ 14253031.440787807106972, 4166924.302294258028269 ], [ 14253051.163332380354404, 4166907.760805261321366 ], [ 14253060.070287995040417, 4166888.356366246473044 ], [ 14253059.752182438969612, 4166843.821588179562241 ], [ 14253061.024604668840766, 4166802.467865689191967 ], [ 14253062.716339396312833, 4166796.712076412513852 ], [ 14253067.165739281103015, 4166791.372796551324427 ], [ 14253080.019561175256968, 4166783.561627860181034 ], [ 14253087.427365951240063, 4166780.200476652011275 ], [ 14253092.497051669284701, 4166780.3561279787682 ], [ 14253096.783693134784698, 4166781.33848331309855 ], [ 14253100.891724545508623, 4166782.767363802529871 ], [ 14253104.215048098936677, 4166784.010833741631359 ], [ 14253135.074985560029745, 4166806.082174805458635 ], [ 14253159.383616769686341, 4166825.799684068188071 ], [ 14253184.786822373047471, 4166837.837531474884599 ], [ 14253212.756492650136352, 4166848.362141820136458 ], [ 14253244.853128742426634, 4166854.312498255167156 ], [ 14253257.591694774106145, 4166856.486573115456849 ], [ 14253268.828785425052047, 4166855.569994595367461 ], [ 14253291.327547429129481, 4166851.173622521106154 ], [ 14253314.302209572866559, 4166850.370596585329622 ], [ 14253334.676070518791676, 4166854.669198803137988 ], [ 14253356.536710629239678, 4166863.59630461782217 ], [ 14253373.7601905670017, 4166877.092691680882126 ], [ 14253388.873608827590942, 4166897.746264519169927 ], [ 14253396.322266606613994, 4166919.351118253078312 ], [ 14253398.643053099513054, 4166943.469867132604122 ], [ 14253397.342379570007324, 4166972.680542526300997 ], [ 14253407.803998820483685, 4166999.441570054274052 ], [ 14253421.061102030798793, 4167016.202675640583038 ], [ 14253457.246234945952892, 4167031.513522490859032 ], [ 14253491.600284248590469, 4167049.526787731796503 ], [ 14253509.964144611731172, 4167064.211955800186843 ], [ 14253526.518565945327282, 4167079.333006585016847 ], [ 14253538.738075718283653, 4167099.399256885517389 ], [ 14253558.447359506040812, 4167138.579418285749853 ], [ 14253569.549607021734118, 4167157.501524172723293 ], [ 14253583.383490523323417, 4167173.956470181699842 ], [ 14253596.588174600154161, 4167185.418245944194496 ], [ 14253616.451209267601371, 4167199.038708879612386 ] ], [ [ 14253064.268765524029732, 4167339.762554524000734 ], [ 14253054.188360219821334, 4167335.877509376034141 ], [ 14253038.82607002183795, 4167324.170658018440008 ], [ 14253029.411763647571206, 4167312.918495344929397 ], [ 14253008.833827432245016, 4167265.966998132877052 ], [ 14252997.517688667401671, 4167246.1282770303078 ], [ 14252985.789504606276751, 4167227.918827142100781 ], [ 14252972.561287332326174, 4167200.688098256941885 ], [ 14252962.725687423720956, 4167171.376827917061746 ], [ 14252959.068908153101802, 4167139.057637745514512 ], [ 14252959.766805943101645, 4167119.513402711600065 ], [ 14252959.872297693043947, 4167116.53589336713776 ], [ 14252959.883793706074357, 4167116.228472353424877 ], [ 14252965.012844620272517, 4167078.056072441395372 ], [ 14252965.628514798358083, 4167075.962314197327942 ] ], [ [ 14253064.268765524029732, 4167339.762554524000734 ], [ 14253064.645398059859872, 4167350.695403524208814 ] ], [ [ 14253635.57515118829906, 4168124.770489911548793 ], [ 14253162.517605157569051, 4167601.732997815124691 ], [ 14253146.132737806066871, 4167568.005501570180058 ], [ 14253137.173390662297606, 4167534.35006757080555 ], [ 14253132.783311352133751, 4167508.198678724933416 ], [ 14253117.344756603240967, 4167472.615687356330454 ], [ 14253075.105886371806264, 4167424.651016663759947 ], [ 14253068.841733215376735, 4167400.346578073687851 ], [ 14253064.645398059859872, 4167350.695403523743153 ] ], [ [ 14253288.827531164512038, 4169553.276882262900472 ], [ 14253290.514310030266643, 4169562.731984235346317 ], [ 14253299.935109291225672, 4169611.671592807397246 ], [ 14253309.549104625359178, 4169658.031134796794504 ], [ 14253313.721692271530628, 4169680.642936483956873 ], [ 14253322.207209685817361, 4169726.630300300661474 ], [ 14253330.136104881763458, 4169769.603808912448585 ], [ 14253344.482017371803522, 4169848.221494317986071 ], [ 14253351.539155283942819, 4169878.816501988563687 ], [ 14253358.742221122607589, 4169897.380714411847293 ], [ 14253376.791930332779884, 4169939.672122274991125 ], [ 14253402.803455507382751, 4169995.477538088802248 ], [ 14253419.093331448733807, 4170026.913481650874019 ], [ 14253431.892170188948512, 4170047.592166149523109 ], [ 14253462.290282838046551, 4170078.441559037193656 ], [ 14253593.714815920218825, 4170157.432668956927955 ] ], [ [ 14253288.827531164512038, 4169553.276882262900472 ], [ 14253300.910961221903563, 4169501.141722799744457 ], [ 14253310.015633998438716, 4169481.41493178717792 ], [ 14253361.608779722824693, 4169444.616879317443818 ], [ 14253379.059402545914054, 4169422.803600792307407 ], [ 14253379.759480955079198, 4169398.094229332171381 ], [ 14253374.337306257337332, 4169393.353187900502235 ], [ 14253352.868309615179896, 4169374.581078857183456 ], [ 14253338.551856847479939, 4169350.193078058306128 ], [ 14253329.548303782939911, 4169323.531259219162166 ], [ 14253327.059526579454541, 4169289.956736128777266 ], [ 14253315.250998435541987, 4169228.222833885345608 ], [ 14253300.156376536935568, 4169181.571568487677723 ], [ 14253261.23279532417655, 4169068.088335691019893 ], [ 14253257.127221634611487, 4169047.951975100208074 ], [ 14253255.55573258921504, 4169022.193233294412494 ], [ 14253257.914232008159161, 4168983.185689942445606 ], [ 14253271.201595913618803, 4168942.457179571967572 ], [ 14253286.083126153796911, 4168907.889392332173884 ], [ 14253294.817355519160628, 4168876.417786506004632 ], [ 14253296.375762384384871, 4168851.852337038610131 ], [ 14253296.381719781085849, 4168799.535888131242245 ], [ 14253303.182963380590081, 4168762.731198464054614 ], [ 14253317.099304728209972, 4168725.331168117932975 ] ], [ [ 14253317.099304728209972, 4168725.331168117932975 ], [ 14253357.39510777592659, 4168648.594588893465698 ] ], [ [ 14253357.39510777592659, 4168648.594588892534375 ], [ 14253428.594934571534395, 4168514.879171545151621 ], [ 14253460.346155716106296, 4168470.899333284702152 ], [ 14253530.74976128526032, 4168396.780497866682708 ], [ 14253568.005405053496361, 4168359.615319948643446 ], [ 14253601.228847943246365, 4168304.920944571960717 ], [ 14253612.744484037160873, 4168257.772097580134869 ], [ 14253615.659644655883312, 4168204.115969738457352 ], [ 14253624.831789573654532, 4168169.0204873457551 ], [ 14253644.795016150921583, 4168135.977905423380435 ], [ 14253635.575151186436415, 4168124.770489911548793 ] ], [ [ 14253737.077982306480408, 4170297.991980027873069 ], [ 14253748.062960406765342, 4170284.046150977257639 ], [ 14253735.448708459734917, 4170258.230937689077109 ], [ 14253710.513559259474277, 4170228.895468042232096 ], [ 14253636.001466358080506, 4170180.491943127010018 ], [ 14253593.714815920218825, 4170157.432668957393616 ] ], [ [ 14253616.451209265738726, 4167199.038708879146725 ], [ 14253662.087252788245678, 4167219.351853581611067 ], [ 14253679.918143954128027, 4167235.435619287658483 ] ], [ [ 14253679.918143954128027, 4167235.435619287658483 ], [ 14253690.461214439943433, 4167242.336919780820608 ], [ 14253700.762101490050554, 4167247.824626200366765 ], [ 14253710.183186419308186, 4167251.764251131098717 ], [ 14253726.244110118597746, 4167256.409244718961418 ], [ 14253741.062433183193207, 4167257.321685037575662 ], [ 14253771.369733616709709, 4167255.817242745775729 ], [ 14253792.537511996924877, 4167252.584793852642179 ], [ 14253809.406611764803529, 4167248.922189376782626 ], [ 14253826.049452213570476, 4167244.23664754582569 ], [ 14253843.27494652569294, 4167240.156297629699111 ], [ 14253858.439749164506793, 4167235.719759650994092 ], [ 14253868.710927162319422, 4167231.081263660918921 ], [ 14253876.749247077852488, 4167225.931746162474155 ], [ 14253885.727003084495664, 4167219.502459375653416 ], [ 14253897.412019401788712, 4167206.840491491369903 ], [ 14253911.845749771222472, 4167191.270358927547932 ], [ 14253917.3283561617136, 4167183.100901918485761 ], [ 14253922.297128906473517, 4167172.726080114021897 ], [ 14253922.394085554406047, 4167162.54401257680729 ], [ 14253921.979437040165067, 4167153.648724243510514 ], [ 14253922.509269021451473, 4167142.965769404545426 ], [ 14253924.152876844629645, 4167130.756836278829724 ], [ 14253928.398949831724167, 4167114.639732438605279 ], [ 14253937.068097926676273, 4167099.67622382286936 ], [ 14254019.75258007645607, 4166949.288843927904963 ], [ 14254065.395171204581857, 4166866.048625401221216 ], [ 14254131.499103277921677, 4166743.146726061590016 ], [ 14254141.059725495055318, 4166717.954250872600824 ], [ 14254157.462735179811716, 4166683.95714255888015 ], [ 14254183.791485503315926, 4166632.854764280840755 ], [ 14254251.868305373936892, 4166505.932632595300674 ], [ 14254295.136561911553144, 4166425.78048754343763 ], [ 14254341.759053651243448, 4166338.580440267920494 ], [ 14254432.248686853796244, 4166169.930856365244836 ], [ 14254446.411755234003067, 4166144.59915954945609 ], [ 14254450.059319598600268, 4166139.678894662763923 ], [ 14254456.644302757456899, 4166132.960022555664182 ], [ 14254466.319432135671377, 4166124.672441503498703 ], [ 14254487.053238717839122, 4166109.642463882919401 ], [ 14254492.881656672805548, 4166106.427085328381509 ], [ 14254499.808194730430841, 4166104.276816726196557 ], [ 14254507.86607776209712, 4166102.064539854414761 ], [ 14254544.229422295466065, 4166092.108299036510289 ] ], [ [ 14257615.265148922801018, 4174858.195235653314739 ], [ 14257587.097359390929341, 4174861.259689118247479 ], [ 14257544.97838019579649, 4174856.592123181093484 ], [ 14257529.741396930068731, 4174899.949993226211518 ], [ 14257519.471516724675894, 4174930.342292283661664 ], [ 14257505.951563533395529, 4174967.614448502659798 ], [ 14257494.700556166470051, 4174989.919200771953911 ], [ 14257483.60720631107688, 4175007.064756565261632 ], [ 14257472.868901370093226, 4175020.646544917020947 ], [ 14257462.034525802358985, 4175033.498998386785388 ], [ 14257445.986724432557821, 4175047.735144494101405 ], [ 14257425.779674699530005, 4175062.606941045261919 ], [ 14257409.874526605010033, 4175073.584436403587461 ], [ 14257395.502695519477129, 4175082.702940347138792 ], [ 14257378.579181663691998, 4175091.817985684610903 ], [ 14257353.816742837429047, 4175103.1529017589055 ], [ 14257335.634688928723335, 4175110.522922833450139 ], [ 14257314.828985620290041, 4175117.615335972514004 ], [ 14257298.069451227784157, 4175120.933857093099505 ], [ 14257283.41698594391346, 4175122.994762583170086 ], [ 14257257.771524164825678, 4175125.549881651997566 ], [ 14257179.460304528474808, 4175130.150493311695755 ], [ 14257104.265685884281993, 4175136.36369596188888 ], [ 14256858.730809794738889, 4175159.675398550927639 ], [ 14256812.38165763579309, 4175160.909725881181657 ], [ 14256798.148412983864546, 4175160.900032619014382 ], [ 14256781.84461909532547, 4175159.018705524038523 ], [ 14256762.546513957902789, 4175155.078548986464739 ], [ 14256735.88510081730783, 4175148.326077892910689 ], [ 14256698.68761346116662, 4175137.994823744054884 ], [ 14256671.723754717037082, 4175128.984671202022582 ], [ 14256654.344607654958963, 4175122.90653976239264 ], [ 14256628.637471970170736, 4175111.488857674412429 ], [ 14256591.624361442402005, 4175093.334247805178165 ], [ 14256553.901660596951842, 4175074.049703950993717 ], [ 14256532.9541408829391, 4175062.473252853378654 ], [ 14256512.588463854044676, 4175049.943014360032976 ], [ 14256449.606568481773138, 4175007.26126373372972 ], [ 14256418.494018033146858, 4174986.003931257408112 ], [ 14256390.406128402799368, 4174966.492677523288876 ], [ 14256361.03712453506887, 4174946.200475058052689 ], [ 14256328.835804831236601, 4174923.815034191589803 ], [ 14256291.170045191422105, 4174897.900280492845923 ], [ 14256277.188093718141317, 4174888.421176195610315 ], [ 14256254.332599448040128, 4174871.590107378084213 ], [ 14256223.573771461844444, 4174848.439774489030242 ], [ 14256182.401477407664061, 4174820.458964513614774 ], [ 14256117.904914107173681, 4174776.334011462051421 ], [ 14256054.890779592096806, 4174732.89184066047892 ], [ 14256020.649569699540734, 4174709.442353719379753 ], [ 14255990.377702029421926, 4174688.430015513207763 ], [ 14255943.477069769054651, 4174656.236012899782509 ], [ 14255909.541227720677853, 4174633.104309129994363 ], [ 14255826.016137111932039, 4174575.757040487602353 ], [ 14255785.247826907783747, 4174548.610522428527474 ], [ 14255726.970815258100629, 4174509.191664718091488 ], [ 14255604.982596596702933, 4174427.310680659953505 ], [ 14255543.149285353720188, 4174385.964855138212442 ], [ 14255502.083105271682143, 4174358.396653026342392 ], [ 14255411.115281397476792, 4174297.437806138768792 ], [ 14255312.959432365372777, 4174231.549134340602905 ], [ 14255292.703684033825994, 4174217.041110443882644 ], [ 14255272.470849918201566, 4174201.270110653713346 ], [ 14255239.045430015772581, 4174171.804053836036474 ], [ 14255131.148365296423435, 4174077.240778076462448 ], [ 14255074.21910316310823, 4174025.931482216343284 ], [ 14255068.406560802832246, 4174021.420995035674423 ], [ 14255054.962264116853476, 4174009.604322110302746 ], [ 14255044.296242287382483, 4174000.008916163817048 ], [ 14254816.631981367245317, 4173798.755827676970512 ], [ 14254797.154770366847515, 4173782.265730686485767 ], [ 14254789.643839359283447, 4173775.643740869127214 ], [ 14254752.439634552225471, 4173742.420312978792936 ], [ 14254580.714666150510311, 4173591.464726169127971 ], [ 14254541.641246594488621, 4173555.871925768908113 ], [ 14254529.354102889075875, 4173545.913104121573269 ], [ 14254461.1784160528332, 4173485.061903818510473 ], [ 14254372.794384924694896, 4173407.301746136974543 ], [ 14254318.947753427550197, 4173359.368545759469271 ], [ 14254297.245846780017018, 4173340.20834347512573 ], [ 14254288.971233353018761, 4173328.567371654324234 ], [ 14254282.33927365578711, 4173319.237072882708162 ], [ 14254277.334294090047479, 4173312.196453390643001 ], [ 14254053.687100114300847, 4173115.582086720969528 ], [ 14253951.800783449783921, 4173012.740713646169752 ], [ 14253899.736188115552068, 4172954.61232035420835 ], [ 14253827.716230925172567, 4172852.495408055372536 ], [ 14253827.569657888263464, 4172852.253727377858013 ], [ 14253794.024309325963259, 4172796.889517394825816 ], [ 14253764.5445546079427, 4172735.363162335939705 ], [ 14253758.938915690407157, 4172724.836721708066761 ], [ 14253744.335048148408532, 4172697.413545525167137 ], [ 14253689.579067941755056, 4172548.530281485524029 ], [ 14253647.07626330666244, 4172442.368786219507456 ], [ 14253591.87882187217474, 4172298.690123899374157 ], [ 14253560.776358492672443, 4172211.777744590770453 ], [ 14253559.89807709492743, 4172209.323816203977913 ], [ 14253466.246839322149754, 4171971.014618553221226 ], [ 14253456.480733321979642, 4171916.834912575315684 ], [ 14253456.884482093155384, 4171874.71590342046693 ], [ 14253463.686706390231848, 4171784.137983965221792 ], [ 14253457.031175838783383, 4171735.552865082398057 ], [ 14253455.061662089079618, 4171731.996350166387856 ], [ 14253432.922027597203851, 4171692.025615984108299 ], [ 14253407.419361684471369, 4171659.591285808477551 ], [ 14253353.558647381141782, 4171614.364196537993848 ], [ 14253329.854884251952171, 4171580.159011489711702 ], [ 14253303.704476347193122, 4171522.593873370904475 ], [ 14253269.109167015179992, 4171417.651037472765893 ], [ 14253238.246372243389487, 4171294.862497645895928 ], [ 14253214.463197816163301, 4171176.436147495638579 ], [ 14253211.263802044093609, 4171138.854289114009589 ], [ 14253194.461809482425451, 4171034.891312180552632 ], [ 14253184.524922411888838, 4170797.941820065490901 ], [ 14253178.159260345622897, 4170595.949471574276686 ], [ 14253187.386963928118348, 4170541.205340676475316 ], [ 14253214.202627332881093, 4170467.480788251385093 ], [ 14253261.247493175789714, 4170408.296918765176088 ], [ 14253307.34882939979434, 4170364.996149549726397 ], [ 14253388.387587377801538, 4170328.829301011282951 ], [ 14253459.078711872920394, 4170316.825893123168498 ], [ 14253463.663860481232405, 4170316.04786592675373 ], [ 14253689.686377260833979, 4170298.681834072805941 ], [ 14253737.077982308343053, 4170297.991980027873069 ] ], [ [ 14254845.005758382380009, 4160388.56587607646361 ], [ 14254831.439365660771728, 4160450.822639611549675 ], [ 14254810.758136089891195, 4160536.247099684085697 ], [ 14254800.094388734549284, 4160580.376309083309025 ], [ 14254784.344723908230662, 4160645.550901962444186 ], [ 14254761.35060833580792, 4160740.486492683179677 ], [ 14254755.62975861504674, 4160751.190742702689022 ], [ 14254749.911120388656855, 4160773.913895891048014 ], [ 14254735.498800538480282, 4160831.282316943630576 ], [ 14254733.749487739056349, 4160838.246784932911396 ], [ 14254730.171273974701762, 4160857.370743388775736 ], [ 14254726.820324845612049, 4160867.410719061736017 ], [ 14254725.297268657013774, 4160871.072297869250178 ], [ 14254719.055450767278671, 4160886.454377481713891 ], [ 14254713.300188284367323, 4160894.468066631816328 ], [ 14254702.903059547767043, 4160907.48386932676658 ], [ 14254693.528831085190177, 4160917.132106661330909 ], [ 14254683.609076330438256, 4160925.941214031074196 ], [ 14254670.610449625179172, 4160934.058449155651033 ], [ 14254662.819044707342982, 4160937.461837006732821 ], [ 14254656.424091909080744, 4160939.765424402896315 ], [ 14254649.199143638834357, 4160941.921485861297697 ], [ 14254638.64882543310523, 4160944.186621973291039 ], [ 14254626.15929102525115, 4160946.292409012559801 ], [ 14254558.006617769598961, 4160958.473673812579364 ], [ 14254514.065506583079696, 4160966.901240594685078 ], [ 14254447.392041340470314, 4160979.261298512108624 ], [ 14254388.658761048689485, 4160989.752341819461435 ], [ 14254353.36323619633913, 4160995.961060810368508 ], [ 14254331.866321597248316, 4160998.935459570493549 ], [ 14254323.932996148243546, 4161000.45021141320467 ], [ 14254317.217782938852906, 4161003.476716143544763 ], [ 14254309.0660445317626, 4161008.352027299813926 ], [ 14254294.497785501182079, 4161019.20300032896921 ], [ 14254281.315686050802469, 4161030.554621148388833 ], [ 14254276.418767552822828, 4161035.688867184799165 ], [ 14254272.947564037516713, 4161040.241630184929818 ], [ 14254270.359703827649355, 4161045.229007137473673 ], [ 14254266.816844269633293, 4161054.118518974166363 ], [ 14254253.378411708399653, 4161077.052154437173158 ], [ 14254233.025996081531048, 4161110.834221781231463 ], [ 14254220.038179632276297, 4161134.569451289717108 ], [ 14254214.785047521814704, 4161139.465182857122272 ], [ 14254212.637458235025406, 4161141.347596997860819 ], [ 14254187.745168091729283, 4161163.178394137416035 ], [ 14254176.491047095507383, 4161173.279847019352019 ], [ 14254139.464036963880062, 4161205.235459889750928 ], [ 14254115.412221319973469, 4161230.95500572770834 ], [ 14254111.22648736089468, 4161239.613119438756257 ], [ 14254088.118892660364509, 4161322.417801992502064 ], [ 14254086.773499634116888, 4161327.238391412887722 ], [ 14254086.309043435379863, 4161328.903065975289792 ], [ 14254077.297517010942101, 4161344.800089927390218 ], [ 14254071.62306360527873, 4161352.191216327250004 ], [ 14254060.671720091253519, 4161362.983852264937013 ], [ 14254044.295534860342741, 4161375.812359099742025 ], [ 14254041.66136428527534, 4161377.191692065447569 ], [ 14254033.392532518133521, 4161381.519658735953271 ], [ 14254012.935983315110207, 4161384.229209078475833 ], [ 14253992.898508723825216, 4161380.949518145527691 ], [ 14253984.337890099734068, 4161379.941481214947999 ], [ 14253966.247352559119463, 4161377.810758543200791 ], [ 14253966.122969971969724, 4161377.81446188967675 ], [ 14253957.853452244773507, 4161379.522930669598281 ], [ 14253942.122429978102446, 4161395.12511844560504 ], [ 14253941.183279937133193, 4161396.196197863202542 ], [ 14253761.429590072482824, 4161601.121811786666512 ], [ 14253752.793292332440615, 4161615.568922021891922 ], [ 14253742.837917314842343, 4161635.634211598429829 ], [ 14253739.680749997496605, 4161644.412612113635987 ], [ 14253737.996186759322882, 4161650.389759500510991 ], [ 14253736.261362766847014, 4161661.633590317331254 ], [ 14253736.527691438794136, 4161676.394270670600235 ], [ 14253739.912700610235333, 4161691.138464456424117 ], [ 14253744.398240700364113, 4161704.258375985082239 ], [ 14253756.409454913809896, 4161724.535323238465935 ], [ 14253770.2865193746984, 4161748.973236023914069 ], [ 14253837.792446823790669, 4161864.808871428482234 ], [ 14253844.692687714472413, 4161880.678272753488272 ], [ 14253848.357540044933558, 4161894.607319875154644 ], [ 14253849.645587062463164, 4161901.703162806574255 ], [ 14253850.62190192937851, 4161910.295000758487731 ], [ 14253850.543991724029183, 4161918.467665856238455 ], [ 14253848.228668801486492, 4161933.702286391984671 ], [ 14253840.099713360890746, 4161961.414265890140086 ], [ 14253810.78442901186645, 4162046.883924819529057 ], [ 14253751.940568413585424, 4162218.440134269185364 ], [ 14253743.580904876813293, 4162241.790582246147096 ], [ 14253738.012946778908372, 4162256.858350089751184 ], [ 14253731.371694661676884, 4162270.689870015718043 ], [ 14253719.82413031347096, 4162289.786918592639267 ], [ 14253662.040700597688556, 4162381.559906956274062 ], [ 14253657.765133878216147, 4162388.179931145627052 ], [ 14253645.111423859372735, 4162405.34329878538847 ], [ 14253579.457209561020136, 4162469.966167737264186 ], [ 14253539.106896122917533, 4162505.87745778914541 ], [ 14253484.304649315774441, 4162552.014153863303363 ], [ 14253447.953777205199003, 4162579.276819696649909 ], [ 14253417.887034241110086, 4162602.815814876463264 ], [ 14253405.300178755074739, 4162614.612497811671346 ], [ 14253404.307079669088125, 4162615.826419461518526 ], [ 14253396.209430433809757, 4162625.576551927253604 ], [ 14253389.767688106745481, 4162636.183712575118989 ], [ 14253386.782847793772817, 4162642.934260935988277 ], [ 14253383.763004014268517, 4162651.625532553531229 ], [ 14253366.462552493438125, 4162705.337730230763555 ], [ 14253347.165673840790987, 4162763.201565891038626 ], [ 14253341.4895194247365, 4162777.696127386763692 ], [ 14253302.011759616434574, 4162869.082427356392145 ], [ 14253289.831586841493845, 4162897.333032678347081 ], [ 14253280.80378389172256, 4162917.27483338676393 ], [ 14253276.773457853123546, 4162931.844954746775329 ], [ 14253276.279836492612958, 4162940.012083666864783 ], [ 14253277.072737080976367, 4162953.650789702311158 ], [ 14253279.069891048595309, 4162967.595203325152397 ], [ 14253285.797074010595679, 4162995.915450192522258 ], [ 14253290.48911059461534, 4163020.71198350423947 ], [ 14253294.125576552003622, 4163048.156932367477566 ], [ 14253294.942598562687635, 4163063.992997690103948 ], [ 14253294.677349070087075, 4163097.240566068328917 ], [ 14253293.371948335319757, 4163117.419895160011947 ], [ 14253289.644026746973395, 4163143.507153618149459 ], [ 14253282.876166300848126, 4163173.466968638356775 ], [ 14253270.827978692948818, 4163212.852326306048781 ], [ 14253251.778153954073787, 4163275.213522888254374 ], [ 14253241.513028787449002, 4163308.087076735682786 ], [ 14253236.506100282073021, 4163327.120538459159434 ], [ 14253233.052251568064094, 4163341.734030718449503 ], [ 14253225.913506971672177, 4163380.216598837636411 ], [ 14253221.474188718944788, 4163413.661773435305804 ], [ 14253219.312204990535975, 4163445.836702762637287 ], [ 14253218.823837958276272, 4163480.874809350818396 ], [ 14253220.135891189798713, 4163531.879168937448412 ], [ 14253221.36102775670588, 4163578.554906352888793 ], [ 14253222.520558731630445, 4163590.454182200133801 ], [ 14253226.036903021857142, 4163605.621425413060933 ], [ 14253231.826382400467992, 4163624.554834969341755 ], [ 14253239.463456002995372, 4163639.518035914283246 ], [ 14253248.963026199489832, 4163653.661475271452218 ], [ 14253329.576930211856961, 4163746.194202180951834 ], [ 14253343.305517224594951, 4163763.635506183374673 ], [ 14253347.585173465311527, 4163772.444473759736866 ], [ 14253355.297910215333104, 4163788.31860226392746 ], [ 14253358.123720902949572, 4163802.768752055242658 ], [ 14253359.520735204219818, 4163811.716460518538952 ], [ 14253360.130667693912983, 4163825.308630623389035 ], [ 14253358.738335082307458, 4163835.345251158345491 ], [ 14253352.612120267003775, 4163855.851665906608105 ], [ 14253343.706645822152495, 4163876.517424198333174 ], [ 14253283.352740151807666, 4164008.820241027511656 ], [ 14253279.595572985708714, 4164018.64060232648626 ], [ 14253272.711571872234344, 4164036.635061821434647 ], [ 14253263.794052146375179, 4164077.727373194415122 ], [ 14253263.934927079826593, 4164090.503220351878554 ], [ 14253264.091276036575437, 4164104.717267085798085 ], [ 14253266.463434187695384, 4164115.733725254423916 ], [ 14253268.5386081635952, 4164124.023132137954235 ], [ 14253271.58985485509038, 4164134.289187285583466 ], [ 14253283.565185962244868, 4164160.648685087449849 ], [ 14253301.919806, 4164198.143145863432437 ], [ 14253308.830301322042942, 4164211.610541630070657 ], [ 14253336.655060155317187, 4164264.366109624505043 ], [ 14253342.32303611934185, 4164272.237134197261184 ], [ 14253351.335917644202709, 4164279.2107875617221 ], [ 14253358.338677104562521, 4164283.187218476552516 ], [ 14253366.076629966497421, 4164285.775567375123501 ], [ 14253398.964572811499238, 4164295.399198881816119 ], [ 14253521.682664904743433, 4164324.037545006256551 ], [ 14253540.707749538123608, 4164330.176780776586384 ], [ 14253549.18971936032176, 4164334.539764780085534 ], [ 14253566.441672123968601, 4164349.874540091492236 ], [ 14253607.374921267852187, 4164409.456971149891615 ], [ 14253616.094625905156136, 4164425.826611880213022 ], [ 14253618.239156240597367, 4164434.037232470232993 ], [ 14253619.463569363579154, 4164441.680411937180907 ], [ 14253620.125430887565017, 4164449.875518650747836 ], [ 14253619.301694814115763, 4164458.616101184394211 ], [ 14253612.861842814832926, 4164473.165096903219819 ], [ 14253591.417335342615843, 4164506.925949523691088 ], [ 14253588.942121440544724, 4164513.788721087854356 ], [ 14253587.75659342110157, 4164521.593674543313682 ], [ 14253587.200852060690522, 4164540.946184298954904 ], [ 14253589.16361591219902, 4164548.781530675943941 ], [ 14253592.788178140297532, 4164557.285813763737679 ], [ 14253657.917294507846236, 4164654.136800786014646 ], [ 14253704.030660305172205, 4164722.709047272335738 ], [ 14253722.263602215796709, 4164751.735288769938052 ], [ 14253736.172778548672795, 4164789.281281513161957 ], [ 14253751.228972036391497, 4164842.472882129251957 ], [ 14253759.015909938141704, 4164861.440827229060233 ], [ 14253771.99182634241879, 4164880.27135640475899 ], [ 14253784.12046517804265, 4164888.85773593839258 ], [ 14253831.877687191590667, 4164911.466605403460562 ], [ 14253854.049461087211967, 4164918.194521484430879 ], [ 14253906.020392373204231, 4164945.777963561471552 ], [ 14253918.694270715117455, 4164957.439331555273384 ], [ 14253962.768278019502759, 4165018.542290253564715 ], [ 14254021.343955554068089, 4165072.712798313237727 ], [ 14254093.159922320395708, 4165137.43284771265462 ], [ 14254114.831175211817026, 4165154.020636828616261 ], [ 14254252.996858885511756, 4165256.605540929362178 ], [ 14254267.115342561155558, 4165272.375967159401625 ], [ 14254274.795575689524412, 4165283.059594762511551 ], [ 14254288.970671322196722, 4165310.464721603319049 ], [ 14254298.742560049518943, 4165335.128936201334 ], [ 14254314.531693222001195, 4165368.133363980334252 ], [ 14254379.547475604340434, 4165466.387557583861053 ], [ 14254382.63841263204813, 4165472.74578082608059 ], [ 14254397.295930612832308, 4165548.832312240730971 ], [ 14254401.231084369122982, 4165583.306505295448005 ], [ 14254400.669606916606426, 4165603.404453940223902 ], [ 14254396.13473180308938, 4165632.120726587250829 ], [ 14254392.859505739063025, 4165659.051952394656837 ], [ 14254391.511506782844663, 4165670.143106603063643 ], [ 14254389.154050597921014, 4165703.81256055040285 ], [ 14254388.623456865549088, 4165720.6535325772129 ], [ 14254389.248292438685894, 4165732.944619560614228 ], [ 14254394.546008162200451, 4165760.451899684965611 ], [ 14254408.84260973893106, 4165796.608779632020742 ], [ 14254466.128020143136382, 4165875.604731490835547 ], [ 14254487.478123998269439, 4165905.047236142680049 ], [ 14254505.199601517990232, 4165931.837017547804862 ], [ 14254512.857374902814627, 4165964.642615306656808 ], [ 14254544.283049309626222, 4166092.093615929130465 ] ] ] } },
{ "type": "Feature", "properties": { "UserID": null, "number": "18", "개설여부": "개설", "검토": null, "변경사항": "변경없음", "연장": 7343, "시점": "사천시 곤양면 환덕리", "종점": "사천시 곤명면 작팔리" }, "geometry": { "type": "MultiLineString", "coordinates": [ [ [ 14246673.465364554896951, 4177240.799319293815643 ], [ 14246650.772745303809643, 4177247.715054252650589 ], [ 14246621.61416014842689, 4177255.183502534870058 ], [ 14246606.246036497876048, 4177259.771067467983812 ], [ 14246594.81988388299942, 4177264.721754440572113 ], [ 14246585.315453542396426, 4177270.134938859846443 ], [ 14246567.338194474577904, 4177283.1094154343009 ], [ 14246520.214326767250896, 4177320.398347645998001 ], [ 14246486.872534802183509, 4177351.194864256307483 ], [ 14246451.083129931241274, 4177388.047535515390337 ], [ 14246425.364873163402081, 4177417.908509771339595 ], [ 14246372.847783770412207, 4177471.039985446725041 ], [ 14246324.155372809618711, 4177518.063240982126445 ], [ 14246310.345396138727665, 4177531.752662901300937 ], [ 14246289.834404746070504, 4177550.185082804877311 ], [ 14246282.116814032196999, 4177555.726972988341004 ], [ 14246272.729634869843721, 4177563.123033408541232 ], [ 14246261.328853474929929, 4177569.962361590471119 ], [ 14246257.360296020284295, 4177571.350058499723673 ], [ 14246257.231642702594399, 4177571.395330606028438 ], [ 14246246.035984452813864, 4177571.675734417047352 ], [ 14246236.661535626277328, 4177568.768018638249487 ], [ 14246228.859261771664023, 4177564.696789383888245 ], [ 14246214.409708645194769, 4177560.123929074965417 ], [ 14246207.921280523762107, 4177558.774073227308691 ], [ 14246207.063625566661358, 4177558.595968055073172 ], [ 14246192.220955928787589, 4177556.645878128241748 ], [ 14246177.430364172905684, 4177556.285668710712343 ], [ 14246165.38330202922225, 4177556.851511436514556 ], [ 14246145.219282306730747, 4177561.299421347212046 ], [ 14246122.011795338243246, 4177565.734200897160918 ], [ 14246102.930760804563761, 4177567.789575705770403 ], [ 14246085.646293615922332, 4177569.062699628528208 ], [ 14246080.338428732007742, 4177569.975358545314521 ], [ 14246075.018512012436986, 4177572.062743857502937 ], [ 14246051.576513847336173, 4177583.404273263644427 ], [ 14246039.000409722328186, 4177588.527795942034572 ], [ 14246026.716500783339143, 4177592.063739512581378 ], [ 14246015.617646645754576, 4177594.091253372840583 ], [ 14245966.567032676190138, 4177599.707598374225199 ], [ 14245958.077278675511479, 4177602.315178831573576 ], [ 14245926.498998807743192, 4177615.231432290747762 ], [ 14245904.189019067212939, 4177623.432661114726216 ], [ 14245892.229684922844172, 4177628.878830230794847 ], [ 14245882.749230766668916, 4177634.034289555624127 ], [ 14245870.540951389819384, 4177643.625436022877693 ], [ 14245862.199398521333933, 4177651.764186970423907 ], [ 14245853.710448406636715, 4177660.938917862251401 ], [ 14245838.025290390476584, 4177680.724383691791445 ], [ 14245830.17933345399797, 4177694.328092865645885 ], [ 14245826.757528100162745, 4177702.256670335773379 ], [ 14245817.01104437187314, 4177730.189290632493794 ], [ 14245807.628202876076102, 4177759.440424676518887 ], [ 14245795.427707090973854, 4177794.96600406197831 ], [ 14245769.010709598660469, 4177856.293317812494934 ], [ 14245762.020118536427617, 4177871.821693141944706 ], [ 14245749.908027594909072, 4177898.728150640148669 ], [ 14245718.964897492900491, 4177983.522761244792491 ], [ 14245682.04579452984035, 4178100.730121158063412 ], [ 14245679.030552964657545, 4178112.905344322323799 ], [ 14245676.560806270688772, 4178125.460304976906627 ], [ 14245675.011312279850245, 4178135.673788256477565 ], [ 14245670.587824521586299, 4178157.622504764702171 ], [ 14245666.878505274653435, 4178183.726457755081356 ], [ 14245661.208639929071069, 4178219.763809932861477 ], [ 14245657.548776492476463, 4178234.42088945582509 ], [ 14245642.010026156902313, 4178273.190142237115651 ], [ 14245636.116471262648702, 4178290.865639087278396 ], [ 14245630.06243821233511, 4178310.725010061170906 ], [ 14245617.788939386606216, 4178339.947439973242581 ], [ 14245608.719077607616782, 4178358.626357607077807 ], [ 14245594.472939299419522, 4178392.18350132741034 ], [ 14245584.867430634796619, 4178416.152736612129956 ], [ 14245572.085575353354216, 4178434.495125581044704 ], [ 14245567.201691599562764, 4178436.518273869063705 ], [ 14245562.095420787110925, 4178437.847387158777565 ], [ 14245559.643231570720673, 4178438.016891823615879 ], [ 14245538.13064818829298, 4178439.50650486536324 ], [ 14245525.467450652271509, 4178439.697337692137808 ], [ 14245521.691388873383403, 4178438.836330885067582 ], [ 14245509.144526714459062, 4178440.769921164959669 ], [ 14245496.510459076613188, 4178443.10854672966525 ], [ 14245488.589599706232548, 4178444.702688729856163 ], [ 14245479.545038470998406, 4178447.403658538125455 ], [ 14245471.389310903847218, 4178450.224253296386451 ], [ 14245464.684853408485651, 4178452.613517943769693 ], [ 14245457.525572264567018, 4178455.892131579108536 ], [ 14245445.197741750627756, 4178463.811815804801881 ], [ 14245438.347584189847112, 4178469.552686217240989 ], [ 14245427.093899676576257, 4178481.284338856115937 ], [ 14245419.765896759927273, 4178490.261765266302973 ], [ 14245409.354646058753133, 4178502.346828467678279 ], [ 14245408.820189837366343, 4178513.791514107957482 ], [ 14245402.989824274554849, 4178545.288957367185503 ], [ 14245398.712482472881675, 4178586.369127235375345 ], [ 14245396.691521806642413, 4178626.496670967433602 ], [ 14245396.105439303442836, 4178652.168079401366413 ], [ 14245396.295851172879338, 4178678.198407052084804 ], [ 14245398.080829029902816, 4178713.222039279062301 ], [ 14245401.770168598741293, 4178736.334340760949999 ], [ 14245431.513807509094477, 4178899.09960016515106 ], [ 14245443.371688464656472, 4178957.721364980563521 ], [ 14245447.277827996760607, 4178979.008907690644264 ], [ 14245456.197655282914639, 4179025.880837509408593 ], [ 14245459.288681780919433, 4179051.282377596478909 ], [ 14245463.693018313497305, 4179088.446572599932551 ], [ 14245466.203808464109898, 4179115.646313056349754 ], [ 14245467.712217362597585, 4179132.054844902828336 ], [ 14245469.460241172462702, 4179140.481332731433213 ], [ 14245471.652667, 4179152.276301597710699 ], [ 14245475.962137473747134, 4179166.856992596294731 ], [ 14245484.18677906319499, 4179190.812133964616805 ], [ 14245490.583848150447011, 4179205.653250597417355 ], [ 14245495.91139255091548, 4179218.741447649430484 ], [ 14245499.589971128851175, 4179227.552152306772768 ], [ 14245504.315906453877687, 4179238.585025799460709 ], [ 14245509.48293549567461, 4179249.873813897371292 ], [ 14245516.743168143555522, 4179266.667729511857033 ], [ 14245529.445779902860522, 4179295.058881889563054 ], [ 14245541.672243790701032, 4179325.809409329202026 ], [ 14245550.716830490157008, 4179353.62111695529893 ], [ 14245553.997424682602286, 4179364.918814894743264 ], [ 14245556.246803322806954, 4179372.469479172024876 ], [ 14245557.582567123696208, 4179376.962320177815855 ], [ 14245564.596535414457321, 4179399.265692786779255 ], [ 14245572.109266160055995, 4179425.187785405199975 ], [ 14245578.110792322084308, 4179445.961785448249429 ], [ 14245583.542385941371322, 4179465.085517603904009 ], [ 14245589.629274316132069, 4179489.321465932298452 ], [ 14245594.672762455418706, 4179516.915400991216302 ], [ 14245597.35433704406023, 4179530.12417811807245 ], [ 14245600.874974, 4179549.356273340526968 ], [ 14245602.361419431865215, 4179557.831319619435817 ], [ 14245603.510548729449511, 4179566.763027583248913 ], [ 14245606.249795967712998, 4179583.845239092595875 ], [ 14245607.573062788695097, 4179592.381283370777965 ], [ 14245609.082284921780229, 4179601.981002604123205 ], [ 14245609.742656473070383, 4179610.29183808574453 ], [ 14245609.406245198100805, 4179619.336733034811914 ], [ 14245609.381368385627866, 4179625.834312073420733 ], [ 14245607.86149082891643, 4179632.86978942528367 ], [ 14245606.289597967639565, 4179639.108515710104257 ], [ 14245605.807725349441171, 4179641.854814293794334 ], [ 14245601.977371571585536, 4179652.857947485987097 ], [ 14245597.710177274420857, 4179668.458996537607163 ], [ 14245594.091401251032948, 4179681.630788689944893 ], [ 14245591.000925395637751, 4179691.524921535979956 ], [ 14245588.83435595780611, 4179701.51260928157717 ], [ 14245583.248470680788159, 4179719.186374365817755 ], [ 14245575.851375924423337, 4179741.22114025708288 ], [ 14245569.676993124186993, 4179757.832308904733509 ], [ 14245563.444122530519962, 4179770.448634651489556 ], [ 14245558.271109238266945, 4179778.192324685398489 ], [ 14245550.61838554404676, 4179787.213384675327688 ], [ 14245541.502681970596313, 4179798.669149949681014 ], [ 14245523.297539567574859, 4179815.992275508586317 ], [ 14245501.710576396435499, 4179835.528187246527523 ], [ 14245480.686632310971618, 4179855.122913389001042 ], [ 14245440.108934076502919, 4179892.475911484099925 ], [ 14245426.63003246858716, 4179905.876137043815106 ], [ 14245407.864880334585905, 4179922.353537700138986 ], [ 14245389.894479451701045, 4179938.950747016817331 ], [ 14245384.096399551257491, 4179945.649640896823257 ], [ 14245380.828612837940454, 4179950.660032161977142 ], [ 14245376.220595413818955, 4179958.885067479219288 ], [ 14245372.684329934418201, 4179970.390694114845246 ], [ 14245368.897335816174746, 4179983.901733926031739 ], [ 14245362.962898192927241, 4180014.920147208496928 ], [ 14245355.559313125908375, 4180062.909897672012448 ], [ 14245353.265344079583883, 4180082.772688339930028 ], [ 14245354.702559370547533, 4180094.251520806923509 ], [ 14245358.2657232247293, 4180102.418794960249215 ], [ 14245389.636789781972766, 4180142.448131411802024 ], [ 14245398.027192750945687, 4180173.934462120756507 ] ], [ [ 14246673.465364553034306, 4177240.799319293815643 ], [ 14246699.749895488843322, 4177229.370033460203558 ], [ 14246721.217136876657605, 4177217.211595857981592 ], [ 14246753.892937930300832, 4177199.733841808047146 ], [ 14246765.291473181918263, 4177195.934330058284104 ], [ 14246772.700521094724536, 4177194.984452120028436 ], [ 14246783.339153992012143, 4177194.60450094519183 ], [ 14246795.497591596096754, 4177195.364403295330703 ], [ 14246815.255052698776126, 4177199.733841808047146 ], [ 14246828.17339264601469, 4177204.673207083251327 ], [ 14246865.218632215633988, 4177216.831644685473293 ], [ 14246876.61716746725142, 4177218.351449383422732 ], [ 14246889.535507414489985, 4177218.921376147773117 ], [ 14246904.543578831478953, 4177216.451693509239703 ], [ 14246918.601772308349609, 4177212.272230586502701 ], [ 14246944.277358015999198, 4177201.53733500931412 ] ], [ [ 14247859.965851353481412, 4172968.483030675444752 ], [ 14247862.753122437745333, 4172975.706273896619678 ], [ 14247870.975122189149261, 4172987.212818015366793 ], [ 14247883.475123381242156, 4173008.433600554708391 ], [ 14247894.721210762858391, 4173034.442061858717352 ], [ 14247900.761030035093427, 4173050.846428358927369 ], [ 14247905.638928420841694, 4173065.329710739664733 ], [ 14247909.646622100844979, 4173079.806159516330808 ], [ 14247912.543541256338358, 4173098.480648606084287 ], [ 14247972.269664937630296, 4173427.774028449319303 ], [ 14247992.693290820345283, 4173539.522663060110062 ], [ 14248000.321040747687221, 4173585.008545644581318 ], [ 14248018.802688170224428, 4173684.796515561640263 ], [ 14248027.765908412635326, 4173737.80407158844173 ], [ 14248037.54688324034214, 4173787.221137059852481 ], [ 14248045.434694027528167, 4173833.133979372680187 ], [ 14248054.316233728080988, 4173880.576110747642815 ], [ 14248053.305274408310652, 4173894.653747540898621 ], [ 14248029.612017150968313, 4173966.274965812452137 ], [ 14248008.809545144438744, 4174029.198906412813812 ], [ 14248003.846473123878241, 4174045.538911562412977 ], [ 14248002.754539888352156, 4174048.497670962940902 ], [ 14247999.136562559753656, 4174059.356818772852421 ], [ 14247993.356990383937955, 4174074.23070148890838 ], [ 14247987.178191611543298, 4174092.346724910661578 ], [ 14247959.961038392037153, 4174175.368723907507956 ], [ 14247957.785513538867235, 4174182.329845391213894 ], [ 14247957.462656747549772, 4174183.36252493551001 ], [ 14247948.783676467835903, 4174209.516637852415442 ], [ 14247945.202937370166183, 4174219.302888784557581 ], [ 14247944.255900796502829, 4174222.20131817040965 ], [ 14247943.206935996189713, 4174225.40398451173678 ], [ 14247928.090804297477007, 4174265.494837062433362 ], [ 14247921.485363464802504, 4174277.970846763346344 ], [ 14247914.119706057012081, 4174288.0104123740457 ], [ 14247908.051264699548483, 4174295.041082386858761 ], [ 14247887.829384185373783, 4174314.947860341984779 ], [ 14247883.799390845000744, 4174320.260807030368596 ], [ 14247880.461705036461353, 4174325.182350766379386 ], [ 14247877.392661323770881, 4174332.146710756234825 ], [ 14247864.712310452014208, 4174371.387280259281397 ], [ 14247853.652895482257009, 4174402.386024264618754 ], [ 14247842.564234282821417, 4174436.396877156104892 ], [ 14247835.300409717485309, 4174463.051403739489615 ], [ 14247833.633708527311683, 4174469.165773284155875 ], [ 14247826.968484418466687, 4174497.091729466337711 ], [ 14247813.881499543786049, 4174546.832089242525399 ], [ 14247805.880594059824944, 4174582.526269258465618 ], [ 14247799.532977648079395, 4174606.664810417219996 ], [ 14247783.270102616399527, 4174655.781074407510459 ], [ 14247781.033663529902697, 4174666.456754107028246 ], [ 14247779.631312401965261, 4174680.832572586834431 ], [ 14247777.852832613512874, 4174732.447104359976947 ], [ 14247777.660496430471539, 4174751.489443668629974 ], [ 14247779.104358496144414, 4174780.858411601278931 ], [ 14247784.527281848713756, 4174809.013747865799814 ], [ 14247789.233482737094164, 4174831.517048312816769 ], [ 14247791.033341048285365, 4174844.856583262328058 ], [ 14247793.002974808216095, 4174870.149570102803409 ], [ 14247795.386462086811662, 4174883.10765987355262 ], [ 14247804.484137997031212, 4174901.759396973997355 ], [ 14247812.334243580698967, 4174909.913069204427302 ], [ 14247826.375631323084235, 4174928.528152596671134 ], [ 14247845.33044208586216, 4174958.571296050213277 ], [ 14247852.98514093644917, 4174976.537755723576993 ], [ 14247858.647008435800672, 4174991.568320143967867 ], [ 14247870.45601742528379, 4175038.737112629693002 ], [ 14247871.20166421122849, 4175051.085275117307901 ], [ 14247878.385055789723992, 4175106.08730493625626 ], [ 14247878.50816896930337, 4175112.9976004390046 ], [ 14247880.711310725659132, 4175134.406826841644943 ], [ 14247882.524063715711236, 4175146.48395775211975 ], [ 14247885.540069570764899, 4175163.908115161117166 ], [ 14247890.582789273932576, 4175182.73230099491775 ], [ 14247895.92627033777535, 4175199.694673888385296 ], [ 14247897.925030119717121, 4175212.453029087278992 ], [ 14247898.31999728269875, 4175221.212674191221595 ], [ 14247896.197310458868742, 4175239.847514202818274 ], [ 14247891.70773608237505, 4175253.415292215533555 ], [ 14247886.848901826888323, 4175265.230889589991421 ], [ 14247882.66239146143198, 4175277.430986340623349 ], [ 14247881.539445267990232, 4175283.356390124652535 ], [ 14247880.852498229593039, 4175293.853512401226908 ], [ 14247880.163710014894605, 4175333.31764441775158 ], [ 14247878.768566554412246, 4175356.537185276392847 ], [ 14247875.911152234300971, 4175371.28776133665815 ], [ 14247871.775155313313007, 4175388.152660489082336 ], [ 14247865.420003490522504, 4175403.451287843286991 ], [ 14247857.037816995754838, 4175419.311696002725512 ], [ 14247851.195374574512243, 4175431.699843328911811 ], [ 14247849.109541302546859, 4175437.12015974521637 ], [ 14247837.476512743160129, 4175487.463146535214037 ], [ 14247828.580461524426937, 4175543.566442686598748 ], [ 14247816.877794159576297, 4175600.905570312868804 ], [ 14247816.017953934147954, 4175607.362288229633123 ], [ 14247810.272280994802713, 4175650.523106355685741 ], [ 14247808.781784301623702, 4175667.331978986039758 ], [ 14247809.598744947463274, 4175678.900500782299787 ], [ 14247811.068844137713313, 4175686.592449736781418 ], [ 14247814.730505743995309, 4175697.619816152844578 ], [ 14247825.762530306354165, 4175726.89399410225451 ], [ 14247828.727495411410928, 4175741.400278282351792 ], [ 14247830.734467258676887, 4175751.79047595243901 ], [ 14247831.50156344845891, 4175760.809710284229368 ], [ 14247831.382318180054426, 4175772.475578126497567 ], [ 14247829.610437711700797, 4175782.787852295208722 ], [ 14247826.583830440416932, 4175796.265720814932138 ], [ 14247823.092006659135222, 4175808.718808603938669 ], [ 14247816.759222621098161, 4175826.101478464435786 ], [ 14247812.36072976142168, 4175836.992257684469223 ], [ 14247798.901325695216656, 4175867.628519373480231 ], [ 14247795.87041000649333, 4175877.356960360892117 ], [ 14247794.163787573575974, 4175886.1619180040434 ], [ 14247793.550649378448725, 4175903.345997326076031 ], [ 14247795.690591547638178, 4175920.698559203650802 ], [ 14247799.324028413742781, 4175953.798003177624196 ], [ 14247802.416663063690066, 4175976.474579337518662 ], [ 14247809.865515101701021, 4176064.946241456083953 ], [ 14247811.350896054878831, 4176119.706060952041298 ], [ 14247811.061185365542769, 4176148.39019819162786 ], [ 14247813.375440940260887, 4176212.100715497974306 ], [ 14247817.378456583246589, 4176231.130728106480092 ], [ 14247821.042015301063657, 4176245.614130176603794 ], [ 14247828.559813564643264, 4176275.406446363311261 ], [ 14247830.787777222692966, 4176288.445497618988156 ], [ 14247831.778862785547972, 4176312.882955821696669 ], [ 14247832.308503702282906, 4176333.134218525141478 ], [ 14247831.429184271022677, 4176355.683764709159732 ], [ 14247829.330172264948487, 4176387.170405056327581 ], [ 14247828.276031538844109, 4176409.699529820121825 ], [ 14247826.143868593499064, 4176419.687571841757745 ], [ 14247820.045764876529574, 4176440.119695825036615 ], [ 14247810.00762852653861, 4176457.726810961961746 ], [ 14247793.482310600578785, 4176480.948014499619603 ], [ 14247753.422792863100767, 4176534.008744396734983 ], [ 14247733.593038376420736, 4176563.357018490787596 ], [ 14247711.251699887216091, 4176591.418817204423249 ], [ 14247680.616274492815137, 4176632.734695599880069 ], [ 14247674.119054738432169, 4176643.756245733238757 ], [ 14247666.671788698062301, 4176661.566005241125822 ], [ 14247660.314558459445834, 4176677.934292443562299 ], [ 14247656.186246171593666, 4176699.201041494496167 ], [ 14247646.185727344825864, 4176769.681917134206742 ], [ 14247641.839345835149288, 4176781.908954166807234 ], [ 14247638.805333813652396, 4176790.154125775676221 ], [ 14247631.759396402165294, 4176798.598180556669831 ], [ 14247616.104810716584325, 4176818.447553919162601 ], [ 14247603.878590557724237, 4176839.563949893694371 ], [ 14247590.943421550095081, 4176864.515495806932449 ], [ 14247580.77035603672266, 4176883.202741520479321 ], [ 14247566.707102572545409, 4176910.141244369093329 ], [ 14247553.614769529551268, 4176937.691757858730853 ], [ 14247540.171715933829546, 4176954.667349285911769 ], [ 14247518.726388778537512, 4176968.992197568062693 ], [ 14247494.935383010655642, 4176986.251987807452679 ], [ 14247483.832811195403337, 4176990.195339790545404 ], [ 14247474.875721525400877, 4176990.79522507218644 ], [ 14247466.402228156104684, 4176988.865159075241536 ], [ 14247455.52919021807611, 4176984.386894125957042 ], [ 14247438.506448417901993, 4176974.395008912775666 ], [ 14247428.468547893688083, 4176968.41752504883334 ], [ 14247419.436606205999851, 4176964.983393419999629 ], [ 14247409.1721087154001, 4176964.758024809416384 ], [ 14247401.409707970917225, 4176965.301576264202595 ], [ 14247396.284663747996092, 4176966.76362153282389 ], [ 14247392.778456192463636, 4176969.061392873991281 ], [ 14247390.714763032272458, 4176972.247045459225774 ], [ 14247389.619798135012388, 4176975.248854807578027 ], [ 14247387.71151434071362, 4176981.167063727974892 ], [ 14247386.781080005690455, 4176987.085469851735979 ], [ 14247386.980958046391606, 4176991.813670579809695 ], [ 14247387.978376761078835, 4176998.432403272949159 ], [ 14247393.338421726599336, 4177013.64799728943035 ], [ 14247395.219219792634249, 4177018.146919534076005 ], [ 14247395.371891733258963, 4177018.862189245875925 ], [ 14247395.864923950284719, 4177021.166549878194928 ], [ 14247394.178314732387662, 4177025.328533633612096 ], [ 14247391.050187988206744, 4177028.503312037792057 ], [ 14247383.745271058753133, 4177033.287186096888036 ], [ 14247361.266408352181315, 4177046.080515861976892 ], [ 14247330.014797557145357, 4177054.906433514785022 ], [ 14247296.830315647646785, 4177062.438344514463097 ], [ 14247286.956715706735849, 4177063.017837601248175 ], [ 14247281.244027573615313, 4177062.47249102126807 ], [ 14247276.41439420171082, 4177061.645550747402012 ], [ 14247239.232237789779902, 4177053.617440552450716 ], [ 14247228.536987047642469, 4177052.279105394147336 ], [ 14247219.58960459753871, 4177051.573049031663686 ], [ 14247209.086604254320264, 4177051.259403873700649 ], [ 14247198.579607177525759, 4177051.459529710933566 ], [ 14247191.743353582918644, 4177051.799051699228585 ], [ 14247184.794985059648752, 4177053.080449214670807 ], [ 14247176.312119338661432, 4177054.837861654814333 ], [ 14247167.209186565130949, 4177057.306300235912204 ], [ 14247159.628662254661322, 4177060.608286129776388 ], [ 14247154.623066581785679, 4177063.763758471235633 ], [ 14247148.177021058276296, 4177068.231324564665556 ], [ 14247099.760744025930762, 4177105.637559499125928 ], [ 14247094.870140971615911, 4177110.447264578659087 ], [ 14247065.608076496049762, 4177137.519588126800954 ], [ 14247046.135714964941144, 4177152.931990789249539 ], [ 14247042.674694513902068, 4177155.095256520435214 ], [ 14247039.710033409297466, 4177156.948452405631542 ], [ 14247021.377133063971996, 4177166.549973690416664 ], [ 14247012.310131752863526, 4177170.15424707904458 ], [ 14246944.277358015999198, 4177201.53733500931412 ] ] ] } },
{ "type": "Feature", "properties": { "UserID": null, "number": "19", "개설여부": "미개설", "검토": null, "변경사항": "변경없음", "연장": 1047, "시점": "사천시 곤명면 봉계리", "종점": "사천시 곤명면 마곡리" }, "geometry": { "type": "MultiLineString", "coordinates": [ [ [ 14241945.563855350017548, 4179129.644670905079693 ], [ 14241953.985362349078059, 4179148.468825637828559 ], [ 14241960.283911481499672, 4179173.210760425310582 ], [ 14241962.279204351827502, 4179181.972813057247549 ], [ 14241961.891165595501661, 4179198.90622447617352 ], [ 14241962.358431180939078, 4179213.757757646031678 ], [ 14241963.358828607946634, 4179226.996069157496095 ], [ 14241965.905438240617514, 4179242.183567405212671 ], [ 14241970.297643281519413, 4179260.109330050181597 ], [ 14241976.242706118151546, 4179279.378990782424808 ], [ 14241981.381697969511151, 4179295.639867728576064 ], [ 14241986.851912818849087, 4179310.126882245298475 ], [ 14241995.203100627288222, 4179328.66623024828732 ], [ 14242002.616618495434523, 4179346.519802477676421 ], [ 14242006.354076974093914, 4179358.018950668629259 ], [ 14242007.927107252180576, 4179366.818413286935538 ], [ 14242008.271443773061037, 4179373.618116261903197 ], [ 14242008.118507267907262, 4179378.216910739429295 ], [ 14242005.941494258120656, 4179387.080716720316559 ], [ 14242002.403922989964485, 4179396.557362758554518 ], [ 14241993.358476411551237, 4179413.476342424750328 ], [ 14241971.773206463083625, 4179455.171768773812801 ], [ 14241954.544306701049209, 4179487.264137735124677 ], [ 14241950.053873239085078, 4179498.194349763914943 ], [ 14241948.11044548638165, 4179504.079436291474849 ], [ 14241946.77092819288373, 4179512.534059844911098 ], [ 14241945.953965259715915, 4179530.613519669976085 ], [ 14241948.986216692253947, 4179607.10103131365031 ], [ 14241950.882396074011922, 4179698.9151242072694 ], [ 14241950.980789791792631, 4179705.096311386208981 ], [ 14241950.186993032693863, 4179710.279153450857848 ], [ 14241949.067587904632092, 4179715.211288155522197 ], [ 14241945.929382558912039, 4179724.73632938368246 ], [ 14241941.233362182974815, 4179734.079838505014777 ], [ 14241931.182565022259951, 4179751.51574089191854 ], [ 14241915.068173199892044, 4179777.13495658012107 ], [ 14241885.530241323634982, 4179821.112448717933148 ], [ 14241865.050183176994324, 4179850.004088906105608 ], [ 14241846.928349256515503, 4179869.978442752268165 ], [ 14241830.771553263068199, 4179887.52515908004716 ], [ 14241783.655530728399754, 4179936.691713905427605 ], [ 14241709.693007117137313, 4180014.63502616295591 ], [ 14241660.076981253921986, 4180064.777816707268357 ], [ 14241630.280793180689216, 4180094.102998123969883 ], [ 14241605.67890870757401, 4180115.119249841198325 ], [ 14241592.298390313982964, 4180127.477765822783113 ], [ 14241572.262879075482488, 4180142.690820493735373 ], [ 14241557.794036230072379, 4180157.697738582268357 ], [ 14241548.020570736378431, 4180179.671419587451965 ], [ 14241531.832962328568101, 4180231.635311856400222 ] ] ] } },
{ "type": "Feature", "properties": { "UserID": null, "number": "19", "개설여부": "개설", "검토": null, "변경사항": "변경없음", "연장": 3651, "시점": "사천시 곤명면 봉계리", "종점": "사천시 곤명면 마곡리" }, "geometry": { "type": "MultiLineString", "coordinates": [ [ [ 14241531.832962328568101, 4180231.635311856400222 ], [ 14241523.85914035141468, 4180256.200510267168283 ], [ 14241512.442062793299556, 4180283.210796692874283 ], [ 14241469.656317101791501, 4180363.51302815368399 ], [ 14241463.896603245288134, 4180381.806042779702693 ], [ 14241462.723204921931028, 4180392.433998192660511 ], [ 14241463.390358962118626, 4180404.411762522999197 ], [ 14241467.710261771455407, 4180421.749199127778411 ], [ 14241474.036399675533175, 4180449.748885039240122 ], [ 14241478.058769261464477, 4180469.615726177580655 ], [ 14241477.375536020845175, 4180483.973252252209932 ], [ 14241477.043683454394341, 4180515.09361462527886 ], [ 14241474.789192464202642, 4180552.577817046549171 ], [ 14241475.473383793607354, 4180562.959845967125148 ], [ 14241476.997972168028355, 4180569.094718203414232 ], [ 14241480.085661286488175, 4180578.827916657086462 ], [ 14241506.020189058035612, 4180631.778727438300848 ], [ 14241528.615235300734639, 4180674.851098297163844 ], [ 14241535.173773143440485, 4180685.506732638925314 ], [ 14241547.774105150252581, 4180707.29963760310784 ], [ 14241560.21042780764401, 4180727.037042698822916 ], [ 14241579.106171049177647, 4180757.404712460935116 ], [ 14241601.427388349547982, 4180791.997972075361758 ], [ 14241616.429269140586257, 4180817.44788992125541 ], [ 14241627.581923624500632, 4180835.491325884591788 ], [ 14241637.272910883650184, 4180851.091886357869953 ], [ 14241645.883844919502735, 4180863.32016725698486 ], [ 14241652.590424817055464, 4180881.050823208410293 ], [ 14241659.586423486471176, 4180905.210963799152523 ], [ 14241668.435445351526141, 4180947.501420670188963 ], [ 14241675.745136285200715, 4180979.442794512957335 ], [ 14241679.675357785075903, 4180994.60822752257809 ], [ 14241683.471115658059716, 4181004.917888777796179 ], [ 14241690.798477245494723, 4181015.452195870224386 ], [ 14241705.165414111688733, 4181031.584365351125598 ], [ 14241739.009146444499493, 4181067.0488570057787 ], [ 14241773.771320024505258, 4181103.643439779989421 ], [ 14241841.90119824744761, 4181174.135580487083644 ], [ 14241875.059001008048654, 4181209.647944011725485 ], [ 14241837.252711344510317, 4181249.228032090235502 ], [ 14241816.119891162961721, 4181269.862436696421355 ], [ 14241795.684852788224816, 4181286.310150514356792 ], [ 14241775.548863748088479, 4181300.963568278588355 ], [ 14241751.925959385931492, 4181310.700614855624735 ], [ 14241660.674043131992221, 4181341.554532313719392 ], [ 14241632.876409947872162, 4181351.305534530896693 ], [ 14241621.08788488432765, 4181361.347611440345645 ], [ 14241472.814181663095951, 4181543.489291917998344 ], [ 14241332.222064668312669, 4181710.893253410235047 ], [ 14241330.335410553961992, 4181713.177097862120718 ], [ 14241322.787033790722489, 4181725.447750909253955 ], [ 14241318.977342955768108, 4181731.999235905706882 ], [ 14241303.093123557046056, 4181760.084961822256446 ], [ 14241257.061628052964807, 4181859.20569741493091 ], [ 14241239.295173715800047, 4181890.814399106428027 ], [ 14241214.086754677817225, 4181940.824996325187385 ], [ 14241178.025681417435408, 4182002.211532207671553 ], [ 14241153.187029195949435, 4182043.190772375557572 ], [ 14241127.700053971260786, 4182087.211813339963555 ], [ 14241112.606670428067446, 4182112.295998184941709 ], [ 14241099.828210001811385, 4182136.988114340696484 ], [ 14241088.226011091843247, 4182167.250646049622446 ], [ 14241078.219780590385199, 4182195.373684392310679 ], [ 14241068.90587354823947, 4182222.597618815954775 ], [ 14241028.70878423564136, 4182307.563851615879685 ], [ 14241019.497898092493415, 4182330.171172671020031 ], [ 14241011.376369997859001, 4182354.607321981340647 ], [ 14240993.207668948918581, 4182429.962064936757088 ], [ 14240970.151083506643772, 4182514.847646164707839 ], [ 14240946.868173180148005, 4182612.712014748714864 ], [ 14240939.157894514501095, 4182645.115807631518692 ], [ 14240917.984674874693155, 4182720.136787670198828 ], [ 14240912.421014495193958, 4182741.886232718359679 ], [ 14240905.213916348293424, 4182770.065393059514463 ], [ 14240894.320945354178548, 4182797.864839987829328 ], [ 14240893.087284231558442, 4182800.484460070729256 ], [ 14240863.893782056868076, 4182862.51461489032954 ], [ 14240852.921207118779421, 4182879.964191026519984 ], [ 14240823.905464651063085, 4182925.185680966824293 ], [ 14240807.810664482414722, 4182950.238897188566625 ], [ 14240792.04248003475368, 4182976.864567474462092 ], [ 14240767.860510468482971, 4183017.369130164850503 ], [ 14240743.574927926063538, 4183055.519128374289721 ], [ 14240726.584912298247218, 4183083.348925915546715 ], [ 14240701.082921031862497, 4183123.863291712943465 ], [ 14240685.544442033395171, 4183148.105669424403459 ], [ 14240665.088317, 4183182.967044086195529 ], [ 14240648.9304363951087, 4183204.702436165884137 ], [ 14240637.002466695383191, 4183221.118576906621456 ], [ 14240629.96694753319025, 4183232.321587326470762 ], [ 14240624.511362386867404, 4183242.473257018253207 ], [ 14240617.816316626966, 4183258.764188332483172 ], [ 14240607.638081729412079, 4183283.657238320447505 ], [ 14240595.850867440924048, 4183309.961960410699248 ], [ 14240588.899147994816303, 4183325.857392088510096 ], [ 14240582.7535609472543, 4183339.536147766280919 ], [ 14240577.1209387909621, 4183354.005886153317988 ], [ 14240572.517400139942765, 4183368.701081594917923 ], [ 14240567.328975016251206, 4183390.375772314611822 ], [ 14240561.222356054931879, 4183412.564116245601326 ], [ 14240559.552772805094719, 4183418.494335603900254 ], [ 14240558.536747483536601, 4183423.383841557428241 ], [ 14240557.439140424132347, 4183429.884569087065756 ], [ 14240556.935108065605164, 4183434.611037857830524 ], [ 14240555.706919161602855, 4183441.303852702025324 ], [ 14240554.35251128487289, 4183447.80171055952087 ], [ 14240551.012505566701293, 4183453.762315490748733 ], [ 14240547.341365337371826, 4183460.134222437627614 ], [ 14240542.196920039132237, 4183466.655559976119548 ], [ 14240535.173385124653578, 4183474.704026749357581 ], [ 14240516.056783985346556, 4183494.907054674811661 ], [ 14240501.478093922138214, 4183511.545863830950111 ], [ 14240487.832644501700997, 4183526.099644336849451 ], [ 14240469.724561562761664, 4183544.170906972140074 ], [ 14240461.600351851433516, 4183554.19344658497721 ], [ 14240455.015434686094522, 4183563.140323845669627 ], [ 14240449.582995995879173, 4183571.334987173788249 ], [ 14240446.927731409668922, 4183578.761659752111882 ], [ 14240445.717389084398746, 4183586.176786070223898 ], [ 14240445.636342214420438, 4183593.707437105011195 ], [ 14240446.795084996148944, 4183610.155950342305005 ], [ 14240450.1589052118361, 4183631.995813480112702 ], [ 14240453.482885595411062, 4183647.8172737355344 ], [ 14240456.557380964979529, 4183658.739625922869891 ], [ 14240462.952011473476887, 4183675.729355690535158 ], [ 14240469.079528462141752, 4183688.898779361043125 ], [ 14240476.41129257902503, 4183705.111700898502022 ], [ 14240479.398690210655332, 4183714.016968954354525 ], [ 14240482.33725469186902, 4183727.461394142825156 ], [ 14240489.202907992526889, 4183758.240071478299797 ], [ 14240498.616175571456552, 4183791.099945083260536 ], [ 14240509.020093062892556, 4183827.899069433100522 ], [ 14240511.82171862386167, 4183844.540440219454467 ], [ 14240515.670909225940704, 4183859.695344042032957 ], [ 14240519.311021719127893, 4183874.798287568148226 ], [ 14240525.731709253042936, 4183889.77761572599411 ], [ 14240532.591952646151185, 4183901.717129131313413 ], [ 14240539.150857705622911, 4183913.034293504897505 ], [ 14240543.077996814623475, 4183921.170641697477549 ], [ 14240544.720777774229646, 4183930.886800333391875 ], [ 14240543.355508089065552, 4183943.149848922621459 ], [ 14240541.090541714802384, 4183952.560745411086828 ], [ 14240535.269871899858117, 4183968.180137910414487 ], [ 14240527.390837082639337, 4183983.408357636071742 ], [ 14240519.697147253900766, 4184001.174139529000968 ], [ 14240511.524302542209625, 4184024.651130776852369 ], [ 14240508.576649144291878, 4184040.714554041158408 ], [ 14240508.153245884925127, 4184051.400275142397732 ], [ 14240508.994856990873814, 4184059.14758835406974 ], [ 14240510.043969, 4184063.98643733933568 ] ] ] } },
{ "type": "Feature", "properties": { "UserID": null, "number": "22", "개설여부": "개설", "검토": null, "변경사항": "변경없음", "연장": 936, "시점": "사천시 정동면 대곡리", "종점": "사천시 사천읍 두량리" }, "geometry": { "type": "MultiLineString", "coordinates": [ [ [ 14262756.751237431541085, 4178612.284304029773921 ], [ 14262760.421176226809621, 4178593.189267504494637 ], [ 14262761.514399986714125, 4178585.314961833879352 ], [ 14262761.62354714050889, 4178572.858477995730937 ], [ 14262760.360183438286185, 4178524.5267284642905 ], [ 14262758.085904544219375, 4178501.532419976312667 ], [ 14262753.7210932392627, 4178480.370176478754729 ], [ 14262754.602284654974937, 4178471.569897711277008 ], [ 14262763.651831578463316, 4178449.023128550965339 ], [ 14262771.251492137089372, 4178432.679186835885048 ], [ 14262779.085555030032992, 4178414.755583774298429 ], [ 14262783.08500524610281, 4178404.315580449532717 ], [ 14262786.045268777757883, 4178394.593021041247994 ], [ 14262788.247628103941679, 4178386.864830539561808 ], [ 14262789.561105825006962, 4178377.537880592979491 ], [ 14262791.117312896996737, 4178364.731735391076654 ], [ 14262792.144894214347005, 4178354.37671046378091 ], [ 14262793.184462310746312, 4178335.10183123126626 ], [ 14262793.801453420892358, 4178328.782419429160655 ], [ 14262795.16769559495151, 4178321.049512072466314 ], [ 14262799.330797549337149, 4178302.79280604980886 ], [ 14262803.519703328609467, 4178291.540298975538462 ], [ 14262807.902850272133946, 4178280.255154954269528 ], [ 14262817.686196442693472, 4178259.83447414310649 ], [ 14262819.578196574002504, 4178255.97000568639487 ], [ 14262822.710077119991183, 4178248.828691557049751 ], [ 14262826.686619844287634, 4178239.494954443071038 ], [ 14262828.255087958648801, 4178230.102013358380646 ], [ 14262829.183190597221255, 4178217.976529378443956 ], [ 14262829.153811872005463, 4178209.662753471639007 ], [ 14262827.723493978381157, 4178197.846987588796765 ], [ 14262825.760953331366181, 4178176.963730600662529 ], [ 14262825.009414557367563, 4178157.524978375062346 ], [ 14262825.651827039197087, 4178142.314189943019301 ], [ 14262827.642816742882133, 4178125.089050288777798 ], [ 14262831.765594957396388, 4178097.370779732242227 ], [ 14262831.727241668850183, 4178090.083384567406029 ], [ 14262831.237165186554193, 4178075.879242293536663 ], [ 14262829.514646057039499, 4178062.418888208456337 ], [ 14262827.301480114459991, 4178045.695935450494289 ], [ 14262829.427913120016456, 4178012.974306883756071 ], [ 14262833.661812257021666, 4177996.542591963894665 ], [ 14262839.430219167843461, 4177981.262983574066311 ], [ 14262851.179425787180662, 4177958.787153920158744 ], [ 14262867.630051286891103, 4177933.038213034626096 ], [ 14262870.417521679773927, 4177929.535649016033858 ], [ 14262883.09461503662169, 4177913.331632260233164 ], [ 14262902.665736576542258, 4177885.75470927124843 ], [ 14262908.719481382519007, 4177872.285668186843395 ], [ 14262912.339525319635868, 4177860.153497309889644 ], [ 14262913.913667533546686, 4177851.628617788199335 ], [ 14262914.509893018752337, 4177841.88379442691803 ], [ 14262914.640278251841664, 4177803.826944386120886 ], [ 14262915.065556956455112, 4177794.406177862081677 ], [ 14262915.913479113951325, 4177784.275785110425204 ], [ 14262913.44918211363256, 4177769.003590214066207 ], [ 14262908.452090181410313, 4177726.03247279021889 ], [ 14262905.359670598059893, 4177698.922066122759134 ], [ 14262904.303123166784644, 4177687.701763837598264 ], [ 14262903.114752085879445, 4177679.162961778696626 ], [ 14262900.000182010233402, 4177667.002067169640213 ], [ 14262888.564551847055554, 4177649.398987833876163 ], [ 14262864.186249198392034, 4177627.932187129743397 ], [ 14262859.71625317260623, 4177623.509612869471312 ], [ 14262850.215879721567035, 4177614.107642280869186 ], [ 14262848.947283277288079, 4177614.119739362969995 ], [ 14262837.814421920105815, 4177614.223761272616684 ], [ 14262823.038921440020204, 4177615.112363734748214 ], [ 14262770.22773633338511, 4177621.214196743443608 ], [ 14262766.261968590319157, 4177621.255177753511816 ], [ 14262764.365771016106009, 4177621.27520762430504 ], [ 14262762.65651223435998, 4177622.114888170734048 ], [ 14262762.101059012115002, 4177622.388367336243391 ] ] ] } },
{ "type": "Feature", "properties": { "UserID": null, "number": "22", "개설여부": "미개설", "검토": null, "변경사항": "변경없음", "연장": 1777, "시점": "사천시 정동면 대곡리", "종점": "사천시 사천읍 두량리" }, "geometry": { "type": "MultiLineString", "coordinates": [ [ [ 14261665.042361680418253, 4175958.715522075537592 ], [ 14261663.405488854274154, 4175999.697557648643851 ], [ 14261663.013803524896502, 4176009.504045422188938 ], [ 14261660.794202871620655, 4176065.075292422901839 ], [ 14261659.489680079743266, 4176097.735903440974653 ], [ 14261657.651118161156774, 4176118.649542802479118 ], [ 14261657.082445986568928, 4176124.359944941010326 ], [ 14261658.099456500262022, 4176146.393195195589215 ], [ 14261655.6410131175071, 4176170.777981552295387 ], [ 14261654.713925886899233, 4176232.540384642314166 ], [ 14261654.550806954503059, 4176243.417407560627908 ], [ 14261660.428736556321383, 4176247.12289180746302 ], [ 14261678.801186146214604, 4176246.373535610269755 ], [ 14261735.700518444180489, 4176268.342264431063086 ], [ 14261741.604941373690963, 4176273.42246056208387 ], [ 14261749.688373314216733, 4176284.760083806235343 ], [ 14261763.328945262357593, 4176290.673579438123852 ], [ 14261775.950232421979308, 4176296.868222468998283 ], [ 14261781.362163342535496, 4176301.787156401667744 ], [ 14261795.727248001843691, 4176322.543199846055359 ], [ 14261819.165283257141709, 4176368.572244234848768 ], [ 14261845.01642987318337, 4176409.469057222828269 ], [ 14261858.55072071030736, 4176430.064228532835841 ], [ 14261872.386081095784903, 4176451.117482986301184 ], [ 14261873.380729842931032, 4176452.631036872975528 ], [ 14261884.500691751018167, 4176463.386375650763512 ], [ 14261890.352974746376276, 4176466.628827748820186 ], [ 14261908.028125705197453, 4176477.348641525022686 ], [ 14261910.546126212924719, 4176480.189583812840283 ], [ 14261913.831105960533023, 4176483.895871008746326 ], [ 14261917.78003660030663, 4176494.281936453655362 ], [ 14261923.553630771115422, 4176530.412504638545215 ] ], [ [ 14262762.101059012115002, 4177622.388367336243391 ], [ 14262767.924465609714389, 4177554.082742191385478 ], [ 14262767.136938499286771, 4177521.53162171272561 ], [ 14262756.374068019911647, 4177512.343805448617786 ], [ 14262740.88603488728404, 4177500.26838978426531 ], [ 14262680.986406555399299, 4177413.200674603693187 ], [ 14262605.530720246955752, 4177328.667612502351403 ], [ 14262571.490561012178659, 4177263.99130995105952 ], [ 14262505.679586492478848, 4177202.151687339879572 ], [ 14262473.908771203830838, 4177170.380872054025531 ], [ 14262386.290853817015886, 4177100.103203520178795 ], [ 14262301.483550431206822, 4177065.36286237090826 ], [ 14262265.721434542909265, 4177033.687845442909747 ], [ 14262232.002868134528399, 4177005.078152737114578 ], [ 14262085.889080373570323, 4176918.227299868594855 ], [ 14262021.517271773889661, 4176863.05146392993629 ], [ 14261991.885804325342178, 4176829.332897523418069 ], [ 14261977.580957973375916, 4176804.810303772334009 ], [ 14261961.232562139630318, 4176776.200611061882228 ], [ 14261938.753517867997289, 4176712.850577206816524 ], [ 14261923.553630771115422, 4176530.412504638545215 ] ] ] } },
{ "type": "Feature", "properties": { "UserID": null, "number": "22", "개설여부": "개설", "검토": null, "변경사항": "변경없음", "연장": 321, "시점": "사천시 정동면 대곡리", "종점": "사천시 사천읍 두량리" }, "geometry": { "type": "MultiLineString", "coordinates": [ [ [ 14262685.4932945612818, 4171446.51343751931563 ], [ 14262688.755027014762163, 4171455.740341828670353 ], [ 14262777.371922904625535, 4171571.76726857945323 ], [ 14262794.669515194371343, 4171602.370701093692333 ], [ 14262795.201748799532652, 4171608.49138759681955 ], [ 14262794.137281583622098, 4171626.853447108063847 ], [ 14262785.62154383957386, 4171672.093303866684437 ], [ 14262775.242988461628556, 4171778.007792048621923 ], [ 14262774.819462893530726, 4171790.784729965496808 ], [ 14262776.209851250052452, 4171793.982623186893761 ], [ 14262782.188521184027195, 4171799.82225428475067 ] ] ] } },
{ "type": "Feature", "properties": { "UserID": null, "number": "22", "개설여부": "개설", "검토": null, "변경사항": "변경없음", "연장": 950, "시점": "사천시 정동면 대곡리", "종점": "사천시 사천읍 두량리" }, "geometry": { "type": "MultiLineString", "coordinates": [ [ [ 14263207.991841675713658, 4171933.216736713889986 ], [ 14263216.320259522646666, 4171941.881333052180707 ], [ 14263224.533066021278501, 4171953.033220606390387 ], [ 14263255.419002275913954, 4171992.479968924075365 ], [ 14263266.136927347630262, 4172004.192467014770955 ], [ 14263283.710433285683393, 4172014.593044363427907 ], [ 14263302.937262006103992, 4172020.445062511600554 ], [ 14263314.222305450588465, 4172023.911956957541406 ], [ 14263328.019826089963317, 4172027.611387399956584 ], [ 14263399.707612879574299, 4172048.868330561555922 ], [ 14263414.960895853117108, 4172053.843359758146107 ], [ 14263426.034654583781958, 4172057.518785468302667 ], [ 14263435.641740206629038, 4172061.181338706985116 ], [ 14263442.320957571268082, 4172064.186745452694595 ], [ 14263452.332474581897259, 4172069.53673795517534 ], [ 14263460.656819870695472, 4172076.134860842954367 ], [ 14263466.685530195012689, 4172081.660413455218077 ], [ 14263473.324539564549923, 4172089.296200638171285 ], [ 14263479.313036797568202, 4172099.452150637749583 ], [ 14263483.403005415573716, 4172111.064887023996562 ], [ 14263486.039092060178518, 4172121.191466200631112 ], [ 14263490.087024571374059, 4172137.645109511911869 ], [ 14263498.245488135144114, 4172211.598642250522971 ], [ 14263501.209261761978269, 4172232.252734642941505 ], [ 14263503.369661873206496, 4172248.900484349112958 ], [ 14263504.139439037069678, 4172280.901982762850821 ], [ 14263502.438727809116244, 4172307.830096836667508 ], [ 14263500.773147575557232, 4172378.962219811044633 ], [ 14263500.539135206490755, 4172405.903423097915947 ], [ 14263498.097561731934547, 4172532.06390098715201 ], [ 14263497.525652701035142, 4172583.956703548785299 ], [ 14263500.997450487688184, 4172618.508819461800158 ], [ 14263509.260458035394549, 4172664.467906204983592 ], [ 14263511.333926262333989, 4172683.012110784184188 ], [ 14263515.81212967261672, 4172698.207339974120259 ], [ 14263522.372930074110627, 4172714.894339786842465 ], [ 14263530.365790018811822, 4172735.593419848009944 ], [ 14263535.478138977661729, 4172750.162766583729535 ], [ 14263537.69168053381145, 4172760.707210200838745 ], [ 14263538.653474057093263, 4172770.609191982075572 ], [ 14263531.496579237282276, 4172894.9534109714441 ], [ 14263530.590026289224625, 4172911.509485069196671 ], [ 14263528.250755224376917, 4172923.878602008800954 ] ] ] } },
{ "type": "Feature", "properties": { "UserID": null, "number": "22", "개설여부": "미개설", "검토": null, "변경사항": "미개설로 변경(한실마을 앞 1차선 도로)", "연장": 373, "시점": "사천시 정동면 대곡리", "종점": "사천시 사천읍 두량리" }, "geometry": { "type": "MultiLineString", "coordinates": [ [ [ 14262782.188521184027195, 4171799.82225428475067 ], [ 14262811.525715509429574, 4171808.998817439191043 ], [ 14262854.48871573060751, 4171817.897302922327071 ], [ 14262869.643948817625642, 4171822.068467990960926 ], [ 14262890.777851834893227, 4171825.127322377637029 ], [ 14262913.441182048991323, 4171824.710205869749188 ], [ 14262944.585881240665913, 4171823.180778676178306 ], [ 14262975.452502757310867, 4171824.849244704004377 ], [ 14262980.457900846377015, 4171825.127322375308722 ], [ 14263006.458163114264607, 4171828.464254431892186 ], [ 14263028.982454493641853, 4171833.191574844531715 ], [ 14263053.17521190084517, 4171844.03660402726382 ], [ 14263071.667521230876446, 4171855.24396841507405 ], [ 14263144.482320800423622, 4171896.697764288634062 ], [ 14263150.494944868609309, 4171900.582324781920761 ], [ 14263163.406088218092918, 4171907.745600591879338 ], [ 14263189.990412347018719, 4171922.739998610224575 ], [ 14263207.991841675713658, 4171933.216736713889986 ] ] ] } },
{ "type": "Feature", "properties": { "UserID": null, "number": "22", "개설여부": "개설", "검토": null, "변경사항": "변경없음", "연장": 486, "시점": "사천시 정동면 대곡리", "종점": "사천시 사천읍 두량리" }, "geometry": { "type": "MultiLineString", "coordinates": [ [ [ 14262096.897106077522039, 4176000.514044937677681 ], [ 14262114.051165513694286, 4175979.539081298746169 ], [ 14262183.769862376153469, 4175900.513320179656148 ], [ 14262199.246799843385816, 4175880.826158121693879 ], [ 14262236.157619886100292, 4175845.732916336506605 ], [ 14262274.746204478666186, 4175807.423959172330797 ], [ 14262289.261657681316137, 4175792.427464328240603 ], [ 14262308.917805584147573, 4175781.191790291573852 ], [ 14262343.337359722703695, 4175755.07922250404954 ], [ 14262362.018739672377706, 4175744.36633201315999 ], [ 14262421.302494773641229, 4175712.624111363198608 ], [ 14262481.741526212543249, 4175684.119183943141252 ], [ 14262500.238553395494819, 4175676.300709255971014 ], [ 14262538.233402328565717, 4175662.201581265311688 ], [ 14262564.368212988600135, 4175650.884957893751562 ] ] ] } },
{ "type": "Feature", "properties": { "UserID": null, "number": "23", "개설여부": "개설", "검토": null, "변경사항": "변경없음", "연장": 347, "시점": "사천시 용현면 덕곡리", "종점": "사천시 정동면 수청리" }, "geometry": { "type": "MultiLineString", "coordinates": [ [ [ 14261669.167651515454054, 4172167.284351356793195 ], [ 14261655.122839692980051, 4172048.845789048820734 ], [ 14261651.986398877575994, 4172015.247503044083714 ], [ 14261620.695055520161986, 4171950.077020595781505 ], [ 14261589.287612065672874, 4171890.340804901439697 ], [ 14261578.615178182721138, 4171863.906354040373117 ], [ 14261557.127404918894172, 4171827.047087816521525 ], [ 14261540.986153209581971, 4171796.050654513761401 ], [ 14261528.014532627537847, 4171773.111259142868221 ] ] ] } },
{ "type": "Feature", "properties": { "UserID": null, "number": "23", "개설여부": "미개설", "검토": null, "변경사항": "변경없음", "연장": 10026, "시점": "사천시 용현면 덕곡리", "종점": "사천시 정동면 수청리" }, "geometry": { "type": "MultiLineString", "coordinates": [ [ [ 14261814.546213740482926, 4170790.564651767257601 ], [ 14261731.585672872141004, 4170260.074569747317582 ], [ 14261632.568969348445535, 4169951.375435222871602 ], [ 14261521.903241874650121, 4169823.23617183836177 ], [ 14261405.41300243511796, 4169747.517516200430691 ], [ 14261236.502155242487788, 4169741.693004227709025 ], [ 14261038.468748189508915, 4169806.733387915883213 ], [ 14260878.294668953865767, 4169932.931147313676775 ], [ 14260688.998029859736562, 4170044.567626779899001 ], [ 14260533.677710605785251, 4170078.543946617282927 ], [ 14260475.432590881362557, 4170088.251466568093747 ], [ 14260354.08859146386385, 4170025.152586868964136 ], [ 14260223.037072090432048, 4169855.270987684372813 ], [ 14260135.669392509385943, 4169850.417227707337588 ], [ 14259999.76411315985024, 4169894.101067497394979 ], [ 14259815.321234045550227, 4169879.539787569083273 ], [ 14259616.317074995487928, 4169806.733387918677181 ], [ 14259572.633235206827521, 4169729.073228288907558 ], [ 14259170.874915935099125, 4169117.163488483522087 ], [ 14259022.266964722424746, 4168505.248395233415067 ], [ 14258864.91736931540072, 4168033.199609013739973 ], [ 14258692.377347126603127, 4167449.647661818191409 ], [ 14258620.151332013309002, 4167124.068613326642662 ], [ 14258165.585834167897701, 4165445.672928986605257 ], [ 14257885.853220110759139, 4164580.25015424657613 ], [ 14257728.503624703735113, 4164361.709049517288804 ], [ 14257571.154029296711087, 4164213.101098299957812 ], [ 14257326.38799200206995, 4164108.20136802829802 ], [ 14256924.272359292954206, 4163985.818349375855178 ], [ 14256644.539745235815644, 4163924.626840051729232 ], [ 14255631.847247533500195, 4163825.38810937711969 ] ], [ [ 14261528.014532627537847, 4171773.111259142868221 ], [ 14261561.743324138224125, 4171755.334742035716772 ], [ 14261556.36404581554234, 4171732.64185057207942 ], [ 14261552.862048871815205, 4171709.771328914910555 ], [ 14261550.137899212539196, 4171697.994597446173429 ], [ 14261549.573302149772644, 4171695.198545864783227 ], [ 14261549.952799521386623, 4171690.442808173131198 ], [ 14261550.948265213519335, 4171684.472767452243716 ], [ 14261552.030391110107303, 4171679.67564760427922 ], [ 14261554.28866047039628, 4171667.941038014832884 ], [ 14261557.956434056162834, 4171650.104782221838832 ], [ 14261558.533028222620487, 4171645.133102865424007 ], [ 14261562.37863159738481, 4171636.248913466930389 ], [ 14261565.953367967158556, 4171630.934230143204331 ], [ 14261577.390401389449835, 4171615.269514415413141 ], [ 14261587.348223784938455, 4171605.467202502768487 ], [ 14261589.406006429344416, 4171601.277669939678162 ], [ 14261594.790215522050858, 4171590.415976211428642 ], [ 14261597.085625726729631, 4171585.35358724091202 ], [ 14261603.123049590736628, 4171564.15470195421949 ], [ 14261605.766300562769175, 4171560.062133994884789 ], [ 14261620.07401368021965, 4171550.523160094860941 ], [ 14261624.047277852892876, 4171545.487797048408538 ], [ 14261625.567664992064238, 4171541.114164239726961 ], [ 14261626.506068183109164, 4171535.529105163644999 ], [ 14261626.249127071350813, 4171525.891208987217396 ], [ 14261626.222925633192062, 4171516.997162232175469 ], [ 14261627.174939168617129, 4171507.274873554240912 ], [ 14261638.558608582243323, 4171472.050991823431104 ], [ 14261643.059386860579252, 4171460.217722315806895 ], [ 14261649.006070774048567, 4171448.679554695263505 ], [ 14261657.733227925375104, 4171438.230210935231298 ], [ 14261663.835033906623721, 4171430.174013906158507 ], [ 14261667.983537772670388, 4171420.997234044596553 ], [ 14261668.480274572968483, 4171412.848266005516052 ], [ 14261673.446726113557816, 4171395.499880432616919 ], [ 14261681.500979026779532, 4171373.536812812555581 ], [ 14261685.977724306285381, 4171355.216241397429258 ], [ 14261690.900370389223099, 4171344.542449036613107 ], [ 14261696.702730191871524, 4171338.13476344384253 ], [ 14261704.377276284620166, 4171333.709108313079923 ], [ 14261708.802513465285301, 4171327.277267758734524 ], [ 14261710.324172381311655, 4171321.607163595035672 ], [ 14261711.478124948218465, 4171310.281792146619409 ], [ 14261712.403885908424854, 4171299.72365727648139 ], [ 14261712.032808901742101, 4171284.800244683399796 ], [ 14261715.541699435561895, 4171277.818596272729337 ], [ 14261721.299209387972951, 4171272.177865866571665 ], [ 14261726.890619175508618, 4171268.991073399316519 ], [ 14261730.430053032934666, 4171265.925469212699682 ], [ 14261733.302092175930738, 4171258.332172957714647 ], [ 14261737.247944626957178, 4171245.48021232848987 ], [ 14261739.774823332205415, 4171240.386735298670828 ], [ 14261746.760408144444227, 4171226.302178313955665 ], [ 14261750.689114116132259, 4171219.568989275954664 ], [ 14261753.681525396183133, 4171211.916766486130655 ], [ 14261754.88079402782023, 4171204.344155464321375 ], [ 14261753.507485408335924, 4171188.955709339119494 ], [ 14261753.341913042590022, 4171175.66416679834947 ], [ 14261754.673847177997231, 4171163.71218399843201 ], [ 14261756.978597706183791, 4171148.546583984512836 ], [ 14261761.827498825266957, 4171133.782431850675493 ], [ 14261765.576310148462653, 4171126.138236580882221 ], [ 14261771.413028655573726, 4171117.089659370947629 ], [ 14261775.984625872224569, 4171110.64171377569437 ], [ 14261780.919072760269046, 4171103.864848483819515 ], [ 14261784.945658596232533, 4171098.888981445226818 ], [ 14261790.479045202955604, 4171089.919830737635493 ], [ 14261798.243525855243206, 4171076.32038496946916 ], [ 14261804.207163335755467, 4171052.902000480331481 ], [ 14261808.287052841857076, 4171018.413825144525617 ], [ 14261811.421603063121438, 4171005.435034208465368 ], [ 14261814.983526473864913, 4170997.390902485698462 ], [ 14261823.479684015735984, 4170986.451627038419247 ], [ 14261825.901685953140259, 4170979.268787677399814 ], [ 14261827.210451778024435, 4170970.065949042327702 ], [ 14261826.7508579287678, 4170958.003829939756542 ], [ 14261825.517400342971087, 4170883.95847885357216 ], [ 14261819.412673497572541, 4170827.236314571928233 ], [ 14261814.546213740482926, 4170790.564651768654585 ] ] ] } },
{ "type": "Feature", "properties": { "UserID": null, "number": "24", "개설여부": "개설", "검토": null, "변경사항": "변경없음", "연장": 1260, "시점": "사천시 용현면 덕곡리", "종점": "사천시 용현면 주문리" }, "geometry": { "type": "MultiLineString", "coordinates": [ [ [ 14255669.269234489649534, 4163448.955551305785775 ], [ 14255629.444279164075851, 4163825.204790865071118 ] ], [ [ 14255669.269234491512179, 4163448.955551305785775 ], [ 14255698.647967072203755, 4163446.28472663089633 ], [ 14255726.091429572552443, 4163441.302140938583761 ], [ 14255758.765109807252884, 4163435.058406779076904 ], [ 14255776.412563554942608, 4163431.293633927125484 ], [ 14255797.010445544496179, 4163425.918571435380727 ], [ 14255808.784597784280777, 4163422.425893952604383 ], [ 14255850.364642165601254, 4163405.454350472427905 ], [ 14255874.275760870426893, 4163394.540796671528369 ], [ 14255895.587051901966333, 4163382.619789799675345 ], [ 14255977.235258921980858, 4163335.884427751414478 ], [ 14255996.912669910117984, 4163324.275502094998956 ], [ 14256011.987640218809247, 4163316.554650615900755 ], [ 14256022.472435226663947, 4163311.411506161559373 ], [ 14256032.308041462674737, 4163305.934612271841615 ], [ 14256039.830207144841552, 4163303.712141997180879 ], [ 14256046.044832989573479, 4163301.804968567565084 ], [ 14256053.896171800792217, 4163299.257968378253281 ], [ 14256064.999523345381021, 4163297.724472724832594 ], [ 14256080.34548082575202, 4163295.903311225119978 ], [ 14256122.783786749467254, 4163291.716296869795769 ], [ 14256170.098571605980396, 4163289.213135240599513 ], [ 14256210.558728976175189, 4163287.30052635865286 ], [ 14256232.747045092284679, 4163286.1987758227624 ], [ 14256255.932034159079194, 4163283.140617923811078 ], [ 14256279.766196863725781, 4163280.416138598695397 ], [ 14256312.429971972480416, 4163275.153625580482185 ], [ 14256333.978223755955696, 4163272.735166980884969 ], [ 14256355.834284160286188, 4163272.285293102264404 ], [ 14256391.35684142075479, 4163275.239969109650701 ], [ 14256434.352725697681308, 4163281.213301273528486 ], [ 14256499.500406108796597, 4163290.015316519886255 ], [ 14256542.831666998565197, 4163295.008513560518622 ], [ 14256560.128184370696545, 4163293.860226108226925 ], [ 14256573.541702745482326, 4163289.399275722913444 ], [ 14256587.31785187497735, 4163281.010236979462206 ], [ 14256597.220113802701235, 4163268.325783670414239 ], [ 14256618.121583612635732, 4163230.189937049522996 ], [ 14256640.807658093050122, 4163181.94252443080768 ], [ 14256668.646374410018325, 4163127.790716444607824 ], [ 14256677.887055203318596, 4163116.083017910830677 ], [ 14256689.395314041525126, 4163106.034648167900741 ] ] ] } },
{ "type": "Feature", "properties": { "UserID": null, "number": "24", "개설여부": "미개설", "검토": null, "변경사항": "변경없음", "연장": 2975, "시점": "사천시 용현면 덕곡리", "종점": "사천시 용현면 주문리" }, "geometry": { "type": "MultiLineString", "coordinates": [ [ [ 14253660.17785020917654, 4162876.334293723572046 ], [ 14253635.787423871457577, 4163303.808607946150005 ], [ 14253618.885286325588822, 4163646.879209976177663 ], [ 14253648.295195180922747, 4163694.768907052930444 ], [ 14253702.728530816733837, 4163851.077260152436793 ], [ 14253765.655212800949812, 4164045.932991267647594 ], [ 14253888.708853889256716, 4164410.138378765434027 ], [ 14253925.006815684959292, 4164517.567863009870052 ], [ 14253938.849844621494412, 4164575.766974536236376 ], [ 14253988.799455620348454, 4164568.852142171002924 ], [ 14254031.159777285531163, 4164571.350055910181254 ], [ 14254137.885482549667358, 4164563.544505417812616 ], [ 14254233.968770362436771, 4164538.71313060214743 ], [ 14254286.552285263314843, 4164523.328510643914342 ], [ 14254414.33847632445395, 4164469.119478438515216 ], [ 14254466.974858056753874, 4164443.11653853720054 ], [ 14254526.470646383240819, 4164410.750900992192328 ], [ 14254558.428012903779745, 4164393.380627258680761 ] ], [ [ 14254914.548571836203337, 4164277.537455090787262 ], [ 14254901.596176624298096, 4164282.967846722807735 ], [ 14254894.188536470755935, 4164282.668412371072918 ], [ 14254875.003014536574483, 4164283.676724131219089 ], [ 14254860.797758031636477, 4164285.337809762917459 ], [ 14254844.495399877429008, 4164288.489246496465057 ], [ 14254803.703579295426607, 4164300.627066846936941 ], [ 14254794.588898120447993, 4164303.549773471895605 ], [ 14254713.567777123302221, 4164328.030045437160879 ], [ 14254711.909583333879709, 4164328.531056637875736 ], [ 14254617.952191062271595, 4164356.745835533831269 ], [ 14254600.794546017423272, 4164362.997370273340493 ], [ 14254591.644505182281137, 4164366.645643200725317 ], [ 14254584.949890239164233, 4164370.273001960478723 ], [ 14254578.617141464725137, 4164373.754496478009969 ], [ 14254575.41443682834506, 4164376.142833185382187 ], [ 14254566.266801616176963, 4164383.993628939148039 ], [ 14254558.428012903779745, 4164393.380627258680761 ] ], [ [ 14255629.444279164075851, 4163825.204790865071118 ], [ 14255420.460866384208202, 4163958.642253648489714 ], [ 14254914.548571834340692, 4164277.537455090787262 ] ] ] } },
{ "type": "Feature", "properties": { "UserID": null, "number": "26", "개설여부": "개설", "검토": null, "변경사항": "변경없음", "연장": 4254, "시점": "사천시 대방동", "종점": "사천시 향촌동" }, "geometry": { "type": "MultiLineString", "coordinates": [ [ [ 14257324.964696308597922, 4157679.765938863158226 ], [ 14257360.720717677846551, 4157695.597378790844232 ], [ 14257403.42122, 4157705.914809255395085 ], [ 14257428.10123592428863, 4157706.970811168197542 ], [ 14257475.000127604231238, 4157708.233081840444356 ], [ 14257508.755104131996632, 4157706.893009314313531 ], [ 14258501.877361075952649, 4157641.662148154806346 ], [ 14258541.430137686431408, 4157636.238662167452276 ], [ 14258571.983459174633026, 4157624.945387841202319 ], [ 14258591.000841798260808, 4157615.199521503411233 ], [ 14258642.277351796627045, 4157587.56217834725976 ], [ 14258777.088359355926514, 4157514.395232460461557 ], [ 14258816.783197868615389, 4157493.264762018341571 ], [ 14258841.703093335032463, 4157467.865336613263935 ], [ 14258874.926943704485893, 4157434.274977695662528 ], [ 14258923.112795071676373, 4157384.287680886685848 ], [ 14258969.592460993677378, 4157340.898311281111091 ], [ 14258993.666294507682323, 4157317.971208653412759 ], [ 14259115.717177866026759, 4157199.217552930116653 ], [ 14259235.371584260836244, 4157072.175186950247735 ], [ 14259366.037750527262688, 4156943.895900729577988 ], [ 14259441.623532002791762, 4156867.752000326756388 ], [ 14259590.803876176476479, 4156717.467016676440835 ], [ 14260019.33371290192008, 4156280.763198813423514 ], [ 14260107.338127803057432, 4156193.938732472248375 ], [ 14260157.166152063757181, 4156143.139707753434777 ], [ 14260223.642279520630836, 4156070.999494665302336 ], [ 14260253.662781840190291, 4156026.634385467506945 ], [ 14260283.81615849211812, 4155967.391904341988266 ], [ 14260310.633674478158355, 4155913.079065929166973 ], [ 14260323.522616287693381, 4155852.028058347757906 ], [ 14260332.965051531791687, 4155808.304435167927295 ], [ 14260336.677485065534711, 4155761.222962096799165 ], [ 14260337.143106846138835, 4155709.152948532253504 ], [ 14260331.121371023356915, 4155646.667976815253496 ], [ 14260299.111446615308523, 4155453.40157947037369 ], [ 14260263.810355322435498, 4155260.497413786593825 ], [ 14260244.009215421974659, 4155136.53695434005931 ], [ 14260220.19107174128294, 4155003.536229407880455 ], [ 14260211.44505937024951, 4154954.05071175750345 ], [ 14260179.868842162191868, 4154775.388682762626559 ], [ 14260153.606990449130535, 4154611.513152219355106 ], [ 14260141.184102967381477, 4154528.751927362754941 ], [ 14260139.411898501217365, 4154451.046457572374493 ] ] ] } },
{ "type": "Feature", "properties": { "UserID": null, "number": "26", "개설여부": "개설", "검토": null, "변경사항": "변경없음", "연장": 4126, "시점": "사천시 대방동", "종점": "사천시 향촌동" }, "geometry": { "type": "MultiLineString", "coordinates": [ [ [ 14254940.666019285097718, 4154674.030346108134836 ], [ 14254950.090048396959901, 4154685.926730688195676 ], [ 14254979.621462957933545, 4154717.926853058394045 ], [ 14255010.538789846003056, 4154747.420171797275543 ], [ 14255052.533813085407019, 4154771.338629572186619 ], [ 14255083.149428380653262, 4154780.882010081782937 ], [ 14255117.632852410897613, 4154787.379044194240123 ], [ 14255159.327492440119386, 4154787.957117413636297 ], [ 14255195.71561404876411, 4154782.108218162320554 ], [ 14255350.208457246422768, 4154737.910470786504447 ], [ 14255358.00746201723814, 4154735.679756168741733 ], [ 14255631.957283278927207, 4154654.121567084454 ], [ 14255726.507187198847532, 4154628.429208089597523 ], [ 14255777.988083513453603, 4154614.438933823257685 ], [ 14256044.077649757266045, 4154548.521476245485246 ], [ 14256048.86219004355371, 4154547.336503892671317 ], [ 14256084.89471460133791, 4154576.110832486301661 ], [ 14256085.909351721405983, 4154576.922010716982186 ], [ 14256097.937580049037933, 4154586.526254056952894 ], [ 14256289.593669416382909, 4154739.576547286007553 ], [ 14256289.677114879712462, 4154739.64342058217153 ], [ 14256534.580968400463462, 4154935.206866530235857 ], [ 14256576.383800514042377, 4154968.586385238450021 ], [ 14256611.395854249596596, 4154996.543988683726639 ], [ 14256656.370309013873339, 4155032.457214758265764 ], [ 14256657.530181249603629, 4155033.382333613932133 ], [ 14256657.636619947850704, 4155033.466555905994028 ], [ 14256664.035812826827168, 4155038.577537458855659 ], [ 14256799.285352049395442, 4155146.559728181455284 ], [ 14256812.85205765068531, 4155157.390983768273145 ], [ 14257011.291783882305026, 4155315.793687467463315 ], [ 14257020.351730331778526, 4155322.951369863469154 ], [ 14257110.905888779088855, 4155394.489677707664669 ], [ 14257235.674523057416081, 4155492.545135980471969 ], [ 14257310.488417200744152, 4155551.440873751416802 ], [ 14257361.871034001931548, 4155591.253473392222077 ], [ 14257362.208578592166305, 4155591.514870030805469 ], [ 14257381.247739184647799, 4155606.266951302532107 ], [ 14257400.534338213503361, 4155623.92706064414233 ], [ 14257436.978091029450297, 4155904.728289051447064 ], [ 14257437.09299505315721, 4155905.615544058848172 ], [ 14257439.818122399970889, 4155926.609497819561511 ], [ 14257445.36742015182972, 4155969.368694640696049 ], [ 14257445.369602179154754, 4155969.385507826693356 ], [ 14257446.769091341644526, 4155980.174811106175184 ], [ 14257454.89786877669394, 4156042.806692135520279 ], [ 14257450.107877042144537, 4156057.243748676497489 ], [ 14257449.370955843478441, 4156059.464647435117513 ], [ 14257463.70472302660346, 4156144.855645183473825 ], [ 14257495.859445091336966, 4156336.406287162564695 ], [ 14257499.593195816501975, 4156358.651593321934342 ], [ 14257511.724398002028465, 4156458.768354794476181 ], [ 14257518.134134951978922, 4156497.185569149442017 ], [ 14257552.77290553599596, 4156704.786151807289571 ], [ 14257562.419137747958302, 4156762.597155892755836 ], [ 14257588.109516549855471, 4156946.912442338652909 ], [ 14257590.458469126373529, 4157025.604429095983505 ], [ 14257585.050336614251137, 4157112.70836935704574 ], [ 14257563.708221819251776, 4157207.122753468342125 ], [ 14257541.462915742769837, 4157272.357610505074263 ] ], [ [ 14257541.462915742769837, 4157272.357610505074263 ], [ 14257531.5632164478302, 4157283.639321678783745 ], [ 14257324.964696308597922, 4157679.765938863158226 ] ] ] } },
{ "type": "Feature", "properties": { "UserID": null, "number": "27", "개설여부": "개설", "검토": null, "변경사항": "변경(지방도1010호와 중복구간 단축)", "연장": 2728, "시점": "사천시 사남면 화전리", "종점": "사천시 사남면 초전리" }, "geometry": { "type": "MultiLineString", "coordinates": [ [ [ 14256669.296962639316916, 4171294.38385284692049 ], [ 14256514.533783935010433, 4171337.313197812065482 ], [ 14255790.758772935718298, 4171516.089020899496973 ], [ 14255749.399066219106317, 4171522.828838793095201 ], [ 14255730.887964058667421, 4171523.417242313735187 ], [ 14255707.334821941331029, 4171520.902175349649042 ], [ 14255681.783794453367591, 4171515.312438607215881 ], [ 14255640.021584302186966, 4171504.744669022969902 ], [ 14255451.337183421477675, 4171439.239483810961246 ], [ 14255441.543258829042315, 4171435.677782735321671 ], [ 14255372.75972318276763, 4171410.669976213946939 ], [ 14255334.336958145722747, 4171396.699694491457194 ], [ 14255232.131534917280078, 4171361.625532750505954 ], [ 14255163.45484558865428, 4171336.77327632997185 ], [ 14255131.119196740910411, 4171327.55225775949657 ], [ 14255102.526059601455927, 4171321.933548955246806 ], [ 14255055.443010505288839, 4171317.409670850262046 ], [ 14255018.670406062155962, 4171319.097597967833281 ], [ 14254983.596440957859159, 4171325.676165247801691 ], [ 14254877.86852890625596, 4171352.444316924083978 ], [ 14254332.582849016413093, 4171498.098532306496054 ], [ 14254112.705121345818043, 4171556.821604366414249 ], [ 14254087.881072977557778, 4171562.607336706947535 ], [ 14254057.089137051254511, 4171569.784415575675666 ], [ 14254007.76759646832943, 4171584.588496022857726 ], [ 14253924.661738280206919, 4171602.874172284733504 ], [ 14253508.811904205009341, 4171713.204718052875251 ], [ 14253455.061662089079618, 4171731.996350166387856 ] ] ] } },
{ "type": "Feature", "properties": { "UserID": null, "number": "1", "개설여부": "개설", "검토": null, "변경사항": "변경없음", "연장": 19258, "시점": "사천시 동금동", "종점": "사천시 사천읍 정의리" }, "geometry": { "type": "MultiLineString", "coordinates": [ [ [ 14257441.908156100660563, 4154845.086808712687343 ], [ 14257490.879891576245427, 4154953.354510479141027 ], [ 14257497.74642382375896, 4154966.388507758267224 ], [ 14257568.522981457412243, 4155117.139626321848482 ], [ 14257625.472292374819517, 4155238.231739633716643 ], [ 14257662.853210881352425, 4155323.711392278317362 ], [ 14257719.204243263229728, 4155442.882664448115975 ], [ 14257787.029203044250607, 4155589.104790883138776 ], [ 14257823.199789563193917, 4155669.307341046631336 ], [ 14257833.623827379196882, 4155698.111847734078765 ], [ 14257836.787253431975842, 4155710.903608429711312 ], [ 14257840.262735102325678, 4155734.402400339022279 ], [ 14257845.28282823972404, 4155793.001582865137607 ], [ 14257858.429771278053522, 4155904.069300944916904 ], [ 14257865.939030986279249, 4155996.508236561436206 ], [ 14257866.032497236505151, 4155997.658801707439125 ], [ 14257867.501146027818322, 4156015.737786879763007 ], [ 14257868.489359946921468, 4156027.902632644400001 ], [ 14257870.035075860098004, 4156046.930269022472203 ], [ 14257872.765903679654002, 4156076.953837430104613 ], [ 14257872.876773238182068, 4156078.172770373523235 ], [ 14257874.883685627952218, 4156100.237344493623823 ], [ 14257880.467744970694184, 4156159.898528319317847 ], [ 14257881.266276285052299, 4156169.796169396489859 ], [ 14257882.132229598239064, 4156179.749750896822661 ], [ 14257891.551666002720594, 4156286.383192954119295 ], [ 14257892.675946759060025, 4156300.895890847314149 ], [ 14257895.095573015511036, 4156331.249612388201058 ], [ 14257895.627932425588369, 4156336.568869094830006 ], [ 14257899.147364996373653, 4156373.58222980145365 ], [ 14257901.862490743398666, 4156413.011628442909569 ], [ 14257902.122412919998169, 4156418.914443453308195 ], [ 14257902.550239307805896, 4156425.102765516843647 ], [ 14257902.259941758587956, 4156456.303538945503533 ], [ 14257900.992574382573366, 4156473.127618112135679 ], [ 14257899.947898456826806, 4156486.995483293198049 ], [ 14257896.990590035915375, 4156520.656178877223283 ], [ 14257892.276051763445139, 4156542.308873532805592 ], [ 14257887.835381591692567, 4156559.520820960402489 ], [ 14257885.653552563861012, 4156567.977132345084101 ], [ 14257882.682577133178711, 4156581.031112943775952 ], [ 14257869.451141988858581, 4156617.975704958662391 ], [ 14257836.130427587777376, 4156716.63988368306309 ], [ 14257816.343313103541732, 4156772.888449864927679 ], [ 14257800.21809871122241, 4156816.708355171140283 ], [ 14257796.653258042410016, 4156828.809869613964111 ], [ 14257796.275407528504729, 4156830.092552518937737 ], [ 14257789.881650883704424, 4156851.797307073138654 ], [ 14257786.785546166822314, 4156859.709203348029405 ], [ 14257784.944765182211995, 4156864.407775989267975 ], [ 14257774.566632589325309, 4156890.897796966135502 ], [ 14257761.389563571661711, 4156924.531949086580426 ], [ 14257754.727948557585478, 4156941.53551444131881 ], [ 14257754.503450559452176, 4156942.108538058120757 ], [ 14257753.571748208254576, 4156944.525510884821415 ], [ 14257741.190988767892122, 4156976.64296021591872 ], [ 14257739.541786778718233, 4156980.921216078102589 ], [ 14257734.130941653624177, 4156994.957675500307232 ], [ 14257721.376170139759779, 4157028.871332086157054 ], [ 14257706.486225033178926, 4157061.837113175075501 ], [ 14257692.55059302598238, 4157092.302066226489842 ], [ 14257681.645958289504051, 4157114.02354625146836 ], [ 14257647.67314507253468, 4157171.495251008309424 ], [ 14257627.979002604261041, 4157202.558773370459676 ], [ 14257619.798093546181917, 4157215.462464113719761 ], [ 14257616.743679456412792, 4157220.280164584517479 ], [ 14257614.341261275112629, 4157223.722006477881223 ], [ 14257609.918628001585603, 4157229.396947133820504 ], [ 14257541.462915742769837, 4157272.357610505074263 ], [ 14257495.153260327875614, 4157367.32497765077278 ], [ 14257490.533087158575654, 4157375.829285263549536 ], [ 14257490.529375188052654, 4157375.835371686611325 ], [ 14257479.189026638865471, 4157396.710045876912773 ], [ 14257459.101610822603106, 4157433.682310482487082 ], [ 14257459.076822811737657, 4157433.727375057525933 ], [ 14257455.939227316528559, 4157439.50331417331472 ], [ 14257423.532984530553222, 4157499.15196474827826 ], [ 14257420.552922720089555, 4157504.226705182809383 ], [ 14257288.797551684081554, 4157728.561215400230139 ], [ 14257275.929626792669296, 4157750.472495459485799 ], [ 14257237.519483976066113, 4157816.320928956381977 ], [ 14257231.351309349760413, 4157826.92406853986904 ], [ 14257200.268812688067555, 4157880.351403130218387 ], [ 14257154.775936674326658, 4157952.521205872297287 ], [ 14257096.721017839387059, 4158023.108788441866636 ], [ 14257068.201916081830859, 4158053.937632113229483 ], [ 14256999.140903055667877, 4158128.590090377256274 ], [ 14256852.809742337092757, 4158286.766701058950275 ], [ 14256839.652795, 4158316.563861973583698 ], [ 14256832.668114043772221, 4158339.461174570024014 ], [ 14256830.04573436640203, 4158348.367797879967839 ], [ 14256824.828544465824962, 4158363.202641 ], [ 14256822.220703853294253, 4158370.406438487581909 ], [ 14256816.98379922658205, 4158387.367705872282386 ], [ 14256813.492025181651115, 4158398.816426508128643 ], [ 14256809.603164466097951, 4158406.16008293395862 ], [ 14256791.086598783731461, 4158441.132678697817028 ], [ 14256775.567432096228004, 4158471.179878927301615 ], [ 14256752.715189421549439, 4158516.043583909980953 ], [ 14256729.878534201532602, 4158559.205781638622284 ], [ 14256675.140816321596503, 4158664.156892172526568 ], [ 14256674.714171819388866, 4158664.952377155888826 ], [ 14256647.583221839740872, 4158715.58598372945562 ], [ 14256644.984846256673336, 4158720.434456782415509 ], [ 14256606.632427718490362, 4158793.220209504943341 ], [ 14256581.622816249728203, 4158838.602107245009392 ], [ 14256558.834576494991779, 4158879.951157281175256 ], [ 14256554.428664403036237, 4158888.600232567638159 ], [ 14256530.292237786576152, 4158935.981359876226634 ], [ 14256525.631769156083465, 4158945.131286453455687 ], [ 14256519.230057345703244, 4158957.510640398133546 ], [ 14256515.300657995045185, 4158965.10883774375543 ], [ 14256484.570442568510771, 4159026.346221999730915 ], [ 14256468.36068208143115, 4159059.138722870033234 ], [ 14256457.931169576942921, 4159079.452196703758091 ], [ 14256443.096836306154728, 4159105.89867294812575 ], [ 14256417.011800531297922, 4159144.504787088371813 ], [ 14256392.938727030530572, 4159171.044014901388437 ], [ 14256349.116725189611316, 4159220.24203177029267 ], [ 14256318.792701482772827, 4159255.59047091472894 ], [ 14256296.299716137349606, 4159281.890105800237507 ], [ 14256260.691143684089184, 4159323.343286760617048 ], [ 14256238.517739342525601, 4159349.103596921078861 ], [ 14256224.474516155198216, 4159365.292428909335285 ], [ 14256207.975533178076148, 4159384.382076230365783 ], [ 14256186.186006292700768, 4159409.391794267110527 ], [ 14256165.885705491527915, 4159432.774330822750926 ], [ 14256165.037624914199114, 4159433.79239932866767 ], [ 14256155.584575369954109, 4159444.841834220569581 ], [ 14256133.383218172937632, 4159470.791061152238399 ], [ 14256116.669289536774158, 4159490.325862882193178 ], [ 14256099.021158119663596, 4159509.780864168889821 ], [ 14256076.886396918445826, 4159534.181873993482441 ], [ 14256071.000586841255426, 4159540.951319527346641 ], [ 14256065.815856082364917, 4159546.913133891765028 ], [ 14256038.385221594944596, 4159578.456486087758094 ], [ 14256025.53048050403595, 4159593.238988683093339 ], [ 14255956.609343282878399, 4159674.246150757186115 ], [ 14255929.325753947719932, 4159705.248547411058098 ], [ 14255925.79979913122952, 4159709.254691233858466 ], [ 14255894.9769078027457, 4159745.540209128521383 ], [ 14255894.892667148262262, 4159745.685122029855847 ], [ 14255874.321786250919104, 4159781.070690519176424 ], [ 14255863.476432925090194, 4159809.038601311855018 ], [ 14255853.103113293647766, 4159876.989114451687783 ], [ 14255845.062920385971665, 4159967.07691523944959 ], [ 14255840.456076333299279, 4160007.013219693675637 ], [ 14255838.168337181210518, 4160039.05416415585205 ], [ 14255837.458606438711286, 4160048.99256404209882 ], [ 14255831.198656549677253, 4160136.645904280710965 ], [ 14255829.37542462348938, 4160163.328387782908976 ], [ 14255822.575270798057318, 4160262.847691155970097 ], [ 14255822.369143586605787, 4160265.85798612376675 ], [ 14255817.059446938335896, 4160335.559828521683812 ], [ 14255810.712797429412603, 4160425.668471917510033 ], [ 14255800.188478451222181, 4160554.869068588595837 ], [ 14255795.211123589426279, 4160634.358573183882982 ], [ 14255795.538546772673726, 4160637.277266514021903 ], [ 14255799.509208271279931, 4160672.679193328600377 ], [ 14255802.149805845692754, 4160694.675928734708577 ], [ 14255806.973075898364186, 4160734.848314580973238 ], [ 14255821.660530276596546, 4160809.055906069464982 ], [ 14255829.627104038372636, 4160849.30367026058957 ], [ 14255832.4452147744596, 4160863.541199394501746 ], [ 14255850.155304500833154, 4160961.962017566431314 ], [ 14255873.538919361308217, 4161087.660751454997808 ], [ 14255886.503069510683417, 4161150.308941094204783 ], [ 14255891.444310866296291, 4161176.610675081145018 ], [ 14255896.990641493350267, 4161206.12905202107504 ], [ 14255903.667802199721336, 4161261.913487802725285 ], [ 14255903.602903239428997, 4161263.900395809207112 ], [ 14255900.707515804097056, 4161352.061531210318208 ], [ 14255895.843237916007638, 4161464.736310873646289 ], [ 14255893.348980331793427, 4161564.484111286234111 ], [ 14255891.942617513239384, 4161620.759844151325524 ], [ 14255890.431491479277611, 4161681.197426456026733 ], [ 14255885.757363492622972, 4161802.71194174606353 ], [ 14255882.040045130997896, 4161899.336862793192267 ], [ 14255873.253094248473644, 4162023.890081259422004 ], [ 14255864.873147651553154, 4162059.543517139274627 ], [ 14255845.90774092823267, 4162109.331686409190297 ], [ 14255799.318438811227679, 4162231.63318629283458 ], [ 14255759.774245195090771, 4162339.309474606066942 ], [ 14255753.990036649629474, 4162369.032543908338994 ], [ 14255748.08353510312736, 4162411.942322879098356 ], [ 14255736.666304644197226, 4162545.835650491062552 ], [ 14255729.996739979833364, 4162624.898173309396952 ], [ 14255719.49920617043972, 4162733.580045102164149 ], [ 14255717.803447984158993, 4162751.129482349846512 ], [ 14255717.250398417934775, 4162762.140958529897034 ], [ 14255717.121633939445019, 4162764.693364660255611 ], [ 14255713.638432621955872, 4162834.045727617572993 ], [ 14255706.202059548348188, 4162924.64162273472175 ], [ 14255705.520798670127988, 4162932.937947723548859 ], [ 14255705.273010836914182, 4162935.960806691553444 ], [ 14255704.062121985480189, 4162952.115216799546033 ], [ 14255703.509545389562845, 4162965.936540944501758 ], [ 14255703.386991877108812, 4162979.017279486171901 ], [ 14255699.576898746192455, 4162995.141053644474596 ], [ 14255695.643540274351835, 4163047.712157362606376 ], [ 14255692.869841124862432, 4163084.781214678660035 ], [ 14255686.237931579351425, 4163173.416005287785083 ], [ 14255685.782595075666904, 4163178.678357570897788 ], [ 14255684.788552742451429, 4163190.162528718821704 ], [ 14255677.526258269324899, 4163274.099914065562189 ], [ 14255675.768879828974605, 4163286.238363384269178 ], [ 14255675.539437733590603, 4163287.822330539114773 ], [ 14255669.915003219619393, 4163365.465627541765571 ], [ 14255669.396909408271313, 4163370.26694082794711 ], [ 14255668.870868541300297, 4163375.135546387638897 ], [ 14255668.415551846846938, 4163379.353215340524912 ], [ 14255666.586162569001317, 4163396.309567857533693 ], [ 14255661.074869379401207, 4163461.739388836082071 ], [ 14255659.938265189528465, 4163472.166688298340887 ], [ 14255658.715004812926054, 4163483.38319777417928 ], [ 14255652.658461263403296, 4163552.987532350700349 ], [ 14255652.236151760444045, 4163557.844948693178594 ], [ 14255639.698894884437323, 4163724.320049242582172 ], [ 14255637.719183212146163, 4163755.34675692114979 ], [ 14255635.213153816759586, 4163788.405529521871358 ], [ 14255631.847247533500195, 4163825.388109378516674 ], [ 14255620.501348521560431, 4163950.054521710146219 ], [ 14255617.940476082265377, 4163983.359544923063368 ], [ 14255613.865694107487798, 4164036.36504793073982 ], [ 14255612.031131459400058, 4164060.222189772408456 ], [ 14255608.43681607209146, 4164106.978231013286859 ], [ 14255603.649518212303519, 4164164.564859829843044 ], [ 14255603.182329788804054, 4164173.161769776139408 ], [ 14255601.813615584746003, 4164198.309769263025373 ], [ 14255598.253087073564529, 4164242.754049896728247 ], [ 14255597.413357187062502, 4164253.236321064177901 ], [ 14255595.645849909633398, 4164279.686492293607444 ], [ 14255591.396713661029935, 4164318.497251084540039 ], [ 14255591.7110636215657, 4164322.944267347455025 ], [ 14255592.738938277587295, 4164337.51228477107361 ], [ 14255597.612185135483742, 4164376.070290180854499 ], [ 14255602.500191437080503, 4164395.118983742315322 ], [ 14255609.269202593713999, 4164422.94015125837177 ], [ 14255610.807330150157213, 4164429.264375175349414 ], [ 14255611.93336721137166, 4164433.89060887042433 ], [ 14255624.669062864035368, 4164483.558882122393698 ], [ 14255626.759504187852144, 4164491.714760915841907 ], [ 14255640.638960713520646, 4164542.57495031459257 ], [ 14255650.57364197447896, 4164581.860155005939305 ], [ 14255656.468729129061103, 4164601.597330230753869 ], [ 14255665.423635838553309, 4164637.311265795957297 ], [ 14255669.311324721202254, 4164654.992424273863435 ], [ 14255673.885669035837054, 4164671.493111952673644 ], [ 14255694.110791742801666, 4164748.202221559826285 ], [ 14255715.92612536624074, 4164827.670819610822946 ], [ 14255727.918770851567388, 4164871.359422148671001 ], [ 14255735.577087147161365, 4164901.293413371313363 ], [ 14255767.903159195557237, 4165020.535297650378197 ], [ 14255804.406847454607487, 4165162.554182232357562 ], [ 14255809.204613152891397, 4165191.443876958917826 ], [ 14255808.977450516074896, 4165215.704569788184017 ], [ 14255808.184230759739876, 4165246.238240113016218 ], [ 14255805.399959983304143, 4165295.089483982883394 ], [ 14255804.077959571033716, 4165318.275497504509985 ], [ 14255803.737906334921718, 4165324.245567153207958 ], [ 14255801.68983992934227, 4165380.557269175536931 ], [ 14255801.610353281721473, 4165381.622306360397488 ], [ 14255801.189597191289067, 4165387.22413347940892 ], [ 14255800.531920647248626, 4165395.986791933886707 ], [ 14255798.847190437838435, 4165428.863394684158266 ], [ 14255796.811870837584138, 4165468.572576472535729 ], [ 14255796.083880010992289, 4165474.164192923810333 ], [ 14255795.008045978844166, 4165479.133872367441654 ], [ 14255794.312029967084527, 4165482.352864323183894 ], [ 14255794.142468867823482, 4165483.13897234108299 ], [ 14255791.627035770565271, 4165499.234487154521048 ], [ 14255786.266892677173018, 4165551.084707188419998 ], [ 14255786.054969290271401, 4165553.138359308708459 ], [ 14255785.081965714693069, 4165561.580874057020992 ], [ 14255783.517068019136786, 4165575.405635956674814 ], [ 14255773.81952809728682, 4165661.037008217070252 ], [ 14255773.749090887606144, 4165661.656230092514306 ], [ 14255762.845281843096018, 4165758.738734248094261 ], [ 14255763.546931026503444, 4165769.110816298052669 ], [ 14255764.787240637466311, 4165787.465771134477109 ], [ 14255764.922130096703768, 4165789.470065570902079 ], [ 14255769.984611142426729, 4165840.890894292853773 ], [ 14255770.16838788241148, 4165845.487959887366742 ], [ 14255771.701092, 4165855.675637268461287 ], [ 14255792.621323423460126, 4166007.294981892220676 ], [ 14255798.225587816908956, 4166062.485476918052882 ], [ 14255800.827744100242853, 4166079.074902818538249 ], [ 14255823.140313426032662, 4166169.481887353118509 ], [ 14255825.14029866270721, 4166172.888268650509417 ], [ 14255828.281961424276233, 4166178.236243332270533 ], [ 14255838.200192091986537, 4166205.039055198896676 ], [ 14255838.551740257069468, 4166205.658618634101003 ], [ 14255872.070929070934653, 4166264.780584407970309 ], [ 14255902.585191892459989, 4166306.316828400827944 ], [ 14255967.797466441988945, 4166377.813331132754683 ], [ 14256013.762153040617704, 4166426.600160147063434 ], [ 14256028.947688354179263, 4166450.771201333962381 ], [ 14256041.233524836599827, 4166468.225542785599828 ], [ 14256054.306300656870008, 4166500.275359477382153 ], [ 14256064.185380453243852, 4166542.453029264230281 ], [ 14256065.991415943950415, 4166558.670497861690819 ], [ 14256066.529101820662618, 4166570.961601838003844 ], [ 14256065.08200248517096, 4166586.167077193967998 ], [ 14256061.168486317619681, 4166620.719384802505374 ], [ 14256055.939131980761886, 4166662.819996403064579 ], [ 14256055.775693226605654, 4166664.386690627783537 ], [ 14256051.759782744571567, 4166702.972812334541231 ], [ 14256047.02529963105917, 4166738.442751380149275 ], [ 14256046.137465782463551, 4166746.133488011546433 ], [ 14256046.426039930433035, 4166750.232029117178172 ], [ 14256047.585667315870523, 4166783.154150683898479 ], [ 14256053.983582269400358, 4166831.5081618106924 ], [ 14256061.113932929933071, 4166871.186242418829352 ], [ 14256106.053518971428275, 4167070.863267038948834 ], [ 14256121.348709499463439, 4167144.531138517893851 ], [ 14256121.512446844950318, 4167145.805701899342239 ], [ 14256121.620450310409069, 4167146.648457011673599 ], [ 14256123.704723328351974, 4167162.869409930426627 ], [ 14256129.557430606335402, 4167199.784684491809458 ], [ 14256136.16535971686244, 4167271.428273128345609 ], [ 14256137.702716263011098, 4167288.096368247177452 ], [ 14256156.553889928385615, 4167531.354302261956036 ], [ 14256156.828140811994672, 4167534.90284180175513 ], [ 14256183.313720043748617, 4167876.674538273829967 ], [ 14256211.720133109018207, 4168243.226809222251177 ], [ 14256212.168145013973117, 4168300.049694027751684 ], [ 14256208.157847536727786, 4168372.005849163513631 ], [ 14256208.095784613862634, 4168373.688922905363142 ], [ 14256208.053436052054167, 4168374.82811821391806 ], [ 14256207.668818386271596, 4168385.192357223015279 ], [ 14256204.130288373678923, 4168480.570515623316169 ], [ 14256203.943890115246177, 4168484.46547427540645 ], [ 14256203.621409349143505, 4168491.177532596513629 ], [ 14256201.888665666803718, 4168527.305160851683468 ], [ 14256201.412940977141261, 4168537.23489451687783 ], [ 14256199.449854761362076, 4168600.62867939285934 ], [ 14256198.35076342895627, 4168624.389873411972076 ], [ 14256196.706832505762577, 4168652.231741475872695 ], [ 14256193.308870021253824, 4168731.213149825576693 ], [ 14256190.854179235175252, 4168796.521186373196542 ], [ 14256190.32799556106329, 4168862.32988419290632 ], [ 14256176.880388518795371, 4169126.156948580872267 ], [ 14256177.906515549868345, 4169140.781666500493884 ], [ 14256179.694330330938101, 4169155.260493850335479 ], [ 14256183.798504862934351, 4169173.922473331447691 ], [ 14256199.646736165508628, 4169218.411474261432886 ], [ 14256209.02396990545094, 4169242.528176020365208 ], [ 14256237.658995555713773, 4169308.437736587133259 ], [ 14256353.587702870368958, 4169569.706846876535565 ], [ 14256366.339168228209019, 4169598.617503392044455 ], [ 14256395.896063681691885, 4169665.634129727259278 ], [ 14256420.693359855562449, 4169721.857322287745774 ], [ 14256421.546421179547906, 4169723.791854495182633 ], [ 14256471.031863208860159, 4169835.987904593814164 ], [ 14256480.544909233227372, 4169855.188211386557668 ], [ 14256497.684991091489792, 4169889.783052137587219 ], [ 14256498.106530213728547, 4169890.632631504908204 ], [ 14256500.284810116514564, 4169895.030707501340657 ], [ 14256546.754077037796378, 4170002.567235101480037 ], [ 14256567.254405841231346, 4170060.915775806177408 ], [ 14256570.100621709600091, 4170070.635406966786832 ], [ 14256570.944910313934088, 4170073.518485590349883 ], [ 14256580.334896244108677, 4170105.59367461130023 ], [ 14256594.931852547451854, 4170152.650082340463996 ], [ 14256608.24239625222981, 4170207.510053719393909 ], [ 14256614.340705651789904, 4170232.649826886598021 ], [ 14256624.731334185227752, 4170267.749742417596281 ], [ 14256634.562616795301437, 4170289.66340033011511 ], [ 14256653.139137057587504, 4170325.385653072968125 ], [ 14256661.041940990835428, 4170336.105202956590801 ], [ 14256668.700182138010859, 4170346.491555680986494 ], [ 14256668.785649353638291, 4170346.616141424514353 ], [ 14256704.335673879832029, 4170398.534525851719081 ], [ 14256709.315556962043047, 4170405.808529523666948 ], [ 14256744.70920667052269, 4170452.53519078111276 ], [ 14256783.703437317162752, 4170504.014239588752389 ], [ 14256784.818371655419469, 4170505.484378321096301 ], [ 14256802.133984088897705, 4170528.34478245396167 ], [ 14256844.831110036000609, 4170575.816590793430805 ], [ 14256863.511789375916123, 4170590.310313833877444 ], [ 14256883.554130824282765, 4170605.858541826251894 ], [ 14256905.301600348204374, 4170618.449370368383825 ], [ 14256929.03166475892067, 4170629.606365204788744 ], [ 14256988.475827287882566, 4170655.476295097731054 ], [ 14257008.199437286704779, 4170666.872683370020241 ], [ 14257008.603416295722127, 4170667.122809976805001 ], [ 14257026.217521546408534, 4170677.989597247447819 ], [ 14257040.234146224334836, 4170688.792103929910809 ], [ 14257070.119267296046019, 4170716.10007652733475 ], [ 14257094.360576700419188, 4170750.096276444848627 ], [ 14257100.365637246519327, 4170761.075188278220594 ], [ 14257124.754232183098793, 4170814.508964855689555 ], [ 14257125.078324487432837, 4170815.217958285007626 ], [ 14257133.942885659635067, 4170836.407450850587338 ], [ 14257140.492791600525379, 4170853.388573268428445 ], [ 14257148.490451009944081, 4170874.122672012075782 ], [ 14257161.450936447829008, 4170907.72584660211578 ], [ 14257170.93311282992363, 4170926.136576352175325 ], [ 14257181.652423549443483, 4170945.61538701551035 ], [ 14257195.330251079052687, 4170971.861701785121113 ], [ 14257200.613043732941151, 4170983.385581607930362 ], [ 14257208.138370854780078, 4170999.802383029367775 ], [ 14257216.131323037669063, 4171017.771574030164629 ], [ 14257223.446564428508282, 4171034.217096837237477 ], [ 14257229.509012807160616, 4171046.14541622530669 ], [ 14257238.91010563634336, 4171062.79305508825928 ], [ 14257239.49235650524497, 4171063.823141932487488 ], [ 14257255.852808073163033, 4171092.793604860082269 ], [ 14257276.018264906480908, 4171120.393760465085506 ], [ 14257285.496231662109494, 4171136.395032940432429 ], [ 14257296.162414746358991, 4171154.404021881986409 ], [ 14257299.423066845163703, 4171159.909510351251811 ], [ 14257322.378182478249073, 4171219.723321466706693 ], [ 14257329.416535759344697, 4171242.001968433149159 ], [ 14257339.393798843026161, 4171273.584041886497289 ], [ 14257339.946266019716859, 4171275.330892267171293 ], [ 14257341.091690855100751, 4171278.139811867382377 ], [ 14257392.087691320106387, 4171403.178619377780706 ], [ 14257419.106375679373741, 4171467.560377770569175 ], [ 14257428.100350730121136, 4171488.989866309799254 ], [ 14257503.965907830744982, 4171657.725135922431946 ], [ 14257518.582098592072725, 4171690.232693796046078 ], [ 14257521.613456681370735, 4171697.210804919712245 ], [ 14257535.43027120642364, 4171726.860537759028375 ], [ 14257567.543471697717905, 4171795.70461258571595 ], [ 14257593.636693239212036, 4171851.650257834233344 ], [ 14257601.227814946323633, 4171868.362360694911331 ], [ 14257610.138540241867304, 4171887.155066896229982 ], [ 14257644.657443642616272, 4171961.719518843106925 ], [ 14257675.47494831494987, 4172027.952335551846772 ], [ 14257703.299979360774159, 4172086.388196745421737 ], [ 14257730.776299415156245, 4172143.954761107917875 ], [ 14257742.015028076246381, 4172167.790527545846999 ], [ 14257779.768362140282989, 4172247.042461968492717 ], [ 14257786.320926981046796, 4172260.867219702806324 ], [ 14257790.748520763590932, 4172271.132670830003917 ], [ 14257801.249898159876466, 4172293.192917507141829 ], [ 14257809.055023984983563, 4172314.832411137409508 ], [ 14257814.140699269250035, 4172335.726579239126295 ], [ 14257815.780390819534659, 4172348.52977040130645 ], [ 14257817.349448915570974, 4172369.112787153106183 ], [ 14257817.554091336205602, 4172397.304053246974945 ], [ 14257817.670852813869715, 4172417.065642077010125 ], [ 14257817.67369350604713, 4172417.287540407851338 ], [ 14257817.734492583200336, 4172422.619162254501134 ], [ 14257817.69274777173996, 4172435.179549215361476 ], [ 14257817.708054274320602, 4172442.787186665926129 ], [ 14257816.765646006911993, 4172485.511695324908942 ], [ 14257814.973170902580023, 4172499.362547107040882 ], [ 14257812.986776754260063, 4172508.45832124678418 ], [ 14257803.979557476937771, 4172538.215313332621008 ], [ 14257786.400782398879528, 4172590.387261879630387 ], [ 14257782.463478468358517, 4172604.011852047406137 ], [ 14257779.876277845352888, 4172611.309542702045292 ], [ 14257774.525185657665133, 4172627.725760973524302 ], [ 14257761.084418101236224, 4172669.237653424497694 ], [ 14257734.0693273935467, 4172752.242068938910961 ], [ 14257720.874087138101459, 4172794.110470118466765 ], [ 14257702.70579126663506, 4172850.268767280969769 ], [ 14257689.991214031353593, 4172889.682671167887747 ], [ 14257681.60948383808136, 4172914.986112910322845 ], [ 14257674.434984337538481, 4172939.89885217230767 ], [ 14257665.632988004013896, 4172980.74668786348775 ], [ 14257661.28546048514545, 4173006.218837580643594 ], [ 14257660.568031983450055, 4173014.655247768387198 ], [ 14257659.525202447548509, 4173024.338149485178292 ], [ 14257659.286715203896165, 4173034.654447795357555 ], [ 14257660.28971423394978, 4173050.641250997316092 ], [ 14257661.557873526588082, 4173061.262187372893095 ], [ 14257664.095226392149925, 4173075.018922951538116 ], [ 14257667.754251513630152, 4173091.75242394534871 ], [ 14257672.511927973479033, 4173105.942153069656342 ], [ 14257684.355937216430902, 4173131.934586019255221 ], [ 14257698.545579856261611, 4173160.963126129470766 ], [ 14257712.305082010105252, 4173190.598310197237879 ], [ 14257725.396789254620671, 4173220.959850030019879 ], [ 14257742.773706410080194, 4173263.773268967401236 ], [ 14257749.790518501773477, 4173283.222250041551888 ], [ 14257754.741619829088449, 4173300.258839952293783 ], [ 14257758.324530351907015, 4173317.570784016977996 ], [ 14257762.403888950124383, 4173343.175802286248654 ], [ 14257767.320686398074031, 4173379.558692218735814 ], [ 14257771.832385439425707, 4173413.18790515512228 ], [ 14257774.072748323902488, 4173429.152985902037472 ], [ 14257795.836269218474627, 4173456.036990738939494 ], [ 14257911.960916908457875, 4173383.424025250598788 ], [ 14258043.401444816961884, 4173422.065797888208181 ], [ 14258147.133900200948119, 4173467.192374063655734 ], [ 14258189.585914388298988, 4173498.565984005574137 ], [ 14258211.911516390740871, 4173523.889431998133659 ], [ 14258232.272315688431263, 4173553.455530676990747 ], [ 14258239.447406092658639, 4173568.272406375035644 ], [ 14258245.451395532116294, 4173576.216366143897176 ], [ 14258259.566033594310284, 4173594.891600131057203 ], [ 14258334.673355452716351, 4173697.522817033343017 ], [ 14258351.924396388232708, 4173719.596883550751954 ], [ 14258364.435916446149349, 4173736.699709795881063 ], [ 14258427.926589094102383, 4173823.718865014612675 ], [ 14258474.828953815624118, 4173888.300095576792955 ], [ 14258510.752306554466486, 4173938.94757625926286 ], [ 14258633.278756940737367, 4174100.192312729544938 ], [ 14258660.474069042131305, 4174149.575444935355335 ], [ 14258712.473399898037314, 4174336.577783772721887 ] ], [ [ 14258712.473399898037314, 4174336.577783772721887 ], [ 14258716.433017171919346, 4174346.495764925144613 ] ], [ [ 14258716.433017171919346, 4174346.495764925144613 ], [ 14258779.724504621699452, 4174554.440835537388921 ], [ 14258798.538231913000345, 4174624.19214505283162 ] ], [ [ 14258798.538231913000345, 4174624.192145052365959 ], [ 14258829.5794617254287, 4174704.151642114855349 ] ], [ [ 14258829.5794617254287, 4174704.151642114855349 ], [ 14258875.002786850556731, 4174847.544768152758479 ], [ 14258875.558059016242623, 4174849.297030891291797 ], [ 14258900.347086878493428, 4174927.551410546060652 ], [ 14258900.396896073594689, 4174927.711259329225868 ], [ 14258915.903356755152345, 4174976.366358659230173 ], [ 14258923.861646765843034, 4175002.509869995526969 ], [ 14258924.93420771881938, 4175006.033708107657731 ], [ 14258924.959112664684653, 4175006.113633005879819 ], [ 14258936.761390130966902, 4175042.149111502338201 ], [ 14258937.08681208267808, 4175043.140335602220148 ], [ 14258937.714544953778386, 4175045.113989140372723 ], [ 14258945.01150643825531, 4175068.023246353957802 ], [ 14258946.75950445048511, 4175073.511390261352062 ], [ 14258954.328231867402792, 4175097.276563932187855 ], [ 14258960.703167425468564, 4175117.293647701852024 ], [ 14258965.461846733465791, 4175132.234547510743141 ], [ 14258982.367700314149261, 4175185.316076521296054 ], [ 14258982.626399025321007, 4175186.128912900108844 ], [ 14258998.620717100799084, 4175237.857252188958228 ], [ 14258998.923361683264375, 4175238.804142454639077 ], [ 14259003.565335687249899, 4175253.301487101241946 ], [ 14259023.994316358119249, 4175317.116282348055393 ], [ 14259024.009748358279467, 4175317.164242973551154 ], [ 14259024.548580812290311, 4175318.85021001752466 ], [ 14259027.936044055968523, 4175329.429685471113771 ], [ 14259027.990593953058124, 4175329.605522612575442 ], [ 14259037.812662513926625, 4175360.785442586522549 ], [ 14259053.630845848470926, 4175410.997386016882956 ], [ 14259054.390130346640944, 4175413.408810269553214 ], [ 14259081.697693835943937, 4175500.090178648475558 ], [ 14259113.478501098230481, 4175600.974076230544597 ], [ 14259116.253966202959418, 4175605.172143206931651 ], [ 14259119.621791064739227, 4175607.048387017101049 ], [ 14259128.756083473563194, 4175612.138529243413359 ], [ 14259228.290178604424, 4175667.603673753328621 ], [ 14259228.975168738514185, 4175667.98515335097909 ], [ 14259230.075520347803831, 4175668.598503433167934 ], [ 14259286.913916567340493, 4175700.270869444590062 ], [ 14259315.679985031485558, 4175716.30020767590031 ], [ 14259350.557662090286613, 4175735.735302176792175 ], [ 14259355.140315294265747, 4175737.860485235694796 ], [ 14259366.531317703425884, 4175743.142794935964048 ], [ 14259469.715285670012236, 4175799.267612785566598 ], [ 14259497.294452304020524, 4175808.79068581899628 ], [ 14259527.981198649853468, 4175824.688803541939706 ], [ 14259561.546955859288573, 4175845.113243098836392 ], [ 14259604.76329742744565, 4175873.665794268716127 ], [ 14259610.67150380089879, 4175877.569932479877025 ], [ 14259610.797701669856906, 4175877.653238513506949 ], [ 14259611.306132739409804, 4175877.988948231097311 ], [ 14259612.311221443116665, 4175878.612438780255616 ], [ 14259631.655630784109235, 4175890.604472411796451 ], [ 14259646.725993433967233, 4175899.946943767834455 ], [ 14259714.33840599656105, 4175936.454056474380195 ], [ 14259712.02494902536273, 4176060.460163424257189 ] ] ] } },
{ "type": "Feature", "properties": { "UserID": null, "number": "5", "개설여부": "개설", "검토": null, "변경사항": "변경없음", "연장": 2866, "시점": "사천시 용현면 선진리", "종점": "사천시 사남면 화전리" }, "geometry": { "type": "MultiLineString", "coordinates": [ [ [ 14253946.74862558953464, 4169374.892470819875598 ], [ 14253919.021240225061774, 4169381.06226509809494 ], [ 14253890.189290188252926, 4169387.477765790186822 ] ], [ [ 14256130.979261446744204, 4169514.28557820757851 ], [ 14256097.092309657484293, 4169520.759002786129713 ], [ 14256074.493254166096449, 4169525.075307179242373 ], [ 14256050.254083158448339, 4169529.699625097215176 ], [ 14256013.034214027225971, 4169536.80680143693462 ], [ 14255985.925333825871348, 4169541.979883454274386 ], [ 14255936.236836416646838, 4169551.464213504921645 ], [ 14255894.878561697900295, 4169559.360356383491307 ], [ 14255827.992686480283737, 4169572.129049079027027 ], [ 14255773.294254785403609, 4169582.566538233309984 ], [ 14255732.341566050425172, 4169590.3801439255476 ], [ 14255691.206403626129031, 4169598.131825739983469 ], [ 14255672.962402001023293, 4169601.149087394587696 ], [ 14255651.523263828828931, 4169602.473053937777877 ], [ 14255620.913622461259365, 4169602.998094336595386 ], [ 14255599.318787608295679, 4169601.933204745408148 ], [ 14255576.634223012253642, 4169599.079741399735212 ], [ 14255559.917174629867077, 4169596.04014693852514 ], [ 14255535.779788004234433, 4169590.442412878852338 ], [ 14255510.123286290094256, 4169582.53486043214798 ], [ 14255502.904489699751139, 4169579.561966687906533 ], [ 14255476.597212798893452, 4169568.730258799623698 ], [ 14255449.155060019344091, 4169554.301924469415098 ], [ 14255422.068329496309161, 4169536.724939031992108 ], [ 14255393.598490932956338, 4169514.710753694642335 ], [ 14255366.353271989151835, 4169489.752284341026098 ], [ 14255339.752633707597852, 4169464.24232974788174 ], [ 14255309.92289930768311, 4169435.617146749049425 ], [ 14255277.232560297474265, 4169404.393712058663368 ], [ 14255264.675408266484737, 4169394.809979703277349 ], [ 14255248.741289883852005, 4169382.648820308037102 ], [ 14255218.933394763618708, 4169361.075200225226581 ], [ 14255216.139002539217472, 4169359.3341871839948 ], [ 14255193.836038287729025, 4169345.439651483204216 ], [ 14255171.258586058393121, 4169333.362304982729256 ], [ 14255148.898792183026671, 4169322.400950930546969 ], [ 14255091.190063662827015, 4169297.54448649706319 ], [ 14255042.128055853769183, 4169282.442750510759652 ], [ 14254940.604650467634201, 4169263.062674282584339 ], [ 14254853.450984379276633, 4169264.628433368634433 ], [ 14254788.871692303568125, 4169268.347745197825134 ], [ 14254680.729642162099481, 4169274.575610056053847 ], [ 14254462.55584479868412, 4169294.57856516353786 ], [ 14254358.03555248491466, 4169301.308549211360514 ], [ 14254227.618913350626826, 4169314.085479046683758 ], [ 14254211.457980105653405, 4169315.767328076995909 ], [ 14254198.314774820581079, 4169318.393553962465376 ], [ 14254181.262700529769063, 4169321.800844728946686 ], [ 14254172.184797331690788, 4169323.743049558717757 ], [ 14254128.702236155048013, 4169333.945319736842066 ], [ 14254039.352332713082433, 4169354.299481335096061 ], [ 14253992.836671253666282, 4169364.761289380025119 ], [ 14253946.74862558953464, 4169374.892470819875598 ], [ 14253890.189290188252926, 4169387.477765790186822 ], [ 14253837.128376079723239, 4169399.074438541196287 ], [ 14253763.846962502226233, 4169414.567828960716724 ], [ 14253674.738106764853001, 4169433.564890871290118 ], [ 14253656.232428148388863, 4169435.854443361517042 ], [ 14253634.093090994283557, 4169436.801302411593497 ], [ 14253597.232549283653498, 4169436.197904691565782 ], [ 14253572.227055830881, 4169435.788541591260582 ], [ 14253557.4546526260674, 4169434.490231431089342 ], [ 14253508.014264913275838, 4169430.142492426559329 ], [ 14253494.54289472848177, 4169426.368943805806339 ], [ 14253486.413100307807326, 4169424.194793912116438 ], [ 14253484.413817016407847, 4169423.659541772212833 ], [ 14253460.264879640191793, 4169421.584198281634599 ], [ 14253432.783296182751656, 4169419.222900244873017 ], [ 14253432.660991597920656, 4169419.527507649268955 ] ], [ [ 14256130.979261446744204, 4169514.285578206181526 ], [ 14256187.430876590311527, 4169496.970187138300389 ], [ 14256300.093031834810972, 4169450.308578951284289 ] ], [ [ 14256300.093031834810972, 4169450.308578951284289 ], [ 14256302.882840221747756, 4169449.123477947432548 ], [ 14256485.906640652567148, 4169843.640381244942546 ] ] ] } },
{ "type": "Feature", "properties": { "UserID": null, "number": "6", "개설여부": "미개설", "검토": null, "변경사항": "변경없음", "연장": 711, "시점": "사천시 곤양면 서정리", "종점": "사천시 곤양면 검정리" }, "geometry": { "type": "MultiLineString", "coordinates": [ [ [ 14244190.282202271744609, 4172706.347621918655932 ], [ 14244117.133181540295482, 4172760.881011513527483 ] ], [ [ 14244821.152764562517405, 4172306.41345469141379 ], [ 14244803.96909612044692, 4172348.253873522859067 ], [ 14244795.731985690072179, 4172357.177409818395972 ], [ 14244778.571338964626193, 4172364.728094377089292 ], [ 14244757.978562897071242, 4172368.160223723389208 ], [ 14244734.640083352103829, 4172371.59235306782648 ], [ 14244702.378067506477237, 4172373.651630676351488 ], [ 14244687.276698391884565, 4172375.024482412729412 ], [ 14244655.014682548120618, 4172376.397334149572998 ], [ 14244636.481184082105756, 4172380.515889364294708 ], [ 14244611.769852800294757, 4172390.125851530581713 ], [ 14244589.117799123749137, 4172396.990110220853239 ], [ 14244576.075707614421844, 4172407.972924124915153 ], [ 14244534.890155473724008, 4172443.667069311719388 ], [ 14244508.805972455069423, 4172475.929085155948997 ], [ 14244451.832625327631831, 4172534.275284018367529 ], [ 14244353.673726059496403, 4172604.977148524019867 ], [ 14244285.031139159575105, 4172648.221978269983083 ], [ 14244219.820681611075997, 4172683.916123457252979 ], [ 14244190.282202269881964, 4172706.347621918655932 ] ] ] } },
{ "type": "Feature", "properties": { "UserID": null, "number": "6", "개설여부": "개설", "검토": null, "변경사항": "변경없음", "연장": 10044, "시점": "사천시 곤양면 서정리", "종점": "사천시 곤양면 검정리" }, "geometry": { "type": "MultiLineString", "coordinates": [ [ [ 14244821.152764562517405, 4172306.413454692810774 ], [ 14244855.845673372969031, 4172232.317533291410655 ], [ 14244922.797158459201455, 4172089.323176323901862 ], [ 14244936.923248777166009, 4172047.018444024492055 ], [ 14244963.960605662316084, 4171957.238085973076522 ], [ 14244967.551527947187424, 4171948.939644794911146 ], [ 14244970.025089249014854, 4171949.870480131357908 ], [ 14244981.726034348830581, 4171954.273699004203081 ], [ 14245059.236582670360804, 4171985.633233933243901 ], [ 14245094.640915285795927, 4172000.447276207618415 ], [ 14245109.218481732532382, 4172006.001855490729213 ], [ 14245124.562516894191504, 4172001.327575036324561 ], [ 14245170.289831722155213, 4171922.577076626010239 ], [ 14245175.771321415901184, 4171912.813328574877232 ], [ 14245188.093158403411508, 4171912.708208386320621 ], [ 14245199.084876423701644, 4171915.563325119204819 ], [ 14245206.855794737115502, 4171917.434101752005517 ], [ 14245229.736831991001964, 4171921.031749117188156 ], [ 14245277.034086203202605, 4171925.122274452354759 ], [ 14245323.22367575392127, 4171929.451812264043838 ], [ 14245423.299591444432735, 4171941.959234357345849 ], [ 14245463.919076882302761, 4171948.934289741329849 ], [ 14245501.410512944683433, 4171955.069252006243914 ], [ 14245534.281634911894798, 4171961.123390635475516 ], [ 14245572.752584068104625, 4171972.580847453325987 ], [ 14245626.666864052414894, 4171999.879315201658756 ], [ 14245668.254102284088731, 4172022.180296362843364 ], [ 14245681.635209687054157, 4172029.291686247568578 ], [ 14245690.541115155443549, 4172036.976202564779669 ], [ 14245697.216142773628235, 4172042.875352455768734 ], [ 14245706.613771812990308, 4172032.868871931917965 ], [ 14245723.606640830636024, 4172024.391589772887528 ], [ 14245739.374500602483749, 4172016.984223022591323 ], [ 14245755.649173041805625, 4172008.945300220511854 ], [ 14245774.648568229749799, 4171999.767556705512106 ], [ 14245789.149233972653747, 4171992.729553728364408 ], [ 14245809.880203295499086, 4171982.644560214132071 ], [ 14245829.794741574674845, 4171973.005233011674136 ], [ 14245851.216971717774868, 4171963.249347945209593 ], [ 14245870.902918089181185, 4171953.442434070631862 ], [ 14245884.868736168369651, 4171946.452291340567172 ], [ 14245897.44372765161097, 4171940.619234311860055 ], [ 14245903.941087078303099, 4171937.575192527379841 ], [ 14245909.468475257977843, 4171935.325619176961482 ], [ 14245914.291933016851544, 4171933.927184223663062 ], [ 14245920.800282431766391, 4171932.046846467070282 ], [ 14245926.156766755506396, 4171930.814819257240742 ], [ 14245932.043582119047642, 4171929.963778770063072 ], [ 14245937.983663020655513, 4171929.166990474797785 ], [ 14245946.189021838828921, 4171928.442422251682729 ], [ 14245952.122507793828845, 4171928.289160217158496 ], [ 14245960.028360601514578, 4171928.585494491737336 ], [ 14245966.219097342342138, 4171929.346795806195587 ], [ 14245975.079532291740179, 4171930.350293365307152 ], [ 14245986.58136079646647, 4171931.975456218235195 ], [ 14246007.876500083133578, 4171934.609457129146904 ], [ 14246034.37837815284729, 4171938.906854256056249 ], [ 14246056.886984955519438, 4171943.055322673171759 ], [ 14246083.590735701844096, 4171947.791147195734084 ], [ 14246106.363726306706667, 4171952.210558769293129 ], [ 14246125.06985498778522, 4171955.19737808406353 ], [ 14246147.582372400909662, 4171958.970202198717743 ], [ 14246175.996982479467988, 4171964.103449975606054 ], [ 14246195.789796071127057, 4171967.311709016561508 ], [ 14246212.036099374294281, 4171969.907305539119989 ], [ 14246221.859913652762771, 4171970.813349962700158 ], [ 14246231.877276362851262, 4171970.482336388900876 ], [ 14246244.197648525238037, 4171967.605332790408283 ], [ 14246253.425688751041889, 4171963.999122651759535 ], [ 14246264.034088844433427, 4171957.279265094082803 ], [ 14246270.970963839441538, 4171953.059309269301593 ], [ 14246279.852106839418411, 4171946.820961080025882 ], [ 14246290.110479755327106, 4171939.335173055529594 ], [ 14246298.296418968588114, 4171933.143356095068157 ], [ 14246309.919728694483638, 4171925.270334353204817 ], [ 14246324.219990979880095, 4171913.804738870821893 ], [ 14246338.515375718474388, 4171902.130661658477038 ], [ 14246347.57994238473475, 4171893.587657709140331 ], [ 14246362.160084124654531, 4171880.180703280027956 ], [ 14246371.271314145997167, 4171872.335480153560638 ], [ 14246383.444015776738524, 4171862.966067084111273 ], [ 14246400.190003106370568, 4171848.084932659752667 ], [ 14246410.223262179642916, 4171838.908082131296396 ], [ 14246426.935307031497359, 4171823.585661342833191 ], [ 14246438.319919597357512, 4171813.493125980254263 ], [ 14246445.33240514062345, 4171804.728232796303928 ], [ 14246450.868880795314908, 4171797.662413372192532 ], [ 14246454.508205292746425, 4171791.615771119482815 ], [ 14246458.800412435084581, 4171783.463284846395254 ], [ 14246463.849998570978642, 4171771.412070525344461 ], [ 14246468.151399817317724, 4171758.838506043888628 ], [ 14246473.712731616571546, 4171742.148489695973694 ], [ 14246478.497445544227958, 4171727.479519390035421 ], [ 14246483.771310396492481, 4171710.143422462511808 ], [ 14246505.063320940360427, 4171638.269788478501141 ], [ 14246515.104198032990098, 4171603.583275908138603 ], [ 14246517.519014649093151, 4171591.962452667765319 ], [ 14246520.656017128378153, 4171569.039286013692617 ], [ 14246523.05015049688518, 4171547.762014531996101 ], [ 14246529.167386051267385, 4171494.262322324793786 ], [ 14246532.246944554150105, 4171455.163911838550121 ], [ 14246536.542133627459407, 4171408.171782231889665 ], [ 14246537.909451860934496, 4171395.909384037833661 ], [ 14246539.852847278118134, 4171385.895193800330162 ], [ 14246543.141159305348992, 4171368.260221114847809 ], [ 14246546.181149605661631, 4171354.062194942031056 ], [ 14246549.007099490612745, 4171345.218736394774169 ], [ 14246553.078850597143173, 4171333.393796382006258 ], [ 14246557.50488905608654, 4171322.401689481455833 ], [ 14246563.476484835147858, 4171309.917575134895742 ], [ 14246569.677197737619281, 4171300.720146323088557 ], [ 14246573.942118611186743, 4171295.218668325804174 ], [ 14246579.420070989057422, 4171289.412993133999407 ], [ 14246589.323494283482432, 4171278.975666563026607 ], [ 14246595.800969526171684, 4171273.180052690207958 ], [ 14246601.211560484021902, 4171268.799543321598321 ], [ 14246613.239789, 4171262.03318965062499 ], [ 14246619.104903854429722, 4171259.505782274994999 ], [ 14246628.235474925488234, 4171256.642198115587234 ], [ 14246638.493488864973187, 4171253.559616550803185 ], [ 14246644.873977480456233, 4171252.146467959973961 ], [ 14246656.52283382602036, 4171249.942283139564097 ], [ 14246663.846272516995668, 4171248.908540418371558 ], [ 14246671.688936663791537, 4171248.51388721074909 ], [ 14246681.088859885931015, 4171247.972840461414307 ], [ 14246691.138176353648305, 4171247.864869130775332 ], [ 14246701.815542256459594, 4171248.132854428142309 ], [ 14246709.330976778641343, 4171248.896638156380504 ], [ 14246720.438533658161759, 4171250.228771842550486 ], [ 14246730.942944632843137, 4171251.921022314578295 ], [ 14246740.867214262485504, 4171253.818490359000862 ], [ 14246755.595963029190898, 4171256.242610533721745 ], [ 14246767.990524515509605, 4171258.376593154389411 ], [ 14246787.920592587441206, 4171262.340642793569714 ], [ 14246804.089159259572625, 4171265.780835616867989 ], [ 14246811.076290339231491, 4171266.750314199365675 ], [ 14246816.983888980001211, 4171267.392472208011895 ], [ 14246822.771414533257484, 4171267.346144967712462 ], [ 14246833.454208889976144, 4171267.033359504770488 ], [ 14246843.950350826606154, 4171267.140162928029895 ], [ 14246854.632034068927169, 4171266.985679557546973 ], [ 14246865.678225439041853, 4171267.15159156313166 ], [ 14246881.429207295179367, 4171267.89635226642713 ], [ 14246896.460709167644382, 4171269.317982005886734 ], [ 14246916.778109448030591, 4171271.166058789938688 ], [ 14246935.384048840031028, 4171272.888304410967976 ], [ 14246947.052405450493097, 4171274.011367978993803 ], [ 14246962.911985989660025, 4171275.448425835929811 ], [ 14246987.771289618685842, 4171277.921262851916254 ], [ 14247015.454313652589917, 4171280.424240550026298 ], [ 14247027.187024690210819, 4171281.591139008291066 ], [ 14247038.482055610045791, 4171282.7239228351973 ], [ 14247044.458418356254697, 4171283.565274789463729 ], [ 14247050.494919694960117, 4171284.618848817888647 ], [ 14247056.620678240433335, 4171286.059899132698774 ], [ 14247066.16031301766634, 4171289.285240704659373 ], [ 14247074.798671359196305, 4171293.326905095018446 ], [ 14247087.064508033916354, 4171298.532996596302837 ], [ 14247094.59542522765696, 4171301.461579738650471 ], [ 14247100.706611391156912, 4171303.603989377152175 ], [ 14247104.923208178952336, 4171304.562195768579841 ], [ 14247109.931795140728354, 4171305.112743128091097 ], [ 14247119.345727564767003, 4171306.043570855632424 ], [ 14247128.952980045229197, 4171306.682714277878404 ], [ 14247140.054182035848498, 4171307.128931487444788 ], [ 14247155.423111092299223, 4171305.997085209004581 ], [ 14247166.645131073892117, 4171303.323850465938449 ], [ 14247172.190129317343235, 4171299.96944073215127 ], [ 14247179.371337665244937, 4171294.676980973221362 ], [ 14247188.627786850556731, 4171286.560196194797754 ], [ 14247208.213227136060596, 4171268.734426512382925 ], [ 14247215.586572427302599, 4171261.787275489419699 ], [ 14247221.151712285354733, 4171255.457319799810648 ], [ 14247228.293859243392944, 4171250.473871496040374 ], [ 14247245.004495812579989, 4171238.635383725631982 ], [ 14247252.619270326569676, 4171232.791995944920927 ], [ 14247259.175061907619238, 4171226.804596967995167 ], [ 14247266.031842412427068, 4171219.192401127889752 ], [ 14247271.673981796950102, 4171211.798582876566797 ], [ 14247277.790107689797878, 4171203.41166287753731 ], [ 14247283.915143141523004, 4171195.325094040948898 ], [ 14247294.809154028072953, 4171179.801702205557376 ], [ 14247302.715626450255513, 4171165.811525710392743 ], [ 14247307.706462297588587, 4171157.280154847539961 ], [ 14247314.830401562154293, 4171142.663592235650867 ], [ 14247319.302681960165501, 4171132.929323906544596 ], [ 14247322.248643174767494, 4171127.222980773076415 ], [ 14247324.665082486346364, 4171122.095539577770978 ], [ 14247327.656211674213409, 4171110.629544371273369 ], [ 14247330.314993171021342, 4171101.157635286916047 ], [ 14247331.145862389355898, 4171087.199032429605722 ], [ 14247329.98264548368752, 4171073.074255725834519 ], [ 14247328.819428579881787, 4171049.976091470103711 ], [ 14247329.650297794491053, 4171032.860185581259429 ], [ 14247333.804643884301186, 4171017.738365816418082 ], [ 14247342.113336062058806, 4170998.462199960835278 ], [ 14247352.249940518289804, 4170979.850729485973716 ], [ 14247367.704107971861959, 4170961.239259005524218 ], [ 14247384.155318487435579, 4170949.108568423893303 ], [ 14247403.763832028955221, 4170937.80874705966562 ], [ 14247432.844254652038217, 4170919.36345042521134 ], [ 14247445.97198829241097, 4170907.565107533242553 ], [ 14247460.155991833657026, 4170890.308336463756859 ] ], [ [ 14247460.155991833657026, 4170890.308336464222521 ], [ 14247462.0897231195122, 4170887.528406002558768 ], [ 14247468.359553162008524, 4170877.608272897545248 ], [ 14247473.871408572420478, 4170870.304874035995454 ], [ 14247478.42163010686636, 4170864.272787757217884 ], [ 14247483.397858729586005, 4170857.406525001861155 ], [ 14247489.3213354293257, 4170850.838877618778497 ], [ 14247493.654301093891263, 4170845.642887965310365 ], [ 14247497.469294637441635, 4170840.074884617235512 ], [ 14247503.464230040088296, 4170831.414331453386694 ], [ 14247509.939924845471978, 4170820.790559797547758 ], [ 14247516.069846963509917, 4170808.878109178040177 ], [ 14247520.539705691859126, 4170800.487140213139355 ], [ 14247525.564514121040702, 4170789.497208929155022 ], [ 14247530.362609123811126, 4170779.590038460213691 ], [ 14247536.495030101388693, 4170767.62309368699789 ], [ 14247539.102836582809687, 4170762.671642543748021 ], [ 14247542.276658548042178, 4170758.564263402018696 ], [ 14247545.552495123818517, 4170754.66760640218854 ], [ 14247550.263927726075053, 4170749.292023982852697 ], [ 14247552.73689834959805, 4170747.378309661988169 ], [ 14247557.479390123859048, 4170742.972608637064695 ], [ 14247561.897895963862538, 4170739.611587496940047 ], [ 14247574.706080969423056, 4170729.956962069030851 ], [ 14247582.016096385195851, 4170724.634277825709432 ], [ 14247589.167601570487022, 4170719.414603845216334 ], [ 14247594.160041755065322, 4170716.111844035796821 ], [ 14247599.46111798286438, 4170713.283796337898821 ], [ 14247610.92611020617187, 4170706.513071278575808 ], [ 14247623.943614702671766, 4170699.414435403421521 ], [ 14247635.344318918883801, 4170693.332811223343015 ], [ 14247645.422705879434943, 4170687.776192484423518 ], [ 14247658.419632505625486, 4170680.589098580181599 ], [ 14247672.330302681773901, 4170672.870687047950923 ], [ 14247682.097337601706386, 4170667.153827843256295 ], [ 14247693.927326116710901, 4170660.448341669980437 ], [ 14247706.478576479479671, 4170652.978163950145245 ], [ 14247716.515856331214309, 4170648.130668709054589 ], [ 14247724.069955948740244, 4170644.434791230130941 ], [ 14247734.188420228660107, 4170640.083755019120872 ], [ 14247744.008632756769657, 4170636.648304087575525 ], [ 14247765.539809769019485, 4170630.199562572874129 ], [ 14247779.366314463317394, 4170625.676526951603591 ], [ 14247788.137832120060921, 4170621.771594891790301 ], [ 14247797.691249936819077, 4170616.52383833611384 ], [ 14247808.581074705347419, 4170609.398502371739596 ], [ 14247818.939913725480437, 4170601.905937369447201 ], [ 14247832.218962090089917, 4170591.325997378211468 ], [ 14247850.124681036919355, 4170577.132437246385962 ], [ 14247862.709808763116598, 4170567.961186001077294 ], [ 14247874.79786080121994, 4170559.804927416611463 ], [ 14247881.261518253013492, 4170555.521487526595592 ], [ 14247888.481073457747698, 4170551.585387241560966 ], [ 14247893.305854476988316, 4170549.32880069129169 ], [ 14247904.935194263234735, 4170545.254878079984337 ], [ 14247919.13624481856823, 4170539.792380371596664 ], [ 14247940.335068076848984, 4170531.23509947443381 ], [ 14247956.163864139467478, 4170524.845967930741608 ], [ 14247969.195231065154076, 4170519.347885339986533 ], [ 14247986.070446914061904, 4170512.707244812976569 ], [ 14248002.319179097190499, 4170506.696820014622062 ], [ 14248013.305242277681828, 4170502.290778773836792 ], [ 14248025.5284967366606, 4170497.518948 ], [ 14248035.411319613456726, 4170494.079653018154204 ], [ 14248046.267506785690784, 4170490.619754625950009 ], [ 14248056.201126344501972, 4170487.776854466181248 ], [ 14248072.396326834335923, 4170483.738442430272698 ], [ 14248090.002273520454764, 4170479.492173507809639 ], [ 14248103.13301233574748, 4170476.638721673749387 ], [ 14248112.825392471626401, 4170474.642795387655497 ], [ 14248124.661132119596004, 4170472.575899927411228 ], [ 14248129.807431224733591, 4170472.382175053469837 ], [ 14248140.216125972568989, 4170472.143989887088537 ], [ 14248147.510536456480622, 4170472.795397707261145 ], [ 14248161.854411890730262, 4170473.87879469525069 ], [ 14248174.220590589568019, 4170473.190674779936671 ], [ 14248191.826000440865755, 4170470.316083948593587 ], [ 14248210.155108988285065, 4170467.736576067749411 ], [ 14248232.767565494403243, 4170465.272939886897802 ], [ 14248246.375778548419476, 4170463.383832302875817 ], [ 14248256.172719389200211, 4170461.596957849338651 ], [ 14248265.287300167605281, 4170458.501626559067518 ], [ 14248272.387402277439833, 4170455.14383691875264 ], [ 14248282.830193461850286, 4170449.717863908503205 ], [ 14248296.813083428889513, 4170440.499989591538906 ], [ 14248335.756190994754434, 4170412.488041219301522 ], [ 14248378.068204484879971, 4170382.130512994714081 ], [ 14248394.8086190931499, 4170369.10864423494786 ], [ 14248420.451459426432848, 4170353.298628817778081 ], [ 14248443.091149032115936, 4170340.502397890202701 ], [ 14248461.389297829940915, 4170329.148259226698428 ], [ 14248473.228461898863316, 4170321.544291171245277 ], [ 14248483.764043509960175, 4170314.097393493168056 ], [ 14248498.67946395650506, 4170305.407942731399089 ], [ 14248522.88904107734561, 4170292.915848040021956 ], [ 14248548.963227128610015, 4170275.241179028525949 ], [ 14248573.408333, 4170260.987217910587788 ], [ 14248597.180565385147929, 4170244.953254240099341 ], [ 14248619.896052107214928, 4170231.488079818431288 ], [ 14248625.695880550891161, 4170228.472985362634063 ], [ 14248634.212280612438917, 4170225.175915527157485 ], [ 14248648.595059122890234, 4170221.645192876923829 ], [ 14248658.38451212272048, 4170220.573730702046305 ], [ 14248667.302999911829829, 4170220.097345298621804 ], [ 14248691.810888320207596, 4170219.698096946347505 ], [ 14248701.250153463333845, 4170218.808617101982236 ], [ 14248706.555652955546975, 4170217.537229544017464 ], [ 14248711.614017652347684, 4170215.375224254094064 ], [ 14248715.370457267388701, 4170212.378149457741529 ], [ 14248719.721376709640026, 4170206.60022157849744 ], [ 14248724.924794023856521, 4170194.29590968741104 ], [ 14248728.977387703955173, 4170184.613256171811372 ], [ 14248732.352567685768008, 4170178.595371192786843 ], [ 14248736.422653097659349, 4170173.992531474214047 ], [ 14248741.889005845412612, 4170169.130600840318948 ], [ 14248770.883845653384924, 4170144.930604384746403 ], [ 14248785.532354759052396, 4170133.089093656279147 ], [ 14248792.285185646265745, 4170128.116162809543312 ], [ 14248797.05402272939682, 4170125.152498726267368 ], [ 14248800.154505778104067, 4170123.484645978081971 ], [ 14248806.11078186519444, 4170121.092545572668314 ], [ 14248813.189861323684454, 4170119.146013360936195 ], [ 14248821.841618428006768, 4170117.498149236198515 ], [ 14248839.274894803762436, 4170114.801323764491826 ], [ 14248894.82638724334538, 4170111.194727746304125 ], [ 14248910.045487469062209, 4170110.516302348580211 ], [ 14248929.832345049828291, 4170110.701790885534137 ], [ 14248952.72025054693222, 4170110.115249978378415 ], [ 14248962.675522461533546, 4170109.042000063695014 ], [ 14248968.311462404206395, 4170108.352359240408987 ], [ 14248978.211923208087683, 4170106.168906432110816 ], [ 14248986.788124537095428, 4170103.385715591721237 ], [ 14248995.858247540891171, 4170098.984183087013662 ], [ 14249004.335462110117078, 4170093.940572167281061 ], [ 14249015.953924350440502, 4170085.109458048362285 ], [ 14249025.777585359290242, 4170076.640780050307512 ], [ 14249033.548457775264978, 4170067.125657453201711 ], [ 14249037.533496649935842, 4170062.072415028233081 ], [ 14249042.438429391011596, 4170052.373815891798586 ], [ 14249048.193406317383051, 4170038.936943450011313 ], [ 14249055.136739678680897, 4170015.057658722158521 ], [ 14249058.497461758553982, 4170001.599587046541274 ], [ 14249061.410539073869586, 4169992.328262622002512 ], [ 14249064.414471419528127, 4169986.046406538691372 ], [ 14249067.479940924793482, 4169981.277094220742583 ], [ 14249071.498771898448467, 4169976.846499740146101 ], [ 14249082.242774127051234, 4169968.326662763021886 ], [ 14249091.571966309100389, 4169962.34596546087414 ], [ 14249100.963324304670095, 4169956.542815098073334 ], [ 14249122.316546868532896, 4169943.591334332246333 ], [ 14249139.273151088505983, 4169932.871643621940166 ], [ 14249147.909761782735586, 4169927.967033535242081 ], [ 14249155.710927607491612, 4169924.517774504143745 ], [ 14249160.273349657654762, 4169923.136844821274281 ], [ 14249168.003115743398666, 4169921.619074760004878 ], [ 14249176.837629869580269, 4169921.093930211383849 ], [ 14249186.868710534647107, 4169922.71350766485557 ], [ 14249195.775981862097979, 4169924.559256150387228 ], [ 14249207.02988288551569, 4169927.746869627386332 ], [ 14249230.934642422944307, 4169934.695972736924887 ], [ 14249290.911479964852333, 4169951.492498902138323 ], [ 14249311.806071972474456, 4169958.036228778306395 ], [ 14249328.668454943224788, 4169964.303821979556233 ], [ 14249347.532270608469844, 4169973.041633307468146 ], [ 14249354.899692803621292, 4169975.409222462680191 ], [ 14249356.911837588995695, 4169975.254173102788627 ], [ 14249359.201124455779791, 4169973.607976803090423 ], [ 14249366.777017179876566, 4169960.44823330687359 ], [ 14249373.734787452965975, 4169945.942818321287632 ], [ 14249391.294545460492373, 4169912.95128851942718 ], [ 14249404.88953516073525, 4169885.31954267481342 ], [ 14249413.764588559046388, 4169869.549238763749599 ], [ 14249421.467185311019421, 4169859.791694378014654 ], [ 14249443.565187053754926, 4169838.860900510568172 ], [ 14249455.749367665499449, 4169832.688599918968976 ], [ 14249471.590737795457244, 4169829.468110247980803 ], [ 14249497.050349067896605, 4169826.888914513867348 ], [ 14249543.768732037395239, 4169825.057230830658227 ], [ 14249592.763895496726036, 4169824.326186318416148 ], [ 14249610.284413689747453, 4169824.942297486122698 ], [ 14249655.082124654203653, 4169830.399888317100704 ], [ 14249671.51594433747232, 4169831.354887522291392 ], [ 14249691.336246460676193, 4169831.163341808132827 ], [ 14249703.650840969756246, 4169829.2142428974621 ], [ 14249714.721396792680025, 4169824.52099503390491 ], [ 14249725.892910435795784, 4169817.519868428818882 ], [ 14249752.591959027573466, 4169797.177448944654316 ], [ 14249794.122945563867688, 4169762.14112401753664 ] ], [ [ 14249794.122945562005043, 4169762.14112401753664 ], [ 14249802.261791778728366, 4169756.876552838366479 ], [ 14249808.348651023581624, 4169754.995159982703626 ], [ 14249811.558085899800062, 4169754.331138974055648 ], [ 14249814.435510272160172, 4169754.552479308098555 ], [ 14249818.75164682790637, 4169754.884489811956882 ], [ 14249825.723867416381836, 4169756.101861663162708 ], [ 14249833.5814493522048, 4169759.311296538449824 ], [ 14249840.664340112358332, 4169763.29542258894071 ], [ 14249852.063367428258061, 4169773.034397384151816 ], [ 14249862.909043904393911, 4169785.429456213489175 ], [ 14249881.0589514747262, 4169805.460756641812623 ], [ 14249888.584522906690836, 4169816.527773450594395 ], [ 14249898.655508203431964, 4169834.124330182559788 ], [ 14249901.754272909834981, 4169841.871241949964315 ], [ 14249903.967676276341081, 4169850.503515062388033 ], [ 14249905.185048125684261, 4169855.59434279659763 ], [ 14249906.402419973164797, 4169863.119914228562266 ], [ 14249906.291749803349376, 4169868.432082297280431 ], [ 14249905.738398963585496, 4169872.637548685539514 ], [ 14249895.33540315926075, 4169905.063907942268997 ], [ 14249894.228701481595635, 4169911.814788196235895 ], [ 14249893.0113296341151, 4169917.680307106580585 ], [ 14249893.0113296341151, 4169922.992475178092718 ], [ 14249893.302722785621881, 4169927.582551954314113 ], [ 14249897.383885145187378, 4169965.581015266478062 ], [ 14249898.090851940214634, 4169976.938783568330109 ], [ 14249895.584277391433716, 4169990.13800255022943 ], [ 14249890.648347230628133, 4169999.677589835599065 ], [ 14249883.339479830116034, 4170009.633607517927885 ], [ 14249870.327770980075002, 4170021.961210287641734 ], [ 14249863.152872018516064, 4170031.435256793629378 ], [ 14249858.957229545339942, 4170040.175569951999933 ], [ 14249856.894875844940543, 4170054.267108351457864 ], [ 14249857.083223231136799, 4170061.733793070074171 ], [ 14249858.836825877428055, 4170070.067882954142988 ], [ 14249863.89687941595912, 4170079.86524061858654 ], [ 14249874.724789250642061, 4170098.828536384738982 ], [ 14249886.80240685865283, 4170115.169403412379324 ], [ 14249893.228106142953038, 4170128.378894068300724 ], [ 14249896.110528701916337, 4170137.42777530523017 ], [ 14249895.60669045522809, 4170145.062853189185262 ], [ 14249889.838211335241795, 4170153.698085013311356 ], [ 14249881.533732725307345, 4170161.668237291742116 ], [ 14249871.773302482441068, 4170167.340623188298196 ], [ 14249865.513263443484902, 4170172.634975096210837 ], [ 14249860.978245168924332, 4170180.40503968950361 ], [ 14249858.351298088207841, 4170189.661175293847919 ], [ 14249857.387887645512819, 4170198.609171651769429 ], [ 14249858.025655569508672, 4170213.667903407942504 ], [ 14249857.317918276414275, 4170223.408963250927627 ], [ 14249855.123080654069781, 4170233.135167201980948 ], [ 14249851.811878833919764, 4170240.891765233594924 ], [ 14249845.334952753037214, 4170248.61549644684419 ], [ 14249837.918212398886681, 4170256.006283761933446 ], [ 14249810.158739387989044, 4170268.638871441129595 ], [ 14249795.42004662565887, 4170273.848443320952356 ], [ 14249782.064157001674175, 4170279.747118235565722 ], [ 14249770.878274386748672, 4170288.154171010944992 ], [ 14249765.10204272530973, 4170297.554125231690705 ], [ 14249762.894048541784286, 4170308.597733685281128 ], [ 14249764.770009102299809, 4170321.323253150098026 ], [ 14249770.171227576211095, 4170332.153769521042705 ], [ 14249777.420325195416808, 4170341.684056870173663 ], [ 14249802.347539437934756, 4170367.900927401147783 ], [ 14249812.701866948977113, 4170382.468775478191674 ], [ 14249819.004444373771548, 4170399.367623437661678 ], [ 14249823.983423177152872, 4170417.481295659206808 ], [ 14249828.327195575460792, 4170455.498327718582004 ], [ 14249839.587710618972778, 4170502.252040215302259 ], [ 14249851.455275790765882, 4170540.696313871070743 ], [ 14249857.763938773423433, 4170557.85771823534742 ], [ 14249864.412980442866683, 4170575.023773170541972 ], [ 14249870.5922593139112, 4170586.651552692987025 ], [ 14249879.634175883606076, 4170600.591252987738699 ], [ 14249888.016921514645219, 4170611.362310832832009 ], [ 14249900.047003777697682, 4170623.689571945928037 ], [ 14249935.94476087205112, 4170654.496030853595585 ], [ 14249961.126160640269518, 4170673.753110263962299 ], [ 14249982.30600605905056, 4170689.157322597689927 ], [ 14249988.453445294871926, 4170696.129948085639626 ], [ 14249998.262612739577889, 4170709.250058145262301 ], [ 14250008.503758596256375, 4170720.516449395567179 ], [ 14250025.205056831240654, 4170737.985229435842484 ], [ 14250047.270422974601388, 4170761.951866326853633 ], [ 14250091.500885238870978, 4170808.712006922345608 ], [ 14250120.627922611311078, 4170835.70898963464424 ], [ 14250140.076639734208584, 4170850.279591239523143 ], [ 14250170.054001219570637, 4170869.899345225654542 ], [ 14250193.638078056275845, 4170890.747160525526851 ], [ 14250205.052500272169709, 4170904.447110150475055 ], [ 14250214.936397982761264, 4170922.523284686263651 ], [ 14250230.908752446994185, 4170960.745991691481322 ], [ 14250238.300898961722851, 4170974.40591918444261 ], [ 14250252.441135950386524, 4170994.544444532133639 ], [ 14250262.273248609155416, 4171009.106267339084297 ], [ 14250271.475711010396481, 4171024.541847723070532 ], [ 14250278.306205300614238, 4171041.093678325880319 ], [ 14250286.392128322273493, 4171064.334178949240595 ], [ 14250294.073895767331123, 4171084.144981667399406 ], [ 14250307.872586887329817, 4171121.115922017488629 ], [ 14250321.023342344909906, 4171171.58001707913354 ], [ 14250339.575927635654807, 4171249.623077515047044 ], [ 14250346.156342262402177, 4171265.82216652110219 ], [ 14250354.998338242992759, 4171291.240064793266356 ], [ 14250360.718584487214684, 4171306.201284992974252 ], [ 14250377.948136184364557, 4171358.840661353897303 ], [ 14250391.084274187684059, 4171401.812934845685959 ], [ 14250397.397689832374454, 4171418.624856595881283 ], [ 14250403.49455719999969, 4171429.927591082639992 ], [ 14250410.485786158591509, 4171439.131030845455825 ], [ 14250415.863764524459839, 4171443.400926428847015 ], [ 14250417.416160225868225, 4171444.73031609505415 ], [ 14250424.34923610650003, 4171450.44764639576897 ], [ 14250428.478218466043472, 4171454.591059877537191 ], [ 14250432.415729744359851, 4171460.40478901937604 ], [ 14250435.310885716229677, 4171466.858927278779447 ], [ 14250441.845213061198592, 4171488.095724348910153 ], [ 14250451.149073829874396, 4171512.186428693588823 ], [ 14250462.115360789000988, 4171535.732248209416866 ], [ 14250470.958928026258945, 4171551.506281257607043 ], [ 14250476.454413617029786, 4171559.045387114398181 ], [ 14250480.693485081195831, 4171563.722699521575123 ], [ 14250486.057159708812833, 4171568.285986074246466 ], [ 14250495.859282709658146, 4171575.41867683827877 ], [ 14250504.641946580260992, 4171583.440051728859544 ], [ 14250516.368465706706047, 4171597.696432754863054 ], [ 14250525.63584753125906, 4171611.502561010885984 ], [ 14250532.64208634570241, 4171622.909316317178309 ], [ 14250536.173399278894067, 4171632.101661393418908 ], [ 14250537.273630771785975, 4171638.846404780633748 ], [ 14250537.054384708404541, 4171644.329798066522926 ], [ 14250535.56494071520865, 4171651.957027886528522 ], [ 14250533.549664916470647, 4171658.004179257433861 ], [ 14250529.163699319586158, 4171668.00004130974412 ], [ 14250523.10041824541986, 4171679.476414972450584 ], [ 14250515.946754826232791, 4171693.257786979433149 ], [ 14250509.917288076132536, 4171707.706820617895573 ], [ 14250491.485093161463737, 4171758.319060431327671 ], [ 14250472.274228371679783, 4171809.790565050207078 ], [ 14250464.08261533267796, 4171829.383950515650213 ], [ 14250454.312457256019115, 4171850.64988169958815 ], [ 14250443.822730500251055, 4171868.177510269451886 ], [ 14250437.089637132361531, 4171879.038833688478917 ], [ 14250429.094819955527782, 4171890.254598150029778 ], [ 14250425.008604764938354, 4171898.364880931563675 ], [ 14250429.490882057696581, 4171919.3881392381154 ], [ 14250437.774727508425713, 4171969.548657060135156 ], [ 14250441.892676521092653, 4171997.690084306988865 ], [ 14250446.93550824187696, 4172027.502208165358752 ], [ 14250456.595229964703321, 4172087.356230340432376 ], [ 14250460.389432037249207, 4172107.867982035968453 ], [ 14250462.455001818016171, 4172117.931261978577822 ], [ 14250465.152685973793268, 4172134.453151897061616 ], [ 14250465.063395950943232, 4172152.537919214460999 ], [ 14250462.264323208481073, 4172169.128087765537202 ], [ 14250438.647638088092208, 4172245.921873382292688 ], [ 14250431.901870554313064, 4172274.884356347844005 ], [ 14250430.411521404981613, 4172292.861321578267962 ], [ 14250431.366863384842873, 4172301.833710551261902 ], [ 14250432.495692931115627, 4172311.605919470544904 ], [ 14250436.206181284040213, 4172325.386419798247516 ], [ 14250441.868340885266662, 4172337.019141879864037 ], [ 14250449.084497334435582, 4172350.699699471704662 ], [ 14250460.886368857696652, 4172366.376118278130889 ], [ 14250472.460666825994849, 4172380.878418947570026 ], [ 14250486.87841248139739, 4172397.22440955741331 ], [ 14250496.413024742156267, 4172407.379440369084477 ], [ 14250511.75212337449193, 4172424.39324434986338 ], [ 14250528.982807377353311, 4172438.230273558292538 ], [ 14250541.354705329984426, 4172447.247045724187046 ], [ 14250552.981791649013758, 4172453.715621620416641 ], [ 14250571.220234181731939, 4172462.762669618241489 ], [ 14250584.919869525358081, 4172468.17937635909766 ], [ 14250596.118968568742275, 4172471.026330766733736 ], [ 14250599.552816994488239, 4172471.529922358226031 ], [ 14250613.83472971431911, 4172472.925444116815925 ], [ 14250629.300836622714996, 4172472.649995293468237 ], [ 14250662.670833524316549, 4172471.655539541505277 ], [ 14250701.564860992133617, 4172468.421725661959499 ], [ 14250734.221214078366756, 4172465.129917540587485 ], [ 14250770.662017377093434, 4172461.41842149477452 ], [ 14250800.120414743199944, 4172459.949813678860664 ], [ 14250812.796312298625708, 4172458.774791941512376 ], [ 14250852.510053493082523, 4172455.833799834828824 ], [ 14250894.951102087274194, 4172453.084548734128475 ], [ 14250927.592358602210879, 4172451.086352843791246 ], [ 14250939.056497368961573, 4172451.022261125966907 ], [ 14250956.199158, 4172453.600523512810469 ], [ 14250984.65206896699965, 4172460.552330006379634 ], [ 14251016.914677128195763, 4172467.831910653505474 ], [ 14251060.285375552251935, 4172478.358721932396293 ], [ 14251141.25001822412014, 4172497.181583082303405 ] ], [ [ 14251141.25001822412014, 4172497.181583081372082 ], [ 14251147.491634739562869, 4172498.791303074453026 ], [ 14251151.149074900895357, 4172500.358777429442853 ], [ 14251155.677334148436785, 4172502.622907055076212 ], [ 14251160.902248663827777, 4172505.583691947162151 ], [ 14251165.879332333803177, 4172512.896600265521556 ], [ 14251169.388582969084382, 4172622.462606316898018 ], [ 14251169.136926423758268, 4172625.446533894632012 ], [ 14251169.280730165541172, 4172629.796596992760897 ], [ 14251169.220741735771298, 4172648.681248591747135 ], [ 14251168.96641519293189, 4172710.521731569897383 ], [ 14251171.551163855940104, 4172726.891806471627206 ], [ 14251179.879798457026482, 4172750.154544486664236 ], [ 14251193.377930391579866, 4172778.873974138870835 ], [ 14251198.260233433917165, 4172795.818437632638961 ], [ 14251210.896782478317618, 4172932.810117065440863 ], [ 14251214.630308333784342, 4172957.508826565463096 ], [ 14251223.820525821298361, 4173003.172719710040838 ], [ 14251235.378190929070115, 4173048.32122864574194 ], [ 14251245.874925680458546, 4173074.563065513502806 ], [ 14251254.00143, 4173089.630958944093436 ], [ 14251261.78932997584343, 4173102.159319771453738 ], [ 14251308.178125472739339, 4173169.541584764607251 ], [ 14251324.43113411590457, 4173192.735982515849173 ], [ 14251356.606599610298872, 4173242.137975583784282 ], [ 14251399.340589787811041, 4173306.101130753755569 ], [ 14251418.944806044921279, 4173333.191307600121945 ], [ 14251434.172851350158453, 4173349.193660288583487 ], [ 14251443.722642468288541, 4173356.549580478575081 ], [ 14251453.272433592006564, 4173361.969732195138931 ], [ 14251486.82575374469161, 4173376.939675034023821 ], [ 14251503.731465052813292, 4173383.26318536978215 ], [ 14251523.605354683473706, 4173388.941439550835639 ], [ 14251589.808636371046305, 4173402.3627676111646 ], [ 14251706.470949525013566, 4173421.462349854409695 ], [ 14251716.536945568397641, 4173422.494759705383331 ], [ 14251721.311841133981943, 4173423.140015859156847 ], [ 14251797.581118864938617, 4173424.81768186762929 ], [ 14251807.00185875967145, 4173425.850091718602926 ], [ 14251811.389600621536374, 4173426.882501570973545 ], [ 14251817.196906032040715, 4173432.173602056223899 ], [ 14251864.351470123976469, 4173504.336380864493549 ], [ 14251889.246459916234016, 4173544.878837579395622 ], [ 14251878.097952987998724, 4173564.481065425556153 ], [ 14251793.064324114471674, 4173779.346009308937937 ], [ 14251777.910740936174989, 4173834.372306379489601 ], [ 14251769.64930434525013, 4173888.749916320666671 ], [ 14251762.551078118383884, 4173984.656564493663609 ], [ 14251750.673325624316931, 4174030.682930083014071 ] ] ] } },
{ "type": "Feature", "properties": { "UserID": null, "number": "8", "개설여부": "미개설", "검토": null, "변경사항": "변경없음", "연장": 1160, "시점": "사천시 서포면 구평리", "종점": "사천시 서포면 자혜리" }, "geometry": { "type": "MultiLineString", "coordinates": [ [ [ 14248127.949988391250372, 4166242.426777014974505 ], [ 14248122.121538491919637, 4166231.979712754953653 ], [ 14248118.263511260971427, 4166224.936398377642035 ], [ 14248101.768399696797132, 4166194.822428779676557 ], [ 14248082.618450816720724, 4166159.300238890573382 ], [ 14248073.196393759921193, 4166141.425895201042295 ], [ 14248067.570233020931482, 4166131.495571876876056 ], [ 14248060.829357551410794, 4166123.186727556400001 ], [ 14248056.589855913072824, 4166117.747060373425484 ], [ 14248051.08631525374949, 4166111.282613831572235 ], [ 14248044.235912906005979, 4166105.713244631886482 ], [ 14248029.164113108068705, 4166096.7128229085356 ], [ 14248014.219347357749939, 4166089.584051032084972 ], [ 14247979.885324196889997, 4166076.585660115815699 ], [ 14247888.023221407085657, 4166037.335601239465177 ], [ 14247868.485843282192945, 4166028.094145582523197 ], [ 14247855.392667496576905, 4166020.675314551685005 ], [ 14247842.129311699420214, 4166011.880493845790625 ], [ 14247833.130722727626562, 4166005.270202179439366 ], [ 14247819.420814024284482, 4165992.480854076333344 ], [ 14247794.235252881422639, 4165968.759225946851075 ], [ 14247770.837382715195417, 4165946.438392542302608 ], [ 14247759.46725227124989, 4165933.737275003455579 ], [ 14247749.688156062737107, 4165922.878544465638697 ], [ 14247742.11369906924665, 4165912.324451975058764 ], [ 14247726.805037338286638, 4165889.325041853822768 ], [ 14247716.349229730665684, 4165871.381492373999208 ], [ 14247703.411901645362377, 4165846.926033021416515 ], [ 14247697.052110612392426, 4165834.208599951118231 ], [ 14247692.050259690731764, 4165826.058491897303611 ], [ 14247686.404499279335141, 4165819.138508672825992 ], [ 14247677.73922692425549, 4165814.719619897194207 ], [ 14247641.796710690483451, 4165810.000444572884589 ], [ 14247620.619172995910048, 4165806.660651749465615 ], [ 14247601.981633994728327, 4165805.535194601397961 ], [ 14247578.807853857055306, 4165807.057792493142188 ], [ 14247562.953978562727571, 4165808.502912319265306 ], [ 14247541.892062438651919, 4165810.859077254775912 ], [ 14247514.818850433453918, 4165812.492699 ], [ 14247479.877631615847349, 4165813.546326739247888 ], [ 14247447.825399685651064, 4165815.752104469109327 ], [ 14247431.098926993086934, 4165816.996245264075696 ], [ 14247420.288977108895779, 4165817.032143162097782 ], [ 14247409.784643694758415, 4165814.981126234401017 ], [ 14247401.644047722220421, 4165812.056187189649791 ], [ 14247397.112600810825825, 4165809.576484111137688 ], [ 14247392.276931496337056, 4165805.408944527618587 ], [ 14247385.964990388602018, 4165799.128948503639549 ], [ 14247380.224723815917969, 4165789.290293506812304 ], [ 14247377.837535472586751, 4165779.939396029803902 ], [ 14247364.036768039688468, 4165694.557412268128246 ], [ 14247360.871133025735617, 4165676.209098573774099 ], [ 14247353.427044257521629, 4165632.73112745443359 ], [ 14247348.505137383937836, 4165607.567199588753283 ], [ 14247343.837356818839908, 4165585.948705215472728 ], [ 14247340.012711426243186, 4165575.691641006153077 ], [ 14247336.015576163306832, 4165569.203865517862141 ], [ 14247330.176170211285353, 4165561.638307597022504 ], [ 14247323.488357856869698, 4165553.580261823255569 ], [ 14247310.593786921352148, 4165540.230565435253084 ], [ 14247289.270679976791143, 4165521.862415630370378 ], [ 14247281.834955798462033, 4165514.899201634339988 ], [ 14247264.690242229029536, 4165497.7301130075939 ], [ 14247248.21093201264739, 4165476.157665090635419 ], [ 14247236.823470409959555, 4165455.884385238867253 ], [ 14247230.664361927658319, 4165442.211203221231699 ], [ 14247227.934828264638782, 4165428.994513364974409 ], [ 14247226.33250842243433, 4165417.667346965055913 ], [ 14247224.521871184930205, 4165403.309770722407848 ], [ 14247219.353560961782932, 4165371.654699530918151 ] ] ] } },
{ "type": "Feature", "properties": { "UserID": null, "number": "8", "개설여부": "미개설", "검토": null, "변경사항": "변경없음", "연장": 418, "시점": "사천시 서포면 구평리", "종점": "사천시 서포면 자혜리" }, "geometry": { "type": "MultiLineString", "coordinates": [ [ [ 14250276.630278673022985, 4164529.602399409748614 ], [ 14250279.682521080598235, 4164533.785101967863739 ], [ 14250289.336650770157576, 4164549.475888860411942 ], [ 14250311.71976175531745, 4164583.796659040730447 ], [ 14250316.06072873622179, 4164587.188039494212717 ], [ 14250322.979144860059023, 4164590.579419946763664 ], [ 14250328.812319234013557, 4164591.393351254053414 ], [ 14250336.680321887135506, 4164590.172454290091991 ], [ 14250345.497911060228944, 4164586.509763402864337 ], [ 14250355.943362858146429, 4164579.32003684155643 ], [ 14250361.369571583345532, 4164571.858999847900122 ], [ 14250375.477714264765382, 4164550.01850973488763 ], [ 14250385.109234748408198, 4164542.421817519236356 ], [ 14250407.085380077362061, 4164529.398916582576931 ], [ 14250467.180641697719693, 4164496.70600901870057 ], [ 14250495.548917561769485, 4164482.427691952791065 ], [ 14250526.59762722812593, 4164469.574965399224311 ], [ 14250563.697859477251768, 4164456.44330837810412 ], [ 14250583.368971982970834, 4164451.258674073498696 ], [ 14250593.89072984084487, 4164446.683996744453907 ], [ 14250642.68728800304234, 4164412.678895276039839 ], [ 14250679.614778662100434, 4164388.601148865651339 ], [ 14250691.838318973779678, 4164380.631023707333952 ] ] ] } },
{ "type": "Feature", "properties": { "UserID": null, "number": "8", "개설여부": "개설", "검토": null, "변경사항": "개설로 변경(사천대교까지 0.3km 개설됨)", "연장": 337, "시점": "사천시 서포면 구평리", "종점": "사천시 서포면 자혜리" }, "geometry": { "type": "MultiLineString", "coordinates": [ [ [ 14250691.838318973779678, 4164380.631023707333952 ], [ 14250693.219034412875772, 4164379.730753470212221 ], [ 14250700.293940830975771, 4164376.207427602726966 ], [ 14250714.529413443058729, 4164369.118100012652576 ] ], [ [ 14250946.83859996125102, 4164584.433026204816997 ], [ 14250948.707292452454567, 4164570.19184423238039 ], [ 14250949.571960909292102, 4164565.32876588916406 ], [ 14250949.977078130468726, 4164558.777981048449874 ], [ 14250946.9374895747751, 4164547.929112375713885 ], [ 14250941.876957135275006, 4164540.092307763639838 ], [ 14250941.481122810393572, 4164539.479313385672867 ], [ 14250933.182207548990846, 4164525.478469238616526 ], [ 14250932.210700675845146, 4164523.666336364112794 ], [ 14250926.177376979961991, 4164512.412486295215786 ], [ 14250921.024989776313305, 4164502.244825114961714 ], [ 14250918.283295176923275, 4164494.101968736853451 ], [ 14250915.785747678950429, 4164489.514361828099936 ], [ 14250913.014365097507834, 4164479.292976759839803 ], [ 14250909.998712876811624, 4164472.077654649503529 ], [ 14250905.627080636098981, 4164461.250589977949858 ], [ 14250903.685088621452451, 4164454.858952507376671 ], [ 14250902.156604066491127, 4164448.890596840530634 ], [ 14250901.716135757043958, 4164446.976428885012865 ], [ 14250900.547968128696084, 4164441.899855246767402 ], [ 14250898.604885064065456, 4164435.254602038301528 ], [ 14250896.517829604446888, 4164427.356400865130126 ], [ 14250890.682010220363736, 4164416.796675090212375 ], [ 14250881.457452664151788, 4164402.768896796740592 ], [ 14250867.634635666385293, 4164388.692684058565646 ], [ 14250858.364512069150805, 4164380.913121120538563 ], [ 14250842.079094126820564, 4164369.11270197480917 ], [ 14250826.726217167451978, 4164359.918794872239232 ], [ 14250804.740052849054337, 4164352.069007088895887 ], [ 14250797.083105858415365, 4164349.310228392481804 ], [ 14250788.639191834256053, 4164347.706428288016468 ], [ 14250777.600452175363898, 4164347.353421771433204 ], [ 14250768.609317548573017, 4164348.01649752445519 ], [ 14250762.103170420974493, 4164348.637432404328138 ], [ 14250749.894668040797114, 4164351.027784621343017 ], [ 14250737.204483130946755, 4164356.320835959166288 ], [ 14250714.529413443058729, 4164369.118100012652576 ] ] ] } },
{ "type": "Feature", "properties": { "UserID": null, "number": "8", "개설여부": "개설", "검토": null, "변경사항": "변경없음", "연장": 743, "시점": "사천시 서포면 구평리", "종점": "사천시 서포면 자혜리" }, "geometry": { "type": "MultiLineString", "coordinates": [ [ [ 14247219.353560961782932, 4165371.654699530918151 ], [ 14247219.259347563609481, 4165366.640158033929765 ], [ 14247219.144859356805682, 4165360.546478214208037 ], [ 14247217.795439038425684, 4165348.301408292260021 ], [ 14247215.789095649495721, 4165337.632085895165801 ], [ 14247211.038229133933783, 4165324.09890132304281 ], [ 14247204.780757257714868, 4165310.365100027061999 ], [ 14247198.762978369370103, 4165301.529923372901976 ], [ 14247187.390960123389959, 4165287.067946786526591 ], [ 14247173.337672194465995, 4165274.152351816184819 ], [ 14247161.931724287569523, 4165264.970518466085196 ], [ 14247150.950177190825343, 4165258.430828981101513 ], [ 14247141.645226320251822, 4165253.991704434156418 ], [ 14247130.364451110363007, 4165250.539273290894926 ], [ 14247120.913343735039234, 4165247.887167560402304 ], [ 14247103.462974803522229, 4165244.535128904972225 ], [ 14247097.148660890758038, 4165243.064177291467786 ], [ 14247084.975067077204585, 4165238.959786748979241 ], [ 14246997.418547192588449, 4165196.899648391641676 ], [ 14246981.650935983285308, 4165189.881703071296215 ], [ 14246961.107476305216551, 4165180.5762710403651 ], [ 14246925.816346747800708, 4165166.777406423352659 ], [ 14246866.815399698913097, 4165145.234703831374645 ], [ 14246861.558197533711791, 4165143.071319098584354 ], [ 14246854.021482426673174, 4165139.179791943635792 ], [ 14246846.829317869618535, 4165133.34765030676499 ], [ 14246804.720796342939138, 4165097.251274390611798 ], [ 14246792.787931017577648, 4165085.396968228276819 ], [ 14246758.663913227617741, 4165046.174754751846194 ], [ 14246722.387453598901629, 4165004.488118462264538 ], [ 14246693.975267473608255, 4164972.167504274751991 ], [ 14246683.952056122943759, 4164960.957060874905437 ], [ 14246671.994620626792312, 4164947.21192292124033 ], [ 14246653.827591210603714, 4164926.45375183224678 ], [ 14246648.117140693590045, 4164918.757300992496312 ], [ 14246645.346594957634807, 4164914.747940024826676 ], [ 14246641.737267229706049, 4164909.51961851073429 ], [ 14246638.833620380610228, 4164904.409641876351088 ], [ 14246633.219639364629984, 4164892.966313883196563 ], [ 14246626.024260189384222, 4164876.870263309683651 ], [ 14246617.784882262349129, 4164854.284336702432483 ], [ 14246611.000434216111898, 4164836.360470602288842 ], [ 14246607.568044688552618, 4164828.538479410577565 ], [ 14246602.124102042987943, 4164818.977991348132491 ], [ 14246593.506142040714622, 4164808.76252532331273 ], [ 14246578.225722465664148, 4164793.488987022079527 ] ] ] } },
{ "type": "Feature", "properties": { "UserID": null, "number": "8", "개설여부": "개설", "검토": null, "변경사항": "변경없음", "연장": 2398, "시점": "사천시 서포면 구평리", "종점": "사천시 서포면 자혜리" }, "geometry": { "type": "MultiLineString", "coordinates": [ [ [ 14247767.436182571575046, 4168352.354908560868353 ], [ 14247771.4543860796839, 4168338.936190101783723 ], [ 14247773.16293659247458, 4168333.230511137284338 ], [ 14247782.56368669308722, 4168308.099186080042273 ], [ 14247785.619358925148845, 4168301.856675225775689 ], [ 14247790.267178874462843, 4168291.81784046581015 ], [ 14247794.329635107889771, 4168282.363248116802424 ], [ 14247798.240980703383684, 4168271.873157169204205 ], [ 14247802.685664573684335, 4168259.999351967591792 ], [ 14247803.818596629425883, 4168257.005103775765747 ], [ 14247806.321764420717955, 4168250.444641698151827 ], [ 14247809.533859271556139, 4168241.81431116303429 ], [ 14247815.344968196004629, 4168226.461953997612 ], [ 14247821.900767086073756, 4168211.798513608984649 ], [ 14247827.497662788257003, 4168201.025046427268535 ], [ 14247832.00600178912282, 4168192.687506628222764 ], [ 14247835.027924409136176, 4168188.135343811009079 ], [ 14247837.787501474842429, 4168183.49214118020609 ], [ 14247839.213394906371832, 4168181.144692313857377 ], [ 14247842.170131864026189, 4168175.763362362980843 ], [ 14247844.662453230470419, 4168171.01087316730991 ], [ 14247846.189127584919333, 4168166.150330111384392 ], [ 14247846.78157433308661, 4168163.648090749979019 ], [ 14247847.004529261961579, 4168158.645574561785907 ], [ 14247846.762027652934194, 4168151.998286821879447 ], [ 14247845.09577302262187, 4168144.184518854133785 ], [ 14247841.968236744403839, 4168134.055023331195116 ], [ 14247839.240276576951146, 4168126.286659358534962 ], [ 14247835.284987462684512, 4168118.264822804369032 ], [ 14247830.089547980576754, 4168109.390044501982629 ], [ 14247815.393053201958537, 4168091.170265056658536 ], [ 14247792.153087047860026, 4168061.65128259267658 ], [ 14247775.671571915969253, 4168041.327072620391846 ], [ 14247769.177484948188066, 4168033.707439784426242 ], [ 14247764.874226713553071, 4168029.574457863811404 ], [ 14247738.606916729360819, 4168006.613385098055005 ], [ 14247707.056750610470772, 4167982.160577876493335 ], [ 14247698.365437967702746, 4167976.01583307934925 ], [ 14247695.819948239251971, 4167974.904272398445755 ], [ 14247688.936424097046256, 4167973.289541435427964 ], [ 14247654.694934491068125, 4167971.693997470196337 ], [ 14247641.225430177524686, 4167966.743241059593856 ], [ 14247630.349728034809232, 4167963.002024858724326 ], [ 14247619.958611844107509, 4167957.65053299581632 ], [ 14247607.103381711989641, 4167951.13580225314945 ], [ 14247601.634626168757677, 4167947.431063516065478 ], [ 14247601.26276041008532, 4167947.172407002653927 ], [ 14247585.285594409331679, 4167936.087063445709646 ], [ 14247567.950138684362173, 4167918.852880795951933 ], [ 14247557.674561059102416, 4167905.818325166124851 ], [ 14247550.004691269248724, 4167896.963731440715492 ], [ 14247546.084024218842387, 4167891.678197361063212 ], [ 14247538.363590072840452, 4167881.758331451565027 ], [ 14247534.926636608317494, 4167873.511269234120846 ], [ 14247533.016234692186117, 4167865.537752889096737 ], [ 14247531.933807073161006, 4167854.911919477395713 ], [ 14247530.036336878314614, 4167842.180876664817333 ], [ 14247528.36550721898675, 4167827.674640791025013 ], [ 14247526.318611077964306, 4167816.704476803541183 ], [ 14247523.826136641204357, 4167805.046060948632658 ], [ 14247519.833941876888275, 4167795.619551219977438 ], [ 14247517.048838514834642, 4167790.344414882361889 ], [ 14247509.518466588109732, 4167778.009819881524891 ], [ 14247503.691240824759007, 4167765.945906276348978 ], [ 14247500.019815675914288, 4167756.469801842235029 ], [ 14247497.160504069179296, 4167747.317097303923219 ], [ 14247496.374844346195459, 4167736.728549412451684 ], [ 14247495.867672014981508, 4167730.792968005873263 ], [ 14247497.825742764398456, 4167716.494581906590611 ], [ 14247502.028016105294228, 4167698.246050074696541 ], [ 14247508.331398345530033, 4167670.568271706812084 ], [ 14247518.680824162438512, 4167603.876189457718283 ], [ 14247529.814767897129059, 4167533.910735375247896 ], [ 14247533.535463051870465, 4167513.096950406674296 ], [ 14247534.493360126391053, 4167502.520559177268296 ], [ 14247533.076922256499529, 4167495.295861887279898 ], [ 14247528.696318997070193, 4167486.090871667955071 ], [ 14247523.246731236577034, 4167477.158710550051183 ], [ 14247519.570057699456811, 4167472.528083317913115 ], [ 14247515.199718125164509, 4167467.259940812364221 ], [ 14247510.575497860088944, 4167462.794968300964683 ], [ 14247501.315085275098681, 4167453.473606150597334 ], [ 14247494.869852755218744, 4167448.926946089137346 ], [ 14247489.765682935714722, 4167444.920899365562946 ], [ 14247485.817908639088273, 4167440.807168832980096 ], [ 14247481.204339800402522, 4167435.668185338377953 ], [ 14247478.182229645550251, 4167431.094785751309246 ], [ 14247475.403349692001939, 4167424.86670846818015 ], [ 14247473.825218606740236, 4167420.158003650140017 ], [ 14247471.791939964517951, 4167413.717605554033071 ], [ 14247470.471499145030975, 4167405.786489595193416 ], [ 14247470.230798063799739, 4167390.424716860987246 ], [ 14247469.067219782620668, 4167377.952647401019931 ], [ 14247467.617893436923623, 4167367.482444896362722 ], [ 14247464.632644265890121, 4167355.078675409778953 ], [ 14247460.366440948098898, 4167342.323466162662953 ], [ 14247453.668698443099856, 4167321.856768957339227 ], [ 14247451.711107628419995, 4167314.844000902492553 ], [ 14247449.553310079500079, 4167307.557545378804207 ], [ 14247447.045749330893159, 4167296.820599257014692 ], [ 14247445.978418318554759, 4167290.195844716858119 ], [ 14247445.329779559746385, 4167274.982928376179188 ], [ 14247446.730918955057859, 4167259.943935965653509 ], [ 14247459.549846997484565, 4167215.13088570907712 ], [ 14247461.803384272381663, 4167205.654650944285095 ], [ 14247461.997849388048053, 4167198.286006162408739 ], [ 14247462.049757787957788, 4167193.154039403889328 ], [ 14247461.62597399763763, 4167186.795724613126367 ], [ 14247460.678925292566419, 4167179.373413798864931 ], [ 14247459.459126153960824, 4167173.734809606801718 ], [ 14247457.18475541472435, 4167162.842589991167188 ], [ 14247453.731619384139776, 4167152.246982836164534 ], [ 14247446.569379499182105, 4167125.29634808562696 ], [ 14247439.093931829556823, 4167094.143939861562103 ], [ 14247430.450844917446375, 4167066.751190094742924 ], [ 14247428.549211775884032, 4167056.552278581541032 ], [ 14247428.379917139187455, 4167031.357887168414891 ], [ 14247427.498267726972699, 4167003.520573664456606 ], [ 14247423.977521417662501, 4166976.658302345313132 ], [ 14247423.237846711650491, 4166965.946495551150292 ], [ 14247423.659547062590718, 4166960.172928378451616 ], [ 14247425.613232394680381, 4166952.651179954409599 ], [ 14247429.255368396639824, 4166945.876512670889497 ], [ 14247436.371423503383994, 4166932.862517356406897 ], [ 14247449.710493663325906, 4166907.093747450970113 ], [ 14247458.15937908552587, 4166894.430642437655479 ], [ 14247477.581296091899276, 4166865.400534341111779 ], [ 14247484.025274608284235, 4166855.863087286241353 ], [ 14247487.034600380808115, 4166850.157431768253446 ], [ 14247489.488028571009636, 4166845.190991890151054 ], [ 14247491.576592579483986, 4166839.309377557132393 ], [ 14247492.217317193746567, 4166832.799658451694995 ], [ 14247492.269206525757909, 4166827.66785774147138 ], [ 14247491.528493659570813, 4166820.7204535799101 ], [ 14247489.132649078965187, 4166810.627392084803432 ], [ 14247485.413434455171227, 4166801.53291756240651 ], [ 14247468.177420819178224, 4166764.674744565971196 ], [ 14247465.535041047260165, 4166754.940797891002148 ], [ 14247477.64415841922164, 4166755.635149013716727 ], [ 14247487.849989220499992, 4166756.652944192755967 ], [ 14247496.340138405561447, 4166757.297951869666576 ], [ 14247508.948931660503149, 4166758.601215031929314 ], [ 14247520.661610053852201, 4166760.649683117866516 ], [ 14247532.217374937608838, 4166763.204311224166304 ], [ 14247548.635896880179644, 4166767.439823441207409 ], [ 14247569.215969679877162, 4166772.827805596869439 ], [ 14247579.371672626584768, 4166775.012569931801409 ], [ 14247598.930394822731614, 4166779.633942120242864 ], [ 14247614.260989570990205, 4166782.028520998544991 ], [ 14247625.829708479344845, 4166783.176752509083599 ], [ 14247637.739382136613131, 4166783.166082261130214 ], [ 14247649.669951554387808, 4166781.560588765423745 ], [ 14247661.612123025581241, 4166778.804064293392003 ], [ 14247783.163603842258453, 4166750.640752701554447 ], [ 14247802.726539066061378, 4166745.865953601431102 ], [ 14247824.507049733772874, 4166739.14197785127908 ], [ 14247910.882831070572138, 4166711.868479005992413 ], [ 14247939.105243759229779, 4166702.39306179061532 ], [ 14247972.922242593020201, 4166690.648347781505436 ], [ 14247976.795850936323404, 4166689.320401875302196 ], [ 14247980.557029359042645, 4166687.255613833665848 ], [ 14247982.913044, 4166685.653009960893542 ], [ 14247987.592587163671851, 4166680.745864660479128 ], [ 14247992.675859974697232, 4166674.512786045670509 ], [ 14247996.751591380685568, 4166668.625176851637661 ], [ 14248000.587598973885179, 4166664.595826696138829 ], [ 14248003.40820499882102, 4166660.177725648041815 ], [ 14248005.843290582299232, 4166655.823048264253885 ], [ 14248008.857696967199445, 4166649.580774432513863 ], [ 14248014.028208231553435, 4166643.288342976942658 ], [ 14248017.9915267881006, 4166638.619029400404543 ], [ 14248023.500165417790413, 4166632.932360373903066 ], [ 14248029.329455770552158, 4166628.999945027288049 ], [ 14248036.46397528424859, 4166625.047700876370072 ], [ 14248045.359088979661465, 4166621.032466897275299 ], [ 14248066.302648305892944, 4166611.388226163573563 ], [ 14248089.493137558922172, 4166599.234020116273314 ], [ 14248116.205754598602653, 4166583.485847103409469 ], [ 14248126.081359202042222, 4166577.355787203647196 ], [ 14248136.805704845115542, 4166570.915897272992879 ], [ 14248146.960686264559627, 4166564.451398685574532 ], [ 14248154.494257789105177, 4166557.783787399064749 ], [ 14248160.008316893130541, 4166548.133715236093849 ], [ 14248162.53805742226541, 4166539.856783652678132 ], [ 14248163.478725930675864, 4166533.174571488518268 ], [ 14248161.469153599813581, 4166524.442334479186684 ], [ 14248158.463838770985603, 4166516.284694438334554 ], [ 14248153.702269723638892, 4166507.949789132457227 ], [ 14248149.520944904536009, 4166500.891061808913946 ], [ 14248147.080472238361835, 4166494.493316939566284 ], [ 14248145.526912063360214, 4166489.165333197917789 ], [ 14248144.369592284783721, 4166485.500833660829812 ], [ 14248143.45325368270278, 4166481.65680293738842 ], [ 14248142.888988161459565, 4166478.372924189083278 ], [ 14248142.661443321034312, 4166475.633830721955746 ], [ 14248143.069485867395997, 4166471.606493543367833 ], [ 14248143.846918663010001, 4166467.775236026849598 ], [ 14248145.330682322382927, 4166462.49027331545949 ], [ 14248150.830518733710051, 4166450.663249489851296 ], [ 14248160.434443440288305, 4166425.616894699633121 ], [ 14248170.739840669557452, 4166400.82407917547971 ], [ 14248176.003024628385901, 4166389.854815036058426 ], [ 14248180.396537648513913, 4166376.166886994615197 ], [ 14248179.901444083079696, 4166369.754184553865343 ], [ 14248179.636396154761314, 4166361.140126795042306 ], [ 14248177.397514082491398, 4166347.320747795049101 ], [ 14248173.792119359597564, 4166335.077640858944505 ], [ 14248150.161828136071563, 4166285.683217544108629 ], [ 14248137.247201021760702, 4166259.091314004268497 ], [ 14248127.949988391250372, 4166242.426777014974505 ] ] ] } },
{ "type": "Feature", "properties": { "UserID": null, "number": "8", "개설여부": "미개설", "검토": null, "변경사항": "미개설로 변경(1차선도로)", "연장": 124, "시점": "사천시 서포면 구평리", "종점": "사천시 서포면 자혜리" }, "geometry": { "type": "MultiLineString", "coordinates": [ [ [ 14247665.690789584070444, 4168453.518205518834293 ], [ 14247666.355040494352579, 4168453.573800597339869 ], [ 14247670.341833341866732, 4168453.907477971166372 ], [ 14247681.194442369043827, 4168452.423069125507027 ], [ 14247684.20981845445931, 4168451.824647622182965 ], [ 14247689.724640294909477, 4168449.883227701298892 ], [ 14247699.937641050666571, 4168444.882852503564209 ], [ 14247706.799687929451466, 4168439.9712093481794 ], [ 14247712.185505963861942, 4168435.122150727082044 ], [ 14247741.959397925063968, 4168399.897497245576233 ], [ 14247753.125992756336927, 4168384.940256170462817 ], [ 14247759.07841239310801, 4168374.587744755204767 ], [ 14247764.289457552134991, 4168361.605243145488203 ], [ 14247765.686402184888721, 4168358.198263389058411 ], [ 14247767.436182571575046, 4168352.354908560868353 ] ] ] } },
{ "type": "Feature", "properties": { "UserID": null, "number": "8", "개설여부": "개설", "검토": null, "변경사항": "변경없음", "연장": 395, "시점": "사천시 서포면 구평리", "종점": "사천시 서포면 자혜리" }, "geometry": { "type": "MultiLineString", "coordinates": [ [ [ 14247266.215174427255988, 4168203.215514649637043 ], [ 14247275.227554924786091, 4168210.896240415051579 ], [ 14247295.157004218548536, 4168230.881285571493208 ], [ 14247308.253163382411003, 4168244.013938626740128 ], [ 14247396.808300072327256, 4168326.732858074828982 ], [ 14247413.760936643928289, 4168337.923406538087875 ], [ 14247426.053095981478691, 4168346.261277900077403 ], [ 14247437.763828746974468, 4168352.295351622626185 ], [ 14247444.882804963737726, 4168355.675280232913792 ], [ 14247455.657837944105268, 4168360.63215602375567 ], [ 14247467.390393134206533, 4168363.272391457576305 ], [ 14247502.016599893569946, 4168370.435908031649888 ], [ 14247531.74889412522316, 4168377.581695708911866 ], [ 14247556.163380853831768, 4168382.896250763908029 ], [ 14247566.348385004326701, 4168386.227735700085759 ], [ 14247577.510719610378146, 4168391.719722909852862 ], [ 14247602.61475714482367, 4168411.370732414070517 ], [ 14247632.090670764446259, 4168435.990120710805058 ], [ 14247642.578606564551592, 4168444.625341146718711 ], [ 14247650.276075990870595, 4168449.087400083430111 ], [ 14247658.646487176418304, 4168452.252057000529021 ], [ 14247665.690789584070444, 4168453.518205518834293 ] ] ] } },
{ "type": "Feature", "properties": { "UserID": null, "number": "8", "개설여부": "미개설", "검토": null, "변경사항": "미개설로 변경(1차선도로)", "연장": 1908, "시점": "사천시 서포면 구평리", "종점": "사천시 서포면 자혜리" }, "geometry": { "type": "MultiLineString", "coordinates": [ [ [ 14245217.541248118504882, 4168607.660347814206034 ], [ 14245245.727551810443401, 4168607.29103523818776 ], [ 14245274.405763121321797, 4168604.885749414563179 ], [ 14245310.650504989549518, 4168602.525377835612744 ], [ 14245318.297255273908377, 4168601.513029848691076 ], [ 14245328.647257819771767, 4168599.796100256498903 ], [ 14245337.247830266132951, 4168598.181379112415016 ], [ 14245349.432892745360732, 4168593.498391828499734 ], [ 14245357.525581320747733, 4168589.400746411643922 ], [ 14245368.265583477914333, 4168582.863513429183513 ], [ 14245377.92169726639986, 4168575.723687966354191 ], [ 14245385.210641680285335, 4168568.123696153052151 ], [ 14245395.505835821852088, 4168553.878591009881347 ], [ 14245403.366801368072629, 4168539.378445818088949 ], [ 14245416.115000508725643, 4168515.437629884574562 ], [ 14245421.519034549593925, 4168507.019952001515776 ], [ 14245431.749767944216728, 4168494.322550525888801 ], [ 14245444.099117670208216, 4168481.091047608759254 ], [ 14245455.568594990298152, 4168469.918450036086142 ], [ 14245476.16679073497653, 4168450.471516707912087 ], [ 14245490.976989636197686, 4168435.925311393104494 ], [ 14245504.133902398869395, 4168421.39937932183966 ], [ 14245510.185216952115297, 4168413.065798353869468 ], [ 14245516.982462525367737, 4168403.441325787454844 ], [ 14245523.535116966813803, 4168394.302865335252136 ], [ 14245528.845916794613004, 4168385.689817002974451 ], [ 14245533.53479053452611, 4168374.826861049048603 ], [ 14245538.084315571933985, 4168363.109750291798264 ], [ 14245541.524992974475026, 4168352.561772851273417 ], [ 14245548.170386653393507, 4168332.256664018612355 ], [ 14245552.043998025357723, 4168319.865674571599811 ], [ 14245557.961898738518357, 4168307.427554607391357 ], [ 14245563.85157516784966, 4168297.793721236754209 ], [ 14245572.399501081556082, 4168286.409311069175601 ], [ 14245587.402626721188426, 4168268.21944140503183 ], [ 14245599.343201169744134, 4168257.597441405523568 ], [ 14245630.508590951561928, 4168227.971983883529902 ], [ 14245668.200702920556068, 4168192.736098781228065 ], [ 14245689.242203611880541, 4168173.465486120432615 ], [ 14245703.375414777547121, 4168162.629333614371717 ], [ 14245742.380369909107685, 4168137.827179274987429 ], [ 14245827.490249961614609, 4168086.781872515566647 ], [ 14245847.536193499341607, 4168075.90775376977399 ], [ 14245869.045214433223009, 4168066.086165184155107 ], [ 14245891.969827711582184, 4168056.668139738496393 ], [ 14245905.296847363933921, 4168052.361715082544833 ], [ 14245915.046677589416504, 4168050.256920877378434 ], [ 14245927.718207476660609, 4168048.264304859098047 ], [ 14245956.243062, 4168047.150943032465875 ], [ 14245985.793342117220163, 4168047.019222557079047 ], [ 14246019.315612310543656, 4168049.774533977732062 ], [ 14246045.171291369944811, 4168052.425296761561185 ], [ 14246067.581363338977098, 4168054.036388085689396 ], [ 14246087.818164324387908, 4168056.396187753882259 ], [ 14246098.901706751435995, 4168058.520226482767612 ], [ 14246119.357577253133059, 4168065.54959432920441 ], [ 14246142.731989189982414, 4168074.426691616885364 ], [ 14246178.973292825743556, 4168086.849855487700552 ], [ 14246199.034138526767492, 4168094.275911849457771 ], [ 14246254.078223627060652, 4168108.839882789179683 ], [ 14246306.312842601910233, 4168120.666940975002944 ], [ 14246336.907110383734107, 4168127.023794420063496 ], [ 14246348.409183204174042, 4168130.220988483633846 ], [ 14246356.644313484430313, 4168132.67544960975647 ], [ 14246387.929930264130235, 4168142.807428054977208 ], [ 14246429.960704557597637, 4168156.39957033470273 ], [ 14246450.04464752972126, 4168163.25511762406677 ], [ 14246463.191275890916586, 4168166.529717267490923 ], [ 14246477.353289501741529, 4168169.412957454565912 ], [ 14246567.263682257384062, 4168183.584706319030374 ], [ 14246662.456458680331707, 4168198.629547232296318 ], [ 14246695.851135952398181, 4168203.467565001454204 ], [ 14246727.037772549316287, 4168205.185055167414248 ], [ 14246742.814687153324485, 4168202.404909091535956 ], [ 14246753.033734109252691, 4168201.03911089617759 ], [ 14246769.239364916458726, 4168200.319936824496835 ], [ 14246788.293998872861266, 4168201.249892671592534 ], [ 14246804.514466105028987, 4168206.641757275909185 ], [ 14246817.052966751158237, 4168212.58070300752297 ], [ 14246830.6186527851969, 4168215.651526090223342 ], [ 14246841.265466932207346, 4168218.156358555424958 ], [ 14246851.236408418044448, 4168219.251968305557966 ], [ 14246878.488929387181997, 4168221.215980428736657 ], [ 14246918.19798669219017, 4168221.011327520012856 ], [ 14246938.935217944905162, 4168220.176591551862657 ], [ 14246956.328621823340654, 4168216.819799844175577 ], [ 14246970.429216846823692, 4168216.641469981987029 ], [ 14246981.518059659749269, 4168217.010129374451935 ], [ 14246988.427934095263481, 4168218.061359934974462 ], [ 14247002.81032507494092, 4168220.368414073251188 ], [ 14247016.838109573349357, 4168221.827167720533907 ], [ 14247042.014118939638138, 4168222.477551063988358 ], [ 14247060.67227148078382, 4168220.966717625502497 ], [ 14247070.850434921681881, 4168218.968010541051626 ], [ 14247078.767327750101686, 4168216.425646799150854 ], [ 14247095.594446487724781, 4168206.251741973217577 ], [ 14247114.019582346081734, 4168196.939130512997508 ], [ 14247127.133756631985307, 4168192.413111628498882 ], [ 14247140.101059900596738, 4168187.305213192012161 ], [ 14247154.035255067050457, 4168184.433004843071103 ], [ 14247166.444167301058769, 4168182.072733336593956 ], [ 14247179.055251326411963, 4168180.235233996529132 ], [ 14247186.685986457392573, 4168179.641729900147766 ], [ 14247196.33856425434351, 4168179.512588398996741 ], [ 14247206.896360743790865, 4168181.828082276973873 ], [ 14247223.116117533296347, 4168186.025110756512731 ], [ 14247242.073468634858727, 4168191.920530491974205 ], [ 14247257.686460083350539, 4168197.747516632080078 ], [ 14247265.265914710238576, 4168202.406515266280621 ], [ 14247266.215174427255988, 4168203.215514649637043 ] ] ] } },
{ "type": "Feature", "properties": { "UserID": null, "number": "8", "개설여부": "개설", "검토": null, "변경사항": "변경없음", "연장": 2959, "시점": "사천시 서포면 구평리", "종점": "사천시 서포면 자혜리" }, "geometry": { "type": "MultiLineString", "coordinates": [ [ [ 14242256.684533311054111, 4167290.898088088724762 ], [ 14242315.631333725526929, 4167376.228085626848042 ], [ 14242320.256948249414563, 4167382.53477925201878 ], [ 14242323.168970916420221, 4167386.291828783228993 ], [ 14242331.14784681238234, 4167394.078873465768993 ], [ 14242338.724347604438663, 4167400.469742694869637 ], [ 14242346.689386330544949, 4167405.87598017277196 ], [ 14242355.079553550109267, 4167410.528320830315351 ], [ 14242362.128909369930625, 4167413.134889797307551 ], [ 14242374.811894072219729, 4167416.235287187620997 ], [ 14242385.632648315280676, 4167419.999498630873859 ], [ 14242396.518746854737401, 4167424.852420344017446 ], [ 14242405.258864311501384, 4167428.595651124138385 ], [ 14242415.912098575383425, 4167433.901868027634919 ], [ 14242428.766552481800318, 4167442.249343710020185 ], [ 14242439.210127618163824, 4167449.507588690612465 ], [ 14242445.621248047798872, 4167455.149615324568003 ], [ 14242473.767616691067815, 4167481.170196907129139 ], [ 14242482.459645926952362, 4167489.473282691091299 ], [ 14242488.874032942578197, 4167494.810250218492001 ], [ 14242496.992453450337052, 4167500.143320014234632 ], [ 14242504.066690510138869, 4167503.867521993350238 ], [ 14242513.944770462810993, 4167507.394921080674976 ], [ 14242524.319986488670111, 4167510.39462049677968 ], [ 14242533.156706051900983, 4167512.161238464061171 ], [ 14242544.193539490923285, 4167513.495487686246634 ], [ 14242552.48014653287828, 4167513.529838818125427 ], [ 14242561.798257164657116, 4167512.793453057762235 ], [ 14242590.615506777539849, 4167506.831888096407056 ], [ 14242590.812316529452801, 4167506.791099508758634 ], [ 14242605.901745146140456, 4167504.138555569574237 ], [ 14242667.047588421031833, 4167494.199430366512388 ], [ 14242708.609514195472002, 4167489.774863702245057 ], [ 14242714.70146176032722, 4167489.83966022124514 ], [ 14242720.898814218118787, 4167490.666459833737463 ], [ 14242726.942534424364567, 4167491.719520232640207 ], [ 14242733.321342386305332, 4167493.383869195822626 ], [ 14242739.581506630405784, 4167495.426783343311399 ], [ 14242745.605207659304142, 4167498.37999802082777 ], [ 14242752.971994763240218, 4167503.171902552712709 ], [ 14242804.186274228617549, 4167541.548742900136858 ], [ 14242828.31401395983994, 4167561.139833005610853 ], [ 14242851.539205690845847, 4167576.561531804036349 ], [ 14242866.751482132822275, 4167583.794158834964037 ], [ 14242871.035890322178602, 4167585.472952717449516 ], [ 14242881.193572200834751, 4167588.760418088641018 ], [ 14242891.134295765310526, 4167591.911693388130516 ], [ 14242907.394994787871838, 4167594.566849003080279 ], [ 14242916.131224738433957, 4167595.115415341686457 ], [ 14242942.642827920615673, 4167595.168567536398768 ], [ 14242963.267526218667626, 4167597.632214970886707 ], [ 14242974.051268024370074, 4167599.4865507716313 ], [ 14242984.462614079937339, 4167602.671861960552633 ], [ 14242994.562999155372381, 4167606.657025343272835 ], [ 14243002.751504331827164, 4167609.547469255980104 ], [ 14243009.3115025293082, 4167611.824068991933018 ], [ 14243117.308466929942369, 4167651.112154450267553 ], [ 14243125.987807989120483, 4167652.904409050475806 ], [ 14243143.028674226254225, 4167655.091128287371248 ], [ 14243153.733823711052537, 4167655.508442111779004 ], [ 14243163.619822138920426, 4167655.263864174950868 ], [ 14243170.893139580264688, 4167654.580032077152282 ], [ 14243176.573705567047, 4167653.777555414475501 ], [ 14243182.757330587133765, 4167652.322499121073633 ], [ 14243189.852396363392472, 4167650.604905391577631 ], [ 14243199.818289024755359, 4167648.407332647591829 ], [ 14243209.627018010243773, 4167645.933744056150317 ], [ 14243226.615336708724499, 4167642.615504079498351 ], [ 14243237.425190415233374, 4167642.500167091842741 ], [ 14243241.585375530645251, 4167642.773345774039626 ], [ 14243250.563053397461772, 4167644.093620013445616 ], [ 14243255.132381845265627, 4167645.308985646814108 ], [ 14243259.527323491871357, 4167646.392844199202955 ], [ 14243261.291232459247112, 4167646.961667801253498 ], [ 14243269.020974617451429, 4167649.026899292133749 ], [ 14243278.719046914950013, 4167653.350037968251854 ], [ 14243288.964639561250806, 4167659.678810894489288 ], [ 14243297.564495678991079, 4167666.026101521681994 ], [ 14243305.65487508662045, 4167673.965761031955481 ], [ 14243310.367818238213658, 4167679.338250700384378 ], [ 14243316.998979862779379, 4167689.292758891824633 ], [ 14243322.376660339534283, 4167699.787835638504475 ], [ 14243329.729471640661359, 4167722.165598965715617 ], [ 14243336.666573302820325, 4167744.343519176822156 ], [ 14243340.834659969434142, 4167759.350794054102153 ], [ 14243348.629391089081764, 4167787.608258499298245 ], [ 14243353.228485947474837, 4167803.381089079659432 ], [ 14243364.930029885843396, 4167832.09866757504642 ], [ 14243370.315923411399126, 4167840.457470894791186 ], [ 14243381.371226191520691, 4167852.580625545699149 ], [ 14243403.72010069526732, 4167871.642586231231689 ], [ 14243413.794721508398652, 4167881.732870692852885 ], [ 14243421.49610248208046, 4167890.732049755286425 ], [ 14243424.988881848752499, 4167896.852608128450811 ], [ 14243427.427007986232638, 4167902.579723634757102 ], [ 14243431.153953997418284, 4167915.340239785145968 ], [ 14243432.202787755057216, 4167918.035972694866359 ], [ 14243437.933932062238455, 4167932.769607034511864 ], [ 14243441.665945524349809, 4167939.429746760055423 ], [ 14243446.646565837785602, 4167947.059354555327445 ], [ 14243452.023551976308227, 4167954.034288719296455 ], [ 14243458.679277362301946, 4167962.493702510371804 ], [ 14243463.858158411458135, 4167967.037091679871082 ], [ 14243470.552353812381625, 4167971.07179352780804 ], [ 14243476.222601423040032, 4167974.072367196902633 ], [ 14243488.592019621282816, 4167979.624367945361882 ], [ 14243496.273960342630744, 4167983.611210161820054 ], [ 14243502.829444760456681, 4167989.80139086721465 ], [ 14243508.864546909928322, 4167996.64888450037688 ], [ 14243513.577328586950898, 4168004.047703387681395 ], [ 14243527.829181060194969, 4168032.10147347021848 ], [ 14243537.123423779383302, 4168051.054540106561035 ], [ 14243544.049563555046916, 4168064.770858665462583 ], [ 14243550.036917882040143, 4168075.636530670337379 ], [ 14243556.693945810198784, 4168082.420063466299325 ], [ 14243566.913597404956818, 4168089.523365703877062 ], [ 14243576.002359500154853, 4168095.306143057532609 ], [ 14243587.158882042393088, 4168099.704587260261178 ], [ 14243600.10927327722311, 4168102.654663712717593 ], [ 14243616.690739087760448, 4168104.221202010754496 ], [ 14243631.620403131470084, 4168105.167871296871454 ], [ 14243649.51819670945406, 4168105.905080118682235 ], [ 14243662.386059861630201, 4168105.281237870920449 ], [ 14243687.818683378398418, 4168102.594556340947747 ], [ 14243703.381560821086168, 4168101.492743996437639 ], [ 14243711.330764470621943, 4168101.539043618831784 ], [ 14243717.979099268093705, 4168102.672746059019119 ], [ 14243723.794453574344516, 4168104.159537879750133 ], [ 14243730.356225941330194, 4168107.310869845096022 ], [ 14243735.690970381721854, 4168111.115401063580066 ], [ 14243739.806198501959443, 4168115.592029813677073 ], [ 14243747.832906546071172, 4168125.613317382521927 ], [ 14243767.777657676488161, 4168160.291815378237516 ], [ 14243781.755950909107924, 4168183.158724048640579 ], [ 14243787.409532625228167, 4168192.646048453636467 ], [ 14243800.077277462929487, 4168217.461882371921092 ], [ 14243807.48923397436738, 4168230.135364319663495 ], [ 14243831.183258173987269, 4168257.565265006385744 ], [ 14243857.754333661869168, 4168284.929098922759295 ], [ 14243916.684206025674939, 4168343.580402221996337 ], [ 14243979.354752378538251, 4168404.705708307214081 ], [ 14244001.961422545835376, 4168426.050040350761265 ], [ 14244027.391321942210197, 4168451.039356206078082 ], [ 14244047.121265970170498, 4168470.717450252734125 ], [ 14244061.636382969096303, 4168484.125448925420642 ], [ 14244078.362308118492365, 4168497.350044072140008 ], [ 14244109.210388209670782, 4168519.248844507616013 ], [ 14244133.779888454824686, 4168534.851674798876047 ], [ 14244139.799411656334996, 4168537.475968728773296 ], [ 14244149.240075828507543, 4168542.659152551088482 ], [ 14244162.438967814669013, 4168547.665887736249715 ], [ 14244174.225136674940586, 4168550.600796779617667 ], [ 14244193.566889882087708, 4168551.292051019147038 ], [ 14244215.320471813902259, 4168550.442607543431222 ], [ 14244229.765635157003999, 4168551.659159772098064 ], [ 14244245.020574377849698, 4168553.006225482095033 ], [ 14244260.357884118333459, 4168557.03137171594426 ], [ 14244277.216368420049548, 4168562.781359376851469 ], [ 14244291.465004133060575, 4168568.694593622814864 ], [ 14244307.309841537848115, 4168576.571024525444955 ], [ 14244322.456489019095898, 4168585.679940565023571 ], [ 14244346.137224772945046, 4168605.906143495813012 ], [ 14244357.90033814124763, 4168613.626900729257613 ], [ 14244367.673250017687678, 4168620.199016612023115 ], [ 14244378.337289098650217, 4168625.661078776232898 ], [ 14244394.875063704326749, 4168631.278492309618741 ], [ 14244416.893068069592118, 4168635.785712044686079 ], [ 14244448.299517510458827, 4168638.332311851903796 ], [ 14244469.923178052529693, 4168641.825060315430164 ], [ 14244498.493547415360808, 4168648.663952571339905 ], [ 14244519.411895399913192, 4168657.453283032868057 ], [ 14244552.074138669297099, 4168671.513352687470615 ], [ 14244566.608478182926774, 4168675.088063014671206 ], [ 14244583.978955371305346, 4168677.540185467805713 ], [ 14244605.202178407460451, 4168678.305079947225749 ], [ 14244627.625615004450083, 4168677.174251275137067 ], [ 14244647.046964069828391, 4168676.61774576222524 ], [ 14244692.310192691162229, 4168673.454189550597221 ], [ 14244713.260645179077983, 4168668.536873779725283 ], [ 14244759.96010809391737, 4168658.218709853943437 ], [ 14244800.39319945499301, 4168645.841641891747713 ], [ 14244820.259851537644863, 4168641.847327311057597 ], [ 14244846.216268876567483, 4168639.342942691408098 ], [ 14244897.220317214727402, 4168638.134643142577261 ], [ 14244948.682199854403734, 4168639.506777185946703 ], [ 14245008.125583594664931, 4168640.055715726688504 ], [ 14245025.570721777155995, 4168639.689196072518826 ], [ 14245042.385136796161532, 4168638.195029689930379 ], [ 14245052.666458286345005, 4168635.814449901692569 ], [ 14245059.784288, 4168633.425570007413626 ], [ 14245102.067859275266528, 4168615.45451977243647 ], [ 14245147.149173095822334, 4168595.120325703173876 ], [ 14245174.667451560497284, 4168582.641835736110806 ], [ 14245203.511357191950083, 4168571.670408975332975 ], [ 14245217.541248118504882, 4168607.660347814206034 ] ] ] } },
{ "type": "Feature", "properties": { "UserID": null, "number": "8", "개설여부": "개설", "검토": null, "변경사항": "변경없음", "연장": 11339, "시점": "사천시 서포면 구평리", "종점": "사천시 서포면 자혜리" }, "geometry": { "type": "MultiLineString", "coordinates": [ [ [ 14242061.997846581041813, 4165641.415905939415097 ], [ 14242062.085073629394174, 4165641.108908737078309 ], [ 14242062.624840842559934, 4165638.73807085910812 ], [ 14242064.809580232948065, 4165629.133718033786863 ], [ 14242068.540920332074165, 4165619.507930923253298 ], [ 14242069.349104713648558, 4165618.161661610472947 ], [ 14242075.908949483186007, 4165609.88018121290952 ], [ 14242086.229665610939264, 4165599.339796687476337 ], [ 14242097.134643167257309, 4165587.033114810008556 ], [ 14242107.524318758398294, 4165577.117925359401852 ], [ 14242123.962522611021996, 4165564.327678272966295 ], [ 14242136.598735151812434, 4165554.972491064574569 ], [ 14242161.763929430395365, 4165534.225681506562978 ], [ 14242171.944329835474491, 4165525.216782419942319 ], [ 14242177.117024555802345, 4165519.162741139531136 ], [ 14242180.575454194098711, 4165513.067786218598485 ], [ 14242183.148949051275849, 4165505.896925223991275 ], [ 14242184.382494995370507, 4165496.039724013302475 ], [ 14242184.143660306930542, 4165482.886370186693966 ], [ 14242182.247509647160769, 4165461.294211362488568 ], [ 14242175.323494696989655, 4165421.965248001739383 ], [ 14242174.08852856233716, 4165409.30223153391853 ], [ 14242173.033571220934391, 4165380.276138346176594 ], [ 14242175.123117107897997, 4165359.138585107401013 ], [ 14242177.14305923320353, 4165347.346017852425575 ], [ 14242181.620885388925672, 4165328.482911449857056 ], [ 14242185.118962010368705, 4165318.524092642124742 ], [ 14242191.40374568477273, 4165303.408625449985266 ], [ 14242203.692265342921019, 4165279.710792393889278 ], [ 14242213.410096272826195, 4165258.298269127029926 ], [ 14242217.088769607245922, 4165248.43943103030324 ], [ 14242218.839628126472235, 4165239.157269573770463 ], [ 14242219.242560049518943, 4165229.659152024891227 ], [ 14242216.62766326777637, 4165198.462838743813336 ], [ 14242218.891290992498398, 4165162.415156039409339 ], [ 14242219.241129759699106, 4165150.788705764804035 ], [ 14242221.607071222737432, 4165141.415177559480071 ], [ 14242226.29858847334981, 4165128.030674034263939 ], [ 14242231.084616428241134, 4165109.474713183008134 ], [ 14242232.335485707968473, 4165102.58887636102736 ], [ 14242232.075623339042068, 4165092.818065440747887 ], [ 14242231.190520778298378, 4165083.458220190834254 ], [ 14242227.81346564181149, 4165060.372781899292022 ], [ 14242227.054234428331256, 4165053.524316453840584 ], [ 14242227.4249297529459, 4165045.197943659964949 ], [ 14242232.944141943007708, 4165025.05136693501845 ], [ 14242240.765350317582488, 4165007.807392242364585 ], [ 14242254.069472439587116, 4164981.657565634232014 ], [ 14242255.504196720197797, 4164978.20373517414555 ], [ 14242256.562338802963495, 4164976.854070863686502 ], [ 14242257.457662245258689, 4164975.061941432766616 ], [ 14242258.497001769021153, 4164973.701991417910904 ], [ 14242262.138198036700487, 4164971.247780775651336 ], [ 14242269.200336365029216, 4164968.470893063116819 ], [ 14242331.803263515233994, 4164959.961335042025894 ], [ 14242350.193047825247049, 4164959.293844850268215 ], [ 14242360.498390227556229, 4164960.268314821179956 ], [ 14242374.56265994720161, 4164961.178990863729268 ], [ 14242388.049857230857015, 4164963.588725134264678 ], [ 14242409.157402401790023, 4164967.537676673848182 ], [ 14242445.884886125102639, 4164975.451027477160096 ], [ 14242461.77676204778254, 4164978.941286139655858 ], [ 14242481.08971431478858, 4164984.468367355875671 ], [ 14242498.223914887756109, 4164991.102114220149815 ], [ 14242513.041910259053111, 4164998.883183754514903 ], [ 14242523.499019922688603, 4165004.254009845666587 ], [ 14242531.106191882863641, 4164997.433808605652303 ], [ 14242561.277939226478338, 4164941.760628954973072 ], [ 14242612.281106131151319, 4164853.622517071198672 ], [ 14242617.488499170169234, 4164846.665038678329438 ], [ 14242642.588428892195225, 4164800.495162945240736 ], [ 14242666.294314218685031, 4164758.909777377732098 ], [ 14242683.673358991742134, 4164727.510088192299008 ], [ 14242712.757973276078701, 4164675.488174482248724 ], [ 14242735.309199901297688, 4164636.003278257790953 ], [ 14242753.181817153468728, 4164605.282787825912237 ], [ 14242768.731342760846019, 4164574.375306442379951 ], [ 14242793.164142007008195, 4164519.716579997912049 ], [ 14242819.638057200238109, 4164468.924946721177548 ], [ 14242842.314619952812791, 4164430.947607732843608 ], [ 14242858.53250659070909, 4164398.858907051384449 ], [ 14242887.033314758911729, 4164338.022173783741891 ], [ 14242892.312952117994428, 4164321.930097155738622 ], [ 14242895.015566347166896, 4164311.68788377661258 ], [ 14242907.358970416709781, 4164252.278028199914843 ], [ 14242909.302554065361619, 4164241.610889261122793 ], [ 14242921.867248229682446, 4164186.611899103038013 ], [ 14242939.153024168685079, 4164123.2208147700876 ], [ 14242944.662497170269489, 4164102.897246505599469 ], [ 14242955.749809740111232, 4164044.699765420984477 ], [ 14242957.438686722889543, 4164035.144675257150084 ], [ 14242959.239599496126175, 4164025.757907133083791 ], [ 14242961.01500011049211, 4164013.67829385958612 ], [ 14242964.350987765938044, 4163997.524805135559291 ], [ 14242969.389904847368598, 4163984.622655840124935 ], [ 14242982.680045517161489, 4163958.085262593347579 ], [ 14243002.371278738602996, 4163922.945474066305906 ], [ 14243013.442214827984571, 4163901.690842980053276 ], [ 14243023.054261565208435, 4163883.916111258324236 ], [ 14243027.118542343378067, 4163875.822577083483338 ], [ 14243029.845200639218092, 4163870.349386933725327 ], [ 14243030.423177903518081, 4163869.188217577990144 ], [ 14243031.512194724753499, 4163867.202007335610688 ], [ 14243032.368714956566691, 4163865.642035333439708 ], [ 14243035.766275517642498, 4163859.447166434023529 ], [ 14243036.985803743824363, 4163857.224717245902866 ], [ 14243111.911240255460143, 4163720.624093151651323 ], [ 14243116.165831413120031, 4163712.461452016141266 ], [ 14243116.440840931609273, 4163711.934005925431848 ], [ 14243118.938346652314067, 4163707.141909994650632 ], [ 14243120.598361058160663, 4163703.957742670085281 ], [ 14243224.200624611228704, 4163488.710707414895296 ], [ 14243224.289125351235271, 4163488.526695574633777 ], [ 14243225.190315807238221, 4163486.654903160873801 ], [ 14243228.638392021879554, 4163479.109735976438969 ], [ 14243228.66960340179503, 4163479.04025135980919 ], [ 14243229.54565205425024, 4163477.124100496061146 ], [ 14243233.01713378354907, 4163470.834628209006041 ], [ 14243237.336062492802739, 4163464.774593059439212 ], [ 14243296.577510345727205, 4163399.838006420526654 ], [ 14243306.063108585774899, 4163388.139689625240862 ], [ 14243312.474190771579742, 4163377.434034063015133 ], [ 14243316.473131529986858, 4163369.439106853678823 ], [ 14243321.922913111746311, 4163352.960570495575666 ], [ 14243323.71802182495594, 4163344.08743990957737 ], [ 14243325.409954611212015, 4163328.885873049497604 ], [ 14243326.559374460950494, 4163316.58627759385854 ], [ 14243327.858164165169001, 4163290.146698689553887 ], [ 14243327.567156678065658, 4163269.161553734913468 ], [ 14243326.114246377721429, 4163245.376524277962744 ], [ 14243326.301164509728551, 4163238.126477373763919 ], [ 14243327.236681163311005, 4163224.945316291414201 ], [ 14243328.50482526794076, 4163217.605055757332593 ], [ 14243387.694414967671037, 4163092.358016746584326 ], [ 14243393.112325191497803, 4163075.523100339341909 ], [ 14243395.165743883699179, 4163058.272976420819759 ], [ 14243397.064659243449569, 4163023.290188145823777 ], [ 14243396.581349471583962, 4163004.356225239578635 ], [ 14243395.81813807040453, 4162995.968279153574258 ], [ 14243393.551808811724186, 4162984.880987734999508 ], [ 14243392.128579700365663, 4162974.435820241458714 ], [ 14243392.111254679039121, 4162974.343779581598938 ], [ 14243390.356281269341707, 4162964.840636471752077 ], [ 14243385.717875979840755, 4162952.65051607741043 ], [ 14243380.564541963860393, 4162940.849339842330664 ], [ 14243377.568955201655626, 4162934.319086748175323 ], [ 14243375.157638190314174, 4162930.326596329454333 ], [ 14243370.708921214565635, 4162922.96162525517866 ], [ 14243362.983684774488211, 4162912.841834037099034 ], [ 14243316.819051271304488, 4162859.226272191852331 ], [ 14243204.780472580343485, 4162732.171314663719386 ], [ 14243186.734878482297063, 4162708.092998412437737 ], [ 14243182.887323118746281, 4162701.553812016267329 ], [ 14243178.727752216160297, 4162692.447950351983309 ], [ 14243175.237685730680823, 4162684.374285615980625 ], [ 14243172.932748274877667, 4162676.877773759886622 ], [ 14243170.710287598893046, 4162661.635695696342736 ], [ 14243170.454462625086308, 4162653.596287445630878 ], [ 14243171.202874250710011, 4162647.105778855737299 ], [ 14243172.127326086163521, 4162640.105199642945081 ], [ 14243173.745793363079429, 4162631.915409214794636 ], [ 14243176.389483409002423, 4162623.273528672289103 ], [ 14243180.573258146643639, 4162613.913118159864098 ], [ 14243201.075734086334705, 4162590.413263880647719 ], [ 14243206.096044780686498, 4162582.429741375148296 ], [ 14243209.940223118290305, 4162572.895522892475128 ], [ 14243211.889283383265138, 4162565.614344134461135 ], [ 14243213.009477384388447, 4162556.221550535410643 ], [ 14243213.117051012814045, 4162545.963194148615003 ], [ 14243211.515084639191628, 4162536.422814328689128 ], [ 14243206.806774048134685, 4162514.657498533837497 ], [ 14243162.465569600462914, 4162354.164031259715557 ], [ 14243159.16614125482738, 4162342.223798138089478 ], [ 14243117.652928180992603, 4162251.143431692384183 ], [ 14243092.177796732634306, 4162197.064597540535033 ], [ 14243088.205881845206022, 4162186.250219037290663 ], [ 14243087.622568592429161, 4162177.011166531592607 ], [ 14243087.875821530818939, 4162169.028931604232639 ], [ 14243089.001458300277591, 4162159.123398870229721 ], [ 14243098.211552193388343, 4162108.661409594118595 ], [ 14243103.558765381574631, 4162089.960955349728465 ], [ 14243104.549809014424682, 4162090.438050853088498 ], [ 14243117.47000921331346, 4162095.589905439410359 ], [ 14243152.367116516456008, 4162111.515183807816356 ], [ 14243160.06375177949667, 4162116.969305039383471 ], [ 14243164.639118246734142, 4162120.817902414128184 ], [ 14243169.050960401073098, 4162125.727786722127348 ], [ 14243190.833409808576107, 4162151.44630285538733 ], [ 14243202.74537056684494, 4162166.141141470056027 ], [ 14243233.574288906529546, 4162202.08474750071764 ], [ 14243243.073048647493124, 4162208.92589321359992 ], [ 14243250.885553438216448, 4162214.153433901257813 ], [ 14243260.667501648887992, 4162219.21932354522869 ], [ 14243276.753017079085112, 4162225.522670073434711 ], [ 14243294.501754095777869, 4162231.918289150577039 ], [ 14243306.11982449889183, 4162235.0048708897084 ], [ 14243311.969436388462782, 4162236.282829264178872 ], [ 14243319.148505361750722, 4162237.042099701240659 ], [ 14243336.920526400208473, 4162237.610837355256081 ], [ 14243347.168028958141804, 4162237.693427504971623 ], [ 14243396.150300754234195, 4162238.084860357921571 ], [ 14243415.132847923785448, 4162238.665036257822067 ], [ 14243420.277189778164029, 4162238.719373031985015 ], [ 14243429.720913788303733, 4162239.883369584567845 ], [ 14243433.648394269868731, 4162240.532293791417032 ], [ 14243434.820434669032693, 4162240.95861631911248 ], [ 14243438.170176081359386, 4162242.175816437695175 ], [ 14243445.319835886359215, 4162245.746580423787236 ], [ 14243454.525322247296572, 4162251.619420657865703 ], [ 14243465.930516514927149, 4162260.609049333259463 ], [ 14243473.645880501717329, 4162267.91005968535319 ], [ 14243474.293653441593051, 4162268.688454078044742 ], [ 14243482.873586598783731, 4162279.00398611696437 ], [ 14243488.599854154512286, 4162288.463954299688339 ], [ 14243494.208969715982676, 4162301.898050500545651 ], [ 14243501.037112671881914, 4162325.255275858100504 ], [ 14243513.318197324872017, 4162351.80777979735285 ], [ 14243517.776690514758229, 4162359.507990193553269 ], [ 14243521.664478376507759, 4162363.956720915157348 ], [ 14243526.945989476516843, 4162368.85370450373739 ], [ 14243533.260394902899861, 4162372.795296580996364 ], [ 14243543.017343679443002, 4162376.546640509273857 ], [ 14243582.979562662541866, 4162389.408768502995372 ], [ 14243589.148760298267007, 4162392.665419168304652 ], [ 14243594.772213909775019, 4162397.5121028451249 ], [ 14243601.937478875741363, 4162406.836651349905878 ], [ 14243633.017479479312897, 4162462.343676134478301 ], [ 14243646.418060099706054, 4162487.164168959017843 ], [ 14243663.409280324354768, 4162518.634804646484554 ], [ 14243679.837549015879631, 4162553.819052232429385 ], [ 14243685.351833531633019, 4162569.129874708130956 ], [ 14243689.472975904121995, 4162583.818569696508348 ], [ 14243694.89603872038424, 4162607.86690213624388 ], [ 14243697.89604021795094, 4162617.603269537445158 ], [ 14243701.69204762019217, 4162627.120232653338462 ], [ 14243706.670772094279528, 4162635.813173319678754 ], [ 14243734.88539426587522, 4162672.413992939982563 ], [ 14243744.231772415339947, 4162686.678975827526301 ], [ 14243746.810856986790895, 4162693.295231192372739 ], [ 14243762.961577508598566, 4162751.382126587443054 ], [ 14243771.045433027669787, 4162774.24385697953403 ], [ 14243775.931611200794578, 4162784.455818623770028 ], [ 14243794.813798952847719, 4162820.100138218142092 ], [ 14243810.411837497726083, 4162844.2572798775509 ], [ 14243815.183938656002283, 4162850.918746416922659 ], [ 14243817.578918311744928, 4162853.452258616220206 ], [ 14243822.129523176699877, 4162855.985193192027509 ], [ 14243829.818296970799565, 4162858.650365798734128 ], [ 14243839.221268681809306, 4162860.269263591151685 ], [ 14243861.207748359069228, 4162863.084897623863071 ], [ 14243875.086692335084081, 4162867.030140479560941 ], [ 14243875.486699534580112, 4162867.254805735778064 ], [ 14243880.051633663475513, 4162869.818489514291286 ], [ 14243883.423922259360552, 4162872.871774165891111 ], [ 14243886.034593245014548, 4162876.47063601622358 ], [ 14243891.144508372992277, 4162886.988735371734947 ], [ 14243894.738763336092234, 4162897.871797183062881 ], [ 14243907.896454352885485, 4162967.382081666495651 ], [ 14243909.862307382747531, 4162974.827306902501732 ], [ 14243913.329328287392855, 4162983.299987444188446 ], [ 14243916.001359989866614, 4162988.267591554205865 ], [ 14243919.931037046015263, 4162995.985788783989847 ], [ 14243932.881098113954067, 4163020.167952581774443 ], [ 14243934.952781084924936, 4163024.597702432889491 ], [ 14243936.86524654366076, 4163029.914965577423573 ], [ 14243940.11247724853456, 4163044.973438207060099 ], [ 14243943.304618855938315, 4163072.57185983331874 ], [ 14243944.886373460292816, 4163084.118573341052979 ], [ 14243946.199044900014997, 4163088.84411 ], [ 14243951.599210092797875, 4163100.657579122111201 ], [ 14243955.772350788116455, 4163106.781284254975617 ], [ 14243959.970827894285321, 4163110.474062053952366 ], [ 14243960.254905978217721, 4163110.592178822029382 ], [ 14243963.66140521876514, 4163112.00955390650779 ], [ 14243973.789011245593429, 4163113.028502910397947 ], [ 14243994.052943082526326, 4163114.229937639087439 ], [ 14244076.557723058387637, 4163114.184460983611643 ], [ 14244129.882575716823339, 4163115.581016584765166 ], [ 14244137.817350156605244, 4163116.423693482298404 ], [ 14244143.173843938857317, 4163117.923951294273138 ], [ 14244145.657984048128128, 4163119.166242117062211 ], [ 14244150.460444990545511, 4163122.940005182754248 ], [ 14244158.204215852543712, 4163134.87722235545516 ], [ 14244164.240223474800587, 4163147.359923477750272 ], [ 14244168.201459096744657, 4163159.333391757216305 ], [ 14244171.758922008797526, 4163173.787733360659331 ], [ 14244172.606921199709177, 4163179.473540150560439 ], [ 14244173.939666701480746, 4163218.73480868479237 ], [ 14244174.97862371429801, 4163227.865544860251248 ], [ 14244177.081643825396895, 4163236.680435618851334 ], [ 14244179.218770653009415, 4163242.099325260147452 ], [ 14244181.74162819981575, 4163246.890269407071173 ], [ 14244185.246079578995705, 4163251.791950487997383 ], [ 14244189.291156692430377, 4163255.709668227937073 ], [ 14244203.741945305839181, 4163266.630983493756503 ], [ 14244272.411257, 4163320.331459692679346 ], [ 14244290.167129471898079, 4163330.018486619461328 ], [ 14244300.981712760403752, 4163334.061064134351909 ], [ 14244306.872196031734347, 4163335.110018292441964 ], [ 14244319.618943240493536, 4163335.320813566446304 ], [ 14244329.767323847860098, 4163334.362836614716798 ], [ 14244356.418201552703977, 4163328.888014782220125 ], [ 14244371.466167321428657, 4163326.005730700679123 ], [ 14244384.140485258772969, 4163325.910715385805815 ], [ 14244389.884514462202787, 4163326.503686610143632 ], [ 14244392.738652195781469, 4163326.995340637862682 ], [ 14244424.473707942292094, 4163332.467059793416411 ], [ 14244472.183856826275587, 4163342.770023503806442 ], [ 14244495.136666545644403, 4163349.15761975152418 ], [ 14244495.457636391744018, 4163349.246716124005616 ], [ 14244495.724023375660181, 4163349.30829533142969 ], [ 14244512.968523157760501, 4163353.305292360018939 ], [ 14244530.362319828942418, 4163357.721486898139119 ], [ 14244576.896265717223287, 4163368.239531665109098 ], [ 14244581.202145537361503, 4163368.893301561009139 ], [ 14244584.756877973675728, 4163369.082358439918607 ], [ 14244589.599759310483932, 4163368.981133199762553 ], [ 14244594.447375081479549, 4163368.423100351821631 ], [ 14244607.06269358471036, 4163366.731282506138086 ], [ 14244621.80751333758235, 4163363.921416486613452 ], [ 14244637.672400766983628, 4163358.919805289711803 ], [ 14244660.969128102064133, 4163352.246825720649213 ], [ 14244671.493869503960013, 4163351.444344128947705 ], [ 14244678.152078654617071, 4163351.362052602227777 ], [ 14244685.716206079348922, 4163351.517038738820702 ], [ 14244690.629584018141031, 4163352.025236916728318 ], [ 14244697.49174390360713, 4163354.148499532602727 ], [ 14244702.96419969946146, 4163357.18564500240609 ], [ 14244707.121269702911377, 4163359.493755467701703 ], [ 14244715.914196604862809, 4163365.208732414525002 ], [ 14244725.637928035110235, 4163372.409328478388488 ], [ 14244739.687324285507202, 4163388.367207352072001 ], [ 14244745.155004499480128, 4163394.577787712216377 ], [ 14244809.72741723805666, 4163464.522919177077711 ], [ 14244812.494717722758651, 4163467.520778190810233 ], [ 14244870.352713171392679, 4163531.852340776007622 ], [ 14244885.65096253529191, 4163552.304956517182291 ], [ 14244885.655750652775168, 4163552.313580297399312 ], [ 14244886.585784710943699, 4163553.876370611600578 ], [ 14244890.463907083496451, 4163559.185157778672874 ], [ 14244901.889517167583108, 4163573.348500547464937 ], [ 14244905.702533675357699, 4163578.08675148896873 ], [ 14244909.455870972946286, 4163582.5761410119012 ], [ 14244916.302616173401475, 4163588.899819744750857 ], [ 14244930.820155721157789, 4163603.554091078229249 ], [ 14244934.552680810913444, 4163606.604892317671329 ], [ 14244969.459681009873748, 4163635.148747615050524 ], [ 14245028.70436829328537, 4163671.518177601043135 ], [ 14245045.785024331882596, 4163684.365951122716069 ], [ 14245058.356211509555578, 4163694.300593706313521 ], [ 14245061.200496051460505, 4163697.294355566613376 ], [ 14245063.214645182713866, 4163700.029601181391627 ], [ 14245065.740880588069558, 4163704.540088465437293 ], [ 14245067.536404065787792, 4163713.80763294827193 ], [ 14245067.146176701411605, 4163722.316281956620514 ], [ 14245065.416294893249869, 4163728.660142624750733 ], [ 14245062.386821590363979, 4163736.281464018393308 ], [ 14245037.857720138505101, 4163777.935565687716007 ], [ 14245036.148766936734319, 4163782.250081264879555 ], [ 14245035.030307613313198, 4163788.067527702543885 ], [ 14245034.928995167836547, 4163789.140673015266657 ], [ 14245034.264809153974056, 4163796.191389983519912 ], [ 14245034.509102696552873, 4163801.818490896373987 ], [ 14245035.579051209613681, 4163808.138894450385123 ], [ 14245037.258689191192389, 4163813.985508292447776 ], [ 14245039.565233513712883, 4163817.809060625731945 ], [ 14245042.703936534002423, 4163820.869620690122247 ], [ 14245044.066851144656539, 4163822.199322263244539 ], [ 14245059.443481512367725, 4163838.820250495802611 ], [ 14245073.411194300279021, 4163852.014428706839681 ], [ 14245077.063927080482244, 4163857.373291631694883 ], [ 14245079.810934908688068, 4163862.471624840982258 ], [ 14245081.643911028280854, 4163868.114079860504717 ], [ 14245082.198434060439467, 4163872.985028992407024 ], [ 14245083.452761376276612, 4163881.953329683747143 ], [ 14245082.509894302114844, 4163922.832989105023444 ], [ 14245084.865980295464396, 4163961.610784796997905 ], [ 14245085.203389154747128, 4163965.543706293683499 ], [ 14245091.86477842181921, 4164002.283818406518549 ], [ 14245095.84411028586328, 4164020.331452318001539 ], [ 14245099.870300006121397, 4164029.737074682489038 ], [ 14245109.901922872290015, 4164047.47499429853633 ], [ 14245120.818918626755476, 4164063.436170312110335 ], [ 14245130.859310541301966, 4164076.666620058938861 ], [ 14245135.141404777765274, 4164086.602781855966896 ], [ 14245140.579752881079912, 4164107.275522320531309 ], [ 14245146.642791958525777, 4164124.623121787328273 ], [ 14245153.526433732360601, 4164135.831390100996941 ], [ 14245157.788996955379844, 4164140.716551055666059 ], [ 14245176.818735405802727, 4164158.610014938749373 ], [ 14245186.016082571819425, 4164165.610243757721037 ], [ 14245197.360720910131931, 4164173.23973465943709 ], [ 14245203.458574021235108, 4164176.343386893160641 ], [ 14245211.272717392072082, 4164180.277201572898775 ], [ 14245215.573717655614018, 4164181.766265818849206 ], [ 14245218.814548835158348, 4164183.398317076731473 ], [ 14245234.790855595842004, 4164189.603084994480014 ], [ 14245255.681245379149914, 4164197.815990949515253 ], [ 14245268.492287151515484, 4164202.890481110196561 ], [ 14245297.002574048936367, 4164215.558333655353636 ], [ 14245402.047262700274587, 4164264.13378331111744 ], [ 14245437.763958901166916, 4164282.124577231239527 ], [ 14245443.870787810534239, 4164285.302091776393354 ], [ 14245449.840434551239014, 4164289.256673829630017 ], [ 14245454.591947097331285, 4164293.279244061559439 ], [ 14245459.738257074728608, 4164299.097336566075683 ], [ 14245463.625929182395339, 4164303.698054999113083 ], [ 14245480.134694956243038, 4164327.816088366322219 ], [ 14245484.157398508861661, 4164333.991008208598942 ], [ 14245490.101609773933887, 4164343.758509097155184 ], [ 14245516.500166168436408, 4164388.733549546450377 ], [ 14245541.458153942599893, 4164428.348670459352434 ], [ 14245545.243244240060449, 4164433.225860415026546 ], [ 14245549.309580851346254, 4164438.453786076512188 ], [ 14245553.176375152543187, 4164444.00846544932574 ], [ 14245556.234013687819242, 4164445.616211077198386 ], [ 14245580.480324637144804, 4164448.629137945361435 ], [ 14245626.819599375128746, 4164451.21986235678196 ], [ 14245650.080083267763257, 4164452.905280841980129 ], [ 14245674.207058105617762, 4164453.351808497682214 ], [ 14245689.780395340174437, 4164452.906077090185136 ], [ 14245699.700563378632069, 4164452.173456118907779 ], [ 14245707.964338950812817, 4164450.893706370145082 ], [ 14245714.939297784119844, 4164449.597714750561863 ], [ 14245723.395391069352627, 4164446.010938704013824 ], [ 14245733.368838733062148, 4164442.521632741671056 ], [ 14245743.478756198659539, 4164437.649749345611781 ], [ 14245754.877346893772483, 4164432.25623525492847 ], [ 14245757.223131127655506, 4164431.146269919816405 ], [ 14245763.716270295903087, 4164428.745650453492999 ], [ 14245769.562214437872171, 4164427.38565715495497 ], [ 14245775.695797003805637, 4164426.917544286232442 ], [ 14245784.646046901121736, 4164427.106215246021748 ], [ 14245791.293657813221216, 4164428.238272734452039 ], [ 14245796.984281016513705, 4164430.062114487402141 ], [ 14245801.386127203702927, 4164432.463219089433551 ], [ 14245818.922300031408668, 4164443.212425285950303 ], [ 14245828.273375632241368, 4164450.051222490612417 ], [ 14245839.549152264371514, 4164461.075261508114636 ], [ 14245848.744524555280805, 4164473.865711011458188 ], [ 14245870.510056875646114, 4164498.595731200650334 ], [ 14245885.251158138737082, 4164510.449517641216516 ], [ 14245900.185659086331725, 4164520.448768513742834 ], [ 14245919.797141699120402, 4164530.866117486264557 ], [ 14245937.03697906434536, 4164539.770187623798847 ], [ 14245950.856841221451759, 4164546.069622124545276 ], [ 14245964.337830638512969, 4164550.776927987579256 ], [ 14245979.753912381827831, 4164556.485260711051524 ], [ 14245994.101032145321369, 4164561.458934647962451 ], [ 14246002.064706694334745, 4164564.301125829108059 ], [ 14246004.957495952025056, 4164566.166405741125345 ], [ 14246009.0374387614429, 4164569.948676249943674 ], [ 14246012.210586966946721, 4164582.136570269241929 ], [ 14246016.112747134640813, 4164596.496662874240428 ], [ 14246017.961222603917122, 4164607.488674315623939 ], [ 14246020.700580142438412, 4164640.092524419538677 ], [ 14246023.86446120031178, 4164650.368182110134512 ], [ 14246027.540571518242359, 4164658.198884242214262 ], [ 14246030.512067168951035, 4164663.111741179600358 ], [ 14246040.365447405725718, 4164675.021427363157272 ], [ 14246054.575934175401926, 4164690.132108085788786 ], [ 14246056.532949799671769, 4164692.296663827262819 ], [ 14246076.795628435909748, 4164715.465155775658786 ], [ 14246096.871274147182703, 4164737.45368575816974 ], [ 14246100.086215682327747, 4164740.625235543586314 ], [ 14246104.890736443921924, 4164745.568789383862168 ], [ 14246119.69734244607389, 4164756.261524082161486 ], [ 14246124.889447158202529, 4164758.357151451986283 ], [ 14246130.166012056171894, 4164759.501712230965495 ], [ 14246138.186881830915809, 4164760.105856852605939 ], [ 14246158.497393518686295, 4164757.840891314204782 ], [ 14246163.832854352891445, 4164757.616424968931824 ], [ 14246172.439466940239072, 4164756.330485704820603 ], [ 14246200.504622640088201, 4164752.295171000994742 ], [ 14246220.924361933022738, 4164749.911100504454225 ], [ 14246221.483270939439535, 4164749.873483795206994 ], [ 14246233.644665844738483, 4164749.054968521930277 ], [ 14246249.762029362842441, 4164749.958782954141498 ], [ 14246263.075576240196824, 4164752.236685834825039 ], [ 14246270.83651495911181, 4164755.160678802989423 ], [ 14246275.760460259392858, 4164758.482101154047996 ], [ 14246279.337755590677261, 4164760.585774612147361 ], [ 14246280.729305505752563, 4164761.406147036701441 ], [ 14246288.511082950979471, 4164768.629139717668295 ], [ 14246303.016695484519005, 4164783.448593114502728 ], [ 14246315.262377614155412, 4164795.954764340538532 ], [ 14246321.508550953119993, 4164800.584349136333913 ], [ 14246327.899112502112985, 4164810.344297165516764 ] ], [ [ 14246303.719729747623205, 4164864.67717412346974 ], [ 14246300.633434852585196, 4164875.658960939850658 ], [ 14246301.705178, 4164883.756575847510248 ], [ 14246304.086829446256161, 4164889.115291598252952 ], [ 14246310.040958056226373, 4164894.593089919071645 ], [ 14246315.280591230839491, 4164897.570154227782041 ], [ 14246320.514511963352561, 4164899.482548596337438 ], [ 14246321.472884988412261, 4164899.832723095081747 ], [ 14246328.022426458075643, 4164899.35639280686155 ], [ 14246332.666646774858236, 4164897.808319370262325 ], [ 14246337.906279951334, 4164894.712172492872924 ], [ 14246364.13286012224853, 4164877.143017185851932 ] ], [ [ 14246303.71972974948585, 4164864.67717412346974 ], [ 14246327.899112502112985, 4164810.344297165516764 ] ], [ [ 14246364.132860124111176, 4164877.143017185851932 ], [ 14246388.235268540680408, 4164860.660605377517641 ], [ 14246425.23084176890552, 4164835.362805074546486 ], [ 14246467.949296029284596, 4164808.13635532790795 ], [ 14246481.115311032161117, 4164800.303829785902053 ], [ 14246493.461523370817304, 4164792.662686923518777 ], [ 14246507.16570926271379, 4164788.930301446467638 ], [ 14246517.431485941633582, 4164786.378955082036555 ], [ 14246540.736502937972546, 4164786.593447961378843 ], [ 14246555.028087463229895, 4164787.554252452682704 ], [ 14246570.371563445776701, 4164787.870417186059058 ], [ 14246573.605528198182583, 4164787.993092515971512 ], [ 14246576.666218956932425, 4164788.094172891695052 ], [ 14246661.305964900180697, 4164788.389372933655977 ], [ 14246671.654324654489756, 4164788.390225247014314 ], [ 14246681.806983103975654, 4164788.34181332308799 ], [ 14246690.918565988540649, 4164788.689431097358465 ], [ 14246700.296775136142969, 4164789.127389057073742 ], [ 14246707.712282156571746, 4164789.127600980456918 ], [ 14246716.226330857723951, 4164788.740976350847632 ], [ 14246726.651288421824574, 4164786.720256675500423 ], [ 14246743.882613833993673, 4164781.095949339680374 ], [ 14246752.990671465173364, 4164777.624798062257469 ], [ 14246805.434917375445366, 4164757.070314164739102 ], [ 14246887.286200175061822, 4164725.883715368807316 ], [ 14246906.079844392836094, 4164718.778246524743736 ], [ 14246911.729109896346927, 4164717.620999110862613 ], [ 14246918.889169840142131, 4164716.916090354789048 ], [ 14246929.526612782850862, 4164716.416321776807308 ], [ 14246942.511491864919662, 4164716.336150866467506 ], [ 14246961.189498502761126, 4164715.97148003289476 ], [ 14246969.598205925896764, 4164715.070321756415069 ], [ 14246977.291413577273488, 4164712.691094873007387 ], [ 14246982.992371439933777, 4164710.164834686089307 ], [ 14247017.689835065975785, 4164691.569112196564674 ], [ 14247057.344179030507803, 4164669.320200287271291 ], [ 14247068.665603848174214, 4164663.897179461084306 ], [ 14247076.301775813102722, 4164659.758589625358582 ], [ 14247096.736027264967561, 4164646.5558852837421 ], [ 14247131.813181348145008, 4164623.698925083968788 ], [ 14247146.755135711282492, 4164612.141195433679968 ], [ 14247153.373182896524668, 4164607.912695061881095 ], [ 14247169.145029034465551, 4164596.908467808738351 ], [ 14247185.282978976145387, 4164586.976632576435804 ], [ 14247193.306555777788162, 4164583.654555544722825 ], [ 14247200.994270080700517, 4164581.010309097822756 ], [ 14247214.881522545590997, 4164577.632695661857724 ], [ 14247232.465666180476546, 4164573.304600354749709 ], [ 14247247.084723625332117, 4164569.029244388453662 ], [ 14247257.782072111964226, 4164565.197218038607389 ], [ 14247262.770746281370521, 4164562.50142452865839 ], [ 14247269.58579570427537, 4164557.678602732717991 ], [ 14247276.025148900225759, 4164552.615919952746481 ], [ 14247284.092990204691887, 4164545.062192969489843 ], [ 14247288.777756033465266, 4164540.544486684259027 ], [ 14247295.64568056166172, 4164532.10328656854108 ], [ 14247301.454397229477763, 4164523.543479605112225 ], [ 14247309.862552683800459, 4164510.463670691475272 ], [ 14247322.195317070931196, 4164495.178777410648763 ], [ 14247333.661468088626862, 4164483.742276180069894 ], [ 14247342.424715150147676, 4164475.413575572427362 ], [ 14247351.633384240791202, 4164464.302066925913095 ], [ 14247355.831620156764984, 4164458.33534887060523 ], [ 14247368.818800777196884, 4164438.117190834134817 ], [ 14247380.357667710632086, 4164419.479065920226276 ], [ 14247388.409695357084274, 4164406.786679573357105 ], [ 14247395.675705105066299, 4164396.301349096465856 ], [ 14247401.464720947667956, 4164390.108524294570088 ], [ 14247406.782236278057098, 4164385.041526268702 ], [ 14247413.844053890556097, 4164380.574729864019901 ], [ 14247421.040361624211073, 4164377.689528809394687 ], [ 14247434.641302913427353, 4164373.42282948223874 ], [ 14247480.405311511829495, 4164362.448468901216984 ], [ 14247511.979625390842557, 4164354.437704409938306 ], [ 14247524.122950524091721, 4164350.564163640141487 ], [ 14247537.729062907397747, 4164343.667401790153235 ], [ 14247547.740574976429343, 4164337.932677697855979 ], [ 14247562.121329285204411, 4164329.244534031953663 ], [ 14247590.96977367810905, 4164311.639621804468334 ], [ 14247611.53396794013679, 4164297.074390936642885 ], [ 14247620.842317262664437, 4164289.973843490239233 ], [ 14247629.527865367010236, 4164281.427909749560058 ], [ 14247638.007913358509541, 4164271.017338470090181 ], [ 14247644.9007479082793, 4164259.076293443329632 ], [ 14247647.990477187559009, 4164252.792007563635707 ], [ 14247649.729663919657469, 4164246.707022097427398 ], [ 14247651.48063088580966, 4164238.889662131201476 ], [ 14247651.052603360265493, 4164233.067835758905858 ], [ 14247649.260687202215195, 4164223.222139005549252 ], [ 14247646.018877014517784, 4164211.940657180268317 ], [ 14247645.242168610915542, 4164202.247056406456977 ], [ 14247646.620820263400674, 4164191.934577757492661 ], [ 14247648.192662581801414, 4164186.11485497886315 ], [ 14247650.382654577493668, 4164182.059576408006251 ], [ 14247655.397200064733624, 4164174.50730484444648 ], [ 14247661.601005166769028, 4164168.249597299378365 ], [ 14247666.974970430135727, 4164165.259188701398671 ], [ 14247674.151969384402037, 4164163.340607075020671 ], [ 14247682.960858859121799, 4164163.580194000620395 ], [ 14247692.262022273615003, 4164166.092803559266031 ], [ 14247697.713758029043674, 4164169.492285293526947 ], [ 14247711.373714737594128, 4164179.007674525957555 ], [ 14247770.774467358365655, 4164223.205764589831233 ], [ 14247781.451645838096738, 4164230.454837393015623 ], [ 14247791.017536137253046, 4164234.321035951841623 ], [ 14247803.53517129458487, 4164234.75212481431663 ], [ 14247820.765545725822449, 4164229.252535817213356 ], [ 14247909.443578585982323, 4164191.132544771302491 ], [ 14247931.393752908334136, 4164179.068805267103016 ], [ 14247944.536605760455132, 4164169.08666751626879 ], [ 14247954.57553599588573, 4164160.272561482619494 ], [ 14247965.462203029543161, 4164150.770593382883817 ], [ 14247975.810660777613521, 4164142.511311172042042 ], [ 14247992.243561297655106, 4164133.982556832488626 ], [ 14248011.357550678774714, 4164127.853852699976414 ], [ 14248025.014287874102592, 4164123.915611821226776 ], [ 14248033.398923315107822, 4164122.524833982810378 ], [ 14248043.959165563806891, 4164124.586729345843196 ], [ 14248051.12003642693162, 4164126.89398429915309 ], [ 14248069.788590077310801, 4164134.869478743057698 ], [ 14248155.645057123154402, 4164171.520641852170229 ], [ 14248202.686196461319923, 4164192.565947144292295 ], [ 14248234.587100405246019, 4164209.488895119167864 ], [ 14248246.829194592311978, 4164216.979175987187773 ], [ 14248263.000404350459576, 4164228.851005498319864 ], [ 14248296.036650286987424, 4164256.035849345382303 ], [ 14248305.198326813057065, 4164262.251703448127955 ], [ 14248314.464609989896417, 4164267.095442298799753 ], [ 14248327.46031204611063, 4164273.036912661977112 ], [ 14248382.368019763380289, 4164290.650815193075687 ], [ 14248395.09690205194056, 4164294.921056464780122 ], [ 14248405.089429520070553, 4164299.209914404433221 ], [ 14248411.541075905784965, 4164302.516309265978634 ], [ 14248424.327423263341188, 4164309.082515209913254 ], [ 14248434.388579534366727, 4164313.23178809415549 ], [ 14248454.549296174198389, 4164319.538953009061515 ], [ 14248465.0750025305897, 4164322.092993504367769 ], [ 14248473.880452295765281, 4164323.634639325086027 ], [ 14248484.628538334742188, 4164324.393372880294919 ], [ 14248499.288886405527592, 4164323.44196288054809 ], [ 14248512.670657401904464, 4164321.601543070748448 ], [ 14248525.37236300855875, 4164319.907373835332692 ], [ 14248536.297288814559579, 4164317.319175903685391 ], [ 14248551.30401467345655, 4164312.815482484642416 ], [ 14248563.785768203437328, 4164308.844124497380108 ], [ 14248576.223998952656984, 4164305.817708483431488 ], [ 14248584.644180033355951, 4164305.003443361725658 ], [ 14248593.266022177413106, 4164304.890198105946183 ], [ 14248610.811360254883766, 4164306.327211929485202 ], [ 14248631.954687291756272, 4164309.030230813659728 ], [ 14248695.976924110203981, 4164314.789180474355817 ], [ 14248714.105854324996471, 4164316.323616455774754 ], [ 14248724.363522041589022, 4164316.214211294893175 ], [ 14248734.596480095759034, 4164315.763442235533148 ], [ 14248746.673567894846201, 4164313.503199381288141 ], [ 14248760.136557819321752, 4164309.063242916017771 ], [ 14248783.051257222890854, 4164301.433940719813108 ], [ 14248794.664156459271908, 4164299.528792432975024 ], [ 14248802.36906011402607, 4164299.051469007506967 ], [ 14248808.232307875528932, 4164298.896414248738438 ], [ 14248814.486742218956351, 4164298.980085188522935 ], [ 14248825.262255242094398, 4164300.120341882575303 ], [ 14248831.5321931745857, 4164301.406892276834697 ], [ 14248839.291298996657133, 4164302.968514953739941 ], [ 14248845.487106069922447, 4164305.283550661522895 ], [ 14248855.392959145829082, 4164310.50289556151256 ], [ 14248868.571275534108281, 4164319.946550482884049 ], [ 14248897.645222565159202, 4164341.795748561155051 ], [ 14248912.391713524237275, 4164351.713732577394694 ], [ 14248922.320053424686193, 4164356.486823936924338 ], [ 14248943.3433194514364, 4164364.980209685396403 ], [ 14248966.715601855888963, 4164373.678494778927416 ], [ 14249053.078645441681147, 4164401.271675832103938 ], [ 14249094.28043464384973, 4164416.431697332300246 ], [ 14249104.502742275595665, 4164419.498799205292016 ], [ 14249115.236112184822559, 4164420.595214070752263 ], [ 14249125.876536671072245, 4164419.637698349077255 ], [ 14249138.007445808500051, 4164417.175011178478599 ], [ 14249142.02906578220427, 4164416.07501526735723 ], [ 14249149.216851016506553, 4164412.347508398350328 ], [ 14249168.149619275704026, 4164397.151391338557005 ], [ 14249169.354270786046982, 4164396.184775694739074 ], [ 14249180.144375596195459, 4164391.580874337349087 ], [ 14249193.036959763616323, 4164388.670110711362213 ], [ 14249261.007374484091997, 4164375.04058527154848 ], [ 14249265.210403885692358, 4164374.701824349351227 ], [ 14249269.521527193486691, 4164374.896990199107677 ], [ 14249274.500378409400582, 4164376.001628031954169 ], [ 14249274.989144776016474, 4164376.146175649017096 ], [ 14249277.973965674638748, 4164377.034808843396604 ], [ 14249285.617775106802583, 4164380.782635496929288 ], [ 14249315.63252180814743, 4164409.837828442454338 ], [ 14249328.441008415073156, 4164419.186397447716445 ], [ 14249338.221914621070027, 4164424.833464309573174 ], [ 14249347.353739764541388, 4164427.204667923972011 ], [ 14249363.729242289438844, 4164427.825815668795258 ], [ 14249384.443097248673439, 4164425.904609105549753 ], [ 14249424.230586869642138, 4164419.615373235195875 ], [ 14249494.481078600510955, 4164405.018710913602263 ], [ 14249517.439387425780296, 4164398.103652423247695 ], [ 14249557.319921035319567, 4164382.419678787700832 ], [ 14249622.051676316186786, 4164359.633485306054354 ], [ 14249628.126658294349909, 4164357.801758643705398 ], [ 14249637.495364420115948, 4164354.976493778638542 ], [ 14249659.325855748727918, 4164347.290432993322611 ], [ 14249692.000762738287449, 4164333.305203175637871 ], [ 14249727.171037051826715, 4164315.695796832442284 ], [ 14249752.159190842881799, 4164302.393035481218249 ], [ 14249759.911640148609877, 4164297.768044202122837 ], [ 14249760.30416445620358, 4164297.534332437440753 ], [ 14249769.672220965847373, 4164291.318387807812542 ], [ 14249776.42819900624454, 4164285.359295600093901 ], [ 14249785.662355894222856, 4164273.859510242473334 ], [ 14249807.909861229360104, 4164239.011872792150825 ], [ 14249825.055642928928137, 4164241.703625109046698 ], [ 14249841.790515752509236, 4164248.521536257583648 ], [ 14249849.383189532905817, 4164252.550301935058087 ], [ 14249859.300151210278273, 4164261.84745350619778 ], [ 14249878.359311921522021, 4164284.780427373480052 ], [ 14249885.797033175826073, 4164291.288433472625911 ], [ 14249897.41847263649106, 4164296.866724412422627 ], [ 14249910.589437363669276, 4164300.585585041437298 ], [ 14249929.028787974268198, 4164302.754920407664031 ], [ 14249954.905859841033816, 4164303.529683038126677 ], [ 14249994.263801481574774, 4164305.234160824213177 ], [ 14250013.787819774821401, 4164308.023306295741349 ], [ 14250024.479544078931212, 4164311.587214397732168 ], [ 14250030.367740072309971, 4164314.841217444743961 ], [ 14250036.720793643966317, 4164323.363606384489685 ], [ 14250040.284701745957136, 4164334.055330689065158 ], [ 14250039.974796693772078, 4164341.6480044699274 ], [ 14250037.495556274428964, 4164356.678399504628032 ], [ 14250024.634496605023742, 4164399.600249247159809 ], [ 14250021.845351133495569, 4164414.940549333579838 ], [ 14250021.535446081310511, 4164424.547605955973268 ], [ 14250023.394876396283507, 4164441.127526252996176 ], [ 14250035.955312563106418, 4164504.280092029832304 ], [ 14250040.364107150584459, 4164514.56727940402925 ], [ 14250046.581637978553772, 4164522.593546475749463 ], [ 14250050.877386553213, 4164526.324064970947802 ], [ 14250056.642733324319124, 4164530.054583471734077 ], [ 14250063.199402200058103, 4164533.785101967398077 ], [ 14250072.469175435602665, 4164536.611252344213426 ], [ 14250084.904237095266581, 4164537.628666479606181 ], [ 14250097.791482811793685, 4164537.063436407130212 ], [ 14250114.522293044254184, 4164534.915562115143985 ], [ 14250125.374710492789745, 4164532.880733845289797 ], [ 14250219.315949030220509, 4164513.436819250695407 ], [ 14250233.785838961601257, 4164511.401990980375558 ], [ 14250240.229461817070842, 4164511.515036996454 ], [ 14250245.542624525725842, 4164512.758543160744011 ], [ 14250254.812397763133049, 4164516.828199704177678 ], [ 14250267.812689499929547, 4164523.724006625823677 ], [ 14250276.630278673022985, 4164529.602399409748614 ] ] ] } },
{ "type": "Feature", "properties": { "UserID": null, "number": "15", "개설여부": "미개설", "검토": null, "변경사항": "변경없음", "연장": 1031, "시점": "사천시 축동면 배춘리", "종점": "사천시 사남면 화전리" }, "geometry": { "type": "MultiLineString", "coordinates": [ [ [ 14260013.767798678949475, 4176709.828728473745286 ], [ 14260028.507563434541225, 4176717.198610850144178 ], [ 14260094.415368694812059, 4176775.315397600177675 ], [ 14260123.435859816148877, 4176805.224485969170928 ] ], [ [ 14260123.435859816148877, 4176805.224485969170928 ], [ 14260126.844674982130527, 4176829.181733681354672 ], [ 14260138.117085549980402, 4176853.519892867188901 ], [ 14260151.951407615095377, 4176861.97420079447329 ], [ 14260166.810494273900986, 4176866.07325918180868 ], [ 14260182.694345533847809, 4176860.94943619845435 ], [ 14260206.007740121334791, 4176844.040820341557264 ], [ 14260252.37833814509213, 4176796.133075420744717 ], [ 14260272.873630091547966, 4176767.695857847109437 ], [ 14260366.383399596437812, 4176743.357698664534837 ], [ 14260377.143427867442369, 4176737.721493376884609 ], [ 14260392.771087974309921, 4176712.870951890479773 ], [ 14260416.596864862367511, 4176701.086159022990614 ], [ 14260464.504609784111381, 4176692.375659950077534 ], [ 14260488.074195520952344, 4176687.508028110489249 ], [ 14260392.568350100889802, 4176451.266824299003929 ], [ 14260386.229924127459526, 4176434.126605021301657 ], [ 14260393.107755236327648, 4176428.444556094240397 ] ], [ [ 14260580.711164951324463, 4176227.193576330784708 ], [ 14260525.901886809617281, 4176303.818192698992789 ], [ 14260494.846189819276333, 4176341.098873602692038 ], [ 14260458.972646171227098, 4176375.90256620105356 ], [ 14260393.107755236327648, 4176428.444556094240397 ] ], [ [ 14260580.711164949461818, 4176227.193576330784708 ], [ 14260612.303647376596928, 4176144.098509410396218 ] ] ] } },
{ "type": "Feature", "properties": { "UserID": null, "number": "15", "개설여부": "미개설", "검토": null, "변경사항": "변경없음", "연장": 2689, "시점": "사천시 축동면 배춘리", "종점": "사천시 사남면 화전리" }, "geometry": { "type": "MultiLineString", "coordinates": [ [ [ 14259320.654858933761716, 4170805.31828529573977 ], [ 14259290.460515283048153, 4171111.790873386431485 ], [ 14259282.911929370835423, 4171431.850916117895395 ], [ 14259290.279349222779274, 4171781.712776040658355 ], [ 14259293.623068235814571, 4171838.55640457617119 ], [ 14259301.300284655764699, 4171969.068678412120789 ], [ 14259343.179839303717017, 4172074.869658577255905 ], [ 14259385.059393953531981, 4172185.079012915492058 ], [ 14259542.595344433560967, 4172366.328919722698629 ] ], [ [ 14260552.07470278814435, 4173676.038686875719577 ], [ 14260550.752795323729515, 4173675.010036290623248 ], [ 14260526.856678679585457, 4173656.415079067926854 ], [ 14260488.462900269776583, 4173604.532543465960771 ], [ 14259936.093572918325663, 4172858.058737963438034 ], [ 14259710.682865157723427, 4172585.12616852670908 ], [ 14259542.595344433560967, 4172366.328919722698629 ] ] ] } },
{ "type": "Feature", "properties": { "UserID": null, "number": "15", "개설여부": "개설", "검토": null, "변경사항": "변경없음", "연장": 462, "시점": "사천시 축동면 배춘리", "종점": "사천시 사남면 화전리" }, "geometry": { "type": "MultiLineString", "coordinates": [ [ [ 14260523.542004767805338, 4176164.386884864419699 ], [ 14260553.066233690828085, 4176113.597748566418886 ] ], [ [ 14260553.066233690828085, 4176113.59774856781587 ], [ 14260564.871238149702549, 4176084.335979083087295 ], [ 14260594.92490903288126, 4176005.243939928244799 ], [ 14260615.107617553323507, 4175919.260706963948905 ], [ 14260653.012891631573439, 4175618.482280348893255 ] ] ] } },
{ "type": "Feature", "properties": { "UserID": null, "number": "15", "개설여부": "개설", "검토": null, "변경사항": "변경없음", "연장": 551, "시점": "사천시 축동면 배춘리", "종점": "사천시 사남면 화전리" }, "geometry": { "type": "MultiLineString", "coordinates": [ [ [ 14260116.597865045070648, 4174168.570775459520519 ], [ 14260129.470935899764299, 4174156.70583252934739 ], [ 14260171.862604863941669, 4174130.743558696005493 ], [ 14260228.601990338414907, 4174090.740899972617626 ], [ 14260277.185243984684348, 4174056.488170596305281 ], [ 14260288.777646973729134, 4174047.215562847908586 ], [ 14260309.832613069564104, 4174029.76301858946681 ], [ 14260418.573945663869381, 4173927.510742599144578 ], [ 14260435.265674587339163, 4173910.017444001510739 ], [ 14260448.213339367881417, 4173893.97984901163727 ], [ 14260462.935120100155473, 4173871.449609206058085 ], [ 14260469.597349379211664, 4173859.903564103413373 ], [ 14260481.188932850956917, 4173838.285384509712458 ], [ 14260509.145287279039621, 4173767.646607428323478 ], [ 14260520.805802159011364, 4173736.540261338464916 ], [ 14260528.143443064764142, 4173719.197966771665961 ], [ 14260534.995326960459352, 4173704.717587740626186 ], [ 14260549.218580288812518, 4173680.160281954798847 ], [ 14260552.07470278814435, 4173676.038686875719577 ] ] ] } },
{ "type": "Feature", "properties": { "UserID": null, "number": "15", "개설여부": "미개설", "검토": null, "변경사항": "변경없음", "연장": 1489, "시점": "사천시 축동면 배춘리", "종점": "사천시 사남면 화전리" }, "geometry": { "type": "MultiLineString", "coordinates": [ [ [ 14260803.810278499498963, 4174728.496386557817459 ], [ 14260522.246568622067571, 4174500.18858655821532 ], [ 14260502.696737481281161, 4174484.336030435282737 ], [ 14260140.113243766129017, 4174187.35098782600835 ], [ 14260139.046896044164896, 4174186.59462490491569 ], [ 14260116.597865045070648, 4174168.57077545998618 ] ], [ [ 14260653.012891631573439, 4175618.482280348893255 ], [ 14260714.536261491477489, 4175589.601113930810243 ], [ 14260729.912339605391026, 4175367.189167752861977 ], [ 14260741.738985942676663, 4175237.847281774505973 ], [ 14260750.053443735465407, 4175146.915584975387901 ], [ 14260754.994016738608479, 4175092.882324781734496 ], [ 14260772.344372358173132, 4174953.151886058971286 ] ], [ [ 14260772.344372358173132, 4174953.151886058971286 ], [ 14260802.106707816943526, 4174829.06561144720763 ], [ 14260810.192013675346971, 4174780.095855715218931 ], [ 14260807.683069240301847, 4174751.443104778882116 ], [ 14260803.810278499498963, 4174728.496386557817459 ] ] ] } },
{ "type": "Feature", "properties": { "UserID": null, "number": "15", "개설여부": "개설", "검토": null, "변경사항": "개설로변경(배춘마을 앞)", "연장": 867, "시점": "사천시 축동면 배춘리", "종점": "사천시 사남면 화전리" }, "geometry": { "type": "MultiLineString", "coordinates": [ [ [ 14259507.550804663449526, 4177118.360631927382201 ], [ 14259497.926912983879447, 4177121.12353901239112 ], [ 14259471.784360058605671, 4177125.565592075698078 ], [ 14259450.474220298230648, 4177127.534099427517503 ], [ 14259439.490095391869545, 4177128.792480184696615 ], [ 14259426.143774105235934, 4177133.017611963674426 ], [ 14259410.270607888698578, 4177137.743603199254721 ], [ 14259394.287350026890635, 4177142.823217430151999 ], [ 14259197.463639356195927, 4177207.456234140321612 ] ], [ [ 14259507.550804663449526, 4177118.360631927382201 ], [ 14259546.681852579116821, 4177104.936497967224568 ], [ 14259568.271282779052854, 4177092.222722406499088 ], [ 14259584.823179265484214, 4177079.508946841116995 ], [ 14259597.057189712300897, 4177067.514818956144154 ], [ 14259603.85662305355072, 4177056.30604992620647 ], [ 14259607.515015890821815, 4177050.275235126726329 ], [ 14259611.242220954969525, 4177034.880257691722363 ], [ 14259610.269906589761376, 4177021.754013770259917 ], [ 14259602.49139166995883, 4176998.094364235643297 ], [ 14259602.65344406478107, 4176989.829692141152918 ], [ 14259603.463706035166979, 4176983.023491589352489 ], [ 14259606.380649130791426, 4176973.786505127791315 ], [ 14259610.431958980858326, 4176965.359780635684729 ], [ 14259616.589949954301119, 4176957.905370508786291 ], [ 14259631.498770212754607, 4176947.85812207730487 ], [ 14259661.640515509992838, 4176929.708253939636052 ], [ 14259748.338546335697174, 4176881.092535719275475 ], [ 14259762.599157012999058, 4176876.555068687070161 ], [ 14259795.819897800683975, 4176868.128344192635268 ], [ 14259869.391684705391526, 4176856.946729003917426 ], [ 14259894.185701, 4176852.409261969383806 ], [ 14259904.557054217904806, 4176849.00616169301793 ], [ 14259935.995218671858311, 4176836.204022561665624 ], [ 14259981.531941402703524, 4176820.971097517292947 ], [ 14259991.655324745923281, 4176815.910728882998228 ], [ 14260013.767798678949475, 4176709.828728473745286 ] ] ] } },
{ "type": "Feature", "properties": { "UserID": null, "number": "25", "개설여부": "미개설", "검토": null, "변경사항": "변경없음", "연장": 2316, "시점": "사천시 용현면 주문리", "종점": "사천시 용현면 용치리" }, "geometry": { "type": "MultiLineString", "coordinates": [ [ [ 14253981.913413595408201, 4162901.738530788570642 ], [ 14254481.615644972771406, 4162928.633427141234279 ], [ 14254846.357277804985642, 4162949.077332283370197 ], [ 14254875.780918227508664, 4162949.386704781092703 ], [ 14255335.523417606949806, 4162975.480196089483798 ], [ 14255532.2128014434129, 4162986.536321434658021 ], [ 14255549.973205013200641, 4162985.189947302918881 ], [ 14255706.202059546485543, 4162924.641622734256089 ] ], [ [ 14255706.202059548348188, 4162924.64162273472175 ], [ 14255722.143253341317177, 4162914.559306962415576 ], [ 14255731.944060374051332, 4162910.092102069407701 ], [ 14255761.633526168763638, 4162902.619840034749359 ], [ 14255787.510042022913694, 4162896.480782717466354 ], [ 14255807.57667139545083, 4162892.566101801581681 ], [ 14255813.255929850041866, 4162892.050217919517308 ], [ 14255820.97300218231976, 4162892.009190523065627 ], [ 14255826.745379252359271, 4162893.65957864234224 ], [ 14255838.868849068880081, 4162899.74359840946272 ], [ 14255848.929908255115151, 4162903.94280578289181 ], [ 14255874.84790469519794, 4162911.483445280697197 ], [ 14255910.957893704995513, 4162919.399445853661746 ], [ 14255932.744838897138834, 4162925.534131676424295 ], [ 14255966.776194371283054, 4162939.308064209297299 ], [ 14255986.5429861638695, 4162945.171300635673106 ], [ 14256039.21676011569798, 4162959.629071494098753 ], [ 14256053.331244753673673, 4162963.257597425952554 ], [ 14256065.567792620509863, 4162965.348460133653134 ], [ 14256110.160610441118479, 4162970.252416425384581 ], [ 14256147.672147445380688, 4162972.522391378879547 ], [ 14256163.700208500027657, 4162972.961089034099132 ], [ 14256189.45821244455874, 4162969.327066639903933 ], [ 14256215.983406530693173, 4162964.485219232738018 ], [ 14256236.851618766784668, 4162957.765179524198174 ], [ 14256258.801910430192947, 4162948.624091180041432 ], [ 14256286.972617670893669, 4162932.441405097488314 ], [ 14256291.493926346302032, 4162930.448328333441168 ], [ 14256296.801928445696831, 4162928.688004362862557 ], [ 14256299.087111508473754, 4162928.2648910949938 ], [ 14256303.97748932428658, 4162927.357982728164643 ], [ 14256313.137853814288974, 4162927.48450061166659 ], [ 14256326.631256623193622, 4162928.027738647535443 ], [ 14256336.079256646335125, 4162928.951821540948004 ], [ 14256355.574187267571688, 4162935.747571623884141 ], [ 14256365.304732253775001, 4162938.802950693760067 ], [ 14256374.553674368187785, 4162940.941337614320219 ], [ 14256380.788890274241567, 4162941.607395537663251 ], [ 14256387.372732926160097, 4162941.365488415118307 ], [ 14256393.130763061344624, 4162940.508331147953868 ], [ 14256402.902854170650244, 4162939.232023899909109 ], [ 14256410.394261289387941, 4162939.074562065303326 ], [ 14256418.484524596482515, 4162939.682081141043454 ], [ 14256435.910932833328843, 4162945.375569188967347 ], [ 14256445.280259987339377, 4162946.371083983685821 ], [ 14256456.917818224057555, 4162947.848397793713957 ], [ 14256459.838604722172022, 4162948.041156793013215 ], [ 14256470.338574716821313, 4162948.733718574978411 ], [ 14256489.489097245037556, 4162951.801455101929605 ], [ 14256506.884347902610898, 4162956.524518978316337 ], [ 14256514.909682296216488, 4162959.921411654911935 ], [ 14256523.176573395729065, 4162965.926901663653553 ], [ 14256529.999934501945972, 4162972.580232380423695 ], [ 14256537.487148735672235, 4162981.009601528290659 ], [ 14256554.20784024707973, 4163007.158800444100052 ], [ 14256561.061770448461175, 4163017.875044242944568 ], [ 14256567.824792040511966, 4163026.960247599054128 ], [ 14256596.864171607419848, 4163058.73287340067327 ], [ 14256606.16830637305975, 4163068.334272352047265 ], [ 14256609.046260710805655, 4163071.304424872621894 ], [ 14256610.356619317084551, 4163072.656630367506295 ], [ 14256623.614579344168305, 4163088.201045131776482 ], [ 14256628.77442772500217, 4163094.388074446469545 ], [ 14256633.961966821923852, 4163097.856315289158374 ], [ 14256635.594448173418641, 4163098.133718191646039 ], [ 14256642.888815527781844, 4163099.400030312594026 ], [ 14256653.403827495872974, 4163100.083433187101036 ], [ 14256675.376679303124547, 4163099.33989640371874 ], [ 14256697.138457387685776, 4163096.918714893981814 ] ] ] } },
{ "type": "Feature", "properties": { "UserID": null, "number": "25", "개설여부": "개설", "검토": null, "변경사항": "변경없음", "연장": 566, "시점": "사천시 용현면 주문리", "종점": "사천시 용현면 용치리" }, "geometry": { "type": "MultiLineString", "coordinates": [ [ [ 14253310.121140224859118, 4162853.210846360772848 ], [ 14253320.306227141991258, 4162857.600970031227916 ], [ 14253327.857239853590727, 4162859.532624445389956 ], [ 14253339.447166340425611, 4162861.815488754305989 ], [ 14253354.724796710535884, 4162861.639883803669363 ], [ 14253368.948797399178147, 4162860.937464018817991 ], [ 14253416.362133027985692, 4162854.440080986823887 ], [ 14253488.008951308205724, 4162844.606203969102353 ], [ 14253511.188804285600781, 4162842.850154499989003 ], [ 14253532.612607793882489, 4162842.147734715137631 ], [ 14253601.098537031561136, 4162843.025759447831661 ], [ 14253615.146932777017355, 4162844.254994075279683 ], [ 14253623.400365276262164, 4162847.59148806380108 ], [ 14253630.951377985998988, 4162852.157216680236161 ], [ 14253637.448761017993093, 4162856.898550243582577 ], [ 14253656.589700216427445, 4162871.122550933156163 ], [ 14253673.623380053788424, 4162879.200378484092653 ], [ 14253701.368961645290256, 4162887.805020877160132 ], [ 14253713.836912866681814, 4162890.614700024481863 ], [ 14253722.617160204797983, 4162890.614700024481863 ], [ 14253736.489950995892286, 4162888.50744066061452 ], [ 14253761.250248495489359, 4162884.468526887707412 ], [ 14253796.195632902905345, 4162877.444329016841948 ], [ 14253806.556324763223529, 4162877.093119120690972 ], [ 14253816.390201780945063, 4162877.971143857110292 ], [ 14253830.614202471449971, 4162879.727193325292319 ], [ 14253850.457561455667019, 4162883.590502151288092 ], [ 14253876.973908418789506, 4162892.721959385089576 ], [ 14253905.597514746710658, 4162897.814502841327339 ], [ 14253920.348330274224281, 4162899.394947363063693 ], [ 14253951.604896392673254, 4162900.221415368840098 ], [ 14253975.085203858092427, 4162901.370867186691612 ], [ 14253981.913413595408201, 4162901.738530788570642 ] ] ] } },
{ "type": "Feature", "properties": { "UserID": null, "number": "25", "개설여부": "미개설", "검토": null, "변경사항": "변경없음", "연장": 3790, "시점": "사천시 용현면 주문리", "종점": "사천시 용현면 용치리" }, "geometry": { "type": "MultiLineString", "coordinates": [ [ [ 14257153.878088118508458, 4163326.39227051474154 ], [ 14257168.613169141113758, 4163336.083692781627178 ], [ 14257203.208298915997148, 4163362.310273780021816 ], [ 14257226.680673388764262, 4163378.13421487621963 ], [ 14257243.807618489488959, 4163389.906700794119388 ], [ 14257269.603031389415264, 4163402.651310326531529 ], [ 14257286.224431719630957, 4163408.103403545450419 ], [ 14257304.232888095080853, 4163413.00497795175761 ], [ 14257330.115461204200983, 4163418.278115771245211 ], [ 14257383.758229974657297, 4163428.49858613871038 ], [ 14257418.237275233492255, 4163432.064775655046105 ], [ 14257436.814462140202522, 4163433.145440571010113 ], [ 14257463.09938595443964, 4163434.674423495307565 ], [ 14257491.33781816624105, 4163437.29355337889865 ], [ 14257508.354787535965443, 4163441.366706861183047 ], [ 14257516.343584876507521, 4163442.504120068158954 ], [ 14257527.104354579001665, 4163442.077212343458086 ], [ 14257552.711386481299996, 4163438.000787825789303 ], [ 14257562.255256479606032, 4163436.117414043284953 ], [ 14257657.613767670467496, 4163421.683266257867217 ], [ 14257684.553069625049829, 4163417.252644455991685 ], [ 14257697.760409766808152, 4163415.945475696586072 ], [ 14257717.053970856592059, 4163416.625451891217381 ], [ 14257754.871908558532596, 4163422.654057868290693 ], [ 14257800.082422671839595, 4163430.422041955869645 ], [ 14257858.460047397762537, 4163442.840635627508163 ], [ 14257913.721900198608637, 4163451.991985136177391 ], [ 14257941.029633725062013, 4163456.640630368608981 ], [ 14257971.138685300946236, 4163465.819803269114345 ], [ 14257986.537496756762266, 4163471.602586295921355 ], [ 14258016.768303878605366, 4163490.494761115405709 ], [ 14258050.655823480337858, 4163514.138613885268569 ], [ 14258100.555177519097924, 4163545.737315925303847 ], [ 14258125.48220007866621, 4163561.268498178571463 ], [ 14258146.618458896875381, 4163571.460185416508466 ], [ 14258152.09147890470922, 4163573.521926892455667 ], [ 14258162.338819397613406, 4163577.381733356043696 ], [ 14258167.685815820470452, 4163578.824979972094297 ], [ 14258187.699352871626616, 4163584.227599185425788 ], [ 14258197.564134690910578, 4163584.866901753935963 ], [ 14258210.97950098104775, 4163582.648922347929329 ], [ 14258217.739044951274991, 4163579.899042736273259 ], [ 14258227.293009897693992, 4163574.257972938008606 ], [ 14258237.663938239216805, 4163567.12373031117022 ], [ 14258246.18543666601181, 4163563.598253506235778 ], [ 14258294.159475993365049, 4163547.268181207124144 ], [ 14258306.515726612880826, 4163544.000966033898294 ], [ 14258315.5968983694911, 4163543.779701682273299 ], [ 14258331.70753850787878, 4163546.890643242746592 ], [ 14258350.971837684512138, 4163552.410362889990211 ], [ 14258360.21562373265624, 4163555.078752204310149 ], [ 14258390.571759916841984, 4163565.409654171206057 ], [ 14258418.164019992575049, 4163571.911527760792524 ], [ 14258477.298235461115837, 4163586.31426010793075 ], [ 14258492.296165442094207, 4163589.270576080307364 ], [ 14258506.811045465990901, 4163590.620426059700549 ], [ 14258535.057852102443576, 4163590.815500746946782 ], [ 14258552.99029952660203, 4163589.516751877497882 ], [ 14258585.094591939821839, 4163584.68736053770408 ], [ 14258623.845551835373044, 4163578.709276230074465 ], [ 14258650.298008985817432, 4163573.525895558763295 ] ], [ [ 14258650.298008985817432, 4163573.525895558763295 ], [ 14258667.163118086755276, 4163571.796393712516874 ], [ 14258677.44775690510869, 4163574.473217513877898 ], [ 14258681.533435340970755, 4163577.009155851788819 ], [ 14258745.354550180956721, 4163620.120107599999756 ], [ 14258805.230872051790357, 4163654.355275166220963 ], [ 14258840.311352398246527, 4163673.515698163770139 ], [ 14258854.259013256058097, 4163677.601376597303897 ], [ 14258865.248079389333725, 4163678.728460303507745 ], [ 14258880.463709415867925, 4163677.319605670403689 ], [ 14258907.795489281415939, 4163670.134447046555579 ], [ 14258922.870233852416277, 4163662.949288421776146 ], [ 14258943.439511483535171, 4163642.239125329069793 ], [ 14258962.599934479221702, 4163618.993023893795907 ], [ 14258967.390040231868625, 4163613.357605365104973 ], [ 14258970.4895204231143, 4163612.794063511304557 ], [ 14258986.973119622096419, 4163618.852138430811465 ], [ 14259035.916729547083378, 4163636.412102565634996 ], [ 14259055.736496513709426, 4163648.223470182158053 ], [ 14259082.927390918135643, 4163669.919831523206085 ], [ 14259093.916457045823336, 4163680.768012186978012 ], [ 14259104.764637712389231, 4163699.787549728062004 ], [ 14259111.808910874649882, 4163706.268281036056578 ], [ 14259120.684695059433579, 4163710.494844935368747 ], [ 14259130.264906557276845, 4163712.60812688106671 ], [ 14259138.295377964153886, 4163712.185470489319414 ], [ 14259147.171162143349648, 4163708.522448447067291 ], [ 14259153.792778918519616, 4163702.887029917445034 ], [ 14259158.019342815503478, 4163683.585721454583108 ], [ 14259160.132624763995409, 4163674.287280882708728 ], [ 14259165.345386903733015, 4163669.215404204558581 ], [ 14259189.577686579898, 4163658.226338075473905 ], [ 14259199.017012616619468, 4163654.422430567443371 ], [ 14259236.562345551326871, 4163683.852820988278836 ], [ 14259270.727622831240296, 4163711.101201643235981 ], [ 14259278.063725316897035, 4163719.066112914588302 ], [ 14259284.771019021049142, 4163730.175068103708327 ], [ 14259295.879974210634828, 4163755.746625334024429 ], [ 14259306.988929400220513, 4163767.693992236629128 ], [ 14259328.368428070098162, 4163780.689373780973256 ], [ 14259344.507853535935283, 4163784.881432343740016 ], [ 14259366.096955133602023, 4163786.767858700826764 ], [ 14259380.978763030841947, 4163789.283093837089837 ], [ 14259393.34533578902483, 4163794.103961182292551 ], [ 14259425.204980866983533, 4163815.902665707282722 ], [ 14259437.152347769588232, 4163820.933135983999819 ], [ 14259500.662034992128611, 4163841.474222939927131 ], [ 14259515.334239959716797, 4163846.923899069894105 ], [ 14259530.635253712534904, 4163855.936824980657548 ], [ 14259539.857782552018762, 4163865.997765529900789 ], [ 14259557.045222658663988, 4163894.922969612758607 ], [ 14259565.429339779540896, 4163904.983910163864493 ], [ 14259584.293603314086795, 4163920.704129773192108 ], [ 14259599.804219992831349, 4163928.669041040353477 ], [ 14259615.734042532742023, 4163934.328320097178221 ], [ 14259693.915934726595879, 4163964.930347604677081 ], [ 14259708.378536766394973, 4163969.122406172566116 ], [ 14259746.735872611403465, 4163971.84724423289299 ], [ 14259793.686928514391184, 4163973.943273514974862 ], [ 14259814.228015471249819, 4163977.716126219835132 ], [ 14259847.135675188153982, 4163995.951580971479416 ], [ 14259885.962620677426457, 4164017.819036582950503 ], [ 14259979.076271338388324, 4164080.407543920446187 ], [ 14260104.487485203891993, 4164164.703797988127917 ], [ 14260407.503925371915102, 4164529.383060899097472 ], [ 14260556.938527904450893, 4164800.357806820422411 ], [ 14260642.614366684108973, 4164963.739638918079436 ], [ 14260801.282409876585007, 4165267.121771189384162 ] ] ] } },
{ "type": "Feature", "properties": { "UserID": null, "number": "25", "개설여부": "개설", "검토": null, "변경사항": "변경없음", "연장": 489, "시점": "사천시 용현면 주문리", "종점": "사천시 용현면 용치리" }, "geometry": { "type": "MultiLineString", "coordinates": [ [ [ 14256697.138457387685776, 4163096.918714893981814 ], [ 14256712.890144437551498, 4163095.166179759893566 ], [ 14256734.740191925317049, 4163092.777353156358004 ], [ 14256747.121029809117317, 4163090.177246135659516 ], [ 14256747.897741459310055, 4163089.856565904803574 ] ], [ [ 14256747.897741459310055, 4163089.856565904803574 ], [ 14256771.510307027027011, 4163077.941907339729369 ], [ 14256785.22479859367013, 4163067.40340329380706 ], [ 14256802.837093029171228, 4163054.266364003065974 ], [ 14256815.107953906059265, 4163046.903847478795797 ], [ 14256825.06900567561388, 4163042.284229265525937 ], [ 14256835.318783584982157, 4163039.252604810055345 ], [ 14256842.103847833350301, 4163038.386426398530602 ], [ 14256848.167096734046936, 4163038.963878671173006 ], [ 14256854.807797918096185, 4163040.407509364653379 ], [ 14256859.283053060993552, 4163043.439133817330003 ], [ 14256863.325218994170427, 4163046.903847476001829 ], [ 14256866.742018215358257, 4163050.180901407729834 ] ], [ [ 14256866.742018215358257, 4163050.180901407729834 ], [ 14256879.893565412610769, 4163065.716203377582133 ], [ 14256896.019782815128565, 4163084.524204902350903 ], [ 14256905.321440432220697, 4163096.101447738241404 ], [ 14256918.731261113658547, 4163113.727897732518613 ], [ 14256929.003751035779715, 4163126.317682509310544 ], [ 14256936.728173581883311, 4163133.837850147858262 ], [ 14256949.162209343165159, 4163142.343484259676188 ], [ 14256972.900070456787944, 4163155.649423752445728 ], [ 14256991.869285544380546, 4163168.567503698635846 ], [ 14256996.369144253432751, 4163172.842448097653687 ], [ 14257007.6087034214288, 4163183.343523493036628 ], [ 14257016.728825617581606, 4163195.392713039182127 ], [ 14257026.698278222233057, 4163211.297509807627648 ], [ 14257032.961048198863864, 4163225.304537168238312 ], [ 14257040.190613673999906, 4163241.29914986807853 ], [ 14257052.341269411146641, 4163262.484539174474776 ], [ 14257058.074083482846618, 4163270.350477766245604 ], [ 14257063.374212509021163, 4163276.56003427458927 ], [ 14257070.105923682451248, 4163281.984183039516211 ], [ 14257075.749791113659739, 4163285.866318308748305 ], [ 14257085.670206459239125, 4163290.758597320877016 ], [ 14257102.013973116874695, 4163298.296457786113024 ], [ 14257119.681971751153469, 4163307.083811338059604 ], [ 14257137.321828655898571, 4163315.503005699254572 ], [ 14257153.878088118508458, 4163326.39227051474154 ] ] ] } },
{ "type": "Feature", "properties": { "UserID": null, "number": "22", "개설여부": "미개설", "검토": null, "변경사항": "변경없음", "연장": 3267, "시점": "사천시 정동면 대곡리", "종점": "사천시 정동면 대곡리" }, "geometry": { "type": "MultiLineString", "coordinates": [ [ [ 14262564.368212988600135, 4175650.884957893751562 ], [ 14262603.508117340505123, 4175641.211206047330052 ], [ 14262614.37934079952538, 4175635.362960018217564 ], [ 14262628.823505446314812, 4175626.999574121553451 ], [ 14262648.208139074966311, 4175614.264462038874626 ], [ 14262657.917430711910129, 4175606.028373665641993 ], [ 14262665.282364288344979, 4175595.224804373458028 ], [ 14262676.752061728388071, 4175579.021969231311232 ], [ 14262684.601160833612084, 4175570.770656568929553 ], [ 14262693.614848079159856, 4175564.736730555072427 ], [ 14262716.870148235931993, 4175554.072443454992026 ], [ 14262728.247748129069805, 4175548.229832177981734 ], [ 14262738.445332048460841, 4175542.206346433144063 ], [ 14262756.80203571356833, 4175530.989842564798892 ], [ 14262788.990345321595669, 4175504.101421711035073 ], [ 14262804.355864888057113, 4175487.084500944241881 ], [ 14262819.258175287395716, 4175464.968841610010713 ], [ 14262856.022862238809466, 4175436.762223951518536 ], [ 14262890.811414116993546, 4175421.785374234896153 ], [ 14262961.062203675508499, 4175372.816226488910615 ], [ 14262991.124606184661388, 4175356.947751928586513 ], [ 14263050.062645375728607, 4175345.069691519252956 ], [ 14263076.947176927700639, 4175344.627236604690552 ], [ 14263095.236529111862183, 4175341.052271903026849 ], [ 14263107.605494009330869, 4175337.935223289299756 ], [ 14263132.206360939890146, 4175327.961394908837974 ], [ 14263159.218382528051734, 4175320.453650033567101 ], [ 14263184.841194370761514, 4175320.377478596288711 ], [ 14263212.519410530105233, 4175317.375378724653274 ], [ 14263216.612888015806675, 4175313.931614981964231 ], [ 14263219.180367685854435, 4175311.772904846351594 ], [ 14263227.302321430295706, 4175302.258428532630205 ], [ 14263239.047924790531397, 4175290.964822077192366 ], [ 14263244.714106010273099, 4175287.316633251961321 ], [ 14263260.634617825970054, 4175279.757731716614217 ], [ 14263272.369749523699284, 4175276.105254630558193 ], [ 14263289.754004737362266, 4175272.861669917125255 ], [ 14263302.861575786024332, 4175269.014008192811161 ], [ 14263336.774857178330421, 4175257.424647680018097 ], [ 14263338.556527549400926, 4175256.773284654133022 ], [ 14263369.111905802041292, 4175245.594520026352257 ], [ 14263376.361647484824061, 4175241.469732874073088 ], [ 14263459.77898365445435, 4175176.565090333111584 ], [ 14263476.113001702353358, 4175164.650729652959853 ], [ 14263478.67233488894999, 4175163.279082796536386 ], [ 14263482.2773681525141, 4175160.263801543042064 ], [ 14263505.387224674224854, 4175143.118154041003436 ], [ 14263512.045866709202528, 4175138.034214138519019 ], [ 14263528.761301528662443, 4175121.82440780242905 ], [ 14263548.021067621186376, 4175101.324668417684734 ], [ 14263567.861914938315749, 4175079.68361297622323 ], [ 14263596.400913197547197, 4175047.047034405171871 ], [ 14263599.987835522741079, 4175043.579154145903885 ], [ 14263610.531176902353764, 4175036.004680638667196 ], [ 14263626.823607638478279, 4175027.43345934106037 ], [ 14263637.18020398542285, 4175022.667560912668705 ], [ 14263642.670845627784729, 4175021.072661845479161 ], [ 14263649.803750755265355, 4175018.849661750718951 ], [ 14263661.202059427276254, 4175013.737295475788414 ], [ 14263672.577181892469525, 4175004.964807400014251 ], [ 14263676.452798569574952, 4175001.27874401351437 ], [ 14263701.085949083790183, 4174968.01572529040277 ], [ 14263710.878228686749935, 4174950.336517322808504 ], [ 14263718.696264280006289, 4174926.524309325963259 ], [ 14263729.684291113168001, 4174899.875733738765121 ], [ 14263733.159164071083069, 4174891.723218278959394 ], [ 14263734.900234829634428, 4174887.58390685217455 ], [ 14263852.883647684007883, 4174707.314481814857572 ], [ 14263974.829418197274208, 4174561.835316992364824 ], [ 14264036.872003193944693, 4174486.956335100810975 ], [ 14264073.241794401779771, 4174435.610747515689582 ], [ 14264319.27273490652442, 4173947.827665464486927 ], [ 14264338.527330249547958, 4173862.251686159521341 ], [ 14264347.084928182885051, 4173823.742495471145958 ], [ 14264320.778396414592862, 4173704.302472679875791 ], [ 14264320.30814603343606, 4173698.534067999105901 ], [ 14264319.218711446970701, 4173696.418741874396801 ], [ 14264308.537918457761407, 4173690.544275505468249 ], [ 14264281.438640674576163, 4173677.709494664799422 ], [ 14264269.694846294820309, 4173671.413835910148919 ], [ 14264254.924465052783489, 4173662.274598854128271 ], [ 14264238.751625677570701, 4173651.883709876332432 ], [ 14264231.579008491709828, 4173645.522361262701452 ], [ 14264221.971873831003904, 4173637.857482845894992 ], [ 14264212.038242660462856, 4173631.258789285551757 ], [ 14264195.775207983329892, 4173622.703554752282798 ], [ 14264158.922463865950704, 4173606.900227528531104 ], [ 14264151.512411003932357, 4173603.312331098131835 ], [ 14264128.063675167039037, 4173589.932869459036738 ], [ 14264117.070916570723057, 4173582.897039702627808 ], [ 14264098.253145679831505, 4173574.683551244437695 ], [ 14264078.508782964199781, 4173571.734747499693185 ], [ 14264062.806518258526921, 4173568.502394211478531 ], [ 14264052.292105631902814, 4173567.556266308296472 ], [ 14264041.587859878316522, 4173567.676270589232445 ], [ 14264029.162717998027802, 4173566.393492372706532 ], [ 14264019.61335332877934, 4173564.495833781547844 ], [ 14264006.189331710338593, 4173559.466419948264956 ], [ 14263990.585901716724038, 4173557.08808580134064 ], [ 14263982.315506746992469, 4173554.773698119912297 ], [ 14263976.60484710149467, 4173551.415065211243927 ], [ 14263966.514358738437295, 4173541.952262913342565 ], [ 14263942.712320430204272, 4173516.546620269306004 ], [ 14263931.48819275200367, 4173503.123954647686332 ], [ 14263922.272838771343231, 4173487.029125733766705 ], [ 14263917.781489888206124, 4173478.020987336989492 ], [ 14263911.364949833601713, 4173470.20972279086709 ], [ 14263903.466128004714847, 4173461.773779794108123 ], [ 14263893.970831330865622, 4173453.640189512632787 ], [ 14263882.547837730497122, 4173447.134963606949896 ], [ 14263873.766733797267079, 4173442.360520861111581 ], [ 14263864.551722384989262, 4173438.650068333838135 ], [ 14263856.690823310986161, 4173433.735314807854593 ], [ 14263846.47547584399581, 4173424.622028628364205 ], [ 14263836.86330465786159, 4173414.913305608090013 ], [ 14263825.462305165827274, 4173404.466883818153292 ], [ 14263816.246618578210473, 4173397.457433363888413 ], [ 14263809.579848330467939, 4173393.188127539586276 ], [ 14263799.598446017131209, 4173385.958668593782932 ], [ 14263785.326958147808909, 4173377.07839440414682 ], [ 14263773.080330196768045, 4173368.600749063305557 ], [ 14263752.800838803872466, 4173351.265467877034098 ], [ 14263740.40590494684875, 4173339.487562100403011 ], [ 14263728.74520656093955, 4173327.342171506024897 ], [ 14263717.492529148235917, 4173311.773916183970869 ], [ 14263712.375519113615155, 4173303.027613786049187 ], [ 14263705.604681108146906, 4173287.123452523257583 ], [ 14263700.93051116168499, 4173274.597874402068555 ], [ 14263695.196768507361412, 4173261.681780746672302 ], [ 14263690.409029066562653, 4173253.530502211302519 ], [ 14263683.19043511338532, 4173240.292507132980973 ], [ 14263671.812897719442844, 4173216.341718232259154 ], [ 14263668.047428295016289, 4173209.368921188637614 ], [ 14263656.861186942085624, 4173193.9031005166471 ], [ 14263646.547316521406174, 4173182.26360786985606 ], [ 14263638.638659618794918, 4173172.616419479250908 ], [ 14263624.911891030147672, 4173154.44979098951444 ], [ 14263600.641338219866157, 4173121.059622350148857 ], [ 14263598.129841446876526, 4173116.553307665977627 ], [ 14263596.783672980964184, 4173112.485036112368107 ], [ 14263595.342840207740664, 4173107.090746311936527 ], [ 14263592.009989475831389, 4173086.840470198076218 ], [ 14263586.813994258642197, 4173061.06476993765682 ], [ 14263583.489243417978287, 4173040.025174808688462 ], [ 14263571.225488819181919, 4173020.658589062280953 ], [ 14263554.474741965532303, 4172988.180605032481253 ], [ 14263548.589912511408329, 4172975.975355239119381 ], [ 14263533.466281408444047, 4172945.517667510081083 ], [ 14263530.028630441054702, 4172935.575831597205251 ], [ 14263528.250755224376917, 4172923.878602008800954 ] ] ] } },
{ "type": "Feature", "properties": { "UserID": null, "number": "12", "개설여부": "개설", "검토": "도시계획도로(폐지검토)", "변경사항": "종점부 선형 변경(현황도로 구간으로)", "연장": 2461, "시점": "사천시 사천읍수석리", "종점": "사천시 사남면 방지리" }, "geometry": { "type": "MultiLineString", "coordinates": [ [ [ 14256336.206114685162902, 4173290.07107396190986 ], [ 14256336.632341412827373, 4173291.435167899355292 ], [ 14256358.463018722832203, 4173372.678472965024412 ], [ 14256357.522101182490587, 4173415.89001617860049 ], [ 14256318.225553635507822, 4173534.917264957446605 ], [ 14256253.201879089698195, 4173730.447332213632762 ], [ 14256322.976042963564396, 4173749.05441264109686 ], [ 14256366.447762859985232, 4173754.157992013264447 ], [ 14256438.098597474396229, 4173744.269975103903562 ], [ 14256485.787538787350059, 4173735.623214267194271 ], [ 14256524.349086876958609, 4173734.81211594119668 ], [ 14256563.726691735908389, 4173740.463223226834089 ], [ 14256607.116598689928651, 4173754.366921688895673 ], [ 14256920.573572713881731, 4173936.86517830286175 ], [ 14256937.679662065580487, 4173950.521712705492973 ], [ 14256958.222441449761391, 4173971.545412690844387 ], [ 14256986.490336013957858, 4174009.952073826920241 ], [ 14257004.718610648065805, 4174028.606927512213588 ], [ 14256995.914477951824665, 4174163.542783049866557 ], [ 14256995.355485871434212, 4174182.892454161308706 ], [ 14256996.444540146738291, 4174204.702233816962689 ], [ 14256998.328041896224022, 4174222.968969264533371 ], [ 14256998.696547919884324, 4174224.557645409367979 ], [ 14257001.567315371707082, 4174239.471651716623455 ], [ 14257005.556344533339143, 4174254.112262053415179 ], [ 14257011.948598185554147, 4174274.509478092659265 ], [ 14257022.058213809505105, 4174298.418154461309314 ], [ 14257033.46403088234365, 4174323.79306625854224 ], [ 14257038.107238236814737, 4174334.420984443277121 ], [ 14257051.039629330858588, 4174359.082468757405877 ], [ 14257066.597738564014435, 4174386.906431281007826 ], [ 14257091.406969700008631, 4174429.199189034290612 ], [ 14257106.138994060456753, 4174454.349997727200389 ], [ 14257122.354297703132033, 4174482.556811494287103 ], [ 14257144.210065744817257, 4174520.134571092203259 ], [ 14257165.052447713911533, 4174555.650160929653794 ], [ 14257172.99337369017303, 4174572.135142652317882 ], [ 14257181.011409243568778, 4174591.464119648560882 ], [ 14257186.535166429355741, 4174609.517516013234854 ], [ 14257191.745795086026192, 4174629.420419002417475 ], [ 14257195.007268195971847, 4174645.741957113612443 ], [ 14257197.497405966743827, 4174663.054537636227906 ], [ 14257199.973083239048719, 4174682.206691703293473 ], [ 14257204.576747929677367, 4174696.119162238202989 ], [ 14257209.675707941874862, 4174707.333773244172335 ], [ 14257215.375043988227844, 4174711.603154685348272 ], [ 14257224.852299002930522, 4174716.798543646000326 ], [ 14257234.111476657912135, 4174721.411604574881494 ], [ 14257254.28775779157877, 4174729.752359655685723 ], [ 14257274.749744113534689, 4174737.732000719290227 ], [ 14257289.816781708970666, 4174742.881724230479449 ], [ 14257299.362769957631826, 4174744.727741841692477 ], [ 14257324.321336392313242, 4174747.534329721238464 ], [ 14257335.25520052947104, 4174748.764550660736859 ], [ 14257343.153257258236408, 4174750.301121308002621 ], [ 14257354.046361172571778, 4174754.124066312797368 ], [ 14257366.138598626479506, 4174759.232248710468411 ], [ 14257404.749224940314889, 4174777.188130003865808 ], [ 14257418.066359652206302, 4174784.87064914451912 ], [ 14257429.346368180587888, 4174794.313357898965478 ], [ 14257441.91393656283617, 4174805.436491967644542 ], [ 14257467.458498785272241, 4174826.838435486890376 ], [ 14257479.010169964283705, 4174835.869279834907502 ], [ 14257491.617190172895789, 4174843.408799925819039 ], [ 14257500.520113408565521, 4174847.272818505298346 ], [ 14257508.955116340890527, 4174848.994714873842895 ], [ 14257521.843076474964619, 4174850.918305604718626 ], [ 14257540.802270276471972, 4174853.321579186245799 ], [ 14257558.528240103274584, 4174855.735323064029217 ], [ 14257577.589742416515946, 4174857.427642923779786 ], [ 14257596.674154562875628, 4174858.563680202700198 ], [ 14257610.196607733145356, 4174858.477231962606311 ], [ 14257620.267112942412496, 4174857.916941181290895 ], [ 14257625.415076732635498, 4174857.562667472288013 ], [ 14257635.425673631951213, 4174856.266165212262422 ], [ 14257660.653383886441588, 4174854.132607330568135 ], [ 14257698.688739204779267, 4174850.222464379388839 ], [ 14257754.338141785934567, 4174843.748157234862447 ], [ 14257770.558716237545013, 4174841.657981427386403 ], [ 14257830.779873518273234, 4174834.097266066819429 ], [ 14257868.063787464052439, 4174828.602245125453919 ], [ 14257938.44534900598228, 4174819.241452645976096 ], [ 14257979.661554886028171, 4174814.277070959564298 ], [ 14258022.048065258190036, 4174809.585109001025558 ], [ 14258053.231980413198471, 4174805.059651996474713 ], [ 14258074.176674434915185, 4174802.450359914917499 ], [ 14258100.449416717514396, 4174799.889419093728065 ], [ 14258140.605325996875763, 4174794.254721863660961 ] ] ] } },
{ "type": "Feature", "properties": { "UserID": null, "number": "12", "개설여부": "미개설", "검토": "도시계획도로(폐지검토)", "변경사항": null, "연장": 185, "시점": "사천시 사천읍수석리", "종점": "사천시 사남면 방지리" }, "geometry": { "type": "MultiLineString", "coordinates": [ [ [ 14254501.314880980178714, 4172203.524948960635811 ], [ 14254484.105977537110448, 4172191.799582688137889 ], [ 14254447.249810561537743, 4172177.24064474971965 ], [ 14254422.806220388039947, 4172176.464657760225236 ], [ 14254382.066903423517942, 4172178.404625235125422 ], [ 14254284.292542712762952, 4172202.072228420525789 ] ] ] } },
{ "type": "Feature", "properties": { "UserID": null, "number": "12", "개설여부": "개설", "검토": "도시계획도로(폐지검토)", "변경사항": null, "연장": 630, "시점": "사천시 사천읍수석리", "종점": "사천시 사천읍수석리" }, "geometry": { "type": "MultiLineString", "coordinates": [ [ [ 14254284.292542712762952, 4172202.072228420525789 ], [ 14254286.23251018859446, 4172232.723714518826455 ], [ 14254279.63662077113986, 4172261.435233140829951 ], [ 14254270.712770391255617, 4172283.550862349104136 ], [ 14254188.458149475976825, 4172415.856644104700536 ], [ 14254167.506500752642751, 4172443.016188747715205 ], [ 14254144.226891057565808, 4172465.519811452366412 ], [ 14254085.639873331412673, 4172505.483141426928341 ], [ 14253758.938915690407157, 4172724.836721709463745 ] ] ] } }
]
}
