{
"type": "FeatureCollection",
"name": "농어촌도로",
"crs": { "type": "name", "properties": { "name": "urn:ogc:def:crs:OGC:1.3:CRS84" } },
"features": [
{ "type": "Feature", "properties": { "fid": 4, "UserID": null, "number": "축동302", "UMD": null, "NUM": "302", "GUBUN": "농도", "Opened": "미확장", "차선": "1", "도로폭": "2.5", "변경여부": null, "비고": null, "기존": "미확장", "기타": null, "종점": null, "기점": null, "구분": null, "정비사항": null, "연장": "0.3" }, "geometry": { "type": "MultiLineString", "coordinates": [ [ [ 128.039888478217676, 35.079217084888406 ], [ 128.041438978987856, 35.078823481937782 ], [ 128.041590416339886, 35.078550042309445 ], [ 128.04166505154555, 35.078411587249775 ], [ 128.04176347032157, 35.078307817435402 ], [ 128.042235172504121, 35.077931295571787 ] ] ] } },
{ "type": "Feature", "properties": { "fid": 6, "UserID": null, "number": "곤양103", "UMD": null, "NUM": "103", "GUBUN": "면도", "Opened": "현황도로", "차선": "2", "도로폭": "8", "변경여부": null, "비고": null, "기존": "현황도로", "기타": null, "종점": "검정리 509-7", "기점": "검정리 53-4", "구분": "노선연장", "정비사항": "지방도 1002호선에서 분기, 이전 지방도 구간 면도로 통합", "연장": "0.2" }, "geometry": { "type": "MultiLineString", "coordinates": [ [ [ 128.032118746816195, 35.07926889216187 ], [ 128.032211995575665, 35.079247798393375 ], [ 128.032310705577117, 35.079213633948889 ], [ 128.032431039298046, 35.07915702801499 ], [ 128.032551455852968, 35.07907578045684 ], [ 128.032629424060616, 35.078997771934588 ], [ 128.032853115357199, 35.078729819810484 ], [ 128.033038174939435, 35.078582777694493 ], [ 128.033076439238641, 35.078561505563634 ], [ 128.033150495521795, 35.078520338576048 ], [ 128.033294960707593, 35.078414468843299 ], [ 128.033459019162052, 35.07824541935571 ], [ 128.0335560801648, 35.078126065692139 ], [ 128.03371262948292, 35.077918739817861 ], [ 128.033852099976798, 35.077784437863805 ], [ 128.033892145652487, 35.077758961488264 ], [ 128.033960993667932, 35.077725193381717 ], [ 128.034013732832761, 35.077712577469072 ] ] ] } },
{ "type": "Feature", "properties": { "fid": 7, "UserID": null, "number": "읍101", "UMD": null, "NUM": "101", "GUBUN": "면도", "Opened": "현황도로", "차선": "2", "도로폭": "15", "변경여부": null, "비고": null, "기존": "현황도로", "기타": null, "종점": "두량리 474-54", "기점": null, "구분": null, "정비사항": null, "연장": "1.8" }, "geometry": { "type": "MultiLineString", "coordinates": [ [ [ 128.141749025256047, 35.097958179954048 ], [ 128.141617040246331, 35.098121983502161 ], [ 128.141502494805763, 35.098288671458612 ], [ 128.141196399185873, 35.098717130110067 ], [ 128.140872476160126, 35.099157492766224 ], [ 128.140848694058633, 35.099203931698796 ], [ 128.140732888471774, 35.099417735314852 ], [ 128.140407090367347, 35.100134768963407 ], [ 128.140265146597585, 35.100439049834513 ], [ 128.140241121252615, 35.100478579746657 ], [ 128.140131687374463, 35.10072512636237 ], [ 128.140018111616769, 35.10097848791559 ], [ 128.139930574030615, 35.101171649692823 ], [ 128.139853897854152, 35.101345535666724 ], [ 128.139802972890635, 35.101421948955704 ], [ 128.139739139350837, 35.101505588369292 ], [ 128.139568179458252, 35.101683549160036 ], [ 128.13948783738465, 35.10176978994609 ], [ 128.139298802129815, 35.101978176056228 ], [ 128.13909837296805, 35.102170820791123 ], [ 128.138862578776127, 35.102354891568396 ], [ 128.138539101508883, 35.102532487926318 ], [ 128.138416871310056, 35.102620860060995 ], [ 128.138348609941886, 35.102707640696543 ], [ 128.138282887081033, 35.102847964941652 ], [ 128.138284845265531, 35.102961903261217 ], [ 128.138293961325019, 35.103122336888454 ], [ 128.1383289289667, 35.103296886953494 ], [ 128.138389218221135, 35.103413416244422 ], [ 128.138878503292176, 35.104033251361365 ], [ 128.1389281428022, 35.104134291897736 ], [ 128.139010098665892, 35.104357710306935 ], [ 128.138905623302975, 35.104477087096036 ], [ 128.138769690724303, 35.104618439675491 ], [ 128.138310704797021, 35.10492788870615 ], [ 128.138202392174122, 35.104982459095226 ], [ 128.138116136047699, 35.105032574406344 ], [ 128.138038003208095, 35.105065063400289 ], [ 128.137927076349968, 35.105098299144515 ], [ 128.137671450491325, 35.105157063102965 ], [ 128.137575231814452, 35.105191962160653 ], [ 128.137477874144878, 35.10523875631791 ], [ 128.137376658737139, 35.105306309736243 ], [ 128.137351895379851, 35.105327927355454 ], [ 128.137270464333227, 35.105408680554653 ], [ 128.137166563346199, 35.105575383041121 ], [ 128.137084447183213, 35.105718297454906 ], [ 128.136876798651997, 35.106067432781565 ], [ 128.13685648328422, 35.106152807083269 ], [ 128.13684337323869, 35.106242185425153 ], [ 128.136843029395209, 35.106338676588109 ], [ 128.136880277621827, 35.106453435319864 ], [ 128.136905451065672, 35.1065035085063 ], [ 128.136943521278937, 35.106569141882616 ], [ 128.136989852473818, 35.106634587658618 ], [ 128.137047020746422, 35.10672785222981 ], [ 128.137071321370684, 35.106793584371189 ], [ 128.137078811473941, 35.106851866339476 ], [ 128.137071404108468, 35.106977842872148 ], [ 128.137034964823755, 35.107090897312872 ], [ 128.136712334818668, 35.107553815556621 ], [ 128.136552453310344, 35.107735958139784 ], [ 128.136364511631172, 35.107936034840392 ], [ 128.136084441169515, 35.108245375803072 ], [ 128.135944267826119, 35.108403964208186 ], [ 128.135850994201633, 35.108522738976774 ], [ 128.135520384494612, 35.108913075260745 ], [ 128.135419541004381, 35.109029872151709 ], [ 128.135308920567041, 35.109127398774241 ], [ 128.13525091171033, 35.109184119455428 ], [ 128.135022619515098, 35.10936094930463 ], [ 128.134781595752372, 35.10955749187702 ], [ 128.134688743213189, 35.109653543908053 ], [ 128.134565426115842, 35.10979896643699 ], [ 128.134492775875515, 35.109908356354168 ], [ 128.1343387078646, 35.110151332980301 ], [ 128.133586081013704, 35.111606164891541 ], [ 128.133497552948143, 35.11178998884116 ], [ 128.133465847520227, 35.111855823299301 ] ] ] } },
{ "type": "Feature", "properties": { "fid": 10, "UserID": null, "number": "읍201", "UMD": null, "NUM": "201", "GUBUN": "리도", "Opened": "현황도로", "차선": "2", "도로폭": "8", "변경여부": null, "비고": null, "기존": "현황도로", "기타": null, "종점": null, "기점": null, "구분": null, "정비사항": null, "연장": "0.9" }, "geometry": { "type": "MultiLineString", "coordinates": [ [ [ 128.11703880284918, 35.104911945321504 ], [ 128.117093807783419, 35.1048561431233 ], [ 128.117198618640742, 35.104782076906147 ], [ 128.117319939272733, 35.104713421748251 ], [ 128.117373573178725, 35.104690289166371 ], [ 128.117482437049489, 35.104623087770342 ], [ 128.117635026532469, 35.104524318314134 ], [ 128.117692409093763, 35.104483122840975 ], [ 128.117751323247944, 35.104458303170688 ], [ 128.117796042380348, 35.104446048314983 ], [ 128.117881874056735, 35.104430013245718 ], [ 128.118023971120266, 35.104422254550862 ], [ 128.118331514793766, 35.104418056138684 ], [ 128.118540697171596, 35.104420159647908 ], [ 128.118691907773069, 35.104405535549006 ], [ 128.118773907188938, 35.104364202408661 ], [ 128.118853100921712, 35.104315607878405 ], [ 128.118940485712443, 35.10427719398826 ], [ 128.119055176696804, 35.10420147086468 ], [ 128.11921580883552, 35.104091134780944 ], [ 128.119322470498588, 35.104028897646529 ], [ 128.119700604941755, 35.103828208271146 ], [ 128.119817626139991, 35.103743945672875 ], [ 128.120082172245532, 35.10356540260598 ], [ 128.120548469661031, 35.103276435772969 ], [ 128.12065465328476, 35.103218233161563 ], [ 128.120849726496772, 35.103125864431441 ], [ 128.120925967770376, 35.103103562355159 ], [ 128.121237746236687, 35.103077278577004 ], [ 128.121406061072065, 35.103058333780645 ], [ 128.121694123350125, 35.103014999301138 ], [ 128.121698000877302, 35.103014415982592 ], [ 128.121826606841552, 35.102995068978842 ], [ 128.122208466680775, 35.1029400565901 ], [ 128.122690920437577, 35.102873306901834 ], [ 128.122829211275558, 35.102808477208967 ], [ 128.122993194589014, 35.102690775859372 ], [ 128.123141718912194, 35.102564119622528 ], [ 128.12350466971148, 35.102278660471057 ], [ 128.123710091187775, 35.102121504687872 ], [ 128.123844737893307, 35.102002750906401 ], [ 128.123941857713078, 35.101891784769599 ], [ 128.124019517935011, 35.101771499754378 ], [ 128.124241654688916, 35.101415119633835 ], [ 128.124316435175842, 35.101327110534044 ], [ 128.124409812463625, 35.101253673074382 ], [ 128.124511509029475, 35.101168067840959 ], [ 128.124561394802811, 35.101090126265007 ], [ 128.124571891419691, 35.101053378167251 ], [ 128.124576881140882, 35.101051368240576 ] ] ] } },
{ "type": "Feature", "properties": { "fid": 11, "UserID": null, "number": "읍202", "UMD": null, "NUM": "202", "GUBUN": "리도", "Opened": "미확장", "차선": "1", "도로폭": "2", "변경여부": null, "비고": null, "기존": "미확장", "기타": null, "종점": null, "기점": null, "구분": null, "정비사항": null, "연장": "0.8" }, "geometry": { "type": "MultiLineString", "coordinates": [ [ [ 128.144711042005639, 35.108377484812259 ], [ 128.144545992588462, 35.108392828135372 ], [ 128.144272160600963, 35.108377484812266 ], [ 128.143431909022809, 35.108199502052997 ], [ 128.143131819173476, 35.108042999650408 ], [ 128.143019285479937, 35.108036862295165 ], [ 128.14273044899997, 35.107996969474812 ], [ 128.142310323210893, 35.107895702996963 ], [ 128.142181880567705, 35.107880927092033 ], [ 128.142159635316716, 35.107874811645999 ], [ 128.142121767608387, 35.107869045140546 ], [ 128.142022283576466, 35.107852512626096 ], [ 128.141955149232388, 35.107840797136639 ], [ 128.141912574848703, 35.1078320228156 ], [ 128.141881909328504, 35.107821413086505 ], [ 128.141858931560904, 35.107805675222167 ], [ 128.141824658036285, 35.107777256695513 ], [ 128.141782078987632, 35.107738639325738 ], [ 128.141720472290871, 35.107679967660964 ], [ 128.141655490276605, 35.107621028668902 ], [ 128.141542178626679, 35.107539475041023 ], [ 128.141494794462659, 35.107511423106047 ], [ 128.141415772181091, 35.107462001564066 ], [ 128.141372754229394, 35.107442227706379 ], [ 128.141343246261755, 35.107432121784271 ], [ 128.141226284635223, 35.10735769851243 ], [ 128.141183616914731, 35.107325479733248 ], [ 128.141152039111518, 35.107304642287652 ], [ 128.141068060336096, 35.107252021687238 ], [ 128.141002352649252, 35.107212113244664 ], [ 128.14094773783313, 35.107177042513321 ], [ 128.140915000899753, 35.107133970030205 ], [ 128.140915586912996, 35.107105348011757 ], [ 128.140920157815543, 35.107069092989583 ], [ 128.140923363467323, 35.107056289845254 ], [ 128.140943736391705, 35.10700571672043 ], [ 128.140941933497544, 35.106991498993978 ], [ 128.140936148446229, 35.106957522932021 ], [ 128.140907928396842, 35.106888560311269 ], [ 128.140890679319654, 35.106845417487314 ], [ 128.140841192335159, 35.106834872189495 ], [ 128.140782241924256, 35.106840826100047 ], [ 128.140654958153959, 35.106861572336207 ], [ 128.140493820477957, 35.1068578773735 ], [ 128.140362355214222, 35.106834022936511 ], [ 128.140281965993069, 35.106815623674564 ], [ 128.140206401101182, 35.106780701235159 ], [ 128.140141698689462, 35.106743314175276 ], [ 128.140107987561919, 35.106707409125548 ], [ 128.140031856893671, 35.10657824871366 ], [ 128.139992043072624, 35.106533395149398 ], [ 128.139966141927005, 35.106491182178232 ], [ 128.139968117044759, 35.106450447172264 ], [ 128.140051090222585, 35.106223208035566 ], [ 128.140050039480116, 35.10617608815091 ], [ 128.140028694726226, 35.1061428216994 ], [ 128.139975037995896, 35.106087684762755 ], [ 128.139969189767982, 35.106083731443135 ], [ 128.139887324654552, 35.106028475143475 ], [ 128.139764886895165, 35.105966125403036 ], [ 128.139751129940151, 35.10595912345304 ], [ 128.139520858511787, 35.105802683480945 ], [ 128.139455603047907, 35.105748130837895 ], [ 128.139326902462386, 35.105659822946393 ], [ 128.139278874461581, 35.105604554476294 ], [ 128.139104597092768, 35.105516760463594 ], [ 128.139032143169828, 35.105488619385717 ], [ 128.138929439270981, 35.105432412024726 ], [ 128.13881146922526, 35.105351120154666 ], [ 128.138778086647591, 35.105315370298918 ], [ 128.138749725712415, 35.105261043741038 ], [ 128.138746984279493, 35.105255787517422 ], [ 128.138657364545907, 35.105174697227575 ], [ 128.138310704797021, 35.10492788870615 ] ] ] } },
{ "type": "Feature", "properties": { "fid": 12, "UserID": null, "number": "읍202", "UMD": null, "NUM": "202", "GUBUN": "리도", "Opened": "현황도로", "차선": "2", "도로폭": "8", "변경여부": null, "비고": null, "기존": "현황도로", "기타": null, "종점": null, "기점": null, "구분": null, "정비사항": null, "연장": "1.2" }, "geometry": { "type": "MultiLineString", "coordinates": [ [ [ 128.138310704797021, 35.10492788870615 ], [ 128.138769690724303, 35.104618439675491 ], [ 128.138905623302975, 35.104477087096043 ], [ 128.139010098665892, 35.104357710306935 ], [ 128.1389281428022, 35.104134291897736 ], [ 128.138878503292176, 35.104033251361365 ], [ 128.138389218221135, 35.103413416244422 ], [ 128.138328928966729, 35.103296886953494 ], [ 128.138293961325019, 35.103122336888454 ], [ 128.138284845265531, 35.102961903261217 ], [ 128.138282887081033, 35.10284796494166 ], [ 128.138348609941886, 35.102707640696536 ], [ 128.138416871310056, 35.102620860060995 ], [ 128.138539101508883, 35.102532487926318 ], [ 128.138862578776127, 35.102354891568403 ], [ 128.139098372968078, 35.102170820791123 ], [ 128.139298802129815, 35.101978176056228 ], [ 128.13948783738465, 35.10176978994609 ], [ 128.139568179458252, 35.101683549160036 ], [ 128.139739139350837, 35.101505588369299 ], [ 128.139802972890635, 35.101421948955704 ], [ 128.139853897854152, 35.101345535666724 ], [ 128.139930574030615, 35.101171649692823 ], [ 128.140018111616769, 35.100978487915583 ], [ 128.140131687374463, 35.100725126362363 ], [ 128.140241121252615, 35.100478579746657 ], [ 128.140265146597585, 35.100439049834513 ], [ 128.140407090367347, 35.100134768963422 ], [ 128.140732888471774, 35.099417735314852 ], [ 128.140848694058633, 35.099203931698796 ], [ 128.140872476160126, 35.099157492766217 ], [ 128.141196399185873, 35.098717130110067 ], [ 128.141502494805763, 35.098288671458612 ], [ 128.141617040246331, 35.098121983502168 ], [ 128.141749025256047, 35.097958179954048 ], [ 128.141770119671975, 35.097971450112887 ], [ 128.141795875461042, 35.097987649346166 ], [ 128.141876127604434, 35.098015186077902 ], [ 128.142068616660055, 35.098046790133786 ], [ 128.142201743606364, 35.098058360296115 ], [ 128.142366745824717, 35.098065243914419 ], [ 128.142558989064753, 35.09806593886421 ], [ 128.142682494154286, 35.098066381028275 ], [ 128.142836880910551, 35.0980669426079 ], [ 128.143281563269426, 35.098049657600455 ], [ 128.143435477961305, 35.098032467897447 ], [ 128.143446732216148, 35.098031213568831 ], [ 128.14374453528967, 35.097976113161252 ], [ 128.143803392325339, 35.097958547967295 ], [ 128.143918129383906, 35.097912364163889 ], [ 128.143957107630314, 35.097895433445437 ], [ 128.144132906067313, 35.097819081111467 ], [ 128.14426187550751, 35.097752158868097 ], [ 128.144310284675811, 35.097728985398987 ] ] ] } },
{ "type": "Feature", "properties": { "fid": 13, "UserID": null, "number": "읍202", "UMD": null, "NUM": "202", "GUBUN": "리도", "Opened": "미확장", "차선": "1", "도로폭": "4", "변경여부": null, "비고": null, "기존": "미확장", "기타": null, "종점": null, "기점": null, "구분": null, "정비사항": null, "연장": "1.1" }, "geometry": { "type": "MultiLineString", "coordinates": [ [ [ 128.144310284675811, 35.097728985398987 ], [ 128.144467488396998, 35.097800905054918 ], [ 128.144731004950614, 35.097906447223181 ], [ 128.144893515697277, 35.097960701712609 ], [ 128.145085092794773, 35.098030330657103 ], [ 128.145284527022937, 35.098084845402333 ], [ 128.146099981946236, 35.098225899323168 ], [ 128.146393825086932, 35.098299988114228 ], [ 128.146399206705553, 35.098301342006884 ], [ 128.146581578740694, 35.098368379960029 ], [ 128.146861796470546, 35.09849553198513 ], [ 128.147289272371182, 35.09870125322751 ], [ 128.147429724158513, 35.098768850853538 ], [ 128.147676221313674, 35.098884388708932 ], [ 128.148125657050571, 35.099160664515885 ], [ 128.14817745252131, 35.099210340783422 ], [ 128.148340628648413, 35.099495975719442 ], [ 128.14839545551223, 35.099549467820907 ], [ 128.148452184204416, 35.099568839920281 ], [ 128.148615148492468, 35.099580099209845 ], [ 128.148796332263174, 35.09961424498362 ], [ 128.149018346041117, 35.099716962292412 ], [ 128.149243862949078, 35.099779243126108 ], [ 128.14935971535678, 35.099812388055199 ], [ 128.149430644083424, 35.099827636025132 ], [ 128.149521579033234, 35.099840707622256 ], [ 128.149586438407255, 35.099867511122945 ], [ 128.14965355403956, 35.099871737908494 ], [ 128.149743486352662, 35.099857738610943 ], [ 128.149825026685875, 35.09985753407237 ], [ 128.149881908288194, 35.099870889905979 ], [ 128.149982701084895, 35.099912915599759 ], [ 128.15003294250522, 35.099929989765918 ], [ 128.150066677567622, 35.099948177056362 ], [ 128.15009602050921, 35.099966455936055 ], [ 128.150146096932446, 35.100007130208269 ], [ 128.15024752227859, 35.100145590443383 ], [ 128.150281881953561, 35.100171785156327 ], [ 128.150327521908594, 35.100200123891163 ], [ 128.150376255559479, 35.100239539172733 ], [ 128.150432984208607, 35.10028123711605 ], [ 128.15050211692764, 35.100328669731731 ], [ 128.150576849735756, 35.100367828353946 ], [ 128.150661369559856, 35.100379031873082 ], [ 128.150786371215787, 35.100359867052461 ], [ 128.150906873694908, 35.100359533499471 ], [ 128.151061422472139, 35.100395985604571 ], [ 128.151184230797497, 35.100449898955233 ], [ 128.151296802604008, 35.100522603365185 ], [ 128.151399529515658, 35.100576375691041 ], [ 128.152033234329537, 35.100892667429683 ], [ 128.152577147181489, 35.100487565457044 ], [ 128.152847228045886, 35.100337186182138 ], [ 128.153244847096289, 35.100410841371854 ], [ 128.15339114089781, 35.100481427532891 ], [ 128.153484918975749, 35.10059804801287 ], [ 128.153845026794954, 35.100613392800433 ], [ 128.154032582950805, 35.100634875498187 ], [ 128.154066343058872, 35.100493703380742 ], [ 128.15413386327495, 35.100420048265889 ], [ 128.154430202001208, 35.100401634476796 ], [ 128.154655269388201, 35.100426186194674 ], [ 128.154947856991299, 35.100426186194667 ] ] ] } },
{ "type": "Feature", "properties": { "fid": 14, "UserID": null, "number": "읍301", "UMD": null, "NUM": "301", "GUBUN": "농도", "Opened": "현황도로", "차선": "1", "도로폭": "5", "변경여부": null, "비고": null, "기존": "현황도로", "기타": null, "종점": null, "기점": null, "구분": null, "정비사항": null, "연장": "0.2" }, "geometry": { "type": "MultiLineString", "coordinates": [ [ [ 128.110710568167008, 35.088420001898726 ], [ 128.110987481865493, 35.088214288480607 ], [ 128.111168927853527, 35.08810243191828 ], [ 128.111234206557839, 35.088057970922215 ], [ 128.111259064949849, 35.088006552358706 ], [ 128.111260394081512, 35.087884224814353 ], [ 128.1112717280335, 35.08777361587412 ], [ 128.111283108618181, 35.087753581765774 ], [ 128.111367725840921, 35.087604546311496 ], [ 128.11145798873352, 35.087497013336616 ], [ 128.111503228556955, 35.087424680251338 ], [ 128.111644494135135, 35.087198771388678 ], [ 128.111722381042654, 35.087095843314287 ], [ 128.111759057370477, 35.087049675955782 ] ] ] } },
{ "type": "Feature", "properties": { "fid": 18, "UserID": null, "number": "읍302", "UMD": null, "NUM": "302", "GUBUN": "농도", "Opened": "현황도로", "차선": "1", "도로폭": "8", "변경여부": null, "비고": null, "기존": "현황도로", "기타": null, "종점": null, "기점": null, "구분": null, "정비사항": null, "연장": "0.1" }, "geometry": { "type": "MultiLineString", "coordinates": [ [ [ 128.104098434577764, 35.094160612738548 ], [ 128.103775383243203, 35.093441167225841 ] ] ] } },
{ "type": "Feature", "properties": { "fid": 19, "UserID": null, "number": "읍302", "UMD": null, "NUM": "302", "GUBUN": "농도", "Opened": "미확장", "차선": "1", "도로폭": "2.5", "변경여부": null, "비고": null, "기존": "미확장", "기타": null, "종점": null, "기점": null, "구분": null, "정비사항": null, "연장": "1.2" }, "geometry": { "type": "MultiLineString", "coordinates": [ [ [ 128.103775383243203, 35.093441167225841 ], [ 128.103935437879329, 35.093408301835439 ], [ 128.105229034774339, 35.092988210518925 ], [ 128.105739588107355, 35.091945597993487 ], [ 128.106697827761849, 35.092243002680711 ], [ 128.107394409503854, 35.092041911847637 ], [ 128.107924186028271, 35.09165703348328 ], [ 128.108103806796436, 35.091658532769095 ], [ 128.108515647182344, 35.091595092576917 ], [ 128.108771301409718, 35.091567628365134 ], [ 128.109068346488243, 35.091492672810759 ], [ 128.109331811920015, 35.091477699217286 ], [ 128.109593158167712, 35.091588376939086 ], [ 128.109769936593949, 35.091662138450125 ], [ 128.110020407811419, 35.091534213059198 ], [ 128.11132343017735, 35.091531698816816 ], [ 128.111958306881917, 35.091290316923718 ], [ 128.112145866824619, 35.091313723093265 ], [ 128.112982170749063, 35.091554172958034 ], [ 128.113104223061669, 35.091537348422641 ], [ 128.113946248078037, 35.09107419743772 ], [ 128.11418465038301, 35.090902403039514 ], [ 128.114337267610381, 35.090885296386929 ], [ 128.114573932383479, 35.090912458554783 ], [ 128.114622598226163, 35.090918043905141 ], [ 128.114675400566171, 35.090945280627629 ], [ 128.114840443088895, 35.090939772574508 ], [ 128.115351578487491, 35.091101250934294 ], [ 128.115404618821088, 35.091138592227239 ] ] ] } },
{ "type": "Feature", "properties": { "fid": 20, "UserID": null, "number": "읍302", "UMD": null, "NUM": "302", "GUBUN": "농도", "Opened": "현황도로", "차선": "1", "도로폭": "8", "변경여부": null, "비고": null, "기존": "현황도로", "기타": null, "종점": null, "기점": null, "구분": null, "정비사항": null, "연장": "0.1" }, "geometry": { "type": "MultiLineString", "coordinates": [ [ [ 128.099878173647852, 35.094353254833955 ], [ 128.100019413443619, 35.094410711353568 ], [ 128.10025389126892, 35.094552842212579 ], [ 128.100331776812794, 35.094623399477378 ], [ 128.100599659435431, 35.094820337896437 ], [ 128.100695836402224, 35.094895033277936 ], [ 128.10080492824153, 35.09496708448048 ], [ 128.100879654581092, 35.095129598860929 ] ] ] } },
{ "type": "Feature", "properties": { "fid": 22, "UserID": null, "number": "읍304", "UMD": null, "NUM": "304", "GUBUN": "농도", "Opened": "미확장", "차선": "1", "도로폭": "2.5", "변경여부": null, "비고": null, "기존": "미확장", "기타": null, "종점": null, "기점": null, "구분": null, "정비사항": null, "연장": "0.5" }, "geometry": { "type": "MultiLineString", "coordinates": [ [ [ 128.139899285816313, 35.094813210440073 ], [ 128.13991548039229, 35.094734127666271 ], [ 128.139939844971195, 35.094667838487247 ], [ 128.139971107330098, 35.094531870498834 ], [ 128.140000068469874, 35.094474498526061 ], [ 128.140062137358456, 35.09438876899722 ], [ 128.140103414148598, 35.094325789115359 ], [ 128.140119380500437, 35.094282842906445 ], [ 128.140129384489484, 35.094241669842319 ], [ 128.140119209277827, 35.094175211300062 ], [ 128.140086536371314, 35.094042073409298 ], [ 128.140099426844017, 35.094005004165894 ], [ 128.140116759191159, 35.093942052498313 ], [ 128.140138997000804, 35.093840394009533 ], [ 128.140148050207245, 35.093765308929868 ], [ 128.14014502292892, 35.093716318915497 ], [ 128.140116967670821, 35.093573127805243 ], [ 128.140092160918016, 35.093472214609889 ], [ 128.140012542849092, 35.093240781189117 ], [ 128.139870952726227, 35.092936177314229 ], [ 128.139771624490379, 35.09274957093222 ], [ 128.139694254678375, 35.092663464202751 ], [ 128.13952781698805, 35.092511255617055 ], [ 128.139375637582845, 35.092389339211053 ], [ 128.13922176286269, 35.092253028774508 ], [ 128.139177248311938, 35.092190437890132 ], [ 128.139148157740891, 35.092118681975407 ], [ 128.13913788924549, 35.09207745925498 ], [ 128.139164557718914, 35.091956661679667 ], [ 128.139225888369594, 35.091824428828183 ], [ 128.139422039454558, 35.091546207364409 ], [ 128.139692975352517, 35.091159699550055 ], [ 128.139751474173067, 35.091044977622282 ], [ 128.139804982995571, 35.090954422602515 ], [ 128.13987039316612, 35.090830107903535 ], [ 128.139949344255939, 35.090736585857421 ], [ 128.140011461168342, 35.090670166234339 ], [ 128.140118118889234, 35.090600261053659 ] ] ] } },
{ "type": "Feature", "properties": { "fid": 23, "UserID": null, "number": "읍304", "UMD": null, "NUM": "304", "GUBUN": "농도", "Opened": "현황도로", "차선": "1", "도로폭": "4", "변경여부": null, "비고": null, "기존": "현황도로", "기타": null, "종점": null, "기점": null, "구분": null, "정비사항": null, "연장": "0.5" }, "geometry": { "type": "MultiLineString", "coordinates": [ [ [ 128.140118118889234, 35.090600261053659 ], [ 128.140217274159909, 35.090545972382593 ], [ 128.140370636657082, 35.090480524135536 ], [ 128.140519406280987, 35.090407365363873 ], [ 128.140666041099564, 35.090186781493522 ], [ 128.140749891992328, 35.090077496606156 ], [ 128.140819020446088, 35.089980094012418 ], [ 128.140899641749968, 35.089946702212124 ], [ 128.140995925689424, 35.089927406350917 ], [ 128.141092251473935, 35.089904115379269 ], [ 128.141196661551561, 35.089853487104826 ], [ 128.141339430472982, 35.089758264413945 ], [ 128.141513439315361, 35.089609932301556 ], [ 128.14156605119112, 35.089555236625905 ], [ 128.14163209370156, 35.089475266688936 ], [ 128.141697901237677, 35.089445073018048 ], [ 128.141787270746136, 35.089416122278472 ], [ 128.14190780265784, 35.089413209686327 ], [ 128.142059812513423, 35.089406217677777 ], [ 128.142500496451049, 35.089403502940428 ], [ 128.142732765029763, 35.089388151769995 ], [ 128.142832494062588, 35.089399032887506 ], [ 128.142924069556415, 35.089423024377737 ], [ 128.142947545815616, 35.089408226051049 ], [ 128.143003291905728, 35.08937390332796 ], [ 128.143054785164992, 35.089328177237881 ], [ 128.143082131631786, 35.089257169716895 ], [ 128.143085698578801, 35.089211508554477 ], [ 128.143074705915296, 35.089165899940348 ], [ 128.143093439429464, 35.089158190967616 ], [ 128.143112801901509, 35.089115568887394 ], [ 128.143183639131507, 35.089012083731959 ], [ 128.143210961658554, 35.088991537485867 ], [ 128.143218201270912, 35.088986090605459 ], [ 128.14327512795515, 35.088968998652476 ], [ 128.143320102090172, 35.088964458749203 ], [ 128.143392177642767, 35.088968853510266 ], [ 128.14343947951204, 35.088968214769729 ], [ 128.143535338621291, 35.08896015007975 ], [ 128.143692933089852, 35.088915585472435 ], [ 128.143879248852045, 35.088849853220637 ], [ 128.143926662533573, 35.088838525295195 ], [ 128.14393006722355, 35.088833826397405 ], [ 128.143955445764362, 35.088798880992272 ], [ 128.143958119247401, 35.08876975085419 ], [ 128.143961042043486, 35.088716800301526 ], [ 128.143945146150116, 35.088653522622614 ], [ 128.14389097040916, 35.088520977352708 ], [ 128.143840665543024, 35.08846911053022 ], [ 128.143809001131729, 35.088444595718421 ], [ 128.143800946464552, 35.088423159180586 ], [ 128.14379084976602, 35.088371576704461 ] ] ] } },
{ "type": "Feature", "properties": { "fid": 24, "UserID": null, "number": "읍304", "UMD": null, "NUM": "304", "GUBUN": "농도", "Opened": "미확장", "차선": "1", "도로폭": "2.5", "변경여부": null, "비고": null, "기존": "미확장", "기타": null, "종점": null, "기점": null, "구분": null, "정비사항": null, "연장": "0.8" }, "geometry": { "type": "MultiLineString", "coordinates": [ [ [ 128.14379084976602, 35.088371576704461 ], [ 128.144063732376111, 35.08822299985696 ], [ 128.144413341662357, 35.088084646038837 ], [ 128.144530244565487, 35.087973614526568 ], [ 128.144807568014414, 35.087857927524347 ], [ 128.144938962332873, 35.087690224373048 ], [ 128.145028812664151, 35.087557462231366 ], [ 128.145090031141649, 35.087289915976349 ], [ 128.145243206873573, 35.086767096220676 ], [ 128.14528483856796, 35.086465186031148 ], [ 128.145440690535935, 35.085860679856516 ], [ 128.145436782718264, 35.085581185396357 ], [ 128.145531109159379, 35.085495492614292 ], [ 128.145675145478066, 35.085412470872051 ], [ 128.145779571350829, 35.085229317606093 ], [ 128.145800078485252, 35.085056379701108 ], [ 128.145774300960454, 35.084852471145219 ], [ 128.145798321032828, 35.084657514418616 ], [ 128.146093853485809, 35.08420558660967 ], [ 128.146184357269163, 35.084119929454893 ], [ 128.14620055965338, 35.083912483326344 ], [ 128.14616867843668, 35.083818560615477 ], [ 128.146417878038221, 35.083332521134544 ], [ 128.146698824269151, 35.082930982589176 ], [ 128.146826035041698, 35.082738190516174 ], [ 128.146839382332047, 35.082599868945458 ], [ 128.146775346730266, 35.082493965821044 ], [ 128.146696310254242, 35.082392428628829 ] ] ] } },
{ "type": "Feature", "properties": { "fid": 25, "UserID": null, "number": "읍305", "UMD": null, "NUM": "305", "GUBUN": "농도", "Opened": "현황도로", "차선": "1", "도로폭": "5", "변경여부": null, "비고": null, "기존": "현황도로", "기타": null, "종점": null, "기점": null, "구분": null, "정비사항": null, "연장": "1" }, "geometry": { "type": "MultiLineString", "coordinates": [ [ [ 128.154321365196267, 35.09448377897678 ], [ 128.154328039641456, 35.094446005759387 ], [ 128.15433950292703, 35.094381000735332 ], [ 128.154266882322588, 35.094166886947583 ], [ 128.154260304394228, 35.094121107454562 ], [ 128.154255454847174, 35.094087408858869 ], [ 128.154269444909602, 35.094050597099162 ], [ 128.154477001332111, 35.093848508477791 ], [ 128.154589652082677, 35.093744173043234 ], [ 128.154635191970783, 35.093682984252702 ], [ 128.154642707404093, 35.093613697336103 ], [ 128.154642604829434, 35.093613011608127 ], [ 128.154624827869981, 35.09350061765695 ], [ 128.154611624278914, 35.093461380635631 ], [ 128.154564474325412, 35.09341631827629 ], [ 128.154346020929779, 35.093257645276424 ], [ 128.154203676793145, 35.093161298958464 ], [ 128.154149416103792, 35.09312201836682 ], [ 128.154130294001305, 35.093100514186517 ], [ 128.154107435543921, 35.093054323473787 ], [ 128.154014187459666, 35.092732248121315 ], [ 128.15400188980297, 35.092648942267743 ], [ 128.154008899146817, 35.092460072232917 ], [ 128.154029357372195, 35.092342861881029 ], [ 128.154042972133823, 35.092298845876137 ], [ 128.154106031366751, 35.09217445216315 ], [ 128.154210015840903, 35.092008729898978 ], [ 128.15434168073503, 35.091809905734131 ], [ 128.154461911636929, 35.091639303355926 ], [ 128.154560424453535, 35.091512651317501 ], [ 128.154693565687296, 35.091367105741476 ], [ 128.154724249127185, 35.091337359741551 ], [ 128.154832394183273, 35.091259050042261 ], [ 128.155016107017786, 35.09111802132071 ], [ 128.155145611199629, 35.09100807046277 ], [ 128.155245118835722, 35.09090489545833 ], [ 128.155282100139146, 35.09085355229022 ], [ 128.155308874507483, 35.090810466191868 ], [ 128.155315679876622, 35.090739768163154 ], [ 128.155306195089452, 35.090678113993093 ], [ 128.155295872642682, 35.090664648176855 ], [ 128.155421468521411, 35.090604163582263 ], [ 128.155504557088022, 35.090572978372457 ], [ 128.155546728695782, 35.090581204303959 ], [ 128.155577266613989, 35.090564558384521 ], [ 128.155678126536117, 35.090508668667482 ], [ 128.155773408523743, 35.090438574124391 ], [ 128.155938231774286, 35.090320185227824 ], [ 128.155982612792116, 35.090271119720441 ], [ 128.156027145488935, 35.090187177916931 ], [ 128.156084759737837, 35.090144474218043 ], [ 128.156147271335954, 35.090082876953055 ], [ 128.156205663979932, 35.090049997804478 ], [ 128.156376391268338, 35.09001524901241 ], [ 128.156429232136958, 35.089998775769196 ], [ 128.156451156178377, 35.089974353160727 ], [ 128.156458554109918, 35.089941092922906 ], [ 128.156465774781907, 35.089884591729046 ], [ 128.15648049658401, 35.089664396610303 ], [ 128.156492862401564, 35.089598193110945 ], [ 128.156498520363385, 35.089569525115969 ], [ 128.156501804628277, 35.089542930539359 ], [ 128.156576279617326, 35.089480889453988 ], [ 128.156628009559, 35.089433990847525 ], [ 128.156914162763229, 35.089307024342077 ], [ 128.156999148669343, 35.089273075778408 ], [ 128.157088385716321, 35.089237175055693 ], [ 128.157177597596586, 35.089203708899035 ], [ 128.157320451847994, 35.089138963596909 ], [ 128.157463255714106, 35.089079087389031 ], [ 128.157605379334825, 35.088797638758287 ], [ 128.157890254296092, 35.088461182464798 ], [ 128.157959683556697, 35.088335055392754 ], [ 128.157994596426875, 35.088108861065109 ], [ 128.158091835821779, 35.087870926149016 ], [ 128.158128607430911, 35.087751876262089 ], [ 128.158150067926726, 35.087681416056824 ], [ 128.158536425935097, 35.087557492174966 ], [ 128.158604500952038, 35.087562834957602 ] ] ] } },
{ "type": "Feature", "properties": { "fid": 26, "UserID": null, "number": "읍305", "UMD": null, "NUM": "305", "GUBUN": "농도", "Opened": "미확장", "차선": "1", "도로폭": "2.5", "변경여부": null, "비고": null, "기존": "미확장", "기타": null, "종점": null, "기점": null, "구분": null, "정비사항": null, "연장": "0.6" }, "geometry": { "type": "MultiLineString", "coordinates": [ [ [ 128.158604500952038, 35.087562834957602 ], [ 128.158736787549287, 35.087661146671934 ], [ 128.158970832870949, 35.087657903275876 ], [ 128.159319384771095, 35.087465539583619 ], [ 128.159518311345039, 35.087420659489311 ], [ 128.159879201481601, 35.087406887028884 ], [ 128.159917095697608, 35.087384538948008 ], [ 128.159934775507168, 35.087283864349025 ], [ 128.159971780299827, 35.087198708845072 ], [ 128.160026286788195, 35.087000317235159 ], [ 128.160069331468065, 35.086802035261172 ], [ 128.160292459752867, 35.085829394232327 ], [ 128.160508575475689, 35.085441007978623 ], [ 128.160590045170551, 35.085258061994402 ], [ 128.160706832789003, 35.085140734595022 ], [ 128.160794963724953, 35.084888627179978 ], [ 128.161066563163502, 35.084641044588345 ], [ 128.161125375449842, 35.084477159979485 ], [ 128.161230410472996, 35.084152614024163 ], [ 128.161419665870284, 35.08382943240693 ], [ 128.161683475354408, 35.083416506531286 ] ] ] } },
{ "type": "Feature", "properties": { "fid": 27, "UserID": null, "number": "읍306", "UMD": null, "NUM": "306", "GUBUN": "농도", "Opened": "미확장", "차선": "1", "도로폭": "2.5", "변경여부": null, "비고": null, "기존": "미확장", "기타": null, "종점": null, "기점": null, "구분": null, "정비사항": null, "연장": "0.7" }, "geometry": { "type": "MultiLineString", "coordinates": [ [ [ 128.125953611898325, 35.102243156042 ], [ 128.126049287054002, 35.102245694594821 ], [ 128.1263121589717, 35.102213585209142 ], [ 128.126526391024953, 35.102194716283407 ], [ 128.126640166158609, 35.102171246482563 ], [ 128.12669386419762, 35.102125954636954 ], [ 128.12671182559933, 35.102104704734288 ], [ 128.126748153764908, 35.102025280452921 ], [ 128.126759165004188, 35.101990379367372 ], [ 128.126802847990234, 35.101886708334163 ], [ 128.126812967907057, 35.101878777548919 ], [ 128.126917739301177, 35.101796674259433 ], [ 128.127076172632286, 35.101687999170316 ], [ 128.127256548662473, 35.101739837293913 ], [ 128.127404865848206, 35.101803098210326 ], [ 128.127458075723467, 35.101803481787385 ], [ 128.127579173674974, 35.101758675377511 ], [ 128.127655261580145, 35.101708695327446 ], [ 128.127700575333563, 35.101673058914045 ], [ 128.127850039473003, 35.101606122800256 ], [ 128.128078687303457, 35.101598531936951 ], [ 128.128209756475684, 35.101605634756595 ], [ 128.128377866000818, 35.10165303602173 ], [ 128.12877320942053, 35.101645632248356 ], [ 128.129019295758297, 35.101476878211045 ], [ 128.129098719073511, 35.101416463288864 ], [ 128.129402685695936, 35.101287999776851 ], [ 128.129585801734663, 35.101264308050744 ], [ 128.129661836470234, 35.101235332339272 ], [ 128.129816990327413, 35.10112395842657 ], [ 128.130309841942051, 35.101113082534091 ], [ 128.130450663662543, 35.101070939047318 ], [ 128.130719455208464, 35.100886265863593 ], [ 128.130839261851833, 35.100706122743944 ], [ 128.130927106232292, 35.100702162481284 ], [ 128.130974348800152, 35.100802227345348 ], [ 128.130963523769395, 35.100919004627521 ], [ 128.130988026343374, 35.101002509952558 ], [ 128.131132950218245, 35.101044769217239 ], [ 128.131588404624068, 35.101055346545301 ], [ 128.132380174754672, 35.100984245614747 ] ] ] } },
{ "type": "Feature", "properties": { "fid": 28, "UserID": null, "number": "읍306", "UMD": null, "NUM": "306", "GUBUN": "농도", "Opened": "미개설", "차선": null, "도로폭": null, "변경여부": null, "비고": null, "기존": "미개설", "기타": null, "종점": null, "기점": null, "구분": null, "정비사항": null, "연장": "0.1" }, "geometry": { "type": "MultiLineString", "coordinates": [ [ [ 128.132380174754672, 35.100984245614747 ], [ 128.132799498856343, 35.10096107091676 ], [ 128.133826267250726, 35.101021353288473 ] ] ] } },
{ "type": "Feature", "properties": { "fid": 29, "UserID": null, "number": "읍306", "UMD": null, "NUM": "306", "GUBUN": "농도", "Opened": "미확장", "차선": "1", "도로폭": "2.5", "변경여부": null, "비고": null, "기존": "미확장", "기타": null, "종점": null, "기점": null, "구분": null, "정비사항": null, "연장": "0.6" }, "geometry": { "type": "MultiLineString", "coordinates": [ [ [ 128.133826267250726, 35.101021353288473 ], [ 128.134259980343046, 35.101071374174104 ], [ 128.134504029162031, 35.101067346035094 ], [ 128.134675361293802, 35.101023875563257 ], [ 128.134980741111775, 35.101003572296001 ], [ 128.135458534532347, 35.100864774962275 ], [ 128.136004145125099, 35.100718362450436 ], [ 128.136324549367941, 35.100710126206977 ], [ 128.136651683815842, 35.10072799284665 ], [ 128.137059783084339, 35.100767777136625 ], [ 128.137313168132067, 35.100824711718325 ], [ 128.137761420190316, 35.100782689617873 ], [ 128.137925862772533, 35.100790568549385 ], [ 128.138483670777646, 35.100779049699135 ], [ 128.13922000642674, 35.100963720920255 ], [ 128.139577782672319, 35.101133102038439 ], [ 128.139671939712088, 35.101308101490893 ], [ 128.139802972890635, 35.101421948955704 ] ] ] } },
{ "type": "Feature", "properties": { "fid": 30, "UserID": null, "number": "읍306", "UMD": null, "NUM": "306", "GUBUN": "농도", "Opened": "현황도로", "차선": "2", "도로폭": "8", "변경여부": null, "비고": null, "기존": "현황도로", "기타": null, "종점": null, "기점": null, "구분": null, "정비사항": null, "연장": "0.1" }, "geometry": { "type": "MultiLineString", "coordinates": [ [ [ 128.139802972890635, 35.101421948955704 ], [ 128.139853897854152, 35.101345535666724 ], [ 128.140089361338738, 35.100820493887667 ] ] ] } },
{ "type": "Feature", "properties": { "fid": 31, "UserID": null, "number": "읍306", "UMD": null, "NUM": "306", "GUBUN": "농도", "Opened": "미확장", "차선": "1", "도로폭": "2.5", "변경여부": null, "비고": null, "기존": "미확장", "기타": null, "종점": null, "기점": null, "구분": null, "정비사항": null, "연장": "1.7" }, "geometry": { "type": "MultiLineString", "coordinates": [ [ [ 128.140089361338738, 35.100820493887667 ], [ 128.14026531146618, 35.100831402214133 ], [ 128.140388869236801, 35.100922108259077 ], [ 128.140533874290497, 35.100974922840287 ], [ 128.140662741571305, 35.100966643566892 ], [ 128.140890274796078, 35.101045377924663 ], [ 128.141068774089433, 35.101033490316794 ], [ 128.141304566344871, 35.101087804982477 ], [ 128.141374434772558, 35.101096569566138 ], [ 128.141896695224915, 35.101207860700988 ], [ 128.141703433452648, 35.101325890415922 ], [ 128.141482875255008, 35.1014049169098 ], [ 128.141151428667087, 35.101616900311171 ], [ 128.14199625743197, 35.102592013522241 ], [ 128.141964302178508, 35.102630004090614 ], [ 128.141980419562572, 35.102689527362017 ], [ 128.142256932171136, 35.102785857228348 ], [ 128.142744015303492, 35.102806800903494 ], [ 128.142925846815103, 35.102831253503517 ], [ 128.143204818841923, 35.102971668174817 ], [ 128.143411274759359, 35.103163355352017 ], [ 128.143534932660316, 35.103354078793672 ], [ 128.143652516237978, 35.103565792844286 ], [ 128.143850363125267, 35.103748838184295 ], [ 128.14408600046022, 35.103901870828246 ], [ 128.144319601557697, 35.104061027808989 ], [ 128.144576660222299, 35.104227812881234 ], [ 128.14518173439518, 35.104915987342601 ], [ 128.145267122830774, 35.105009404417807 ], [ 128.145513713033154, 35.105151550887499 ], [ 128.145964245059417, 35.105392274385821 ], [ 128.146499730484521, 35.105695008546839 ], [ 128.146594782120587, 35.105659560802039 ], [ 128.146669275005422, 35.10552066133463 ], [ 128.146895259922758, 35.105282964070952 ], [ 128.147005860494318, 35.105266213644711 ], [ 128.147325145274266, 35.10527732566846 ], [ 128.147878103084793, 35.105190430209589 ], [ 128.148018371653535, 35.105109011699923 ], [ 128.148165252901038, 35.105090346223186 ], [ 128.148564455775954, 35.105077142067465 ], [ 128.148869946380273, 35.105058543209886 ], [ 128.14914306525759, 35.105048102441032 ], [ 128.149227422280518, 35.10506771786919 ], [ 128.149262960996765, 35.105149041504227 ], [ 128.149169976148102, 35.105195464502856 ], [ 128.149069150048319, 35.105227828200505 ], [ 128.149006978586556, 35.105291233336203 ], [ 128.148992376181525, 35.105340054005339 ], [ 128.14929823655487, 35.105551906074083 ], [ 128.149476292243406, 35.105711968494646 ], [ 128.149664678880981, 35.105723137717668 ], [ 128.149858931488694, 35.105675753783665 ], [ 128.149953871288602, 35.10563245250308 ], [ 128.150125283288929, 35.105591566401174 ], [ 128.150301778573777, 35.10536846598206 ], [ 128.150738823397489, 35.105362354928921 ], [ 128.150773469807973, 35.105380085570758 ], [ 128.150837373381592, 35.105372019525085 ], [ 128.150975675255808, 35.105388765983164 ], [ 128.151093544567033, 35.105447321777952 ], [ 128.151371424500894, 35.105435652970314 ], [ 128.151441731069895, 35.105441266745018 ], [ 128.151685196262662, 35.105496273295735 ], [ 128.151736934230797, 35.105438462320031 ], [ 128.151714905835718, 35.105298906466231 ], [ 128.151762706389462, 35.105300807896029 ], [ 128.152011715635979, 35.105342412761075 ], [ 128.15215305200033, 35.105337143507533 ], [ 128.152274005556876, 35.105309297117223 ], [ 128.152442781683874, 35.105284921953839 ], [ 128.15271006440787, 35.105334988824495 ], [ 128.152712762015028, 35.105343226014362 ] ] ] } },
{ "type": "Feature", "properties": { "fid": 33, "UserID": null, "number": "정동101", "UMD": null, "NUM": "101", "GUBUN": "면도", "Opened": "미확장", "차선": "1", "도로폭": "5", "변경여부": null, "비고": null, "기존": "미확장", "기타": null, "종점": null, "기점": "고읍리 488-9", "구분": "노선단축", "정비사항": "도시계획도로 노선 제외", "연장": "2.1" }, "geometry": { "type": "MultiLineString", "coordinates": [ [ [ 128.087475575918944, 35.07515218501316 ], [ 128.08777743798484, 35.074962363006101 ], [ 128.087967822051581, 35.074836637687731 ], [ 128.087968484844993, 35.074836192015582 ], [ 128.088392587379417, 35.074570293925547 ], [ 128.088450264822285, 35.074542985233016 ], [ 128.088670439420866, 35.074407045655683 ], [ 128.088839589150268, 35.074308442339493 ], [ 128.089085656220306, 35.074151055920908 ], [ 128.089328853994147, 35.074008077683331 ], [ 128.089358040375885, 35.073990243563806 ], [ 128.089396808392621, 35.07396655074843 ], [ 128.08944097426965, 35.073939563594159 ], [ 128.089769912118186, 35.073733973907693 ], [ 128.089976245721914, 35.073609915538 ], [ 128.090076200403672, 35.073549817965343 ], [ 128.090108948351912, 35.073530126646673 ], [ 128.090205346803373, 35.073479249876335 ], [ 128.090237366752888, 35.073499400795015 ], [ 128.090290886575019, 35.073494872605259 ], [ 128.090335637631938, 35.073476343978299 ], [ 128.090554487014771, 35.073280542724504 ], [ 128.090561950656422, 35.073273865852443 ], [ 128.090766722191944, 35.073125395407729 ], [ 128.090770225883546, 35.073122852928122 ], [ 128.090867647330413, 35.073068630358819 ], [ 128.091175448798452, 35.072886970609304 ], [ 128.094320737404644, 35.070971154401789 ], [ 128.095217325710536, 35.070427549927679 ], [ 128.095395667132522, 35.070323111256833 ], [ 128.095451678676056, 35.070290315658333 ], [ 128.0957515364058, 35.070093478428191 ], [ 128.095749369544308, 35.070091145830652 ], [ 128.095704037889476, 35.070042432960285 ], [ 128.095610821890887, 35.069927998040072 ], [ 128.095605104418013, 35.069895768856966 ], [ 128.095615627037347, 35.069859235430471 ], [ 128.095675063961494, 35.069794206714235 ], [ 128.095739611005399, 35.069732482283648 ], [ 128.095784050137155, 35.069692809753192 ], [ 128.095826855253506, 35.069646664830131 ], [ 128.095903391593424, 35.069566708863633 ], [ 128.09596285584027, 35.06950619395969 ], [ 128.096509090435745, 35.068919725841148 ], [ 128.096858639246278, 35.068520106538287 ], [ 128.096981668544629, 35.068374581363216 ], [ 128.097054055111471, 35.06827174268436 ], [ 128.097200291865875, 35.068042860158165 ], [ 128.097337942419898, 35.067831175828495 ], [ 128.09747263420266, 35.067620391746608 ], [ 128.097532324255383, 35.06753163714302 ], [ 128.097588380337669, 35.067444890468963 ], [ 128.097657202934101, 35.067339564299637 ], [ 128.097824412509169, 35.067109815360951 ], [ 128.097907141144987, 35.066993277834378 ], [ 128.097992898366812, 35.066870903203174 ], [ 128.098052646268201, 35.06680241523248 ], [ 128.098216712021184, 35.066586551662404 ], [ 128.098323624859376, 35.066452821199341 ], [ 128.098408751486573, 35.06638910937324 ], [ 128.098470345873125, 35.066364319144093 ], [ 128.098501926013057, 35.066349674632889 ], [ 128.098565655863354, 35.066318434633644 ], [ 128.09882570959229, 35.066198511436674 ], [ 128.099007559814737, 35.066111102088165 ], [ 128.099185434241747, 35.066030566371076 ], [ 128.099308517203582, 35.065956424044323 ], [ 128.101545039725352, 35.064594634642823 ], [ 128.101641377961073, 35.064535693539824 ], [ 128.101679159792894, 35.064528517215734 ], [ 128.101892201556836, 35.064686537748578 ], [ 128.101947367959895, 35.064732684301539 ], [ 128.102101167630735, 35.064866069846246 ], [ 128.102208630398621, 35.064948132280719 ], [ 128.102308219783851, 35.065017772684037 ], [ 128.102624811484475, 35.065224225437731 ], [ 128.102816879672162, 35.065353085399273 ], [ 128.103000464711755, 35.065477299881792 ], [ 128.103216367706381, 35.065621172074252 ], [ 128.103319032395262, 35.065678789289919 ], [ 128.103380953352627, 35.065699633140611 ], [ 128.10346322126199, 35.065724634788133 ], [ 128.103581531474447, 35.065747103539465 ], [ 128.103708489353238, 35.065777573127811 ], [ 128.103824584509994, 35.065804193050099 ], [ 128.103925400866814, 35.065835246594823 ] ] ] } },
{ "type": "Feature", "properties": { "fid": 34, "UserID": null, "number": "정동101", "UMD": null, "NUM": "101", "GUBUN": "면도", "Opened": "현황도로", "차선": "1~2", "도로폭": "8~10", "변경여부": null, "비고": null, "기존": "현황도로", "기타": null, "종점": null, "기점": "고읍리 488-9", "구분": "노선단축", "정비사항": "도시계획도로 노선 제외", "연장": "0.9" }, "geometry": { "type": "MultiLineString", "coordinates": [ [ [ 128.103925400866814, 35.065835246594823 ], [ 128.103976995237531, 35.065873845257379 ], [ 128.104019215586277, 35.065917830990109 ], [ 128.104890019327769, 35.066882295276187 ], [ 128.106240847395014, 35.068378359759834 ], [ 128.106458778377203, 35.068611279091051 ], [ 128.106563477421417, 35.068716536973923 ], [ 128.106661031799121, 35.068803620969689 ], [ 128.106755445856237, 35.068882697965016 ], [ 128.106904717123513, 35.069003964930154 ], [ 128.107150760220264, 35.069178011851868 ], [ 128.107274938561119, 35.069281516629765 ], [ 128.107322235427944, 35.069345706606263 ], [ 128.107357120052569, 35.069449334793404 ], [ 128.107420072730463, 35.069483508207405 ], [ 128.107682983205336, 35.069397597246279 ], [ 128.107949868685068, 35.069468970869885 ], [ 128.108382208007555, 35.069749836918618 ], [ 128.108613481135279, 35.069968733232905 ], [ 128.108766057554391, 35.070010812732001 ], [ 128.108837490136864, 35.070031257851298 ], [ 128.109107362712194, 35.070108495711111 ], [ 128.109262290575259, 35.069370598938789 ], [ 128.109417450895364, 35.068979717530233 ], [ 128.109553078045678, 35.068955571682174 ] ] ] } },
{ "type": "Feature", "properties": { "fid": 35, "UserID": null, "number": "정동103", "UMD": null, "NUM": "103", "GUBUN": "면도", "Opened": "현황도로", "차선": "2", "도로폭": "12", "변경여부": null, "비고": null, "기존": "현황도로", "기타": null, "종점": null, "기점": null, "구분": null, "정비사항": null, "연장": "0.8" }, "geometry": { "type": "MultiLineString", "coordinates": [ [ [ 128.09887770642527, 35.077908476632778 ], [ 128.099732194719252, 35.078177763987895 ], [ 128.099925419519735, 35.078186478294064 ], [ 128.100100967435509, 35.078143018582068 ], [ 128.100508325855742, 35.077980169698101 ], [ 128.100668420297609, 35.077925755893332 ], [ 128.100948893612554, 35.077836128508082 ], [ 128.101034804639625, 35.077831538658117 ], [ 128.101157736116193, 35.077832451273842 ], [ 128.101303043091605, 35.077850555944707 ], [ 128.101456061499448, 35.077940229111874 ], [ 128.101793744851449, 35.078096249387556 ], [ 128.10198144858316, 35.078167811459039 ], [ 128.102250532020122, 35.078294456540114 ], [ 128.102535806607307, 35.078520388514917 ], [ 128.102902201936303, 35.078891831424571 ], [ 128.102960088142027, 35.078944339078291 ], [ 128.103166788780783, 35.079126086061983 ], [ 128.103292289552883, 35.079226995657116 ], [ 128.103408980355141, 35.079303998845823 ], [ 128.103698469729181, 35.079431910005347 ], [ 128.104604058562217, 35.079762070166119 ], [ 128.105282860817368, 35.080023230924105 ], [ 128.105395689961313, 35.080043875827982 ], [ 128.105790401134925, 35.080043765962571 ], [ 128.106263149738254, 35.080008053545804 ], [ 128.106529559749305, 35.079929925068249 ], [ 128.106652506988809, 35.079888144565608 ], [ 128.106760146923875, 35.079840993908171 ], [ 128.106858223401389, 35.079810718181193 ], [ 128.106938297279868, 35.079791404973648 ], [ 128.10698026603086, 35.079782034564424 ] ] ] } },
{ "type": "Feature", "properties": { "fid": 36, "UserID": null, "number": "정동103", "UMD": null, "NUM": "103", "GUBUN": "면도", "Opened": "미확장", "차선": "1", "도로폭": "4~8", "변경여부": null, "비고": null, "기존": "미확장", "기타": null, "종점": null, "기점": null, "구분": null, "정비사항": null, "연장": "0.4" }, "geometry": { "type": "MultiLineString", "coordinates": [ [ [ 128.10698026603086, 35.079782034564424 ], [ 128.106992911999811, 35.079737267622328 ], [ 128.107001999463108, 35.079697909684249 ], [ 128.10700942801148, 35.079640602297694 ], [ 128.107016850036899, 35.079586384173936 ], [ 128.107027870658271, 35.079498064063948 ], [ 128.107056058544117, 35.079401294069143 ], [ 128.107091896572797, 35.079334645970725 ], [ 128.107152163398297, 35.079268317067054 ], [ 128.107241182334434, 35.079217647616559 ], [ 128.10729711552753, 35.079199705004392 ], [ 128.107336028378398, 35.079194280822243 ], [ 128.107378358040364, 35.079197609764975 ], [ 128.107489465614691, 35.079248371468374 ], [ 128.107500648355511, 35.079253483315583 ], [ 128.107553333252753, 35.079276003162185 ], [ 128.10762419791692, 35.07929218091963 ], [ 128.10765979393156, 35.079285326065801 ], [ 128.107748348929988, 35.079268186716241 ], [ 128.107893276447527, 35.079211193150762 ], [ 128.107954158350367, 35.079194516685888 ], [ 128.108038143889274, 35.079190351866295 ], [ 128.10812199034774, 35.079194049278684 ], [ 128.108197354218788, 35.079257035841671 ], [ 128.108231664922783, 35.079282410544963 ], [ 128.108281135817521, 35.079309593879366 ], [ 128.108317349951648, 35.07932048961284 ], [ 128.108344599231117, 35.079338064033578 ], [ 128.108365082933318, 35.079356934250448 ], [ 128.108432527942654, 35.079505147873647 ], [ 128.108459447273447, 35.079535982738854 ], [ 128.108487250399634, 35.079555274594327 ], [ 128.108525089360882, 35.079569298469082 ], [ 128.108574900959326, 35.079577555099398 ], [ 128.108628349445013, 35.079576475096694 ], [ 128.108671848317357, 35.079570308882261 ], [ 128.108715075929098, 35.079552656788593 ], [ 128.108743637731493, 35.079535142488687 ], [ 128.108768972901743, 35.079513823521118 ], [ 128.108824555803835, 35.079424193045924 ], [ 128.108849212878596, 35.07939933441471 ], [ 128.10887161292095, 35.07938417985909 ], [ 128.108915478681467, 35.079373897523865 ], [ 128.109007374229577, 35.079379427642259 ], [ 128.10909482399299, 35.07938568640774 ], [ 128.109140142279216, 35.079376053553595 ], [ 128.109226635885904, 35.079343241570008 ], [ 128.109299301813309, 35.079323998490345 ], [ 128.109479064842873, 35.079301020001012 ], [ 128.109735895078643, 35.079303665941737 ], [ 128.109814665876627, 35.079305828546481 ], [ 128.109887489904395, 35.079308151765495 ], [ 128.109964118398523, 35.079319025130765 ], [ 128.110026178088958, 35.079332867604258 ], [ 128.11007114040504, 35.079350649244439 ], [ 128.110104693487955, 35.079361938227947 ], [ 128.110143019893883, 35.079369313567447 ], [ 128.110166491443124, 35.07937623259275 ], [ 128.110322389797886, 35.079424870982187 ], [ 128.110388144961632, 35.079442213276323 ], [ 128.110418981865138, 35.079446977868471 ], [ 128.110510477250131, 35.079455442883216 ], [ 128.110604697240547, 35.079466125544926 ] ] ] } },
{ "type": "Feature", "properties": { "fid": 37, "UserID": null, "number": "정동104", "UMD": null, "NUM": "104", "GUBUN": "면도", "Opened": "현황도로", "차선": "2", "도로폭": "10", "변경여부": null, "비고": null, "기존": "현황도로", "기타": null, "종점": null, "기점": null, "구분": null, "정비사항": null, "연장": "0.4" }, "geometry": { "type": "MultiLineString", "coordinates": [ [ [ 128.146851967191026, 35.035900820974902 ], [ 128.146889293725422, 35.03594007401076 ], [ 128.14693985858699, 35.035971003037318 ], [ 128.147146988949316, 35.036074175329702 ], [ 128.147228648520922, 35.036113253192305 ], [ 128.147288322203821, 35.036138992442652 ], [ 128.147353218757104, 35.03617074579963 ], [ 128.147548505199978, 35.03625985771783 ], [ 128.147700137376916, 35.036332962210736 ], [ 128.147782028521732, 35.03636804160535 ], [ 128.147790254784468, 35.036371560619244 ], [ 128.147877682184316, 35.036406444549193 ], [ 128.147964993930231, 35.036452459138971 ], [ 128.148019641017981, 35.036490789862043 ], [ 128.148089091052213, 35.036537778371041 ], [ 128.148145203143258, 35.036578561969172 ], [ 128.148239753408291, 35.036644087171993 ], [ 128.148295336536563, 35.036708364887708 ], [ 128.148320195089468, 35.036750145468226 ], [ 128.148355489107757, 35.03678955678113 ], [ 128.148390590682595, 35.036848543812177 ], [ 128.148431566153533, 35.036914918037489 ], [ 128.148460541299215, 35.036989779625209 ], [ 128.148493566578026, 35.03710516683163 ], [ 128.148520171155951, 35.037265801174279 ], [ 128.148544457801677, 35.037362649491449 ], [ 128.148573369273464, 35.037588160374177 ], [ 128.148605354100425, 35.037802669470409 ], [ 128.148607931827172, 35.037827753819649 ], [ 128.148610768527021, 35.037855336697383 ], [ 128.14871494763878, 35.038282194793766 ], [ 128.148745901108953, 35.038353410769787 ], [ 128.148757096509939, 35.038379177596759 ], [ 128.14888467615296, 35.038558989798993 ], [ 128.149092126171581, 35.038872779095357 ], [ 128.149177173978444, 35.039050532727664 ] ] ] } },
{ "type": "Feature", "properties": { "fid": 39, "UserID": null, "number": "정동104", "UMD": null, "NUM": "104", "GUBUN": "면도", "Opened": "현황도로", "차선": "2", "도로폭": "8", "변경여부": null, "비고": null, "기존": "현황도로", "기타": null, "종점": null, "기점": null, "구분": null, "정비사항": null, "연장": "0.6" }, "geometry": { "type": "MultiLineString", "coordinates": [ [ [ 128.155786420056558, 35.032962619865373 ], [ 128.155833279462712, 35.032841148324366 ], [ 128.155949301129425, 35.032642571308187 ], [ 128.156042562094939, 35.032533383752458 ], [ 128.156155343832665, 35.032457816887572 ], [ 128.156347045688477, 35.032403584458329 ], [ 128.157112515204858, 35.032328224913208 ], [ 128.157320427408877, 35.032304496920943 ], [ 128.157445516281143, 35.032251061236522 ], [ 128.157543809016687, 35.032177690709915 ], [ 128.157650344762231, 35.032031558130711 ], [ 128.157721454756881, 35.031974781397338 ], [ 128.157822741743217, 35.031929886771991 ], [ 128.158096461048331, 35.031803276229084 ], [ 128.158232550819235, 35.031698602859457 ], [ 128.158473067547192, 35.031372240001119 ], [ 128.158486720293297, 35.031354190854827 ], [ 128.158491537090669, 35.031347830424743 ], [ 128.15849662935949, 35.031341091101844 ], [ 128.158568547319476, 35.031246057562875 ], [ 128.158701916544572, 35.031118096385846 ], [ 128.158854063200948, 35.03102031664654 ], [ 128.159341965555456, 35.030908367803654 ], [ 128.161351760097034, 35.030571522601385 ] ] ] } },
{ "type": "Feature", "properties": { "fid": 41, "UserID": null, "number": "정동104", "UMD": null, "NUM": "104", "GUBUN": "면도", "Opened": "현황도로", "차선": "2", "도로폭": "8", "변경여부": "변경", "비고": "미확장-현황도로", "기존": "미확장", "기타": null, "종점": null, "기점": null, "구분": null, "정비사항": null, "연장": "0.1" }, "geometry": { "type": "MultiLineString", "coordinates": [ [ [ 128.161351760097034, 35.030571522601385 ], [ 128.161373828569708, 35.030466706653755 ], [ 128.161365041859284, 35.030394617939116 ], [ 128.161354110962861, 35.030323589491388 ], [ 128.161309127950148, 35.030162820860632 ], [ 128.161187135592399, 35.029865516605525 ], [ 128.161111378079369, 35.029677432268429 ] ] ] } },
{ "type": "Feature", "properties": { "fid": 42, "UserID": null, "number": "정동104", "UMD": null, "NUM": "104", "GUBUN": "면도", "Opened": "미개설", "차선": null, "도로폭": null, "변경여부": null, "비고": null, "기존": "미개설", "기타": null, "종점": null, "기점": null, "구분": null, "정비사항": null, "연장": "0.4" }, "geometry": { "type": "MultiLineString", "coordinates": [ [ [ 128.165780554435145, 35.028913773309341 ], [ 128.168446251480674, 35.030117672801282 ], [ 128.169483152401369, 35.030668319443969 ] ] ] } },
{ "type": "Feature", "properties": { "fid": 48, "UserID": null, "number": "정동301", "UMD": null, "NUM": "301", "GUBUN": "농도", "Opened": "현황도로", "차선": "1", "도로폭": "2.5", "변경여부": null, "비고": null, "기존": "미확장", "기타": null, "종점": null, "기점": null, "구분": null, "정비사항": null, "연장": "0.8" }, "geometry": { "type": "MultiLineString", "coordinates": [ [ [ 128.110468953812159, 35.058823872088034 ], [ 128.110391590139045, 35.058734738909514 ], [ 128.110340041152341, 35.058682948242449 ], [ 128.110260950439397, 35.058609530547855 ], [ 128.110145930192004, 35.058484436808747 ], [ 128.110061901886326, 35.058385276700655 ], [ 128.110037317332086, 35.058338668407302 ], [ 128.110021067391131, 35.058307849609022 ], [ 128.109934019404676, 35.058230380325028 ], [ 128.109840643355284, 35.058168349363072 ], [ 128.109773683086019, 35.058122610299549 ], [ 128.109614398807338, 35.057917116300963 ], [ 128.109565636504414, 35.057858135131291 ], [ 128.109553102000035, 35.057846541971372 ], [ 128.109543996861845, 35.057838119674784 ], [ 128.109505911454363, 35.057824472891838 ], [ 128.109452505169401, 35.057802457236377 ], [ 128.109419215857628, 35.057783230389688 ], [ 128.109373865864285, 35.057746140564788 ], [ 128.109301958647364, 35.057684636609494 ], [ 128.109183142895006, 35.057594314500101 ], [ 128.109006740374269, 35.057455212145804 ], [ 128.108781765713161, 35.057234758375365 ], [ 128.108680947012488, 35.057164839178199 ], [ 128.108627928854986, 35.057141465006261 ], [ 128.108573330415226, 35.057112220517809 ], [ 128.108498338684086, 35.057043167258172 ], [ 128.108464174343823, 35.05699965180802 ], [ 128.108431358205735, 35.056962185201762 ], [ 128.108370046176361, 35.056915315213978 ], [ 128.108316486069583, 35.056861201472884 ], [ 128.108225702441075, 35.056742548615347 ], [ 128.108211903324019, 35.056731360619139 ], [ 128.108193449764343, 35.05672482527946 ], [ 128.108159773875116, 35.056717006114681 ], [ 128.108116711878949, 35.056715517284452 ], [ 128.10804178689267, 35.056720914314781 ], [ 128.107782742971494, 35.056753536351309 ], [ 128.107729666270018, 35.056765763997397 ], [ 128.107521817355291, 35.056828046920359 ], [ 128.107447622712527, 35.056846878820124 ], [ 128.107411400955101, 35.056851388942889 ], [ 128.10738721947979, 35.056847425131984 ], [ 128.107326670038475, 35.056811105832793 ], [ 128.107216350405878, 35.056749155287179 ], [ 128.107123785140146, 35.056718665851562 ], [ 128.107119870807139, 35.056715752730284 ], [ 128.10703966358264, 35.05662956184748 ], [ 128.107031967043156, 35.056604583255663 ], [ 128.107085441809261, 35.05636584494588 ], [ 128.107066242065684, 35.056233739282135 ], [ 128.107198833571317, 35.055736730422787 ], [ 128.107235095470372, 35.055668653242606 ] ] ] } },
{ "type": "Feature", "properties": { "fid": 49, "UserID": null, "number": "정동301", "UMD": null, "NUM": "301", "GUBUN": "농도", "Opened": "미개설", "차선": null, "도로폭": null, "변경여부": null, "비고": null, "기존": "미개설", "기타": null, "종점": null, "기점": null, "구분": null, "정비사항": null, "연장": "0.1" }, "geometry": { "type": "MultiLineString", "coordinates": [ [ [ 128.106755543712012, 35.053658442051621 ], [ 128.105524440235371, 35.05332986277746 ] ] ] } },
{ "type": "Feature", "properties": { "fid": 53, "UserID": null, "number": "정동302", "UMD": null, "NUM": "302", "GUBUN": "농도", "Opened": "미확장", "차선": "1", "도로폭": "2.5", "변경여부": null, "비고": null, "기존": "미확장", "기타": null, "종점": null, "기점": "고읍리 350", "구분": "노선단축", "정비사항": "도시계획도로 노선 제외", "연장": "1.2" }, "geometry": { "type": "MultiLineString", "coordinates": [ [ [ 128.086296550674234, 35.058454736746143 ], [ 128.086344518265946, 35.058562609418161 ], [ 128.086386960801264, 35.058680580256897 ], [ 128.086404294982543, 35.058753196012077 ], [ 128.086404042547287, 35.058833791083337 ], [ 128.086408573941043, 35.058887555991738 ], [ 128.086426872573554, 35.058945198905334 ], [ 128.086453190033694, 35.059001393682998 ], [ 128.086507652958659, 35.059065762883314 ], [ 128.086562997290116, 35.05912478898874 ], [ 128.086616138056797, 35.059190761550383 ], [ 128.086693583756045, 35.059265199185717 ], [ 128.086920050396287, 35.059451468009392 ], [ 128.086964316897308, 35.059486584067095 ], [ 128.087140835617589, 35.059603411127505 ], [ 128.087258934466234, 35.059671531437772 ], [ 128.08735429507712, 35.059729169073819 ], [ 128.087402638730879, 35.059786993170022 ], [ 128.087457929489148, 35.059872603528696 ], [ 128.087466830291561, 35.059886388841484 ], [ 128.087497159947077, 35.059978012263713 ], [ 128.087581410500718, 35.060153279770901 ], [ 128.087766652318777, 35.060496847226418 ], [ 128.087812118229294, 35.06063692291994 ], [ 128.08792191985853, 35.060952151920752 ], [ 128.087935470817001, 35.061318058877902 ], [ 128.087954135195133, 35.061430595319315 ], [ 128.087983813478246, 35.06149909742696 ], [ 128.089041443239836, 35.061578573920727 ], [ 128.089092306943229, 35.06189386735857 ], [ 128.089076249301201, 35.062122537888634 ], [ 128.089114130244525, 35.062418758627921 ], [ 128.089085052982028, 35.06278535963218 ], [ 128.088988334879133, 35.063011265430269 ], [ 128.088832169976911, 35.063234215889842 ], [ 128.088756618680719, 35.063456442521726 ], [ 128.088769681003555, 35.063641239669586 ], [ 128.088916649072559, 35.063844023884478 ], [ 128.088956873663847, 35.063997176568947 ], [ 128.089043747154847, 35.064148165896022 ], [ 128.089263750074736, 35.06441832836942 ], [ 128.089575754435032, 35.06458648438516 ], [ 128.090095988348281, 35.06477719084107 ], [ 128.090158358041919, 35.064999923031181 ], [ 128.09015543708017, 35.065099384352344 ], [ 128.090295083244001, 35.065070217460708 ], [ 128.090882030926224, 35.064693366446008 ], [ 128.091054092341352, 35.064868010669372 ], [ 128.091821850761875, 35.065641753864384 ], [ 128.091839763434251, 35.065712243817615 ], [ 128.091900911163322, 35.065763155312091 ], [ 128.092123896427665, 35.065857965890054 ], [ 128.092193995151092, 35.06594368611394 ], [ 128.092271526303563, 35.066227880788496 ] ] ] } },
{ "type": "Feature", "properties": { "fid": 54, "UserID": null, "number": "정동303", "UMD": null, "NUM": "303", "GUBUN": "농도", "Opened": "현황도로", "차선": "2", "도로폭": "10", "변경여부": null, "비고": null, "기존": "현황도로", "기타": null, "종점": null, "기점": null, "구분": null, "정비사항": null, "연장": "0.5" }, "geometry": { "type": "MultiLineString", "coordinates": [ [ [ 128.084878036565129, 35.0723185444104 ], [ 128.084947229515905, 35.072269003465863 ], [ 128.085356300113602, 35.071989130823809 ], [ 128.085498820879877, 35.071917803483174 ], [ 128.085579535826867, 35.071851831863881 ], [ 128.085707406601443, 35.071755210527407 ], [ 128.087520583460844, 35.070518013514423 ], [ 128.087678014863258, 35.070425569615445 ], [ 128.08802870624686, 35.07015981337932 ], [ 128.088267349898416, 35.070000569867538 ], [ 128.088952946019987, 35.069521355389035 ], [ 128.089120318928707, 35.069433698317418 ], [ 128.089166777107806, 35.069409360348153 ] ] ] } },
{ "type": "Feature", "properties": { "fid": 57, "UserID": null, "number": "정동303", "UMD": null, "NUM": "303", "GUBUN": "농도", "Opened": "미확장", "차선": "1", "도로폭": "2.5", "변경여부": null, "비고": null, "기존": "미확장", "기타": null, "종점": null, "기점": null, "구분": null, "정비사항": null, "연장": "0.3" }, "geometry": { "type": "MultiLineString", "coordinates": [ [ [ 128.111342303079908, 35.06285381238191 ], [ 128.111349913513209, 35.062861539230362 ], [ 128.113119803715733, 35.064685756336985 ] ] ] } },
{ "type": "Feature", "properties": { "fid": 58, "UserID": null, "number": "정동304", "UMD": null, "NUM": "304", "GUBUN": "농도", "Opened": "현황도로", "차선": "1~2", "도로폭": "8~10", "변경여부": null, "비고": null, "기존": "현황도로", "기타": null, "종점": null, "기점": null, "구분": null, "정비사항": null, "연장": "0.6" }, "geometry": { "type": "MultiLineString", "coordinates": [ [ [ 128.101678155766677, 35.064527177051765 ], [ 128.101679159792894, 35.064528517215741 ], [ 128.101892201556836, 35.064686537748578 ], [ 128.101947367959895, 35.064732684301539 ], [ 128.102101167630735, 35.064866069846246 ], [ 128.102208630398621, 35.064948132280719 ], [ 128.102308219783851, 35.06501777268403 ], [ 128.102624811484475, 35.065224225437731 ], [ 128.10281687967219, 35.065353085399273 ], [ 128.103000464711755, 35.065477299881792 ], [ 128.103216367706381, 35.065621172074252 ], [ 128.103319032395262, 35.065678789289919 ], [ 128.103380953352627, 35.065699633140611 ], [ 128.10346322126199, 35.065724634788133 ], [ 128.103581531474475, 35.065747103539465 ], [ 128.103708489353238, 35.065777573127804 ], [ 128.103824584509994, 35.065804193050099 ], [ 128.103925400866814, 35.065835246594823 ], [ 128.103976995237531, 35.065873845257379 ], [ 128.104019215586277, 35.065917830990109 ], [ 128.104890019327769, 35.066882295276187 ], [ 128.106240847395014, 35.068378359759834 ], [ 128.106288066980568, 35.068428826903954 ] ] ] } },
{ "type": "Feature", "properties": { "fid": 59, "UserID": null, "number": "정동304", "UMD": null, "NUM": "304", "GUBUN": "농도", "Opened": "미확장", "차선": "1", "도로폭": "2.5", "변경여부": null, "비고": null, "기존": "미확장", "기타": null, "종점": null, "기점": null, "구분": null, "정비사항": null, "연장": "0.3" }, "geometry": { "type": "MultiLineString", "coordinates": [ [ [ 128.099530156837886, 35.063150546588979 ], [ 128.099548784364686, 35.063175219319405 ], [ 128.099575643569665, 35.06321692531229 ], [ 128.099600537535451, 35.063251928812051 ], [ 128.099636074872961, 35.063290012867107 ], [ 128.099644627873118, 35.063302749167676 ], [ 128.100291819197849, 35.063416135381544 ], [ 128.100370063779081, 35.063553622031421 ], [ 128.10043562775283, 35.06360013962184 ], [ 128.100548206309213, 35.063734173796718 ], [ 128.100949147470374, 35.064006927932617 ], [ 128.101066951191569, 35.064156074429313 ], [ 128.10127906414462, 35.06428398379618 ], [ 128.101270605437605, 35.064276550347131 ], [ 128.101066951191569, 35.064156074429313 ] ], [ [ 128.10127906414462, 35.06428398379618 ], [ 128.101482983365912, 35.064334825294658 ], [ 128.101610967947011, 35.064442834884481 ], [ 128.101652459637023, 35.064492878119282 ], [ 128.101678155766677, 35.064527177051765 ] ] ] } },
{ "type": "Feature", "properties": { "fid": 60, "UserID": null, "number": "정동304", "UMD": null, "NUM": "304", "GUBUN": "농도", "Opened": "미확장", "차선": "1", "도로폭": "2.5", "변경여부": null, "비고": null, "기존": "미확장", "기타": null, "종점": null, "기점": null, "구분": null, "정비사항": null, "연장": "0.4" }, "geometry": { "type": "MultiLineString", "coordinates": [ [ [ 128.106288066980568, 35.068428826903954 ], [ 128.109479387863018, 35.066490538467448 ], [ 128.109813858139432, 35.066364986084821 ], [ 128.109956818017793, 35.066343262441336 ], [ 128.110167866316885, 35.066399585200124 ], [ 128.110277193032999, 35.066451446069408 ] ] ] } },
{ "type": "Feature", "properties": { "fid": 61, "UserID": null, "number": "정동304", "UMD": null, "NUM": "304", "GUBUN": "농도", "Opened": "현황도로", "차선": "2", "도로폭": "8", "변경여부": null, "비고": null, "기존": "현황도로", "기타": null, "종점": null, "기점": null, "구분": null, "정비사항": null, "연장": "1.1" }, "geometry": { "type": "MultiLineString", "coordinates": [ [ [ 128.11307625287003, 35.067257215002314 ], [ 128.113141035349912, 35.067324887863229 ], [ 128.113150103559576, 35.067389247022732 ], [ 128.113170539777343, 35.067448107069048 ], [ 128.113237888421139, 35.067544605942821 ], [ 128.113380015335906, 35.067727584965596 ], [ 128.113495089268639, 35.067874392456147 ], [ 128.113604456074199, 35.067998609555666 ], [ 128.113756618566555, 35.068146925207039 ], [ 128.113889036653518, 35.068270749290569 ], [ 128.113984659700151, 35.068353177184285 ], [ 128.114113520081929, 35.068457958560259 ], [ 128.114351636889893, 35.068622742642702 ], [ 128.114541954360902, 35.068761801431748 ], [ 128.114716400094323, 35.068901526737235 ], [ 128.114933257280825, 35.069115798358851 ], [ 128.115219948980837, 35.069506008626249 ], [ 128.115319673235661, 35.069622349947174 ], [ 128.115417523490237, 35.069739466427528 ], [ 128.115531722014225, 35.069869060905084 ], [ 128.115570862890991, 35.069917917914971 ], [ 128.115598243557429, 35.069959186432307 ], [ 128.11602360378734, 35.070481112813823 ], [ 128.11610126744975, 35.070547390116381 ], [ 128.11651872034895, 35.070863125142431 ], [ 128.116815188281691, 35.070994225601488 ], [ 128.116921051371321, 35.071047197839363 ], [ 128.117003869753148, 35.071083522881011 ], [ 128.117147311180844, 35.071136299134402 ], [ 128.117281572722618, 35.071181377869735 ], [ 128.117554166662188, 35.07132808296079 ], [ 128.11767937085807, 35.071458637587362 ], [ 128.117724880488566, 35.071519828572114 ], [ 128.11781905414648, 35.071611175074445 ], [ 128.117880230625218, 35.071663218719557 ], [ 128.11795386267778, 35.07170520948366 ], [ 128.118021790051841, 35.07172863623385 ], [ 128.118143131457686, 35.071777148118066 ], [ 128.118392022296234, 35.071905359487538 ], [ 128.118548404638261, 35.071981449215492 ], [ 128.118644536586402, 35.072020299072726 ], [ 128.118817697957354, 35.072074925190606 ], [ 128.119018938609742, 35.072132712348427 ], [ 128.119085292554246, 35.072156285739865 ], [ 128.119134575148109, 35.072176221369745 ], [ 128.119182603107532, 35.072199159534016 ], [ 128.119260447487648, 35.072244014742452 ], [ 128.119376092093432, 35.072299703580839 ], [ 128.119474495865035, 35.07235463284831 ], [ 128.119659465075188, 35.07244397803283 ], [ 128.11999840860426, 35.072592689966335 ], [ 128.120188921836274, 35.072675567172809 ], [ 128.120321049130354, 35.072731325841666 ], [ 128.120431150145038, 35.072778307582404 ], [ 128.12073688460211, 35.072902726613101 ], [ 128.120890834814418, 35.072963579810398 ], [ 128.121033531444652, 35.073008973755407 ], [ 128.121174330296469, 35.073042623706705 ], [ 128.121365958512854, 35.073084282946368 ], [ 128.121587900563696, 35.073130065602456 ], [ 128.121769859467918, 35.073160084595173 ], [ 128.121833121633301, 35.073187147835334 ], [ 128.121905941040126, 35.073243064798241 ] ] ] } },
{ "type": "Feature", "properties": { "fid": 63, "UserID": null, "number": "정동304", "UMD": null, "NUM": "304", "GUBUN": "농도", "Opened": "미개설", "차선": null, "도로폭": null, "변경여부": null, "비고": null, "기존": "미개설", "기타": null, "종점": null, "기점": null, "구분": null, "정비사항": null, "연장": "0.1" }, "geometry": { "type": "MultiLineString", "coordinates": [ [ [ 128.120955758431904, 35.076672758707879 ], [ 128.120533452331586, 35.077233757554922 ] ] ] } },
{ "type": "Feature", "properties": { "fid": 64, "UserID": null, "number": "정동305", "UMD": null, "NUM": "305", "GUBUN": "농도", "Opened": "현황도로", "차선": "1", "도로폭": "4", "변경여부": null, "비고": null, "기존": "현황도로", "기타": null, "종점": null, "기점": null, "구분": null, "정비사항": null, "연장": "0.7" }, "geometry": { "type": "MultiLineString", "coordinates": [ [ [ 128.136936870097941, 35.054491141627416 ], [ 128.136955633482671, 35.054437249291595 ], [ 128.137011088049292, 35.054258116454626 ], [ 128.137138474845642, 35.053746542746232 ], [ 128.137344479447108, 35.052996990365074 ], [ 128.137357068226549, 35.052927772617991 ], [ 128.137390209391924, 35.052836041336342 ], [ 128.137484984611177, 35.052601987823607 ], [ 128.137561173587699, 35.052418500992111 ], [ 128.137639556221785, 35.052220744337312 ], [ 128.137685392779616, 35.052105387068103 ], [ 128.137750551801986, 35.051804737408588 ], [ 128.137797405188508, 35.051592750876118 ], [ 128.137853719782072, 35.051355622154638 ], [ 128.137902049980056, 35.051132721953415 ], [ 128.137954708767779, 35.050886883864926 ], [ 128.138008473153519, 35.050665422805793 ], [ 128.138026876724126, 35.050599728941684 ], [ 128.138030456270513, 35.050518523762065 ], [ 128.138031214515138, 35.050284640888641 ], [ 128.138031556429723, 35.050252151058658 ], [ 128.138112296686131, 35.050121356052522 ], [ 128.138164745718313, 35.050024812687646 ], [ 128.138189210178098, 35.049933392188919 ], [ 128.138201016739401, 35.049847203628744 ], [ 128.138497822370738, 35.048631288858246 ], [ 128.138630820073388, 35.048095748950352 ] ] ] } },
{ "type": "Feature", "properties": { "fid": 65, "UserID": null, "number": "정동305", "UMD": null, "NUM": "305", "GUBUN": "농도", "Opened": "미개설", "차선": null, "도로폭": null, "변경여부": null, "비고": null, "기존": "미개설", "기타": null, "종점": null, "기점": null, "구분": null, "정비사항": null, "연장": "0.4" }, "geometry": { "type": "MultiLineString", "coordinates": [ [ [ 128.138630820073388, 35.048095748950352 ], [ 128.138827577299907, 35.047303456749404 ], [ 128.138989204501769, 35.046556774742854 ], [ 128.139063913706423, 35.044686261810156 ], [ 128.139089903877959, 35.044602610645235 ] ] ] } },
{ "type": "Feature", "properties": { "fid": 66, "UserID": null, "number": "정동305", "UMD": null, "NUM": "305", "GUBUN": "농도", "Opened": "미확장", "차선": "1", "도로폭": "2.5", "변경여부": null, "비고": null, "기존": "미확장", "기타": null, "종점": null, "기점": null, "구분": null, "정비사항": null, "연장": "3.2" }, "geometry": { "type": "MultiLineString", "coordinates": [ [ [ 128.139089903877959, 35.044602610645235 ], [ 128.139200436905298, 35.044246850522818 ], [ 128.139322774842128, 35.043390141933457 ], [ 128.13948469933618, 35.042967740902903 ], [ 128.139860745062464, 35.041653269724023 ], [ 128.140185443196884, 35.040870555004282 ], [ 128.14104323172046, 35.039813739251237 ], [ 128.141230427958789, 35.039701583633814 ], [ 128.141206963520943, 35.039522412725994 ], [ 128.141197376315802, 35.039436256930244 ], [ 128.141820515700886, 35.038398891874721 ], [ 128.142084992578162, 35.038113515633142 ], [ 128.143039922774676, 35.036807382872404 ], [ 128.143462459362468, 35.036427368737641 ], [ 128.144287936451207, 35.036067702339608 ], [ 128.144804563610336, 35.035517753978176 ], [ 128.145158877959858, 35.035059031389153 ], [ 128.145353013607689, 35.034849424578148 ], [ 128.145419529092123, 35.034757191112064 ], [ 128.145507501211455, 35.034649182297329 ], [ 128.145537310457115, 35.034600621105106 ], [ 128.145576155382201, 35.034432714239557 ], [ 128.145591105112089, 35.034378874538639 ], [ 128.145600992219926, 35.03433868145617 ], [ 128.145630113191544, 35.034262844403031 ], [ 128.145569836264286, 35.034151293740805 ], [ 128.145547856655014, 35.034079054622595 ], [ 128.145555861735744, 35.033901312264121 ], [ 128.145460237132568, 35.033793712476459 ], [ 128.145402147630904, 35.033751606750563 ], [ 128.145321816586375, 35.033688117545246 ], [ 128.145313610664431, 35.033681633103001 ], [ 128.145247731790107, 35.033625690872334 ], [ 128.145187588011169, 35.033552573496806 ], [ 128.145092444805471, 35.033449915582672 ], [ 128.145011959219971, 35.033367677228028 ], [ 128.144905647409246, 35.033289420714432 ], [ 128.144884480821219, 35.033274254997117 ], [ 128.144835349372727, 35.033239071424134 ], [ 128.1447989081353, 35.033214342817757 ], [ 128.144763464143068, 35.033189612227396 ], [ 128.144722489586002, 35.033126372545723 ], [ 128.144708247894357, 35.033065080081606 ], [ 128.144682029788783, 35.03301104897249 ], [ 128.144586426113108, 35.03291483198489 ], [ 128.144481220658065, 35.032825162944434 ], [ 128.144433000953768, 35.032788759826126 ], [ 128.144367094063313, 35.032732862870816 ], [ 128.144341386834839, 35.032674013131498 ], [ 128.144325266288831, 35.032633176763689 ], [ 128.144293794919435, 35.032565948912293 ], [ 128.144192180829265, 35.032362240511318 ], [ 128.14412980913653, 35.032214070379226 ], [ 128.144097230548311, 35.03211963223346 ], [ 128.144029826111534, 35.031986469842423 ], [ 128.144049735594223, 35.031918136693029 ], [ 128.14410698253829, 35.031844633678695 ], [ 128.144156528226205, 35.031771076229845 ], [ 128.144178233139456, 35.031659312523111 ], [ 128.144163734805005, 35.031572632765709 ], [ 128.144167536503545, 35.03145440765141 ], [ 128.144186663892555, 35.031331128793916 ], [ 128.144209679733336, 35.031106284361492 ], [ 128.144242446106176, 35.030918579635937 ], [ 128.14426897607558, 35.030836412974459 ], [ 128.144262641759184, 35.030705446389092 ], [ 128.144294261578551, 35.030627538956431 ], [ 128.144380053100349, 35.030524674407943 ], [ 128.144582307349964, 35.030331831547265 ], [ 128.144688898617773, 35.030203773919474 ], [ 128.144868158519415, 35.030000210003038 ], [ 128.145008692436818, 35.029817488941752 ], [ 128.145078595787822, 35.029760967891939 ], [ 128.14529864139601, 35.029647536790556 ], [ 128.145481093180393, 35.029567424746098 ], [ 128.145566221804529, 35.029527903945272 ], [ 128.145602907849081, 35.029456366804865 ], [ 128.145684134714486, 35.02929856637342 ], [ 128.145762002132273, 35.029216761357631 ], [ 128.146280360612025, 35.028990246106339 ], [ 128.146429926210914, 35.028925839023266 ], [ 128.146599939340234, 35.028870022366021 ], [ 128.146746805642891, 35.028818265735815 ], [ 128.146968728816972, 35.028707911407167 ], [ 128.147170049866673, 35.02860374657196 ], [ 128.147405267849962, 35.028449140495781 ], [ 128.147446822170139, 35.028402976758755 ], [ 128.147414440107354, 35.028307724894702 ], [ 128.147343619879081, 35.028205867567429 ], [ 128.147242457839866, 35.028059452105609 ], [ 128.147186380631496, 35.028021047781777 ], [ 128.147056319897274, 35.028011712197255 ], [ 128.14692442397174, 35.028032446816177 ], [ 128.14677300286553, 35.0280313805006 ], [ 128.146605348463595, 35.028008536366563 ], [ 128.146470837315633, 35.027964262223406 ], [ 128.146342980314756, 35.027907414085419 ], [ 128.146186903317613, 35.027857746422178 ], [ 128.146072095324342, 35.027789364652222 ], [ 128.145952527644511, 35.027685051273508 ], [ 128.145929997296548, 35.027629989701694 ], [ 128.145833906323276, 35.027489943756478 ], [ 128.145767826537679, 35.027426128530372 ], [ 128.1456660961274, 35.027334610501853 ], [ 128.14562331685579, 35.02725195470736 ], [ 128.14559341622342, 35.027165166434081 ], [ 128.145587366044452, 35.027006750456046 ], [ 128.145572492807844, 35.026955966103735 ], [ 128.145488643440757, 35.026873020606281 ], [ 128.145392266405992, 35.0267766549226 ], [ 128.145327525287655, 35.026704818999448 ], [ 128.145168781094895, 35.026528677786132 ], [ 128.145072010063387, 35.02645408740544 ], [ 128.145010470880749, 35.026447318202408 ], [ 128.144951212293677, 35.026468016438692 ], [ 128.144736596755251, 35.026616428323663 ], [ 128.144648992025481, 35.02664748452257 ], [ 128.144566829478606, 35.026649016066365 ], [ 128.144492521848207, 35.026635821512507 ], [ 128.144064084093344, 35.02636461661421 ], [ 128.143959393151476, 35.026311085840696 ], [ 128.143867117773823, 35.026297763949827 ], [ 128.143712884451816, 35.026317790406772 ], [ 128.143553318766891, 35.026356783768321 ], [ 128.143516963291432, 35.026396647999391 ], [ 128.143441761571069, 35.026848212150973 ], [ 128.143410699353183, 35.026985045369791 ], [ 128.143359876240964, 35.027181068889895 ], [ 128.143330581127117, 35.027282220643905 ], [ 128.14327210101095, 35.02747396668498 ], [ 128.143206692258616, 35.027591756168157 ], [ 128.14316757050733, 35.027650605509358 ], [ 128.143090099354367, 35.027694402093502 ], [ 128.142821726350149, 35.027827648770426 ], [ 128.142685281750886, 35.027864692897346 ], [ 128.142587694325442, 35.027868225581713 ], [ 128.142472425541627, 35.02784418167569 ], [ 128.142365056422335, 35.027801188792992 ], [ 128.142191124149491, 35.027740831393231 ], [ 128.142075700981508, 35.027731567521592 ], [ 128.141975590976671, 35.027730858564929 ], [ 128.141898428564645, 35.027745093564064 ], [ 128.141805621427835, 35.027782445769006 ], [ 128.141674045020011, 35.027844862957949 ], [ 128.14159128427508, 35.027903402602831 ], [ 128.141266922329834, 35.027989792951047 ], [ 128.141187236871417, 35.027999786325061 ], [ 128.140935478493077, 35.028017006208081 ], [ 128.140737249331323, 35.028070503160386 ], [ 128.140638997551747, 35.028137378848157 ], [ 128.140444861188996, 35.028290151558828 ], [ 128.140147772408994, 35.028441852258013 ], [ 128.140058510050721, 35.028490087034136 ], [ 128.1399672747593, 35.02854438261069 ], [ 128.139910691148799, 35.028554539133758 ], [ 128.13991041677221, 35.028554383603179 ] ], [ [ 128.139581474928605, 35.027960072559004 ], [ 128.139643824753051, 35.028054296631332 ], [ 128.139668585499919, 35.028141049814614 ], [ 128.139674314045465, 35.02832902668672 ], [ 128.139730055489338, 35.028399106710644 ], [ 128.139823924537268, 35.028505355343775 ], [ 128.13991041677221, 35.028554383603165 ] ] ] } },
{ "type": "Feature", "properties": { "fid": 67, "UserID": null, "number": "정동306", "UMD": null, "NUM": "306", "GUBUN": "농도", "Opened": "현황도로", "차선": "1", "도로폭": "4", "변경여부": "변경", "비고": "미확장-현황도로", "기존": "미확장", "기타": null, "종점": null, "기점": null, "구분": null, "정비사항": null, "연장": "0.5" }, "geometry": { "type": "MultiLineString", "coordinates": [ [ [ 128.161233446883273, 35.032087074507764 ], [ 128.16118734489865, 35.032113948742591 ], [ 128.161002671701965, 35.032223778138309 ], [ 128.160908215091638, 35.032284523238062 ], [ 128.16060355406313, 35.032532958236679 ], [ 128.160394461066574, 35.032650585327012 ], [ 128.160365468805338, 35.032663111311145 ], [ 128.159990177240672, 35.032816045556579 ], [ 128.159023528240766, 35.033149754815341 ], [ 128.156336860129983, 35.034098314975068 ] ] ] } },
{ "type": "Feature", "properties": { "fid": 68, "UserID": null, "number": "정동306", "UMD": null, "NUM": "306", "GUBUN": "농도", "Opened": "현황도로", "차선": "2", "도로폭": "6", "변경여부": null, "비고": null, "기존": "현황도로", "기타": null, "종점": null, "기점": null, "구분": null, "정비사항": null, "연장": "0.1" }, "geometry": { "type": "MultiLineString", "coordinates": [ [ [ 128.156336860129983, 35.034098314975068 ], [ 128.156060456461773, 35.033532639229009 ] ] ] } },
{ "type": "Feature", "properties": { "fid": 69, "UserID": null, "number": "정동306", "UMD": null, "NUM": "306", "GUBUN": "농도", "Opened": "현황도로", "차선": "1", "도로폭": "5", "변경여부": "변경", "비고": "미확장-현황도로", "기존": "미확장", "기타": null, "종점": null, "기점": null, "구분": null, "정비사항": null, "연장": "0.4" }, "geometry": { "type": "MultiLineString", "coordinates": [ [ [ 128.156060456461773, 35.033532639229009 ], [ 128.151702755745532, 35.035028950418052 ] ] ] } },
{ "type": "Feature", "properties": { "fid": 70, "UserID": null, "number": "정동306", "UMD": null, "NUM": "306", "GUBUN": "농도", "Opened": "현황도로", "차선": "1", "도로폭": "5", "변경여부": null, "비고": null, "기존": "현황도로", "기타": null, "종점": null, "기점": null, "구분": null, "정비사항": null, "연장": "0.4" }, "geometry": { "type": "MultiLineString", "coordinates": [ [ [ 128.151702755745532, 35.035028950418052 ], [ 128.149546279549753, 35.035769345536146 ], [ 128.147790254784468, 35.036371560619244 ] ] ] } },
{ "type": "Feature", "properties": { "fid": 73, "UserID": null, "number": "정동307", "UMD": null, "NUM": "307", "GUBUN": "농도", "Opened": "미개설", "차선": null, "도로폭": null, "변경여부": null, "비고": null, "기존": "미개설", "기타": null, "종점": null, "기점": "예수리 757-1", "구분": null, "정비사항": null, "연장": "0.1" }, "geometry": { "type": "MultiLineString", "coordinates": [ [ [ 128.085792543910969, 35.067340918145192 ], [ 128.086859245058378, 35.066611870728124 ] ] ] } },
{ "type": "Feature", "properties": { "fid": 74, "UserID": null, "number": "정동307", "UMD": null, "NUM": "307", "GUBUN": "농도", "Opened": "현황도로", "차선": "2", "도로폭": "10", "변경여부": null, "비고": null, "기존": "현황도로", "기타": null, "종점": null, "기점": "예수리 757-1", "구분": null, "정비사항": null, "연장": "0.3" }, "geometry": { "type": "MultiLineString", "coordinates": [ [ [ 128.086859245058378, 35.066611870728124 ], [ 128.087158154828131, 35.066925449652345 ], [ 128.087230443090363, 35.067018193481118 ], [ 128.087245835821221, 35.067184976851181 ], [ 128.088687591833633, 35.068628464819334 ], [ 128.088747060026975, 35.068693810471835 ] ] ] } },
{ "type": "Feature", "properties": { "fid": 75, "UserID": null, "number": "정동307", "UMD": null, "NUM": "307", "GUBUN": "농도", "Opened": "미개설", "차선": null, "도로폭": null, "변경여부": null, "비고": null, "기존": "미개설", "기타": null, "종점": null, "기점": "예수리 757-1", "구분": null, "정비사항": null, "연장": "0.1" }, "geometry": { "type": "MultiLineString", "coordinates": [ [ [ 128.088747060026975, 35.068693810471835 ], [ 128.089303431248453, 35.069305169896943 ] ] ] } },
{ "type": "Feature", "properties": { "fid": 76, "UserID": null, "number": "정동307", "UMD": null, "NUM": "307", "GUBUN": "농도", "Opened": "현황도로", "차선": "2", "도로폭": "10", "변경여부": null, "비고": null, "기존": "현황도로", "기타": null, "종점": null, "기점": "예수리 757-1", "구분": null, "정비사항": null, "연장": "0.3" }, "geometry": { "type": "MultiLineString", "coordinates": [ [ [ 128.089303431248453, 35.069305169896943 ], [ 128.086875055312987, 35.070975982697263 ] ] ] } },
{ "type": "Feature", "properties": { "fid": 77, "UserID": null, "number": "정동307", "UMD": null, "NUM": "307", "GUBUN": "농도", "Opened": "미확장", "차선": "1", "도로폭": "2.5", "변경여부": "변경", "비고": "미개설-미확장", "기존": "미개설", "기타": null, "종점": null, "기점": "예수리 757-1", "구분": null, "정비사항": null, "연장": "0.2" }, "geometry": { "type": "MultiLineString", "coordinates": [ [ [ 128.086875055312987, 35.070975982697263 ], [ 128.087013522571226, 35.071309614385456 ], [ 128.08716453938041, 35.071604709294817 ], [ 128.087857599438678, 35.072288462861003 ], [ 128.087928852059832, 35.072402171379764 ], [ 128.087967516699706, 35.072451675135312 ] ] ] } },
{ "type": "Feature", "properties": { "fid": 78, "UserID": null, "number": "정동307", "UMD": null, "NUM": "307", "GUBUN": "농도", "Opened": "현황도로", "차선": "2", "도로폭": "8", "변경여부": null, "비고": null, "기존": "현황도로", "기타": null, "종점": null, "기점": "예수리 757-1", "구분": null, "정비사항": null, "연장": "0.2" }, "geometry": { "type": "MultiLineString", "coordinates": [ [ [ 128.087967516699706, 35.072451675135312 ], [ 128.08812087010017, 35.072623208183145 ], [ 128.08860864929116, 35.073155590697709 ], [ 128.088659325776746, 35.073211448870929 ], [ 128.088671740843267, 35.073224845915249 ], [ 128.088751643467248, 35.073309514140227 ], [ 128.089358040375885, 35.073990243563806 ] ] ] } },
{ "type": "Feature", "properties": { "fid": 79, "UserID": null, "number": "정동308", "UMD": null, "NUM": "308", "GUBUN": "농도", "Opened": "현황도로", "차선": "1", "도로폭": "6", "변경여부": null, "비고": null, "기존": "현황도로", "기타": null, "종점": null, "기점": null, "구분": null, "정비사항": null, "연장": "0.1" }, "geometry": { "type": "MultiLineString", "coordinates": [ [ [ 128.139821140156727, 35.054697037943193 ], [ 128.140649725448412, 35.055127422809399 ], [ 128.140893421077692, 35.055255338709962 ], [ 128.140954598610506, 35.055287445595027 ], [ 128.140980389226627, 35.055313677126094 ] ] ] } },
{ "type": "Feature", "properties": { "fid": 80, "UserID": null, "number": "정동308", "UMD": null, "NUM": "308", "GUBUN": "농도", "Opened": "현황도로", "차선": "1", "도로폭": "3", "변경여부": "변경", "비고": "미확장-현황도로", "기존": "미확장", "기타": null, "종점": null, "기점": null, "구분": null, "정비사항": null, "연장": "0.4" }, "geometry": { "type": "MultiLineString", "coordinates": [ [ [ 128.140980389226627, 35.055313677126094 ], [ 128.141005376846664, 35.055351674399411 ], [ 128.141024999782985, 35.055399521270182 ], [ 128.141035445765368, 35.05542669851944 ], [ 128.141064649425431, 35.055502707964081 ], [ 128.141160172471075, 35.055732000150286 ], [ 128.141175254193058, 35.055773902030197 ], [ 128.141200925558167, 35.055838700816778 ], [ 128.141221901935722, 35.055894434923751 ], [ 128.141289934898566, 35.055971107214511 ], [ 128.141332959900808, 35.05599497318083 ], [ 128.1414151006922, 35.056020378312901 ], [ 128.141478297807737, 35.056070075296176 ], [ 128.141516391447112, 35.056110562920942 ], [ 128.141556564229944, 35.056162890793431 ], [ 128.141578041689172, 35.056195950788016 ], [ 128.141618678667641, 35.056243739198955 ], [ 128.141751074492902, 35.056383438110132 ], [ 128.141799527928754, 35.056422782258345 ], [ 128.141901882511604, 35.056458605525521 ], [ 128.141946528764237, 35.056495164553397 ], [ 128.14199176291666, 35.056540479697809 ], [ 128.142413205275346, 35.056890163436663 ], [ 128.142415356978205, 35.056891945290772 ], [ 128.142418768727055, 35.056897963330954 ], [ 128.142440950634011, 35.056937076122267 ], [ 128.142517247191222, 35.057154333455003 ], [ 128.142566897209946, 35.05721661574426 ], [ 128.142603934860915, 35.05724918182613 ], [ 128.14261961430293, 35.05726445329249 ], [ 128.14265096272365, 35.057288668769985 ], [ 128.142684493544493, 35.057318019274049 ], [ 128.142762010339339, 35.057383211768588 ], [ 128.142844996079361, 35.057448497001488 ], [ 128.142871530933974, 35.057468676423944 ], [ 128.142909280416262, 35.057501328571121 ], [ 128.142967261595885, 35.057555242170949 ], [ 128.142994781467138, 35.057596519786614 ], [ 128.143033057670692, 35.057656359899582 ], [ 128.143093957458888, 35.057761345730114 ], [ 128.143212281309985, 35.057924306093064 ], [ 128.143257097537543, 35.057998181128433 ], [ 128.143279154589749, 35.058038816138151 ], [ 128.143301074108621, 35.058093646203361 ], [ 128.143304159314738, 35.05814764900456 ], [ 128.143301338085479, 35.058184709985021 ], [ 128.143330234009738, 35.058269468662438 ], [ 128.143345653127795, 35.058364136825631 ], [ 128.14333766837288, 35.058429544330934 ], [ 128.143328182370141, 35.058465566696682 ], [ 128.143321019019567, 35.058501704638417 ], [ 128.143314612050773, 35.05854203012597 ], [ 128.143311188999292, 35.058578987700123 ] ] ] } },
{ "type": "Feature", "properties": { "fid": 81, "UserID": null, "number": "사남101", "UMD": null, "NUM": "101", "GUBUN": "면도", "Opened": "미개설", "차선": null, "도로폭": null, "변경여부": null, "비고": null, "기존": "미개설", "기타": null, "종점": null, "기점": null, "구분": null, "정비사항": null, "연장": "0.3" }, "geometry": { "type": "MultiLineString", "coordinates": [ [ [ 128.053671007619101, 35.063627362256575 ], [ 128.053824203639238, 35.061014629663724 ], [ 128.053836755938079, 35.061011978336175 ] ] ] } },
{ "type": "Feature", "properties": { "fid": 82, "UserID": null, "number": "사남101", "UMD": null, "NUM": "101", "GUBUN": "면도", "Opened": "미확장", "차선": "1", "도로폭": "3", "변경여부": "변경", "비고": "현황도로-미확장", "기존": "현황도로", "기타": null, "종점": null, "기점": null, "구분": null, "정비사항": null, "연장": "0.2" }, "geometry": { "type": "MultiLineString", "coordinates": [ [ [ 128.074712521016352, 35.056265453937918 ], [ 128.076487047957926, 35.055827794333219 ] ] ] } },
{ "type": "Feature", "properties": { "fid": 83, "UserID": null, "number": "사남101", "UMD": null, "NUM": "101", "GUBUN": "면도", "Opened": "미확장", "차선": "1", "도로폭": "4", "변경여부": null, "비고": null, "기존": "미확장", "기타": null, "종점": null, "기점": null, "구분": null, "정비사항": null, "연장": "0.8" }, "geometry": { "type": "MultiLineString", "coordinates": [ [ [ 128.066587771206201, 35.058382094237338 ], [ 128.070994513004706, 35.05744635039337 ], [ 128.070979051874104, 35.057237149217762 ], [ 128.074712521016352, 35.056265453937918 ] ] ] } },
{ "type": "Feature", "properties": { "fid": 84, "UserID": null, "number": "사남101", "UMD": null, "NUM": "101", "GUBUN": "면도", "Opened": "현황도로", "차선": "2", "도로폭": "10", "변경여부": null, "비고": null, "기존": "현황도로", "기타": null, "종점": null, "기점": null, "구분": null, "정비사항": null, "연장": "0.2" }, "geometry": { "type": "MultiLineString", "coordinates": [ [ [ 128.06612014693431, 35.056897360053021 ], [ 128.066374380830212, 35.057696185061218 ], [ 128.066587771206201, 35.058382094237338 ] ] ] } },
{ "type": "Feature", "properties": { "fid": 86, "UserID": null, "number": "사남102", "UMD": null, "NUM": "102", "GUBUN": "면도", "Opened": "현황도로", "차선": "4", "도로폭": "16", "변경여부": null, "비고": null, "기존": "현황도로", "기타": null, "종점": null, "기점": null, "구분": null, "정비사항": null, "연장": "0.9" }, "geometry": { "type": "MultiLineString", "coordinates": [ [ [ 128.053659185435805, 35.063634202486561 ], [ 128.053543971595019, 35.063700864264135 ], [ 128.053220720739859, 35.064026628055366 ], [ 128.052989470748457, 35.064318571512011 ], [ 128.052961992486189, 35.064353265037099 ], [ 128.052856846260141, 35.064499755653046 ], [ 128.052747024363157, 35.06471492674968 ], [ 128.052670113263929, 35.064928011714152 ], [ 128.052618391170171, 35.065141293658492 ], [ 128.052435896928557, 35.066453342075931 ], [ 128.052381176904191, 35.066560847772955 ], [ 128.052262627811388, 35.066691459707847 ], [ 128.052099583841795, 35.066799090973774 ], [ 128.051829538095831, 35.06693276189484 ], [ 128.051527094837326, 35.067064700312102 ], [ 128.05071253944584, 35.067351582863481 ], [ 128.050608283010462, 35.067425386418662 ], [ 128.050551450672941, 35.067525709147084 ], [ 128.050479475717339, 35.067666923461758 ], [ 128.050409296168596, 35.06780738567879 ], [ 128.050286572942355, 35.068043174670237 ], [ 128.049754161744659, 35.069066122337873 ], [ 128.048387782650423, 35.069446624559099 ] ] ] } },
{ "type": "Feature", "properties": { "fid": 87, "UserID": null, "number": "사남201", "UMD": null, "NUM": "201", "GUBUN": "리도", "Opened": "현황도로", "차선": "2", "도로폭": "8", "변경여부": null, "비고": null, "기존": "현황도로", "기타": null, "종점": null, "기점": null, "구분": null, "정비사항": null, "연장": "1.2" }, "geometry": { "type": "MultiLineString", "coordinates": [ [ [ 128.079173263501019, 35.06584503788401 ], [ 128.07912257044552, 35.065973289617034 ], [ 128.079008353454896, 35.066263084964852 ], [ 128.078933059091497, 35.066449130943667 ], [ 128.078868609465928, 35.066632303830808 ], [ 128.07878953978755, 35.066932639886069 ], [ 128.078750485283365, 35.067119924768733 ], [ 128.078744040513499, 35.067181953678606 ], [ 128.078734672616378, 35.067253147389479 ], [ 128.078500675278576, 35.06778889594009 ], [ 128.078480328595958, 35.06785903484073 ], [ 128.078434206318491, 35.067951169198722 ], [ 128.078362151776503, 35.068077311461238 ], [ 128.078288676980833, 35.06820959738414 ], [ 128.078197234985936, 35.068381523775827 ], [ 128.077992779483964, 35.068790987013287 ], [ 128.077942429564075, 35.068893940631597 ], [ 128.077875420018671, 35.069057259962619 ], [ 128.07781957471164, 35.069197945499347 ], [ 128.077788997667938, 35.069262382057694 ], [ 128.077744082821567, 35.069331139579539 ], [ 128.077705595340063, 35.069387593591678 ], [ 128.077669852544773, 35.06942702655838 ], [ 128.077400406812615, 35.069635714355229 ], [ 128.077188713040954, 35.069829780357431 ], [ 128.077114978981086, 35.069902977590935 ], [ 128.077073751753289, 35.069952379682782 ], [ 128.077017827880667, 35.070026661033026 ], [ 128.076969872677864, 35.07010086944981 ], [ 128.076852847473106, 35.070295035933569 ], [ 128.076813535821572, 35.070358978013928 ], [ 128.076781179198207, 35.070414049102915 ], [ 128.076733770713417, 35.070497022253335 ], [ 128.076688368228076, 35.070573976570884 ], [ 128.076651378774045, 35.070635106811636 ], [ 128.076589318619796, 35.070744165692396 ], [ 128.076493996101902, 35.070898932940914 ], [ 128.076423196188841, 35.07101222748404 ], [ 128.076370445783539, 35.071091122040279 ], [ 128.076328278806841, 35.071186530454121 ], [ 128.076281727782629, 35.071267663386607 ], [ 128.076228541017343, 35.071285243131129 ], [ 128.076163192209577, 35.071290404226261 ], [ 128.076091354987341, 35.071301462349652 ], [ 128.076019032336262, 35.071314197405009 ], [ 128.07594237001436, 35.071333316467154 ], [ 128.07588017958048, 35.071350557509902 ], [ 128.075745020056502, 35.071398779009868 ], [ 128.075608076761455, 35.071464693689201 ], [ 128.075545261307639, 35.071497367699521 ], [ 128.075474326402485, 35.07154037053543 ], [ 128.075428224362327, 35.071573524218657 ], [ 128.075378459890487, 35.071613381204834 ], [ 128.075300821764927, 35.071685545924979 ], [ 128.075193667848794, 35.071792890000083 ], [ 128.075121877889075, 35.071893847049964 ], [ 128.075042984620779, 35.072034046754112 ], [ 128.074964875291954, 35.072199820498447 ], [ 128.074900818270663, 35.072343822987953 ], [ 128.074815981788674, 35.072498836132169 ], [ 128.074687860502621, 35.072698817195366 ], [ 128.07445168647655, 35.073012881796743 ], [ 128.074411884097941, 35.073063840289343 ], [ 128.07438136948457, 35.0730999846242 ], [ 128.074346144136143, 35.073142884803381 ], [ 128.074260273921169, 35.073220513164536 ], [ 128.073997875183153, 35.07340704505043 ], [ 128.073840309026167, 35.073509877041282 ], [ 128.073621167452899, 35.073669254768653 ], [ 128.073431148599809, 35.073846233990658 ], [ 128.073266812454847, 35.074013103932444 ], [ 128.073158003197676, 35.074134670123136 ], [ 128.073049051156602, 35.074276402326781 ], [ 128.072917238753746, 35.074468635800599 ], [ 128.07286685827529, 35.074552339887283 ], [ 128.072848506588571, 35.074575426578363 ], [ 128.072742770905535, 35.074673975242469 ] ] ] } },
{ "type": "Feature", "properties": { "fid": 88, "UserID": null, "number": "사남202", "UMD": null, "NUM": "202", "GUBUN": "리도", "Opened": "미확장", "차선": "1", "도로폭": "4", "변경여부": null, "비고": null, "기존": "미확장", "기타": null, "종점": null, "기점": null, "구분": null, "정비사항": null, "연장": "1.3" }, "geometry": { "type": "MultiLineString", "coordinates": [ [ [ 128.055077326272823, 35.05453439921174 ], [ 128.057206759912361, 35.054076880278849 ], [ 128.057339383361381, 35.054042378534447 ], [ 128.058256829053732, 35.053845514795157 ], [ 128.058581360170336, 35.053774647211945 ], [ 128.060444917170287, 35.053386091813472 ], [ 128.061789898770996, 35.053104199522799 ], [ 128.063636760035706, 35.052717953281686 ], [ 128.064789173986867, 35.05247434371217 ], [ 128.065386603641713, 35.052348344883391 ], [ 128.066977234014274, 35.052011070254807 ], [ 128.068817983730639, 35.051625941481916 ] ] ] } },
{ "type": "Feature", "properties": { "fid": 90, "UserID": null, "number": "사남203", "UMD": null, "NUM": "203", "GUBUN": "리도", "Opened": "미확장", "차선": "1", "도로폭": "3", "변경여부": null, "비고": null, "기존": "미확장", "기타": null, "종점": null, "기점": null, "구분": null, "정비사항": null, "연장": "0.5" }, "geometry": { "type": "MultiLineString", "coordinates": [ [ [ 128.048790405433323, 35.047696055986343 ], [ 128.050284695137606, 35.052023063566423 ] ] ] } },
{ "type": "Feature", "properties": { "fid": 91, "UserID": null, "number": "사남203", "UMD": null, "NUM": "203", "GUBUN": "리도", "Opened": "미개설", "차선": null, "도로폭": null, "변경여부": null, "비고": null, "기존": "미개설", "기타": null, "종점": null, "기점": null, "구분": null, "정비사항": null, "연장": "0" }, "geometry": { "type": "MultiLineString", "coordinates": [ [ [ 128.056461611142225, 35.06202603714538 ], [ 128.056583969390829, 35.062290349022199 ] ] ] } },
{ "type": "Feature", "properties": { "fid": 93, "UserID": null, "number": "사남203", "UMD": null, "NUM": "203", "GUBUN": "리도", "Opened": "미개설", "차선": null, "도로폭": null, "변경여부": null, "비고": null, "기존": "미개설", "기타": null, "종점": null, "기점": null, "구분": null, "정비사항": null, "연장": "0.1" }, "geometry": { "type": "MultiLineString", "coordinates": [ [ [ 128.050284695137606, 35.052023063566423 ], [ 128.050401710383511, 35.052643026591696 ] ] ] } },
{ "type": "Feature", "properties": { "fid": 96, "UserID": null, "number": "사남204", "UMD": null, "NUM": "204", "GUBUN": "리도", "Opened": "미확장", "차선": "1", "도로폭": "3", "변경여부": null, "비고": null, "기존": "미확장", "기타": null, "종점": null, "기점": "화전리 1421-5", "구분": "노선단축", "정비사항": "도시계획도로 노선 제외", "연장": "0.6" }, "geometry": { "type": "MultiLineString", "coordinates": [ [ [ 128.075363312291557, 35.047759551444948 ], [ 128.075449363796594, 35.047731086244703 ], [ 128.075459966503018, 35.047727796189662 ], [ 128.075540596228649, 35.047714418033763 ], [ 128.075628114315123, 35.047688488825784 ], [ 128.075687046687477, 35.047676108938902 ], [ 128.075723184471087, 35.047669960402104 ], [ 128.075750350632092, 35.047638340917814 ], [ 128.075778904556955, 35.047611101983705 ], [ 128.075804438978935, 35.047593671282556 ], [ 128.076078459034335, 35.047501802412611 ], [ 128.076312877522753, 35.047409334639113 ], [ 128.076544947181077, 35.047318314383112 ], [ 128.07674936335988, 35.04723642525483 ], [ 128.076892610365832, 35.047180870848258 ], [ 128.076978894812243, 35.047152657637668 ], [ 128.077062096616572, 35.047127987380421 ], [ 128.07714054341406, 35.047108153332381 ], [ 128.077214659947572, 35.047091758624909 ], [ 128.077290463003749, 35.047078203216131 ], [ 128.077403020467244, 35.047063689747795 ], [ 128.077475271716509, 35.047057973713301 ], [ 128.077552063941937, 35.0470545211993 ], [ 128.077614213680135, 35.047053782519782 ], [ 128.077700839317913, 35.047053635428647 ], [ 128.077846549920395, 35.047048484610713 ], [ 128.078108131614272, 35.047038742865944 ], [ 128.078564823595315, 35.047040393399271 ], [ 128.078979758360589, 35.047049569718865 ], [ 128.079168538890315, 35.047053713036441 ], [ 128.07933174249618, 35.047056572375311 ], [ 128.079429938249007, 35.047062707301535 ], [ 128.079520051691901, 35.04707085304517 ], [ 128.079823919772139, 35.04712537264097 ], [ 128.08082146703822, 35.047378678335392 ], [ 128.081636500575456, 35.047747088620333 ], [ 128.081653527733692, 35.047755219237835 ] ] ] } },
{ "type": "Feature", "properties": { "fid": 97, "UserID": null, "number": "사남205", "UMD": null, "NUM": "205", "GUBUN": "리도", "Opened": "현황도로", "차선": "2", "도로폭": "8", "변경여부": null, "비고": null, "기존": "현황도로", "기타": null, "종점": "우천리 산 189-2", "기점": null, "구분": null, "정비사항": null, "연장": "1.1" }, "geometry": { "type": "MultiLineString", "coordinates": [ [ [ 128.121326602205443, 35.031712086141184 ], [ 128.121486339151204, 35.031637315897555 ], [ 128.121575057118463, 35.031553314592351 ], [ 128.12168498384159, 35.031429970370077 ], [ 128.121768189232796, 35.031354176191122 ], [ 128.121879929686401, 35.03123638815778 ], [ 128.121987009277063, 35.031116871723881 ], [ 128.12205578273074, 35.031033888233317 ], [ 128.122130221078919, 35.030901813835619 ], [ 128.122289225583273, 35.030533985280876 ], [ 128.122377351347779, 35.030389454240172 ], [ 128.122450473814041, 35.030297281327243 ], [ 128.122568233699866, 35.030221926137386 ], [ 128.122989824002019, 35.029998851083604 ], [ 128.123245283654228, 35.029900507336848 ], [ 128.126085037915459, 35.029445785167248 ], [ 128.12617066873625, 35.02946363640465 ], [ 128.126372964793234, 35.029368341332429 ], [ 128.125111341985985, 35.024691249622123 ] ] ] } },
{ "type": "Feature", "properties": { "fid": 98, "UserID": null, "number": "사남206", "UMD": null, "NUM": "206", "GUBUN": "리도", "Opened": "현황도로", "차선": "1", "도로폭": "5", "변경여부": "변경", "비고": "미확장-현황도로", "기존": "미확장", "기타": null, "종점": "종천리 290-4", "기점": null, "구분": "노선단축", "정비사항": "시도 중복구간으로 인한 노선단축", "연장": "0.9" }, "geometry": { "type": "MultiLineString", "coordinates": [ [ [ 128.155342827737343, 34.990113945083614 ], [ 128.155436494469996, 34.990157528909506 ], [ 128.155481093983155, 34.990183005257634 ], [ 128.15570476653923, 34.990274617020084 ], [ 128.155824166765882, 34.990315531544304 ], [ 128.15578699093092, 34.990472359253765 ], [ 128.155732562964317, 34.990608047382224 ], [ 128.155674987212734, 34.990746273377859 ], [ 128.155535212476707, 34.990990889428595 ], [ 128.155520094065793, 34.991045549889947 ], [ 128.155519917601737, 34.991052056380028 ], [ 128.155518384553773, 34.991110579120637 ], [ 128.155518634418542, 34.99128856969115 ], [ 128.155510178812818, 34.991591994023281 ], [ 128.155514744494269, 34.991641122157368 ], [ 128.155529481739791, 34.991724662446316 ], [ 128.155548383220861, 34.991858031116912 ], [ 128.155553838675445, 34.99223801352877 ], [ 128.155570434946782, 34.992747714126573 ], [ 128.155574694097595, 34.993091742474405 ], [ 128.155567690555387, 34.993469069171631 ], [ 128.15556856568378, 34.993512826596152 ], [ 128.155568357729123, 34.993553891520214 ], [ 128.155556760433853, 34.993586200314226 ], [ 128.155544995521353, 34.993627737199354 ], [ 128.155517022354104, 34.993716989986773 ], [ 128.1554962285459, 34.993822953398606 ], [ 128.155471095519829, 34.993889201575215 ], [ 128.155434614536972, 34.993932759791974 ], [ 128.155369541941496, 34.993991353490387 ], [ 128.15528239870568, 34.994086287688226 ], [ 128.155235434130873, 34.994140084132191 ], [ 128.155178157362911, 34.994194945758771 ], [ 128.155084159255182, 34.994270203893144 ], [ 128.155045133184188, 34.994311897461408 ], [ 128.15495919935546, 34.994469972894592 ], [ 128.154905199267773, 34.994551514353745 ], [ 128.154860982479079, 34.994602701836826 ], [ 128.154795981241023, 34.994666201034541 ], [ 128.154717991951912, 34.994744370653997 ], [ 128.154645196892943, 34.994814187916376 ], [ 128.154571060433483, 34.994877463154246 ], [ 128.154479066072554, 34.994944352311528 ], [ 128.154337489405236, 34.995029563444227 ], [ 128.154203835770801, 34.995103184106497 ], [ 128.154129453619959, 34.99513353890552 ], [ 128.154061144021142, 34.995147734188556 ], [ 128.153985445963201, 34.995159576203498 ], [ 128.153859942452044, 34.995169273970511 ], [ 128.153697030665143, 34.995178350493596 ], [ 128.153432674843401, 34.995199120563889 ], [ 128.153268079011724, 34.995223166826662 ], [ 128.15307124969587, 34.995278793583914 ], [ 128.152939785400804, 34.995319877533127 ], [ 128.152797123966536, 34.995378782423963 ], [ 128.152668251160833, 34.995431078215326 ], [ 128.152475513999917, 34.995519500560256 ], [ 128.152330473263959, 34.995586241414841 ], [ 128.152247785014339, 34.995619161401173 ], [ 128.152174324696205, 34.995643559611246 ], [ 128.152061061221332, 34.995668273387373 ], [ 128.151931731386497, 34.99569596407845 ], [ 128.151858402519849, 34.995719143168913 ], [ 128.151752980941808, 34.995752714079508 ], [ 128.151614303527424, 34.995788536337933 ], [ 128.15153683273553, 34.995805572702317 ], [ 128.151438800308966, 34.995816017715448 ], [ 128.151438472031032, 34.995820832246118 ], [ 128.151437817428672, 34.995824095998771 ] ] ] } },
{ "type": "Feature", "properties": { "fid": 99, "UserID": null, "number": "사남206", "UMD": null, "NUM": "206", "GUBUN": "리도", "Opened": "현황도로", "차선": "1", "도로폭": "8", "변경여부": null, "비고": null, "기존": "현황도로", "기타": null, "종점": "종천리 290-4", "기점": null, "구분": "노선단축", "정비사항": "시도 중복구간으로 인한 노선단축", "연장": "0.2" }, "geometry": { "type": "MultiLineString", "coordinates": [ [ [ 128.151437817428672, 34.995824095998771 ], [ 128.151425694145729, 34.995884540934455 ], [ 128.151411111400165, 34.996053350609529 ], [ 128.151393771414291, 34.996142361725134 ], [ 128.151364999398595, 34.996214665333554 ], [ 128.151319998613928, 34.996279174146892 ], [ 128.151260329108112, 34.996347173286786 ], [ 128.151170540256061, 34.996441538430652 ], [ 128.15107503478842, 34.996535635588629 ], [ 128.150956831469841, 34.996634280153643 ], [ 128.150868330298749, 34.996695300660328 ], [ 128.150835554320565, 34.996725904246702 ], [ 128.150800461576949, 34.99677181147576 ], [ 128.150776846641037, 34.996842671994102 ], [ 128.150760975614844, 34.996869087368367 ], [ 128.150701321210022, 34.996906327544302 ], [ 128.150409867075439, 34.997009087413133 ], [ 128.150378597682447, 34.997016232199861 ], [ 128.150284653074834, 34.997024635520297 ], [ 128.150217011068833, 34.997030353503298 ], [ 128.150063699312426, 34.99702165545272 ], [ 128.149928565980332, 34.997016426324691 ], [ 128.149899418347644, 34.997019646992392 ], [ 128.149820469105691, 34.997032406741191 ], [ 128.149794538460384, 34.99702537461873 ] ] ] } },
{ "type": "Feature", "properties": { "fid": 100, "UserID": null, "number": "사남206", "UMD": null, "NUM": "206", "GUBUN": "리도", "Opened": "현황도로", "차선": "1", "도로폭": "5", "변경여부": "변경", "비고": "미확장-현황도로", "기존": "미확장", "기타": null, "종점": "종천리 290-4", "기점": null, "구분": "노선단축", "정비사항": "시도 중복구간으로 인한 노선단축", "연장": "0.3" }, "geometry": { "type": "MultiLineString", "coordinates": [ [ [ 128.149794538460384, 34.99702537461873 ], [ 128.1497968877772, 34.997065716594392 ], [ 128.149801499739141, 34.997109708148663 ], [ 128.149817625388124, 34.997184971545131 ], [ 128.149909062819489, 34.997521073322858 ], [ 128.149944769554082, 34.99764536027449 ], [ 128.149968705296601, 34.99771050714871 ], [ 128.149982482991106, 34.997744846172395 ], [ 128.150003142141031, 34.997793676136467 ], [ 128.150028217842248, 34.997831676530495 ], [ 128.150061419946496, 34.997871492037767 ], [ 128.150088186290191, 34.997907263493623 ], [ 128.150106957043675, 34.997940457807488 ], [ 128.150132432149576, 34.997990648704011 ], [ 128.150148019402394, 34.998034739038047 ], [ 128.150168353559422, 34.998102858128121 ], [ 128.150174040748595, 34.998144769676671 ], [ 128.150180296804422, 34.99820553848533 ], [ 128.150180359054758, 34.99827339616639 ], [ 128.150180434760813, 34.998339815219644 ], [ 128.150177956263775, 34.998394774510359 ], [ 128.150175134289441, 34.998446084354264 ], [ 128.150165962111544, 34.998519606742654 ], [ 128.150155475588178, 34.998573044633844 ], [ 128.150142094895699, 34.998611032804369 ], [ 128.150129004796042, 34.998657509236011 ], [ 128.150107477861752, 34.99870734118354 ], [ 128.150094144214165, 34.99874187164081 ], [ 128.15007887169503, 34.998778206339125 ], [ 128.150067215511484, 34.998797288123605 ], [ 128.150052799800022, 34.998817295265638 ], [ 128.150021849003934, 34.998861431046969 ], [ 128.149990512160031, 34.998935149069673 ], [ 128.149966514117693, 34.998999181443558 ], [ 128.149950297619171, 34.999052787744432 ], [ 128.149927255316356, 34.999135802278154 ], [ 128.149917292585968, 34.999212700014269 ], [ 128.149912191087594, 34.999262421009107 ], [ 128.149909389412699, 34.999311200047863 ], [ 128.149908980044074, 34.999350780747243 ], [ 128.149909695369388, 34.999429735097799 ] ] ] } },
{ "type": "Feature", "properties": { "fid": 102, "UserID": null, "number": "사남207", "UMD": null, "NUM": "207", "GUBUN": "리도", "Opened": "현황도로", "차선": "1", "도로폭": "5", "변경여부": null, "비고": null, "기존": "현황도로", "기타": null, "종점": null, "기점": null, "구분": null, "정비사항": null, "연장": "1.2" }, "geometry": { "type": "MultiLineString", "coordinates": [ [ [ 128.061569306791313, 35.056292220089759 ], [ 128.060636482421046, 35.05646940306768 ], [ 128.060608948048383, 35.056475102240988 ], [ 128.059848861852487, 35.056632408493854 ], [ 128.059772003133332, 35.056655147296382 ], [ 128.059767256160313, 35.056656165002209 ], [ 128.059179068312858, 35.056782425559611 ], [ 128.05899088035784, 35.056822821371021 ], [ 128.058964475091756, 35.056828492887611 ], [ 128.058396180778402, 35.056940356740348 ], [ 128.058124370540753, 35.056993864384147 ], [ 128.057961192022077, 35.057025980576547 ], [ 128.057124468405078, 35.057201060681514 ], [ 128.056984801696473, 35.057230285046508 ], [ 128.056822389959308, 35.057264271417054 ], [ 128.056819774530595, 35.057264845927527 ], [ 128.056745476445826, 35.057281176267864 ], [ 128.056499592390679, 35.057335233665405 ], [ 128.056190959355831, 35.05740308768052 ], [ 128.055627305304995, 35.057516831377946 ], [ 128.055353971402354, 35.057607086065445 ], [ 128.055085648448795, 35.057720903881375 ], [ 128.055061969781178, 35.05773532066803 ], [ 128.055032285867412, 35.057753395056729 ], [ 128.054874217889278, 35.057849649379918 ], [ 128.054457923874821, 35.05816382995247 ], [ 128.05391147436049, 35.058576237671105 ], [ 128.053759449031475, 35.058690969854823 ], [ 128.053445864975288, 35.058927632845304 ], [ 128.053017103297719, 35.059230804830548 ], [ 128.052949658951349, 35.05928080592107 ], [ 128.052823952799343, 35.059376337104368 ], [ 128.052776637852531, 35.059404196665596 ], [ 128.05270091432169, 35.059466760464389 ], [ 128.050586122065454, 35.061041756522194 ], [ 128.050466850821095, 35.061118831387908 ], [ 128.050363986593993, 35.061217882940646 ] ] ] } },
{ "type": "Feature", "properties": { "fid": 103, "UserID": null, "number": "사남301", "UMD": null, "NUM": "301", "GUBUN": "농도", "Opened": "현황도로", "차선": "1", "도로폭": "4", "변경여부": null, "비고": null, "기존": "현황도로", "기타": null, "종점": null, "기점": null, "구분": null, "정비사항": null, "연장": "0.6" }, "geometry": { "type": "MultiLineString", "coordinates": [ [ [ 128.126138909694902, 35.008019350947187 ], [ 128.126066914184094, 35.007661233232824 ], [ 128.125672422528623, 35.007023218161436 ], [ 128.125392135008696, 35.006763627797788 ], [ 128.125141899406174, 35.006300582784554 ], [ 128.12469414697938, 35.005583132485654 ], [ 128.124556131153724, 35.00531301024963 ], [ 128.124408207550232, 35.005028324904977 ], [ 128.124282485430967, 35.004785203702333 ], [ 128.124078884395544, 35.004531168540076 ], [ 128.12383269280167, 35.00426026357065 ], [ 128.123648026888617, 35.004118155110653 ], [ 128.123535965826676, 35.004009694592249 ], [ 128.123274218367328, 35.003782150089677 ], [ 128.123184163972837, 35.003689013988186 ], [ 128.12311957808447, 35.003648968786869 ], [ 128.123070749232085, 35.003614634899073 ], [ 128.123045744740949, 35.003584520411295 ], [ 128.123024995932809, 35.003548776287325 ], [ 128.12294918841755, 35.00345792228245 ], [ 128.122902671847157, 35.003408147050386 ], [ 128.122815456470391, 35.003318760708773 ], [ 128.122784175512919, 35.003296829988599 ], [ 128.122727964928885, 35.003267517087345 ], [ 128.122642697993228, 35.003231567250054 ], [ 128.12257685465292, 35.003223122712726 ], [ 128.122576821889055, 35.003223113462113 ] ] ] } },
{ "type": "Feature", "properties": { "fid": 104, "UserID": null, "number": "사남302", "UMD": null, "NUM": "302", "GUBUN": "농도", "Opened": "현황도로", "차선": "1", "도로폭": "5", "변경여부": "변경", "비고": "미확장-현황도로", "기존": "미확장", "기타": null, "종점": null, "기점": null, "구분": null, "정비사항": null, "연장": "0.4" }, "geometry": { "type": "MultiLineString", "coordinates": [ [ [ 128.063081526465453, 35.043709534161984 ], [ 128.063286654134998, 35.044000975230674 ], [ 128.063609493821701, 35.044312083167561 ], [ 128.063743104453494, 35.044575697871537 ], [ 128.063795165728493, 35.044828191786216 ], [ 128.064019569184921, 35.045121041863261 ], [ 128.06411500147891, 35.04544642358794 ], [ 128.064117998714721, 35.046004632601999 ], [ 128.063990608369949, 35.046159264667679 ], [ 128.063906155342067, 35.046271652402787 ], [ 128.063891716978219, 35.046343304906188 ], [ 128.063857026682513, 35.046409025339237 ], [ 128.063797312950072, 35.04646624475857 ], [ 128.0637010968467, 35.04652436951072 ] ] ] } },
{ "type": "Feature", "properties": { "fid": 105, "UserID": null, "number": "사남302", "UMD": null, "NUM": "302", "GUBUN": "농도", "Opened": "현황도로", "차선": "2", "도로폭": "8", "변경여부": null, "비고": null, "기존": "현황도로", "기타": null, "종점": null, "기점": null, "구분": null, "정비사항": null, "연장": "0.2" }, "geometry": { "type": "MultiLineString", "coordinates": [ [ [ 128.065670159244036, 35.055410258232726 ], [ 128.06567350522414, 35.055421447279976 ], [ 128.065876549203637, 35.056089954898162 ], [ 128.066127267495403, 35.056888753376406 ] ] ] } },
{ "type": "Feature", "properties": { "fid": 106, "UserID": null, "number": "사남302", "UMD": null, "NUM": "302", "GUBUN": "농도", "Opened": "현황도로", "차선": "1", "도로폭": "5", "변경여부": "변경", "비고": "미확장-현황도로", "기존": "미확장", "기타": null, "종점": null, "기점": null, "구분": null, "정비사항": null, "연장": "0.8" }, "geometry": { "type": "MultiLineString", "coordinates": [ [ [ 128.063637349907623, 35.048725942646257 ], [ 128.065670159244036, 35.055410258232726 ] ] ] } },
{ "type": "Feature", "properties": { "fid": 107, "UserID": null, "number": "사남302", "UMD": null, "NUM": "302", "GUBUN": "농도", "Opened": "현황도로", "차선": "1", "도로폭": "6", "변경여부": null, "비고": null, "기존": "현황도로", "기타": null, "종점": null, "기점": null, "구분": null, "정비사항": null, "연장": "0.1" }, "geometry": { "type": "MultiLineString", "coordinates": [ [ [ 128.063371553835452, 35.047962402786482 ], [ 128.063637349907623, 35.048725942646257 ] ] ] } },
{ "type": "Feature", "properties": { "fid": 108, "UserID": null, "number": "사남302", "UMD": null, "NUM": "302", "GUBUN": "농도", "Opened": "미확장", "차선": "1", "도로폭": "2.5", "변경여부": "변경", "비고": "미개설-미확장", "기존": "미개설", "기타": null, "종점": null, "기점": null, "구분": null, "정비사항": null, "연장": "0.2" }, "geometry": { "type": "MultiLineString", "coordinates": [ [ [ 128.0637010968467, 35.04652436951072 ], [ 128.063211465588495, 35.04660047261445 ], [ 128.062847521001146, 35.046670824470844 ], [ 128.062765705134353, 35.046741320669391 ], [ 128.062694752680017, 35.04674979242111 ], [ 128.062632151355643, 35.046911705686711 ], [ 128.062625384247099, 35.047044345843766 ], [ 128.062482330234758, 35.047218302882683 ], [ 128.062447592987041, 35.047238668698867 ] ] ] } },
{ "type": "Feature", "properties": { "fid": 110, "UserID": null, "number": "사남304", "UMD": null, "NUM": "304", "GUBUN": "농도", "Opened": "미확장", "차선": "1", "도로폭": "2.5", "변경여부": null, "비고": null, "기존": "미확장", "기타": null, "종점": null, "기점": null, "구분": null, "정비사항": null, "연장": "1.1" }, "geometry": { "type": "MultiLineString", "coordinates": [ [ [ 128.113539519857852, 35.027539352453509 ], [ 128.114592733735918, 35.02826892501762 ], [ 128.115189270750079, 35.028469292498407 ], [ 128.115714850935035, 35.028754044518529 ], [ 128.116209352188321, 35.029248417667318 ], [ 128.116504547099538, 35.029434105509097 ], [ 128.117035913178711, 35.029656108612315 ], [ 128.11706930518514, 35.029680183326235 ], [ 128.117092787526559, 35.029712866115844 ], [ 128.117110250586364, 35.029740673446767 ], [ 128.117131955123028, 35.029830220899122 ], [ 128.11713686967326, 35.029894828521009 ], [ 128.117144325807487, 35.02995242793849 ], [ 128.11715636247294, 35.030004659378967 ], [ 128.117190629734409, 35.030102461114716 ], [ 128.117220306566878, 35.030190595317912 ], [ 128.117236628884569, 35.030236835679254 ], [ 128.11724729813659, 35.030300996822902 ], [ 128.117255009541452, 35.030366390951194 ], [ 128.117270048608447, 35.030595879940385 ], [ 128.117280017890891, 35.030638453292333 ], [ 128.11728433999221, 35.030680723768072 ], [ 128.117287945326495, 35.030723265351462 ], [ 128.117282681601068, 35.030778578120731 ], [ 128.117275998821668, 35.030811526634679 ], [ 128.117262469033875, 35.030852943648505 ], [ 128.117208704922859, 35.030961685682151 ], [ 128.117158014300742, 35.031026258663246 ], [ 128.117097258067531, 35.031089828882749 ], [ 128.117053067369966, 35.031144097501404 ], [ 128.117033117577819, 35.031173164445221 ], [ 128.117012453826845, 35.031260645907288 ], [ 128.117008573575248, 35.03138647733406 ], [ 128.116994403348343, 35.031483242656527 ], [ 128.116975218005962, 35.031528871199988 ], [ 128.116935532800511, 35.031580501505154 ], [ 128.11690266114411, 35.031646172169317 ], [ 128.11688308560187, 35.031685237640943 ], [ 128.11685421822807, 35.031866275150897 ], [ 128.116864326770582, 35.031915630489166 ], [ 128.116871248384797, 35.031988678482072 ], [ 128.116872473560477, 35.032070240387313 ], [ 128.116864247009119, 35.032130497445074 ], [ 128.116859170806606, 35.032167352165544 ], [ 128.116834467792842, 35.032297922580554 ], [ 128.116811087441619, 35.032363165833715 ], [ 128.116718057125951, 35.032569110282374 ], [ 128.116684765958496, 35.032665734238186 ], [ 128.116676511166759, 35.032688508314202 ], [ 128.1166758954042, 35.032728251939375 ], [ 128.116686545573288, 35.032780219556727 ], [ 128.116699618151728, 35.032829685834962 ], [ 128.116714350440759, 35.032879599306234 ], [ 128.116744314652721, 35.032947027748335 ], [ 128.116784965720768, 35.033007148363517 ], [ 128.116844267022969, 35.033074382282457 ], [ 128.116857946073594, 35.033105614174815 ], [ 128.116878522389584, 35.0331475323989 ], [ 128.116884926338514, 35.033204083888343 ], [ 128.116887423082176, 35.033259451502637 ], [ 128.11688582185198, 35.033277881182421 ], [ 128.116874370639238, 35.033367710417394 ], [ 128.116870118504494, 35.033397234255681 ], [ 128.116851755080518, 35.033486072976117 ], [ 128.116831668660836, 35.033557662318636 ], [ 128.116809681543486, 35.033641079036535 ], [ 128.116801615888562, 35.033703095577607 ], [ 128.116809047218425, 35.033780527686147 ], [ 128.116810885992379, 35.033812259131864 ], [ 128.11695618639294, 35.033813080453278 ], [ 128.117109652997613, 35.033848660671204 ], [ 128.117259139347794, 35.033856288832467 ], [ 128.117377720910298, 35.033858189351129 ], [ 128.117482116968432, 35.033852011167632 ], [ 128.117620953250935, 35.033828648874582 ], [ 128.117751676394647, 35.033792134285584 ], [ 128.117886235560832, 35.033748954672603 ], [ 128.118013156136328, 35.033719143177798 ], [ 128.118094271478469, 35.033711519750952 ], [ 128.118210904509198, 35.033721797666772 ], [ 128.118375221500372, 35.033719037307364 ], [ 128.118527515939746, 35.033717121202933 ], [ 128.118602570831001, 35.033722533224534 ], [ 128.118830501883963, 35.033905584336253 ] ] ] } },
{ "type": "Feature", "properties": { "fid": 111, "UserID": null, "number": "사남304", "UMD": null, "NUM": "304", "GUBUN": "농도", "Opened": "현황도로", "차선": "1", "도로폭": "5", "변경여부": null, "비고": null, "기존": "현황도로", "기타": null, "종점": null, "기점": null, "구분": null, "정비사항": null, "연장": "0.6" }, "geometry": { "type": "MultiLineString", "coordinates": [ [ [ 128.123499400340847, 35.03422477359404 ], [ 128.124620430114959, 35.033731608948777 ], [ 128.124731254901718, 35.033519940793227 ], [ 128.124851549518496, 35.0334222298249 ], [ 128.126004180478731, 35.032020526996348 ], [ 128.12600284062961, 35.031922848731533 ], [ 128.125926840908306, 35.031639204284971 ], [ 128.125406674051789, 35.029553250037338 ] ] ] } },
{ "type": "Feature", "properties": { "fid": 112, "UserID": null, "number": "사남304", "UMD": null, "NUM": "304", "GUBUN": "농도", "Opened": "현황도로", "차선": "1", "도로폭": "5", "변경여부": "변경", "비고": "미확장-현황도로", "기존": "미확장", "기타": null, "종점": null, "기점": null, "구분": null, "정비사항": null, "연장": "0.1" }, "geometry": { "type": "MultiLineString", "coordinates": [ [ [ 128.121862450864455, 35.034620715768909 ], [ 128.122714143819934, 35.035077255571444 ] ] ] } },
{ "type": "Feature", "properties": { "fid": 113, "UserID": null, "number": "사남304", "UMD": null, "NUM": "304", "GUBUN": "농도", "Opened": "현황도로", "차선": "1", "도로폭": "5", "변경여부": null, "비고": null, "기존": "현황도로", "기타": null, "종점": null, "기점": null, "구분": null, "정비사항": null, "연장": "0.3" }, "geometry": { "type": "MultiLineString", "coordinates": [ [ [ 128.118830501883963, 35.033905584336253 ], [ 128.11932413822484, 35.033542600462845 ], [ 128.119762761452535, 35.033645243675593 ], [ 128.119992488124353, 35.033647434756872 ], [ 128.12085931961218, 35.034085420038977 ], [ 128.121826401969088, 35.034601606474681 ], [ 128.121841334703475, 35.034609396703864 ], [ 128.121862450864455, 35.034620715768909 ] ] ] } },
{ "type": "Feature", "properties": { "fid": 114, "UserID": null, "number": "사남305", "UMD": null, "NUM": "305", "GUBUN": "농도", "Opened": "미확장", "차선": "1", "도로폭": "2.5", "변경여부": null, "비고": null, "기존": "미확장", "기타": null, "종점": null, "기점": null, "구분": null, "정비사항": null, "연장": "0.6" }, "geometry": { "type": "MultiLineString", "coordinates": [ [ [ 128.076086495266736, 35.059192600276482 ], [ 128.075919415586412, 35.058747495756045 ], [ 128.07540053132422, 35.057360002570917 ], [ 128.074750641672011, 35.055687572745022 ], [ 128.074312090834013, 35.054599412777655 ], [ 128.073734793245109, 35.053718108715692 ] ] ] } },
{ "type": "Feature", "properties": { "fid": 115, "UserID": null, "number": "사남305", "UMD": null, "NUM": "305", "GUBUN": "농도", "Opened": "미확장", "차선": "1", "도로폭": "2.5", "변경여부": "변경", "비고": "미개설-미확장", "기존": "미개설", "기타": null, "종점": null, "기점": null, "구분": null, "정비사항": null, "연장": "0.4" }, "geometry": { "type": "MultiLineString", "coordinates": [ [ [ 128.078225476842562, 35.061789438028867 ], [ 128.078543304225292, 35.061452556767151 ], [ 128.077897049267165, 35.060743602070517 ], [ 128.077470323884938, 35.060198866964008 ], [ 128.076170218932248, 35.059429106634575 ], [ 128.076086495266736, 35.059192600276482 ] ] ] } },
{ "type": "Feature", "properties": { "fid": 116, "UserID": null, "number": "사남305", "UMD": null, "NUM": "305", "GUBUN": "농도", "Opened": "현황도로", "차선": "2", "도로폭": "8", "변경여부": null, "비고": null, "기존": "현황도로", "기타": null, "종점": null, "기점": null, "구분": null, "정비사항": null, "연장": "0.4" }, "geometry": { "type": "MultiLineString", "coordinates": [ [ [ 128.078957640333442, 35.064320639261609 ], [ 128.078936489237094, 35.0640287271912 ], [ 128.07909640755264, 35.06381334489221 ], [ 128.079108010090749, 35.063550776780474 ], [ 128.078225476842562, 35.061789438028867 ] ], [ [ 128.079790598745234, 35.064206066810002 ], [ 128.079673263316295, 35.064189969794342 ], [ 128.079616198216911, 35.06418953613472 ], [ 128.079524918138162, 35.0641911858622 ], [ 128.07941344757981, 35.064206292118762 ], [ 128.079333312397665, 35.0642268011025 ], [ 128.079185621613021, 35.064271195393331 ], [ 128.07913466805789, 35.064284886734086 ], [ 128.079085506051115, 35.064297185602847 ], [ 128.079014664653215, 35.064308138849491 ], [ 128.078958431583857, 35.064320465013296 ] ] ] } },
{ "type": "Feature", "properties": { "fid": 118, "UserID": null, "number": "사남306", "UMD": null, "NUM": "306", "GUBUN": "농도", "Opened": "현황도로", "차선": "2", "도로폭": "6", "변경여부": null, "비고": null, "기존": "현황도로", "기타": null, "종점": null, "기점": null, "구분": null, "정비사항": null, "연장": "0.1" }, "geometry": { "type": "MultiLineString", "coordinates": [ [ [ 128.080424355964169, 35.05224687538449 ], [ 128.079227485428333, 35.052379395875796 ] ] ] } },
{ "type": "Feature", "properties": { "fid": 119, "UserID": null, "number": "사남306", "UMD": null, "NUM": "306", "GUBUN": "농도", "Opened": "미확장", "차선": "1", "도로폭": "2.5", "변경여부": null, "비고": null, "기존": "미확장", "기타": null, "종점": null, "기점": null, "구분": null, "정비사항": null, "연장": "0.1" }, "geometry": { "type": "MultiLineString", "coordinates": [ [ [ 128.079227485428333, 35.052379395875796 ], [ 128.079080369878568, 35.052144666904688 ], [ 128.078979350259914, 35.052040050460903 ], [ 128.078881706868714, 35.051712956573375 ], [ 128.078643490121863, 35.051303337414872 ] ] ] } },
{ "type": "Feature", "properties": { "fid": 120, "UserID": null, "number": "사남306", "UMD": null, "NUM": "306", "GUBUN": "농도", "Opened": "현황도로", "차선": "2", "도로폭": "6", "변경여부": null, "비고": null, "기존": "현황도로", "기타": null, "종점": null, "기점": null, "구분": null, "정비사항": null, "연장": "0.6" }, "geometry": { "type": "MultiLineString", "coordinates": [ [ [ 128.078643490121863, 35.051303337414872 ], [ 128.077764991574384, 35.05165268182941 ], [ 128.075377251115412, 35.047761731998349 ] ] ] } },
{ "type": "Feature", "properties": { "fid": 122, "UserID": null, "number": "사남307", "UMD": null, "NUM": "307", "GUBUN": "농도", "Opened": "현황도로", "차선": "1", "도로폭": "6", "변경여부": null, "비고": null, "기존": "현황도로", "기타": null, "종점": null, "기점": null, "구분": null, "정비사항": null, "연장": "0.1" }, "geometry": { "type": "MultiLineString", "coordinates": [ [ [ 128.088391665631889, 35.054504613389732 ], [ 128.089298618269794, 35.053623020417277 ], [ 128.089423362935122, 35.053539103670296 ], [ 128.089430767288775, 35.053538981806227 ] ] ] } },
{ "type": "Feature", "properties": { "fid": 124, "UserID": null, "number": "사남309", "UMD": null, "NUM": "309", "GUBUN": "농도", "Opened": "현황도로", "차선": "2", "도로폭": "8", "변경여부": null, "비고": null, "기존": "현황도로", "기타": null, "종점": null, "기점": null, "구분": null, "정비사항": null, "연장": "0.1" }, "geometry": { "type": "MultiLineString", "coordinates": [ [ [ 128.094442032571493, 35.050852554472705 ], [ 128.094533621359318, 35.051127351349479 ], [ 128.0945538572891, 35.051332411304998 ], [ 128.094575120180849, 35.051715826963083 ], [ 128.094582432221159, 35.051824780116284 ], [ 128.094598110485293, 35.051869053765586 ], [ 128.094607384769375, 35.051875002846273 ] ] ] } },
{ "type": "Feature", "properties": { "fid": 128, "UserID": null, "number": "사남311", "UMD": null, "NUM": "311", "GUBUN": "농도", "Opened": "현황도로", "차선": "1", "도로폭": "5", "변경여부": null, "비고": null, "기존": "현황도로", "기타": null, "종점": null, "기점": null, "구분": null, "정비사항": null, "연장": "0.8" }, "geometry": { "type": "MultiLineString", "coordinates": [ [ [ 128.083207671875698, 35.051978898950296 ], [ 128.083805524021102, 35.053400821330925 ], [ 128.08391617360158, 35.053662232719091 ], [ 128.084015014662924, 35.05387563211967 ], [ 128.084174226911728, 35.05426885444129 ], [ 128.08426164715712, 35.05449621566715 ], [ 128.084424855750882, 35.054890333964003 ], [ 128.084549912898353, 35.055202049822142 ], [ 128.084635557790818, 35.055414244556012 ], [ 128.08473756938119, 35.055662880356145 ], [ 128.084844046827072, 35.055915992747529 ], [ 128.08494112239606, 35.056160423675756 ], [ 128.085059103860971, 35.056445110584562 ], [ 128.085114803967116, 35.056605557957113 ], [ 128.085153934915553, 35.05667808864338 ], [ 128.085200384306859, 35.056721477704258 ], [ 128.085266848234085, 35.056742280048333 ], [ 128.085325129840953, 35.056750573824566 ], [ 128.085382336471213, 35.056759469322039 ], [ 128.085439922052274, 35.056774989691803 ], [ 128.085483708131505, 35.056801900551505 ], [ 128.085528986309839, 35.05686792933966 ], [ 128.085561749651845, 35.056964150399637 ], [ 128.08558580500204, 35.057104130402898 ], [ 128.085630518862615, 35.057304695736754 ], [ 128.085663172894186, 35.057395402360669 ], [ 128.085722371540243, 35.057518702364476 ], [ 128.085808730079208, 35.057696027424647 ], [ 128.08590126400307, 35.057859063867433 ], [ 128.086069219069401, 35.058149532280432 ], [ 128.086179171162968, 35.058287337120831 ], [ 128.086260517452672, 35.058371774590732 ], [ 128.086291068478033, 35.058442408003309 ] ] ] } },
{ "type": "Feature", "properties": { "fid": 129, "UserID": null, "number": "사남312", "UMD": null, "NUM": "312", "GUBUN": "농도", "Opened": "현황도로", "차선": "2", "도로폭": "8", "변경여부": null, "비고": null, "기존": "현황도로", "기타": null, "종점": null, "기점": null, "구분": null, "정비사항": null, "연장": "0.6" }, "geometry": { "type": "MultiLineString", "coordinates": [ [ [ 128.141491703626286, 34.997515142030878 ], [ 128.141686563460866, 34.997656825385086 ], [ 128.141901777607217, 34.997871652399617 ], [ 128.142071518175612, 34.998026316912274 ], [ 128.142279810323657, 34.998237074264352 ], [ 128.14252065053256, 34.998496743136947 ], [ 128.142607599880165, 34.998583824215231 ], [ 128.142679713218428, 34.998674522836325 ], [ 128.142745136893723, 34.99874082879446 ], [ 128.142786205406679, 34.99880553833399 ], [ 128.142834072541376, 34.998886330853331 ], [ 128.142874434457354, 34.999019753832613 ], [ 128.142850142175746, 34.999179913099489 ], [ 128.142751235557114, 34.999488708021346 ], [ 128.142704928067928, 34.99959202600396 ], [ 128.142665013372209, 34.999749208432625 ], [ 128.142646290014511, 34.999875336231725 ], [ 128.14263145243666, 34.99996398659669 ], [ 128.142632221799516, 35.000057046777705 ], [ 128.142625660217561, 35.000184973155314 ], [ 128.142633855149086, 35.00039975826288 ], [ 128.142650486608431, 35.000639516186126 ], [ 128.142687051895848, 35.000802972149202 ], [ 128.142752787114119, 35.001005284050215 ], [ 128.14286451597269, 35.001135480217478 ], [ 128.143047193636193, 35.001301402492601 ], [ 128.143244197201142, 35.001428767139473 ], [ 128.14340607651414, 35.00150320868822 ], [ 128.14353785970917, 35.001545655958871 ], [ 128.143902785899684, 35.001631058937726 ], [ 128.144520047313677, 35.001749122076575 ], [ 128.144534853902996, 35.00175838425524 ] ] ] } },
{ "type": "Feature", "properties": { "fid": 130, "UserID": null, "number": "사남312", "UMD": null, "NUM": "312", "GUBUN": "농도", "Opened": "현황도로", "차선": "1", "도로폭": "4", "변경여부": "변경", "비고": "미확장-현황도로", "기존": "미확장", "기타": null, "종점": null, "기점": null, "구분": null, "정비사항": null, "연장": "0.3" }, "geometry": { "type": "MultiLineString", "coordinates": [ [ [ 128.144534853902996, 35.00175838425524 ], [ 128.144536937885306, 35.001759687878341 ], [ 128.144560380143247, 35.0017743469569 ], [ 128.144611813440036, 35.001809700155846 ], [ 128.144665257581835, 35.001845509183603 ], [ 128.14475118395967, 35.001903071508337 ], [ 128.144891639991812, 35.002002678646143 ], [ 128.144963345760004, 35.002059428420452 ], [ 128.145020150529945, 35.002098641041918 ], [ 128.14506702393831, 35.00212695843905 ], [ 128.145114129221412, 35.002133023277068 ], [ 128.145176959189911, 35.002114376005757 ], [ 128.145289583340599, 35.00206554236361 ], [ 128.145357918217343, 35.00203790235696 ], [ 128.145415458619766, 35.002006499697949 ], [ 128.145464386580784, 35.001985852409391 ], [ 128.145538844747989, 35.001963465242703 ], [ 128.145619157842901, 35.001974216650979 ], [ 128.145699360727633, 35.001994503446745 ], [ 128.145786346831358, 35.002031377660273 ], [ 128.145929066186028, 35.002099957278787 ], [ 128.146103027256231, 35.002175877476581 ], [ 128.146215237070152, 35.00224156479846 ], [ 128.146242405107614, 35.002267714895432 ], [ 128.146297938824688, 35.00231861741144 ], [ 128.146326217972984, 35.002350634051425 ], [ 128.146372972809871, 35.002390406191878 ], [ 128.146448234206531, 35.002439293381912 ], [ 128.146512019616011, 35.002477274566743 ], [ 128.146703039896124, 35.002585636237846 ], [ 128.146763051494361, 35.002614694456831 ], [ 128.146803876029281, 35.002629610685048 ], [ 128.146825039905707, 35.002625361122689 ] ] ] } },
{ "type": "Feature", "properties": { "fid": 131, "UserID": null, "number": "용현101", "UMD": null, "NUM": "101", "GUBUN": "면도", "Opened": "미확장", "차선": "1", "도로폭": "3~5", "변경여부": null, "비고": null, "기존": "미확장", "기타": "용현102랑 겹침-기점수정", "종점": "신촌리 409-1", "기점": "석계리 287-1", "구분": "노선변경", "정비사항": "기점부 중복구간 삭제 종점부 시도 연결", "연장": "0.6" }, "geometry": { "type": "MultiLineString", "coordinates": [ [ [ 128.064918468961082, 35.024019707899512 ], [ 128.065064593570867, 35.023967593658782 ], [ 128.065122725977062, 35.023944986060123 ], [ 128.065149539652907, 35.023933277298461 ], [ 128.065239044148768, 35.023897004095218 ], [ 128.065315397290448, 35.023871562559769 ], [ 128.065399009418627, 35.023836983359523 ], [ 128.065460325689969, 35.023812840846574 ], [ 128.065632151769023, 35.023749432126458 ], [ 128.065653321420712, 35.023741663626282 ], [ 128.065780744821666, 35.023704654878266 ], [ 128.06584059663308, 35.023691704459914 ], [ 128.065934078227372, 35.02366117585499 ], [ 128.066098062013339, 35.023620545815838 ], [ 128.066228536382454, 35.023577295837356 ], [ 128.066470823922089, 35.023485126512561 ], [ 128.066764384341525, 35.02334716724144 ], [ 128.066816918817523, 35.023345570869878 ], [ 128.066856343672555, 35.023359836145531 ], [ 128.066877744026584, 35.023383769122212 ], [ 128.066916491266966, 35.023398849374217 ], [ 128.066945058828196, 35.023402440341165 ], [ 128.066946298078278, 35.023402341723497 ], [ 128.066978297101457, 35.023399983260958 ], [ 128.067038397683149, 35.023371873725488 ], [ 128.067129216009363, 35.023307631820806 ], [ 128.067226209526268, 35.023258219260043 ], [ 128.067239742934248, 35.0232513290849 ], [ 128.067291504332843, 35.023246409647115 ], [ 128.067448401047841, 35.023197764436972 ], [ 128.067481649152825, 35.023186726593444 ], [ 128.067641890972027, 35.023128138118722 ], [ 128.067820055623372, 35.023090958794825 ], [ 128.067916100766979, 35.023071904326095 ], [ 128.067978192043512, 35.023074896645596 ], [ 128.068026153169598, 35.023085234289503 ], [ 128.068085765719047, 35.023100979394208 ], [ 128.068129942547273, 35.023123257610415 ], [ 128.068221519986395, 35.023206172525036 ], [ 128.06834522706356, 35.0233398541844 ], [ 128.068347593539926, 35.023342765661781 ], [ 128.068420131569155, 35.023432149831855 ], [ 128.06848002554986, 35.023493558494188 ], [ 128.068505526713324, 35.023524994771947 ], [ 128.0685225420265, 35.023535671181605 ], [ 128.068572608713566, 35.023567097988511 ], [ 128.068655799918417, 35.023605124768899 ], [ 128.068727317764967, 35.023639672761512 ], [ 128.068770230566344, 35.023649800061321 ], [ 128.068882407357421, 35.023690338830519 ], [ 128.06893832125175, 35.02369992602641 ], [ 128.068974001699587, 35.023704337304444 ], [ 128.069052028303673, 35.023707992316069 ], [ 128.069081496775539, 35.023693049259926 ], [ 128.069311516157597, 35.023611902453013 ], [ 128.069362401822815, 35.023589543603826 ], [ 128.069391959345182, 35.023580261533702 ], [ 128.069423797076212, 35.023574737504596 ], [ 128.069461840831593, 35.02357268619582 ], [ 128.069679372153843, 35.023588768849855 ], [ 128.069834656068309, 35.023596270302818 ], [ 128.069899800239369, 35.023610290368246 ], [ 128.069938394201898, 35.023627351418753 ], [ 128.069959368498331, 35.023642564686554 ], [ 128.069993638920693, 35.02368338775814 ], [ 128.070020278013516, 35.023720817314505 ], [ 128.070035791736444, 35.023734456391914 ], [ 128.07006421001185, 35.023750267572368 ], [ 128.070094797834628, 35.023758343921699 ], [ 128.070126098213564, 35.023761558526687 ], [ 128.070158301646188, 35.023762436584491 ], [ 128.070187818412734, 35.023768341489344 ], [ 128.070203801071244, 35.023779280141149 ], [ 128.070218188578707, 35.023795614556278 ], [ 128.070242860414425, 35.023813289749732 ], [ 128.070269046466962, 35.023823044815444 ], [ 128.070295299969416, 35.023826851587231 ], [ 128.070455398393648, 35.023826277181051 ], [ 128.070465546598314, 35.023829960367074 ], [ 128.070470614180209, 35.02383720991515 ], [ 128.070534949158002, 35.024387580373336 ], [ 128.07053399263944, 35.024409132949145 ] ] ] } },
{ "type": "Feature", "properties": { "fid": 133, "UserID": null, "number": "용현102", "UMD": null, "NUM": "102", "GUBUN": "면도", "Opened": "미개설", "차선": null, "도로폭": null, "변경여부": null, "비고": null, "기존": "미개설", "기타": null, "종점": null, "기점": null, "구분": null, "정비사항": null, "연장": "0.4" }, "geometry": { "type": "MultiLineString", "coordinates": [ [ [ 128.073093166312276, 35.020975235186278 ], [ 128.073175360733671, 35.021167701399534 ], [ 128.073183881422693, 35.021498814169057 ], [ 128.073310172646785, 35.021856484326634 ], [ 128.073375241015867, 35.022136217756596 ], [ 128.073377110556095, 35.022603724543366 ], [ 128.073221797038741, 35.023051687680237 ], [ 128.073005013451819, 35.023339701104334 ], [ 128.072863469372408, 35.023543313438715 ], [ 128.072577371654063, 35.023720291564494 ], [ 128.072477049662695, 35.023832825614242 ], [ 128.072265098758294, 35.023841676645652 ], [ 128.071886805731481, 35.024022956778722 ] ] ] } },
{ "type": "Feature", "properties": { "fid": 135, "UserID": null, "number": "용현102", "UMD": null, "NUM": "102", "GUBUN": "면도", "Opened": "현황도로", "차선": "2", "도로폭": "8", "변경여부": null, "비고": null, "기존": "현황도로", "기타": null, "종점": null, "기점": "구월리 318", "구분": null, "정비사항": null, "연장": "0.5" }, "geometry": { "type": "MultiLineString", "coordinates": [ [ [ 128.065473639244061, 35.029396099950702 ], [ 128.064586585324349, 35.029347793673494 ], [ 128.064012267404536, 35.029303059893202 ], [ 128.063736727322009, 35.029238648963045 ], [ 128.063239744837574, 35.029055298239065 ], [ 128.062645363718019, 35.028816246795586 ], [ 128.062121830791369, 35.028618030449188 ], [ 128.061939654359293, 35.028572653179452 ], [ 128.061654445014483, 35.028574113204812 ], [ 128.061190481407777, 35.028621805096179 ], [ 128.060455349437319, 35.02871257663675 ] ] ] } },
{ "type": "Feature", "properties": { "fid": 137, "UserID": null, "number": "용현201", "UMD": null, "NUM": "201", "GUBUN": "리도", "Opened": "현황도로", "차선": "2~4", "도로폭": "5~15", "변경여부": null, "비고": null, "기존": "현황도로", "기타": null, "종점": null, "기점": null, "구분": null, "정비사항": null, "연장": "2.7" }, "geometry": { "type": "MultiLineString", "coordinates": [ [ [ 128.044082488843657, 35.025609679077633 ], [ 128.043299939318871, 35.025379912808269 ], [ 128.043092538391278, 35.025162790855269 ], [ 128.043193035146572, 35.024820388243853 ] ], [ [ 128.044081236979423, 35.025609811079782 ], [ 128.044080533042774, 35.025611534230485 ], [ 128.044278548188231, 35.025694939302504 ], [ 128.044775978695753, 35.025888010181497 ], [ 128.045255810042477, 35.026073665423716 ], [ 128.045598892436118, 35.026230960729642 ], [ 128.045759094472231, 35.026334071665779 ], [ 128.045875313895721, 35.026416829977343 ], [ 128.04599974192962, 35.026554214894652 ] ], [ [ 128.047986416203003, 35.029262681206554 ], [ 128.047879338883746, 35.029110993812431 ], [ 128.047531331904793, 35.028650815031028 ], [ 128.047368332702803, 35.028436141664784 ], [ 128.046789483992882, 35.02766531764496 ], [ 128.046513437382998, 35.027297714120266 ], [ 128.046004777635801, 35.026565040380767 ] ], [ [ 128.046552353454956, 35.03779113964648 ], [ 128.046705569981839, 35.038163138945684 ], [ 128.04693906747508, 35.038510022409433 ], [ 128.04737533732748, 35.038947668733151 ], [ 128.047436043854333, 35.039048005411324 ], [ 128.047475716977289, 35.039151608302191 ], [ 128.04749653707978, 35.039269200809521 ], [ 128.047528068312886, 35.039574364546141 ], [ 128.047548330171992, 35.039664061949324 ], [ 128.047642090329475, 35.040000586711706 ], [ 128.047760157751355, 35.039981270899382 ], [ 128.047905333884756, 35.039968900947997 ], [ 128.049076886487143, 35.03987492693431 ], [ 128.05001580824802, 35.039825428018965 ], [ 128.051975696815674, 35.039678306455841 ], [ 128.052924824104906, 35.039679364672203 ], [ 128.053000513893295, 35.038769397998358 ], [ 128.052999878449867, 35.038765589416677 ], [ 128.052960128189085, 35.038637758458833 ], [ 128.052885289113078, 35.038460494617134 ], [ 128.052837545944413, 35.038396559546051 ], [ 128.052769328983658, 35.038285450983317 ], [ 128.052692876953415, 35.038151086756223 ], [ 128.052631872600614, 35.03803891686065 ], [ 128.052572235846611, 35.037926955921179 ], [ 128.052521673025808, 35.037819743819959 ], [ 128.052469454083109, 35.037686118771084 ], [ 128.052437430891018, 35.037600007563974 ], [ 128.052425644259301, 35.037568296700698 ], [ 128.052395333438, 35.037461098724194 ], [ 128.052338572166548, 35.037265426538234 ], [ 128.052273159522969, 35.037026612054042 ], [ 128.052240115911843, 35.03687810269615 ], [ 128.052219100257417, 35.036694941120309 ], [ 128.052206152369223, 35.036576981823288 ], [ 128.05218444514756, 35.036420467174587 ], [ 128.052178048756446, 35.036387951200616 ], [ 128.052022387092563, 35.036010456188599 ], [ 128.051542747568362, 35.035345333491492 ], [ 128.050892488952627, 35.034685552949988 ], [ 128.05029480973252, 35.034088149990268 ], [ 128.050194371133045, 35.033995976724604 ], [ 128.050060659707583, 35.033861576541739 ], [ 128.049987030662066, 35.033783142275752 ], [ 128.049923132871129, 35.033683891421113 ], [ 128.049874884185243, 35.033597823537086 ], [ 128.049836001050295, 35.033531937774015 ], [ 128.04980658130205, 35.033470227270207 ], [ 128.049766360455379, 35.033396858959648 ], [ 128.049712984110471, 35.033268216985171 ], [ 128.049685889114102, 35.033186533162478 ], [ 128.049661917343968, 35.033114292739491 ], [ 128.049631804923479, 35.032999875933008 ], [ 128.049615592084479, 35.032891679169943 ], [ 128.049615298569819, 35.032766716329562 ], [ 128.049625487863381, 35.032642106111574 ], [ 128.049651445693627, 35.032385177978277 ], [ 128.049642756184539, 35.032274570570905 ], [ 128.049619599424972, 35.032171754358046 ], [ 128.04957671488944, 35.032046547553612 ], [ 128.049529305577181, 35.031932616944289 ], [ 128.049466410199756, 35.031768820359027 ], [ 128.049418278414805, 35.031620831742693 ], [ 128.049378421243233, 35.031474629568365 ], [ 128.049333073980961, 35.031281208625202 ], [ 128.049307511906562, 35.031168533725541 ], [ 128.049263124923698, 35.031046952680789 ], [ 128.049227342604297, 35.030969876637812 ], [ 128.049177317946658, 35.030880868019821 ], [ 128.049141847367622, 35.03082005285578 ], [ 128.049062517145302, 35.030707924920883 ], [ 128.048905006008482, 35.030544052823295 ], [ 128.048726605328255, 35.030360011892945 ], [ 128.048641766453585, 35.030264146407767 ], [ 128.048566987511094, 35.030177379845981 ], [ 128.048501663790148, 35.030086364033089 ], [ 128.048417884835288, 35.029967391532423 ], [ 128.048311896819115, 35.029808439986333 ], [ 128.048196804472013, 35.029627606261251 ], [ 128.048015950582652, 35.029320980445661 ], [ 128.047981764517203, 35.029263080370349 ] ] ] } },
{ "type": "Feature", "properties": { "fid": 139, "UserID": null, "number": "용현202", "UMD": null, "NUM": "202", "GUBUN": "리도", "Opened": "미확장", "차선": "1", "도로폭": "5", "변경여부": "변경", "비고": null, "기존": "미확장", "기타": "기점 지번 변경", "종점": "통양리 105-3", "기점": "신복리 442-11", "구분": "노선단축", "정비사항": "통양리 105-3로 종점변경", "연장": "0.3" }, "geometry": { "type": "MultiLineString", "coordinates": [ [ [ 128.053000513893295, 35.038769397998358 ], [ 128.053023573411593, 35.038691459927897 ], [ 128.053039185394908, 35.038656754545038 ], [ 128.05308435868713, 35.038597890207015 ], [ 128.053172562405706, 35.038502470688279 ], [ 128.053257181336761, 35.038410934863911 ], [ 128.053576915394444, 35.038115367943483 ], [ 128.053744776423088, 35.037973298686474 ], [ 128.05379317110598, 35.037933759090528 ], [ 128.053820505480559, 35.037906408990111 ], [ 128.053843478709041, 35.037888099160632 ], [ 128.053905162886053, 35.037841779685046 ], [ 128.054108934241526, 35.037687699863916 ], [ 128.05423684498524, 35.037596889781426 ], [ 128.054634314216855, 35.037302497123093 ], [ 128.054728840025547, 35.037242998726498 ], [ 128.054744934689154, 35.037232867153655 ], [ 128.055114947083609, 35.037019749489772 ], [ 128.055130546217924, 35.03701076770362 ], [ 128.055160280390737, 35.036993682888522 ] ] ] } },
{ "type": "Feature", "properties": { "fid": 141, "UserID": null, "number": "용현202", "UMD": null, "NUM": "202", "GUBUN": "리도", "Opened": "미확장", "차선": "1", "도로폭": "3", "변경여부": null, "비고": null, "기존": "미확장", "기타": "기점 지번 변경", "종점": "통양리 105-3", "기점": "신복리 442-11", "구분": null, "정비사항": null, "연장": "0.3" }, "geometry": { "type": "MultiLineString", "coordinates": [ [ [ 128.071577689308754, 35.035716195983973 ], [ 128.071648390387793, 35.035782282663469 ], [ 128.071711009370574, 35.035878871564599 ], [ 128.071786856857841, 35.035974372024477 ], [ 128.071815234776295, 35.036016402255633 ], [ 128.071824256100626, 35.036068442205753 ], [ 128.071836771378742, 35.036104194802952 ], [ 128.071848214545355, 35.036136883667908 ], [ 128.071853408172728, 35.03616404455267 ], [ 128.071861405207756, 35.036185575558548 ], [ 128.071886301657884, 35.036303336507466 ], [ 128.071998092543907, 35.036512790795456 ], [ 128.071995385365199, 35.03662666037134 ], [ 128.072090626387109, 35.036853510125027 ], [ 128.072058741705121, 35.03698143698923 ], [ 128.072346408725082, 35.037489475216717 ], [ 128.072443229390444, 35.037837056046023 ], [ 128.072604315410302, 35.037966726990113 ], [ 128.072678454290298, 35.038183413160411 ], [ 128.072873003564382, 35.038305888128917 ] ] ] } },
{ "type": "Feature", "properties": { "fid": 143, "UserID": null, "number": "용현202", "UMD": null, "NUM": "202", "GUBUN": "리도", "Opened": "미확장", "차선": "1", "도로폭": "2", "변경여부": "변경", "비고": "미개설-미확장", "기존": "미개설", "기타": "기점 지번 변경", "종점": "통양리 105-3", "기점": "신복리 442-11", "구분": null, "정비사항": null, "연장": "0.2" }, "geometry": { "type": "MultiLineString", "coordinates": [ [ [ 128.072873003564382, 35.038305888128917 ], [ 128.073016052175518, 35.038339121730708 ], [ 128.073083923705241, 35.038397169179419 ], [ 128.073131095685682, 35.038476098883073 ], [ 128.073216284948586, 35.038575391476492 ], [ 128.073163070242117, 35.038675908333502 ], [ 128.072960537470834, 35.038905390868983 ], [ 128.072908449655245, 35.03909214431421 ], [ 128.072947278800967, 35.039174597724006 ], [ 128.07317159551053, 35.039327857706851 ], [ 128.073541671359209, 35.039721318202652 ], [ 128.073639354559219, 35.039813600174845 ], [ 128.073692572412568, 35.040033920626406 ] ] ] } },
{ "type": "Feature", "properties": { "fid": 144, "UserID": null, "number": "용현202", "UMD": null, "NUM": "202", "GUBUN": "리도", "Opened": "미확장", "차선": "1", "도로폭": "3", "변경여부": null, "비고": null, "기존": "미확장", "기타": "기점 지번 변경", "종점": "통양리 105-3", "기점": "신복리 442-11", "구분": null, "정비사항": null, "연장": "0.3" }, "geometry": { "type": "MultiLineString", "coordinates": [ [ [ 128.073692572412568, 35.040033920626406 ], [ 128.073587802412646, 35.040285911541709 ], [ 128.073525774344489, 35.040408574370552 ], [ 128.073567393947201, 35.040509386213088 ], [ 128.074052481863731, 35.04094644734667 ], [ 128.074361356954, 35.041208874128202 ], [ 128.074401313886824, 35.041344590073329 ], [ 128.074354386543064, 35.041648545955461 ], [ 128.074444788100124, 35.041748925456957 ], [ 128.074644242320943, 35.041754136788782 ], [ 128.074722878522579, 35.041927888635847 ] ] ] } },
{ "type": "Feature", "properties": { "fid": 145, "UserID": null, "number": "용현202", "UMD": null, "NUM": "202", "GUBUN": "리도", "Opened": "미확장", "차선": "1", "도로폭": "3", "변경여부": null, "비고": null, "기존": "미확장", "기타": "기점 지번 변경", "종점": "통양리 105-3", "기점": "신복리 442-11", "구분": null, "정비사항": null, "연장": "0.6" }, "geometry": { "type": "MultiLineString", "coordinates": [ [ [ 128.076039820043661, 35.044059815048378 ], [ 128.076348373513412, 35.044557307905798 ], [ 128.076346713167197, 35.044750514922519 ], [ 128.076302475519384, 35.044895801619113 ], [ 128.076432198792958, 35.045191338770827 ], [ 128.07650098364374, 35.045318373301846 ], [ 128.076399110366879, 35.045546968132953 ], [ 128.076271572249681, 35.045737842095356 ], [ 128.076256649745261, 35.045879418812426 ], [ 128.07601086494131, 35.046330081115258 ], [ 128.075898428915735, 35.046393175854526 ], [ 128.075732052691563, 35.046501597017119 ], [ 128.075500735003004, 35.046776187067088 ], [ 128.075262870435211, 35.046871441915421 ], [ 128.075117284023577, 35.04696587852073 ], [ 128.075069255409204, 35.047142247097149 ], [ 128.075041159526876, 35.047239092201011 ], [ 128.074907568204338, 35.047288574059927 ], [ 128.074383932742762, 35.047344960685642 ], [ 128.074043184135405, 35.047272081088877 ], [ 128.073882844795605, 35.047201053478524 ], [ 128.073199048960902, 35.046879367845996 ] ] ] } },
{ "type": "Feature", "properties": { "fid": 146, "UserID": null, "number": "용현202", "UMD": null, "NUM": "202", "GUBUN": "리도", "Opened": "미개설", "차선": null, "도로폭": null, "변경여부": null, "비고": null, "기존": "미개설", "기타": "기점 지번 변경", "종점": "통양리 105-3", "기점": "신복리 442-11", "구분": null, "정비사항": null, "연장": "0.3" }, "geometry": { "type": "MultiLineString", "coordinates": [ [ [ 128.074722878522579, 35.041927888635847 ], [ 128.074746013875028, 35.042398694430418 ], [ 128.076039820043661, 35.044059815048378 ] ] ] } },
{ "type": "Feature", "properties": { "fid": 147, "UserID": null, "number": "용현203", "UMD": null, "NUM": "203", "GUBUN": "리도", "Opened": "현황도로", "차선": "1", "도로폭": "5", "변경여부": null, "비고": null, "기존": "현황도로", "기타": null, "종점": null, "기점": null, "구분": null, "정비사항": null, "연장": "1.4" }, "geometry": { "type": "MultiLineString", "coordinates": [ [ [ 128.061713951911429, 35.014026595453409 ], [ 128.061962542447958, 35.014015414463017 ], [ 128.062129039900157, 35.014032242102331 ], [ 128.062324663078272, 35.014092667108983 ], [ 128.062442834316158, 35.01412780506751 ], [ 128.062686929995976, 35.014156219518974 ], [ 128.062827120997497, 35.014176132610245 ], [ 128.063045045569112, 35.014219747769104 ], [ 128.063212971617361, 35.014269826204938 ], [ 128.063343201995224, 35.014342705269904 ], [ 128.063393416060904, 35.01438934987285 ], [ 128.063476998121502, 35.014466969818919 ], [ 128.063595791025676, 35.014538912972171 ], [ 128.063746872806661, 35.014606824125721 ], [ 128.063878231556231, 35.014671157669092 ], [ 128.063984996764219, 35.014703646235979 ], [ 128.064107527605842, 35.014721708916774 ], [ 128.064264612894135, 35.014718640594602 ], [ 128.064333196805364, 35.014724307748196 ], [ 128.064475441428755, 35.014746794591453 ], [ 128.064617822619738, 35.014757312593368 ], [ 128.064733332259635, 35.014752210220003 ], [ 128.064810104104509, 35.01476906276941 ], [ 128.06487204518487, 35.014810614585343 ], [ 128.064915204855794, 35.014856302794598 ], [ 128.064999363277508, 35.015046917508812 ], [ 128.065078581825844, 35.015214392836064 ], [ 128.065108156442051, 35.015266826316463 ], [ 128.065160486712017, 35.015328836254405 ], [ 128.065235849096354, 35.015379054100393 ], [ 128.06547133264786, 35.015433922842718 ], [ 128.065719305069535, 35.015488887413433 ], [ 128.065951257842499, 35.015579673249292 ], [ 128.066383916275925, 35.015759542711656 ], [ 128.066396700598887, 35.015766383187973 ], [ 128.066429924197706, 35.015792858972091 ], [ 128.066503504935753, 35.015851480780825 ], [ 128.066550451424661, 35.015878386720189 ], [ 128.066597473309002, 35.01589963283817 ], [ 128.066642658138733, 35.015911905518827 ], [ 128.066756114916473, 35.015929444985282 ], [ 128.066847901778914, 35.015940174645309 ], [ 128.066949857481035, 35.015945935053914 ], [ 128.067016264214345, 35.015946626593774 ], [ 128.067159685454584, 35.015946829350881 ], [ 128.067199958111672, 35.015948860899293 ], [ 128.067238479495842, 35.015952672611625 ], [ 128.067283627661595, 35.015959509721696 ], [ 128.067326347097975, 35.015967968552779 ], [ 128.067372256048685, 35.01597823655856 ], [ 128.067480626023979, 35.016004758566133 ], [ 128.067620442085001, 35.0160580397025 ], [ 128.067795279418647, 35.016140676166941 ], [ 128.068006142476321, 35.016257822157698 ], [ 128.06819020134165, 35.016353363988941 ], [ 128.068527713216383, 35.016492015256418 ], [ 128.068871548270124, 35.016623873042505 ], [ 128.069014410853555, 35.016684017125158 ], [ 128.069136371714194, 35.016751697889141 ], [ 128.069207419691821, 35.016815562413598 ], [ 128.069283603320741, 35.016885469231831 ], [ 128.069843087193902, 35.017262854578327 ], [ 128.070042517695356, 35.017379053034126 ], [ 128.070156165207067, 35.017469887376386 ], [ 128.070238050570651, 35.017563677663418 ], [ 128.070278581632948, 35.017658971324046 ], [ 128.070445232611178, 35.017914399236979 ], [ 128.070586049506659, 35.018063514605231 ], [ 128.070849678212198, 35.018297440757252 ], [ 128.071017485622122, 35.018451043914858 ], [ 128.071343417052304, 35.018787270424909 ], [ 128.071436325962168, 35.01894115526931 ], [ 128.071467899072246, 35.019000443658285 ], [ 128.071460832312084, 35.019073983513579 ], [ 128.071462684241908, 35.019185240470186 ], [ 128.071505855406457, 35.019323340315225 ], [ 128.071834191542251, 35.019814469326299 ], [ 128.07185288043047, 35.019840850332564 ], [ 128.071928768170608, 35.019947996389433 ], [ 128.07194792007067, 35.019978004293471 ], [ 128.072028554185522, 35.020104340004934 ], [ 128.072157822686336, 35.020262775048316 ], [ 128.072252828738556, 35.020366182533515 ], [ 128.072407428006585, 35.020534437500551 ], [ 128.072408186128598, 35.02053521845189 ], [ 128.072423412721975, 35.020551946610091 ], [ 128.072540426643798, 35.020709999012752 ], [ 128.072584823032599, 35.020759362408157 ], [ 128.07274627045814, 35.020841474703047 ], [ 128.072866218364737, 35.02090485500289 ], [ 128.072973007564229, 35.020930440694194 ], [ 128.073024153593082, 35.02093812376156 ] ] ] } },
{ "type": "Feature", "properties": { "fid": 148, "UserID": null, "number": "용현203", "UMD": null, "NUM": "203", "GUBUN": "리도", "Opened": "미확장", "차선": "1", "도로폭": "4", "변경여부": null, "비고": null, "기존": "미확장", "기타": null, "종점": null, "기점": null, "구분": null, "정비사항": null, "연장": "1.8" }, "geometry": { "type": "MultiLineString", "coordinates": [ [ [ 128.073024153593082, 35.02093812376156 ], [ 128.073071739309597, 35.020934125313161 ], [ 128.073121825550288, 35.020929911625515 ], [ 128.073259624037604, 35.02088647567782 ], [ 128.073398279555306, 35.020859297194256 ], [ 128.07343592886474, 35.020841612463741 ], [ 128.07353399960553, 35.020723413140253 ], [ 128.073553118978992, 35.020707876089361 ], [ 128.073850005388209, 35.020466550752701 ], [ 128.073976018873054, 35.020360543360916 ], [ 128.073998586510839, 35.020334586115574 ], [ 128.074005159344466, 35.020320124848837 ], [ 128.074130549921563, 35.020340937009216 ], [ 128.074525777908065, 35.020379386797195 ], [ 128.075367632041861, 35.020450674565858 ], [ 128.075800066248178, 35.020481695689547 ], [ 128.075804040929285, 35.020482114613181 ], [ 128.075824041513442, 35.020697636163796 ], [ 128.075830443612773, 35.020792604595599 ], [ 128.075856632030167, 35.020942128515472 ], [ 128.075927753883377, 35.021147039627849 ], [ 128.07610100203695, 35.021549427752163 ], [ 128.076216881110469, 35.021794383737095 ], [ 128.07632015206238, 35.02194822220811 ], [ 128.076370199382268, 35.022001007313875 ], [ 128.076572188951275, 35.022181213887968 ], [ 128.076646716056331, 35.022249905300072 ], [ 128.076693008195718, 35.022271313936805 ], [ 128.076743805202767, 35.02229259321998 ], [ 128.076802196084515, 35.022299194220992 ], [ 128.076995299484139, 35.02230917351023 ], [ 128.077305365626472, 35.022323394870902 ], [ 128.077481236674657, 35.022336605884519 ], [ 128.077543324272654, 35.022348510200878 ], [ 128.077599814338498, 35.022381313047795 ], [ 128.077650496324139, 35.022469335649397 ], [ 128.077666719709498, 35.022538816870693 ], [ 128.07767128452619, 35.02263057561408 ], [ 128.07767027688044, 35.022698431618622 ], [ 128.077636894824508, 35.023018984312046 ], [ 128.077610246463365, 35.023300418314143 ], [ 128.077588965760299, 35.023439918164968 ], [ 128.077551996073055, 35.023542439995687 ], [ 128.07751364407784, 35.023594446413092 ], [ 128.077473998829731, 35.023635762131711 ], [ 128.077412816505841, 35.023694814336551 ], [ 128.07728076862432, 35.023809067454657 ], [ 128.077257928980686, 35.023835294850372 ], [ 128.077255642936734, 35.02386182416079 ], [ 128.077258787569633, 35.023884219238113 ], [ 128.07729129058373, 35.023917628592251 ], [ 128.077367361070401, 35.023951849282824 ], [ 128.077855834488901, 35.024143663262464 ], [ 128.077957072989534, 35.024179108026971 ], [ 128.078235504062292, 35.024264056711736 ], [ 128.078334206519969, 35.024284375499008 ], [ 128.078426284332352, 35.024294595385328 ], [ 128.078521405390063, 35.02429109955056 ], [ 128.078600627696375, 35.024281710920739 ], [ 128.078807713801837, 35.024250442018847 ], [ 128.07906496478509, 35.024218386249743 ], [ 128.079264628120086, 35.024206839848304 ], [ 128.079344073259904, 35.024208337634484 ], [ 128.079416358666379, 35.024217388076018 ], [ 128.079496486200384, 35.024255136513737 ], [ 128.079590358959933, 35.024316401659348 ], [ 128.079788941171245, 35.024493363796182 ], [ 128.079898843897354, 35.024605332991825 ], [ 128.079976238007333, 35.024676224785829 ], [ 128.08004766120095, 35.024734371388604 ], [ 128.080098357819253, 35.024759921553226 ], [ 128.08014239798959, 35.024774244611145 ], [ 128.080209632655624, 35.024780902109931 ], [ 128.08027262134047, 35.024772429982207 ], [ 128.080312863521442, 35.024760991036977 ], [ 128.080370380902338, 35.024724517919651 ], [ 128.080407602966915, 35.024679499319781 ], [ 128.080422179926956, 35.024652759178991 ], [ 128.080441770167113, 35.024572734104012 ], [ 128.080481642759139, 35.024473087652524 ], [ 128.080516423447904, 35.024403444042903 ], [ 128.080568723950563, 35.024347516482109 ], [ 128.080610279925509, 35.024322772071883 ], [ 128.080674349572689, 35.024284981104913 ], [ 128.080753101775343, 35.024275817120206 ], [ 128.080846887399616, 35.024279322721284 ], [ 128.081577812487581, 35.024397288602096 ], [ 128.08171341148747, 35.024401669285993 ], [ 128.08216276828756, 35.024406750402711 ], [ 128.082375432599719, 35.024419546682125 ], [ 128.082612997499098, 35.024455298844508 ], [ 128.082747506072479, 35.024495462139434 ], [ 128.082898585094085, 35.024544151149399 ], [ 128.083071845796695, 35.0245846073867 ], [ 128.083240165892278, 35.02464164661896 ], [ 128.083309391216488, 35.024671175324066 ], [ 128.083382607901797, 35.024702401654068 ], [ 128.083540022203124, 35.024761755523855 ], [ 128.083601667957169, 35.024782890569355 ], [ 128.083664372776155, 35.024794548322589 ], [ 128.083718681118256, 35.024800298513668 ], [ 128.083773205435165, 35.024794104672175 ], [ 128.083800565784458, 35.024780331847097 ], [ 128.083898715633893, 35.02468602252199 ], [ 128.083935426163947, 35.024656857846011 ], [ 128.08396414028897, 35.024642536390118 ], [ 128.084059654378194, 35.024613250100273 ], [ 128.08412744348081, 35.024597958995876 ], [ 128.084322696415654, 35.024578221073064 ], [ 128.084508539813271, 35.024548889844333 ], [ 128.084703942017683, 35.024522997428207 ], [ 128.084788396802594, 35.024505937747776 ], [ 128.084919731224119, 35.024465681029355 ], [ 128.084963845970094, 35.024441966552189 ], [ 128.08500174207208, 35.024416247187098 ], [ 128.085024419111676, 35.024394956262832 ], [ 128.08568126281267, 35.023651980947875 ], [ 128.085736308879802, 35.023494261164835 ], [ 128.085917209393699, 35.023349087098921 ], [ 128.08591129229336, 35.023215838662168 ], [ 128.085922784107908, 35.023142249159484 ], [ 128.086368601389864, 35.02307844403343 ], [ 128.086609675110083, 35.023084830520794 ], [ 128.087014889026307, 35.022778709735242 ] ] ] } },
{ "type": "Feature", "properties": { "fid": 149, "UserID": null, "number": "용현204", "UMD": null, "NUM": "204", "GUBUN": "리도", "Opened": "미확장", "차선": "1", "도로폭": "4", "변경여부": null, "비고": null, "기존": "미확장", "기타": null, "종점": null, "기점": null, "구분": null, "정비사항": null, "연장": "0.2" }, "geometry": { "type": "MultiLineString", "coordinates": [ [ [ 128.050872039460529, 35.006088280491738 ], [ 128.05082870955323, 35.006033252125121 ], [ 128.050725610051245, 35.005879781523802 ], [ 128.05060989081187, 35.005718673790483 ], [ 128.050566815374822, 35.005668193612756 ], [ 128.050542210848761, 35.005659830967744 ], [ 128.050473165607912, 35.005689169327582 ], [ 128.050214740917767, 35.005818096385191 ], [ 128.05018988819026, 35.005839596763856 ], [ 128.050170323249461, 35.005904151477459 ], [ 128.050142426413004, 35.00595298350801 ], [ 128.050089721393817, 35.005990720598369 ], [ 128.050011462983775, 35.00603409096037 ], [ 128.049964352157673, 35.006053612016636 ], [ 128.04990867731027, 35.006065237609128 ], [ 128.049848798846341, 35.006066758822634 ], [ 128.049759800613401, 35.006078605641044 ], [ 128.049669986016823, 35.006095781820363 ], [ 128.049562852438868, 35.006112534872592 ], [ 128.049459516953078, 35.006144459328823 ], [ 128.049360879859023, 35.006181312562802 ], [ 128.049261541897607, 35.006260469413462 ], [ 128.04911712258442, 35.006336913985642 ] ] ] } },
{ "type": "Feature", "properties": { "fid": 150, "UserID": null, "number": "용현204", "UMD": null, "NUM": "204", "GUBUN": "리도", "Opened": "현황도로", "차선": "2", "도로폭": "8", "변경여부": null, "비고": null, "기존": "현황도로", "기타": null, "종점": null, "기점": null, "구분": null, "정비사항": null, "연장": "0.9" }, "geometry": { "type": "MultiLineString", "coordinates": [ [ [ 128.06021795015667, 35.00266088840764 ], [ 128.060033271743748, 35.002683152485631 ], [ 128.059867937992209, 35.002712128057802 ], [ 128.059705687180269, 35.002748319984576 ], [ 128.059542436617846, 35.002808650735965 ], [ 128.059195645991366, 35.002915129294266 ], [ 128.059187558214887, 35.002917355910732 ], [ 128.058883815761675, 35.0030009763232 ], [ 128.058870167675423, 35.003004728069783 ], [ 128.058687931370514, 35.003042232620821 ], [ 128.058656649143131, 35.003048668573967 ], [ 128.057595945076969, 35.003271077929035 ], [ 128.057223045786799, 35.003341357454268 ], [ 128.057096862036389, 35.003360628913761 ], [ 128.057022410707077, 35.003372641372536 ], [ 128.056811286035753, 35.003432109227901 ], [ 128.056706300601547, 35.00346167625262 ], [ 128.056622427591265, 35.003493778024819 ], [ 128.055931168447103, 35.003853112350214 ], [ 128.055825028078402, 35.003920147151625 ], [ 128.055754683643755, 35.003975022296046 ], [ 128.055716885754549, 35.003997405436024 ], [ 128.055600169459183, 35.004053424437892 ], [ 128.055547062332238, 35.004074426367296 ], [ 128.055366504612039, 35.004120889236297 ], [ 128.055161958087467, 35.00416723694233 ], [ 128.054840784007325, 35.004250395792546 ], [ 128.054650999173305, 35.004306610194341 ], [ 128.054423984330384, 35.004373989876335 ], [ 128.054351959401146, 35.004382246617794 ], [ 128.054269194294335, 35.004395578633435 ], [ 128.053827606677146, 35.004485896604272 ], [ 128.053702516431031, 35.00451677309087 ], [ 128.053590699177363, 35.004548599664211 ], [ 128.053514622607224, 35.004576015182153 ], [ 128.053382610038284, 35.004642817287262 ], [ 128.053213143453149, 35.004736502367749 ], [ 128.052968449948452, 35.004862653051624 ], [ 128.052755046030029, 35.00496404381434 ], [ 128.052517705401385, 35.005064136662838 ], [ 128.052460315991283, 35.005083039692501 ], [ 128.052392570485154, 35.005117319244896 ], [ 128.052265437202522, 35.005207041734593 ], [ 128.052091585914923, 35.005335639997071 ], [ 128.051939603217136, 35.005448027862712 ], [ 128.05175638111416, 35.005586072846647 ], [ 128.051666573190857, 35.00565048647254 ], [ 128.051547556907053, 35.0057371695383 ], [ 128.051430240234879, 35.005818781150637 ], [ 128.05133951637967, 35.005880334235933 ], [ 128.051240429825924, 35.00594637630752 ], [ 128.051143801133435, 35.006003662869219 ], [ 128.051081241966955, 35.006032477387073 ], [ 128.050872039460529, 35.006088280491738 ] ] ] } },
{ "type": "Feature", "properties": { "fid": 151, "UserID": null, "number": "용현301", "UMD": null, "NUM": "301", "GUBUN": "농도", "Opened": "현황도로", "차선": "2", "도로폭": "6", "변경여부": null, "비고": null, "기존": "현황도로", "기타": null, "종점": null, "기점": "선진리 373-5", "구분": "노선단축", "정비사항": "선진리 373-5로 시점 변경", "연장": "1.2" }, "geometry": { "type": "MultiLineString", "coordinates": [ [ [ 128.043597409463558, 35.047102622954519 ], [ 128.043845076833776, 35.047094965041659 ], [ 128.044070528235835, 35.047010227938635 ], [ 128.045313780709336, 35.046316288899945 ], [ 128.047546183002851, 35.04507969429627 ], [ 128.047747283557442, 35.044950325414938 ], [ 128.048346482098339, 35.044528985945206 ], [ 128.048628971706677, 35.044343079617555 ], [ 128.050310084235377, 35.043450687209265 ], [ 128.053255316883991, 35.041839632303699 ], [ 128.053590905529575, 35.041608215613401 ], [ 128.053666635754439, 35.041454331781949 ], [ 128.053707446123667, 35.041335267295544 ], [ 128.05375569880519, 35.041150205922172 ], [ 128.053810170847271, 35.040889741329956 ], [ 128.053862160323604, 35.0406662030883 ], [ 128.053925259674571, 35.040489757779646 ], [ 128.053958312604465, 35.040382718946695 ] ] ] } },
{ "type": "Feature", "properties": { "fid": 152, "UserID": null, "number": "용현302", "UMD": null, "NUM": "302", "GUBUN": "농도", "Opened": "현황도로", "차선": "1", "도로폭": "5", "변경여부": "변경", "비고": "미확장-현황도로", "기존": "미확장", "기타": "용현204와 종점부 겹침, 노선단축", "종점": null, "기점": null, "구분": null, "정비사항": null, "연장": "0.2" }, "geometry": { "type": "MultiLineString", "coordinates": [ [ [ 128.086544108165299, 35.008579164801901 ], [ 128.086461119616303, 35.008248719413672 ], [ 128.086125388127186, 35.008068018281989 ], [ 128.085970562001677, 35.008012480708928 ], [ 128.085845224731912, 35.00796809847477 ], [ 128.085756266741811, 35.00797817422405 ], [ 128.085681349046325, 35.008020242947467 ], [ 128.08560595270805, 35.008026092179655 ], [ 128.085501778569437, 35.007995975022624 ], [ 128.085419204904042, 35.007934615693109 ], [ 128.085395964034433, 35.007841676804972 ], [ 128.08539148680714, 35.007740807884595 ], [ 128.085375115710121, 35.007691793511249 ], [ 128.085127498798158, 35.007515476367693 ], [ 128.084667158616099, 35.007661898738704 ] ] ] } },
{ "type": "Feature", "properties": { "fid": 154, "UserID": null, "number": "용현302", "UMD": null, "NUM": "302", "GUBUN": "농도", "Opened": "미확장", "차선": "1", "도로폭": "2.5", "변경여부": null, "비고": null, "기존": "미확장", "기타": "용현204와 종점부 겹침, 노선단축", "종점": null, "기점": null, "구분": null, "정비사항": null, "연장": "1.5" }, "geometry": { "type": "MultiLineString", "coordinates": [ [ [ 128.079352186459772, 35.007340429498484 ], [ 128.079015096636965, 35.007342554520989 ], [ 128.078703085109197, 35.007397662763253 ], [ 128.078325909724128, 35.007414970325243 ], [ 128.078102772677227, 35.00737595699956 ], [ 128.077941241417335, 35.007345990846602 ], [ 128.077792864942921, 35.007349053034865 ], [ 128.077340362110249, 35.007119308360217 ], [ 128.077021312546009, 35.007041893245479 ], [ 128.076565241792423, 35.007025005522522 ], [ 128.07642771708484, 35.007047159211375 ], [ 128.076104999747628, 35.007013386548174 ], [ 128.076028840244078, 35.00702627322562 ], [ 128.075835354771357, 35.007146614007006 ], [ 128.075586631263434, 35.007096483619804 ], [ 128.075359929731434, 35.007108959384951 ], [ 128.075112961410525, 35.007030900568736 ], [ 128.07446543654163, 35.006801766851368 ], [ 128.074326781681492, 35.006779707520579 ], [ 128.074266971819213, 35.006775062087925 ], [ 128.074159963240305, 35.006768246937163 ], [ 128.073811483891433, 35.006572099720586 ], [ 128.073715768216317, 35.006466862563045 ], [ 128.073549694491845, 35.006392002920471 ], [ 128.073468691795284, 35.006387624507155 ], [ 128.073360790846209, 35.006461159888588 ], [ 128.073254784693916, 35.006534709660286 ], [ 128.07321938220764, 35.00656936575777 ], [ 128.073138494975069, 35.006706904132308 ], [ 128.073110067890326, 35.006768942076533 ], [ 128.073067601931314, 35.006937194347728 ], [ 128.073031934751839, 35.006988469014551 ], [ 128.072994762337004, 35.007013953921494 ], [ 128.072890919391682, 35.007061750684521 ], [ 128.072735092753419, 35.007135054070176 ], [ 128.07249571967003, 35.007248566498987 ], [ 128.072452966559894, 35.007283166110405 ], [ 128.072418647963815, 35.007374019596519 ], [ 128.072380067691, 35.007523995185906 ], [ 128.072384591107721, 35.007615154954777 ], [ 128.072369157241411, 35.00767122615968 ], [ 128.072326198417812, 35.007723995096121 ], [ 128.072208528782653, 35.007844486392003 ], [ 128.072166065022259, 35.007845711612219 ], [ 128.071930280990244, 35.007815036496581 ], [ 128.071686739439969, 35.007811621019741 ], [ 128.071406084972239, 35.007829327450793 ], [ 128.071296951279663, 35.007852719161448 ], [ 128.071176423564793, 35.00790038658144 ], [ 128.071005815836003, 35.007979487199535 ], [ 128.070799623135827, 35.008102408137326 ], [ 128.070680755584505, 35.008169800016134 ], [ 128.070576787212048, 35.008220685389858 ], [ 128.070376226492442, 35.008337591802459 ], [ 128.070192517517626, 35.008424207058241 ], [ 128.06997572798781, 35.008507602788058 ], [ 128.069692128326494, 35.00861766960999 ], [ 128.069539082563182, 35.008679984855767 ], [ 128.069249019697935, 35.008783219526279 ], [ 128.068981872596993, 35.008916237154949 ], [ 128.06888158791773, 35.008942994527061 ], [ 128.06865478619406, 35.008913942767002 ], [ 128.065045011724635, 35.009432107114428 ], [ 128.06435457589987, 35.009541660529358 ] ] ] } },
{ "type": "Feature", "properties": { "fid": 155, "UserID": null, "number": "용현302", "UMD": null, "NUM": "302", "GUBUN": "농도", "Opened": "현황도로", "차선": "2", "도로폭": "6~10", "변경여부": null, "비고": null, "기존": "현황도로", "기타": "용현204와 종점부 겹침, 노선단축", "종점": null, "기점": null, "구분": null, "정비사항": null, "연장": "0.8" }, "geometry": { "type": "MultiLineString", "coordinates": [ [ [ 128.06435457589987, 35.009541660529358 ], [ 128.064561143798898, 35.010921528061488 ], [ 128.064331387650867, 35.010968603442784 ], [ 128.064021279464015, 35.010992488840621 ], [ 128.063667046330181, 35.010964348591088 ], [ 128.063381409990853, 35.010896441502176 ], [ 128.062073511905112, 35.010479659167984 ], [ 128.062078782176599, 35.010403952015544 ], [ 128.061779013814885, 35.01045208849898 ], [ 128.061644647709926, 35.010459854281621 ], [ 128.061272193030533, 35.010477213946828 ], [ 128.060997906408545, 35.010505184698694 ], [ 128.060801207304735, 35.010528086721067 ], [ 128.060762758105653, 35.010527788751979 ], [ 128.060651454756425, 35.010506646073402 ], [ 128.060594518970561, 35.010481931805089 ], [ 128.060585842580622, 35.010478096970601 ], [ 128.060470281160633, 35.01042700580259 ], [ 128.060336114090035, 35.010372435330147 ], [ 128.060331523341773, 35.010370570025742 ], [ 128.060168317292323, 35.010295665425012 ], [ 128.05990496440748, 35.010162045988878 ], [ 128.059886938485704, 35.010152901823282 ], [ 128.059742294870404, 35.01004517881001 ], [ 128.059621934288288, 35.009881481842221 ], [ 128.059579627910779, 35.009851670894534 ], [ 128.059387090331171, 35.009793581899125 ], [ 128.059329744339522, 35.009766502359518 ], [ 128.059151015507439, 35.009630599732873 ], [ 128.059146280464944, 35.009626993686737 ], [ 128.058486838728328, 35.008845213243852 ] ] ] } },
{ "type": "Feature", "properties": { "fid": 158, "UserID": null, "number": "용현303", "UMD": null, "NUM": "303", "GUBUN": "농도", "Opened": "현황도로", "차선": "1", "도로폭": "5", "변경여부": null, "비고": null, "기존": "현황도로", "기타": null, "종점": null, "기점": null, "구분": null, "정비사항": null, "연장": "0.6" }, "geometry": { "type": "MultiLineString", "coordinates": [ [ [ 128.053604761681669, 34.995159330304134 ], [ 128.05364333200751, 34.995138602701566 ], [ 128.053728707118893, 34.995121745254693 ], [ 128.055172892681981, 34.9947194453447 ], [ 128.059731109069986, 34.99342538365611 ] ] ] } },
{ "type": "Feature", "properties": { "fid": 159, "UserID": null, "number": "용현303", "UMD": null, "NUM": "303", "GUBUN": "농도", "Opened": "현황도로", "차선": "1", "도로폭": "3", "변경여부": "변경", "비고": "미확장-현황도로", "기존": "미확장", "기타": null, "종점": null, "기점": null, "구분": null, "정비사항": null, "연장": "0.7" }, "geometry": { "type": "MultiLineString", "coordinates": [ [ [ 128.046560046496154, 35.000435724037345 ], [ 128.046499237325435, 35.000451208356608 ], [ 128.046452720157021, 35.000460324475583 ], [ 128.046021237656646, 35.000576347272649 ], [ 128.045577403272233, 35.000710757653785 ], [ 128.045337413767498, 35.000783435213407 ], [ 128.045274862738239, 35.000795128600366 ], [ 128.045229823336484, 35.000809952326243 ], [ 128.04508895260949, 35.000850799782967 ], [ 128.04501499285189, 35.000873336353386 ], [ 128.044844205050225, 35.000914344401508 ], [ 128.044830125937608, 35.000917460236785 ], [ 128.044778454808807, 35.000928905607161 ], [ 128.044733220437507, 35.000935056765385 ], [ 128.044675521853605, 35.000942038046588 ], [ 128.044652332679021, 35.00094484771315 ], [ 128.044523356456779, 35.000966012960752 ], [ 128.044471024328629, 35.000968367529957 ], [ 128.044397411137169, 35.000986516950803 ], [ 128.044333600319845, 35.001007600844268 ], [ 128.044208002496759, 35.001069740049111 ], [ 128.044188332125771, 35.001076083567213 ], [ 128.044159733587605, 35.001085313056905 ], [ 128.043973821199756, 35.001151401933512 ], [ 128.043878139751456, 35.001180481425664 ], [ 128.04375544335565, 35.001212601542093 ], [ 128.043752542656136, 35.001213362819854 ], [ 128.04374492835899, 35.001215357793939 ], [ 128.043698713161632, 35.001234218665012 ], [ 128.043633705878364, 35.00125454463884 ], [ 128.04345948503385, 35.001303329198372 ], [ 128.043280270564395, 35.001350100167379 ], [ 128.043080610560679, 35.001407660682126 ], [ 128.042709897027379, 35.001504376052139 ], [ 128.041146792610334, 35.001947808050105 ], [ 128.041064260544573, 35.001968832243378 ], [ 128.041032941963749, 35.001974551304713 ], [ 128.03967795885751, 35.002386575561161 ] ] ] } },
{ "type": "Feature", "properties": { "fid": 160, "UserID": null, "number": "용현303", "UMD": null, "NUM": "303", "GUBUN": "농도", "Opened": "현황도로", "차선": "1", "도로폭": "5", "변경여부": null, "비고": null, "기존": "현황도로", "기타": null, "종점": null, "기점": null, "구분": null, "정비사항": null, "연장": "1.4" }, "geometry": { "type": "MultiLineString", "coordinates": [ [ [ 128.060513836308871, 34.99631088086506 ], [ 128.060310650234442, 34.996319359220116 ], [ 128.060015669314453, 34.996370881955293 ], [ 128.059809935160388, 34.996483621026364 ], [ 128.059282460620807, 34.996842722443908 ], [ 128.059077263908335, 34.996908387578785 ], [ 128.053120863260062, 34.998597249503689 ], [ 128.052995658783203, 34.998631883186619 ], [ 128.052765358698537, 34.998695592833457 ], [ 128.052694073664384, 34.998708808169184 ], [ 128.052675960018149, 34.998710397172481 ], [ 128.052661228328191, 34.998712219911901 ], [ 128.052064758233428, 34.998884236703745 ], [ 128.052049983672561, 34.998887870719095 ], [ 128.052035789494568, 34.998891518284914 ], [ 128.051702411353403, 34.99898678670511 ], [ 128.051557739514834, 34.999030090671823 ], [ 128.051547854777198, 34.999033330244778 ], [ 128.051538851039908, 34.999036162095869 ], [ 128.051207892622642, 34.999124787205652 ], [ 128.051038564106932, 34.999175631010516 ], [ 128.050795982086555, 34.999238384466267 ], [ 128.049818956145145, 34.99951602044321 ], [ 128.049652537993978, 34.999560386479587 ], [ 128.048117297732091, 34.999995240304436 ], [ 128.048104672703829, 34.99999767391283 ], [ 128.047818755826739, 35.000078125789791 ], [ 128.047665340149933, 35.000124159542693 ], [ 128.046889643338261, 35.000341656933251 ], [ 128.046767139520512, 35.000372492723507 ], [ 128.046674622464224, 35.000406556670363 ], [ 128.046560046496154, 35.000435724037345 ] ] ] } },
{ "type": "Feature", "properties": { "fid": 161, "UserID": null, "number": "용현303", "UMD": null, "NUM": "303", "GUBUN": "농도", "Opened": "미확장", "차선": "1", "도로폭": "2.5", "변경여부": null, "비고": null, "기존": "미확장", "기타": null, "종점": null, "기점": null, "구분": null, "정비사항": null, "연장": "0.3" }, "geometry": { "type": "MultiLineString", "coordinates": [ [ [ 128.059731109069986, 34.993425383656117 ], [ 128.059679462302313, 34.99427151683588 ], [ 128.060513836308871, 34.99631088086506 ] ] ] } },
{ "type": "Feature", "properties": { "fid": 162, "UserID": null, "number": "용현304", "UMD": null, "NUM": "304", "GUBUN": "농도", "Opened": "현황도로", "차선": "1~2", "도로폭": "6~12", "변경여부": null, "비고": null, "기존": "현황도로", "기타": null, "종점": null, "기점": null, "구분": null, "정비사항": null, "연장": "2.1" }, "geometry": { "type": "MultiLineString", "coordinates": [ [ [ 128.067953942527396, 35.043771185785161 ], [ 128.066062323644047, 35.043927717093922 ], [ 128.065944082606109, 35.043934156020136 ], [ 128.065570824174586, 35.043956830207151 ], [ 128.065507477496709, 35.043960676969263 ], [ 128.065312943706402, 35.043987613168788 ], [ 128.065212109286705, 35.044001571887826 ], [ 128.065050686280017, 35.043987040554505 ], [ 128.064877359515947, 35.043952488695922 ], [ 128.064241544162002, 35.043758002152821 ], [ 128.064146391325096, 35.043737032240237 ], [ 128.064039814467748, 35.043713549411372 ], [ 128.063710727391623, 35.043687950375435 ], [ 128.063054303553798, 35.04365338370485 ], [ 128.06304361296165, 35.043654779203663 ], [ 128.063034854074118, 35.043655928256129 ], [ 128.062841489705278, 35.04368122911545 ], [ 128.06256106720636, 35.043745370353314 ], [ 128.06221747208042, 35.043823965990569 ], [ 128.061645453922324, 35.043982172670873 ], [ 128.061256641067189, 35.044070978903562 ], [ 128.060960062260136, 35.04410445414301 ], [ 128.060873544888324, 35.044111318595597 ], [ 128.060698381953955, 35.044125220093278 ], [ 128.060435284318743, 35.044139593066248 ], [ 128.058774196481778, 35.044163463849145 ], [ 128.058509832031831, 35.044172640150585 ], [ 128.057895415312657, 35.044181906255943 ], [ 128.057471829809629, 35.044180526717589 ], [ 128.057409647066464, 35.04418032682284 ], [ 128.05724478607479, 35.044138934776115 ], [ 128.057126174962576, 35.044082300458683 ], [ 128.05701568426818, 35.044025738249019 ], [ 128.056885617454583, 35.043921775816102 ], [ 128.056857371432585, 35.043899193916005 ], [ 128.056714149238729, 35.04376418621888 ], [ 128.056040578168961, 35.043157725403951 ], [ 128.055902312916601, 35.04298556649595 ], [ 128.05560466610271, 35.042510904479016 ], [ 128.055489406825473, 35.042305449035084 ], [ 128.055321275102841, 35.041976847065712 ], [ 128.055060998347216, 35.041410692626513 ], [ 128.054914965601341, 35.041200724286178 ], [ 128.054744048767532, 35.041024649928211 ], [ 128.054512070872704, 35.040830279504426 ], [ 128.054243022892763, 35.040590958338477 ], [ 128.054149910803261, 35.040522856978107 ], [ 128.053935084129819, 35.040365736144999 ], [ 128.053921989021262, 35.040356151888794 ], [ 128.053866877316153, 35.040311385061102 ], [ 128.053822329847691, 35.040273298453435 ], [ 128.053706810515592, 35.040174529747738 ], [ 128.053532521052745, 35.040047964465643 ], [ 128.053453912553778, 35.03999853427284 ], [ 128.053361933654315, 35.03996526857059 ], [ 128.053273210917467, 35.039934741248565 ], [ 128.053201974039865, 35.039929299339988 ], [ 128.052877696346542, 35.039904528844787 ], [ 128.052281209818602, 35.039851048172473 ], [ 128.051869651379661, 35.03983983320942 ], [ 128.051593800143849, 35.039853149920354 ], [ 128.051321522583351, 35.03988435835133 ], [ 128.050643488781304, 35.040036347220465 ], [ 128.049721920771418, 35.040270426253144 ], [ 128.049631492774353, 35.040373802508888 ], [ 128.049523383311794, 35.040533282964262 ], [ 128.049415499316865, 35.040698707925792 ], [ 128.048260964373469, 35.039963515966065 ] ] ] } },
{ "type": "Feature", "properties": { "fid": 163, "UserID": null, "number": "용현305", "UMD": null, "NUM": "305", "GUBUN": "농도", "Opened": "현황도로", "차선": "1", "도로폭": "3", "변경여부": null, "비고": null, "기존": "현황도로", "기타": null, "종점": null, "기점": null, "구분": null, "정비사항": null, "연장": "0.9" }, "geometry": { "type": "MultiLineString", "coordinates": [ [ [ 128.05390841860256, 35.015432607203394 ], [ 128.053032114142923, 35.012148927331481 ], [ 128.052948233491435, 35.011984060422158 ], [ 128.050130228671662, 35.008525811236176 ] ] ] } },
{ "type": "Feature", "properties": { "fid": 164, "UserID": null, "number": "용현305", "UMD": null, "NUM": "305", "GUBUN": "농도", "Opened": "현황도로", "차선": "2", "도로폭": "10~14", "변경여부": null, "비고": null, "기존": "현황도로", "기타": null, "종점": "송포동 553-1", "기점": null, "구분": "노선연장", "정비사항": "노선연장", "연장": "2.9" }, "geometry": { "type": "MultiLineString", "coordinates": [ [ [ 128.045384198602363, 34.99760387236028 ], [ 128.045726327311968, 34.994837555053813 ], [ 128.045611931780513, 34.994248607288682 ], [ 128.045662339399541, 34.992773339921179 ], [ 128.046172426335715, 34.990854248970876 ], [ 128.046719899296477, 34.990885753726189 ], [ 128.04687145801077, 34.990936195396777 ] ] ] } },
{ "type": "Feature", "properties": { "fid": 165, "UserID": null, "number": "용현305", "UMD": null, "NUM": "305", "GUBUN": "농도", "Opened": "현황도로", "차선": "1", "도로폭": "3", "변경여부": null, "비고": "미확장-현황도로", "기존": "미확장", "기타": null, "종점": null, "기점": null, "구분": null, "정비사항": null, "연장": "0.8" }, "geometry": { "type": "MultiLineString", "coordinates": [ [ [ 128.048371205756155, 35.004742684903221 ], [ 128.045384198602363, 34.99760387236028 ] ] ] } },
{ "type": "Feature", "properties": { "fid": 166, "UserID": null, "number": "용현305", "UMD": null, "NUM": "305", "GUBUN": "농도", "Opened": "미개설", "차선": null, "도로폭": null, "변경여부": null, "비고": null, "기존": "미개설", "기타": null, "종점": null, "기점": null, "구분": null, "정비사항": null, "연장": "0.4" }, "geometry": { "type": "MultiLineString", "coordinates": [ [ [ 128.050130228671662, 35.008525811236176 ], [ 128.048371205756155, 35.004742684903221 ] ] ] } },
{ "type": "Feature", "properties": { "fid": 167, "UserID": null, "number": "축동101", "UMD": null, "NUM": "101", "GUBUN": "면도", "Opened": "미개설", "차선": null, "도로폭": null, "변경여부": null, "비고": null, "기존": "미개설", "기타": null, "종점": null, "기점": "가산리 402-5", "구분": "노선단축", "정비사항": "기점부", "연장": "3.4" }, "geometry": { "type": "MultiLineString", "coordinates": [ [ [ 128.036065549023192, 35.078608216983618 ], [ 128.035828549975065, 35.079192389836429 ], [ 128.035615141206222, 35.07960242460274 ], [ 128.035615141206222, 35.080642688745044 ], [ 128.035912057754189, 35.080748992362949 ], [ 128.03647805492372, 35.080847702741259 ], [ 128.037090445303846, 35.081022343887234 ], [ 128.037554377410032, 35.081196984659393 ], [ 128.0384915202645, 35.081789241885417 ], [ 128.038630699896373, 35.082062589924149 ], [ 128.038936895086408, 35.082882628544837 ], [ 128.038899780517909, 35.083976000549384 ], [ 128.038751322243968, 35.084659350610202 ], [ 128.038315226064128, 35.085304731522278 ], [ 128.037804900747318, 35.08579825465668 ], [ 128.037368804567535, 35.086177885805014 ], [ 128.037173953082942, 35.086458811717272 ], [ 128.03715539579872, 35.086800477063314 ], [ 128.037090445303846, 35.087248436126416 ], [ 128.036914151103502, 35.087552135786716 ], [ 128.036802807398004, 35.087855834316215 ], [ 128.036617234555592, 35.088273417947761 ], [ 128.036765692829533, 35.088577113791473 ], [ 128.037109002588096, 35.088926362613691 ], [ 128.037452312346687, 35.08909339413043 ], [ 128.037962637663497, 35.089275609940358 ], [ 128.038055424084689, 35.089366717692656 ], [ 128.038166203136569, 35.089652512322758 ], [ 128.03869565039119, 35.090179090650828 ], [ 128.038797715454564, 35.090460002781505 ], [ 128.039076074718224, 35.091128114231822 ], [ 128.039233811634375, 35.092335256268491 ], [ 128.039205975708001, 35.092851512816381 ], [ 128.036870355912669, 35.095934255576559 ], [ 128.035678235972625, 35.096654704439487 ], [ 128.035041535550107, 35.097042635805806 ], [ 128.034526756485093, 35.09745273267179 ], [ 128.033028830571851, 35.098631465142333 ], [ 128.032321622497761, 35.098945105887552 ], [ 128.031167771658403, 35.099366597912031 ], [ 128.030279268313592, 35.100239089126816 ], [ 128.030313154369821, 35.102072497610237 ], [ 128.030491159551786, 35.103205176749931 ] ] ] } },
{ "type": "Feature", "properties": { "fid": 168, "UserID": null, "number": "축동101", "UMD": null, "NUM": "101", "GUBUN": "면도", "Opened": "미확장", "차선": "1", "도로폭": "3", "변경여부": null, "비고": null, "기존": "미확장", "기타": null, "종점": null, "기점": "가산리 402-5", "구분": "노선단축", "정비사항": null, "연장": "0.9" }, "geometry": { "type": "MultiLineString", "coordinates": [ [ [ 128.028017498254826, 35.109945866079727 ], [ 128.027942081769311, 35.109950280826084 ], [ 128.027839613428654, 35.10999282033211 ], [ 128.027785201810445, 35.110042388445237 ], [ 128.02772142615683, 35.110125815935916 ], [ 128.027619657678343, 35.110290210025639 ], [ 128.027593505726429, 35.110348558560048 ], [ 128.027571456004154, 35.110452078036218 ], [ 128.027561714286378, 35.110546259586528 ], [ 128.027582101919762, 35.110673725485576 ], [ 128.027622919350193, 35.11077023299336 ], [ 128.02763277646585, 35.110787130763924 ], [ 128.027662795451562, 35.110859206922434 ], [ 128.027663585156347, 35.110944036274461 ], [ 128.027655330220398, 35.1109731726578 ], [ 128.027621592896509, 35.111032938419328 ], [ 128.027566266154167, 35.111159354424309 ], [ 128.027480312497914, 35.111322847902315 ], [ 128.027363182292532, 35.111454364426088 ], [ 128.027275389897881, 35.111593498382973 ], [ 128.027189293984463, 35.111741208421307 ], [ 128.027121699919405, 35.111873420226303 ], [ 128.027070639923181, 35.111939833511798 ], [ 128.02699613975264, 35.11207627098802 ], [ 128.026901817393991, 35.112194405542063 ], [ 128.02681176844473, 35.11227880201227 ], [ 128.026740047161695, 35.112334719936619 ], [ 128.026651953397504, 35.112376490678528 ], [ 128.026420765866931, 35.112439976942682 ], [ 128.026206632464266, 35.112491657507221 ], [ 128.026001477693143, 35.112558443910977 ], [ 128.025867402309444, 35.112614012779879 ], [ 128.025717624852547, 35.112712375842385 ], [ 128.025572564448765, 35.112809749186603 ], [ 128.025363741543345, 35.112954991668524 ], [ 128.025242434628922, 35.113044434997278 ], [ 128.025104734322042, 35.113153665277913 ], [ 128.025013444102086, 35.11325175941063 ], [ 128.024927517571854, 35.113355358660215 ], [ 128.024886798702681, 35.113400610246458 ], [ 128.024840958012504, 35.113477979548747 ], [ 128.024776473527851, 35.113709495087612 ], [ 128.024756124191185, 35.113760219494139 ], [ 128.024739946198764, 35.113795051234177 ], [ 128.024716570686934, 35.113828202608723 ], [ 128.024705965034599, 35.113844638295845 ], [ 128.024646495742843, 35.113896669841175 ], [ 128.024595742664019, 35.113938009869941 ], [ 128.024568474972995, 35.11396640694889 ], [ 128.024553517246147, 35.114015705619529 ], [ 128.024573570725892, 35.114080771056358 ], [ 128.02460775138664, 35.11413488215841 ], [ 128.024757255833748, 35.114387887722962 ], [ 128.024779819657908, 35.114421850876589 ], [ 128.024804615773718, 35.114480167567528 ], [ 128.024815249566416, 35.114552385632145 ], [ 128.024809633186067, 35.114661796307182 ], [ 128.024799789330075, 35.11472469200914 ], [ 128.024788145429596, 35.114777568589695 ], [ 128.024759988646082, 35.114880452381165 ], [ 128.024763380308713, 35.114957479206204 ], [ 128.024789838110905, 35.115087058380084 ], [ 128.024794869018734, 35.115147135626593 ], [ 128.024808195450049, 35.1152032958869 ], [ 128.024793714424902, 35.115243891696956 ], [ 128.02478156090055, 35.115269607490767 ], [ 128.024779430272503, 35.115284534156942 ], [ 128.024778820354015, 35.115288765431814 ], [ 128.024789744850864, 35.115305374586214 ], [ 128.024863376945518, 35.115360839973505 ], [ 128.024932129091638, 35.115406090138606 ], [ 128.02500460217405, 35.11543735476139 ], [ 128.025029606861523, 35.115447885264444 ], [ 128.025069025564591, 35.115454692252314 ], [ 128.025151108888537, 35.115462870352232 ], [ 128.025259212714275, 35.1154607936543 ], [ 128.025289545260279, 35.115473431024647 ], [ 128.025320110988872, 35.115495948697443 ], [ 128.025410247917932, 35.115584886368147 ], [ 128.025464673684496, 35.115624712124024 ], [ 128.025497596273937, 35.115663923089123 ], [ 128.025510281487726, 35.115684674385783 ], [ 128.025523428926704, 35.115712657963165 ], [ 128.025530938557779, 35.115728653702796 ], [ 128.025551499040319, 35.115780735076605 ], [ 128.025563871220697, 35.115824061832996 ], [ 128.025575890304992, 35.115870324038077 ], [ 128.025586490089267, 35.115915105669551 ], [ 128.025601359532288, 35.115962427332278 ], [ 128.025618765641127, 35.116008597701587 ], [ 128.025641330364778, 35.116042551686704 ], [ 128.025695773800663, 35.116111291723222 ], [ 128.025725162849341, 35.116146048717525 ], [ 128.02575440082245, 35.116189799629929 ], [ 128.025776310398214, 35.116249273606812 ], [ 128.02579617745829, 35.116299735998858 ], [ 128.025812629605724, 35.116365213878844 ], [ 128.025811029031246, 35.116409302424131 ], [ 128.025805551873788, 35.116447320946108 ] ] ] } },
{ "type": "Feature", "properties": { "fid": 169, "UserID": null, "number": "축동101", "UMD": null, "NUM": "101", "GUBUN": "면도", "Opened": "미개설", "차선": null, "도로폭": null, "변경여부": null, "비고": null, "기존": "미개설", "기타": null, "종점": null, "기점": "가산리 402-5", "구분": "노선단축", "정비사항": null, "연장": "0.3" }, "geometry": { "type": "MultiLineString", "coordinates": [ [ [ 128.030322791745533, 35.108021232141802 ], [ 128.028901844157957, 35.108378329595446 ], [ 128.028017498254826, 35.109945866079727 ] ] ] } },
{ "type": "Feature", "properties": { "fid": 170, "UserID": null, "number": "축동101", "UMD": null, "NUM": "101", "GUBUN": "면도", "Opened": "미개설", "차선": null, "도로폭": null, "변경여부": null, "비고": null, "기존": "미개설", "기타": null, "종점": null, "기점": "가산리 402-5", "구분": "노선단축", "정비사항": null, "연장": "0.9" }, "geometry": { "type": "MultiLineString", "coordinates": [ [ [ 128.025805551873759, 35.116447320946108 ], [ 128.025949284860019, 35.117716630556558 ], [ 128.026067707466666, 35.118437743616198 ], [ 128.026159813938563, 35.119040460082495 ], [ 128.026949297983009, 35.120009102204229 ], [ 128.027475620679297, 35.120342742934938 ], [ 128.028449317667452, 35.120450368685589 ], [ 128.029133537172669, 35.12042884354684 ], [ 128.029472077449384, 35.120420334951376 ], [ 128.029872695565331, 35.119974489711922 ], [ 128.030058709356581, 35.119491656514185 ], [ 128.030306304994525, 35.119148018008644 ], [ 128.030425356968919, 35.11884945733977 ], [ 128.030584603247064, 35.118742020840102 ], [ 128.030937615470634, 35.118546576466457 ] ] ] } },
{ "type": "Feature", "properties": { "fid": 171, "UserID": null, "number": "축동101", "UMD": null, "NUM": "101", "GUBUN": "면도", "Opened": "미개설", "차선": null, "도로폭": null, "변경여부": "변경", "비고": "미확장-미개설", "기존": "미확장", "기타": null, "종점": null, "기점": "가산리 402-5", "구분": "노선단축", "정비사항": null, "연장": "0.5" }, "geometry": { "type": "MultiLineString", "coordinates": [ [ [ 128.030491159551786, 35.103205176749931 ], [ 128.030662377954599, 35.105317898429867 ], [ 128.030564067659014, 35.106951562738999 ], [ 128.030322791745533, 35.108021232141802 ] ] ] } },
{ "type": "Feature", "properties": { "fid": 175, "UserID": null, "number": "축동102", "UMD": null, "NUM": "102", "GUBUN": "면도", "Opened": "미확장", "차선": "1", "도로폭": "3", "변경여부": null, "비고": null, "기존": "미확장", "기타": null, "종점": null, "기점": "가산리 399-3", "구분": "선형변경", "정비사항": null, "연장": "0.3" }, "geometry": { "type": "MultiLineString", "coordinates": [ [ [ 128.050208131516058, 35.102515577511696 ], [ 128.050339740895595, 35.102539179107957 ], [ 128.050455324595902, 35.102550703343908 ], [ 128.050596662064464, 35.102575264261837 ], [ 128.05087639112196, 35.102636314024821 ], [ 128.051028648457219, 35.102643267124783 ], [ 128.05115186980612, 35.102646882892579 ], [ 128.051302386088338, 35.102663997916984 ], [ 128.051437667730028, 35.102695369451723 ], [ 128.051606082518219, 35.102748460872064 ], [ 128.051716985377709, 35.102792926574296 ], [ 128.05187088298419, 35.102848562805463 ], [ 128.052003010735461, 35.102919296741163 ], [ 128.052157313435401, 35.103080038832175 ], [ 128.052232257440949, 35.103190478618991 ], [ 128.05228722437181, 35.103255966308801 ], [ 128.052255786117342, 35.103459833339485 ], [ 128.052255085924941, 35.103520234391162 ], [ 128.052529586155657, 35.10359374075103 ], [ 128.052631806152419, 35.103625744499922 ], [ 128.0526839033123, 35.103660672795421 ], [ 128.052693474776476, 35.103671365258705 ] ] ] } },
{ "type": "Feature", "properties": { "fid": 178, "UserID": null, "number": "축동201", "UMD": null, "NUM": "201", "GUBUN": "리도", "Opened": "현황도로", "차선": "2", "도로폭": "6", "변경여부": null, "비고": null, "기존": "현황도로", "기타": null, "종점": null, "기점": null, "구분": null, "정비사항": null, "연장": "0.3" }, "geometry": { "type": "MultiLineString", "coordinates": [ [ [ 128.052692967760748, 35.123232592160925 ], [ 128.053245735770503, 35.123381182627369 ], [ 128.053489789379313, 35.123383199735166 ], [ 128.053575180434166, 35.123327445013935 ], [ 128.053645315563244, 35.123297880417162 ], [ 128.053942454595841, 35.123183022016008 ], [ 128.0539815576021, 35.123166964419312 ], [ 128.054449916286273, 35.12297463209152 ], [ 128.05477744602041, 35.122808793096787 ], [ 128.055030985801125, 35.122661793197658 ], [ 128.05529820376745, 35.122490447358288 ], [ 128.055606528109649, 35.122313381532706 ], [ 128.055671627132853, 35.122255694339721 ], [ 128.055683723107137, 35.122233116278316 ] ] ] } },
{ "type": "Feature", "properties": { "fid": 179, "UserID": null, "number": "축동202", "UMD": null, "NUM": "202", "GUBUN": "리도", "Opened": "현황도로", "차선": "2", "도로폭": "8", "변경여부": null, "비고": null, "기존": "현황도로", "기타": null, "종점": null, "기점": null, "구분": null, "정비사항": null, "연장": "2" }, "geometry": { "type": "MultiLineString", "coordinates": [ [ [ 128.058662214630772, 35.105325478417797 ], [ 128.058720256514903, 35.105547145289457 ], [ 128.058660043718362, 35.105869527682252 ], [ 128.058646538623691, 35.105964666785482 ], [ 128.058652815020423, 35.106059547698159 ], [ 128.058711846506185, 35.106160896682589 ], [ 128.058787149451007, 35.106257006116685 ], [ 128.05881836557657, 35.106316728387725 ], [ 128.058835095620282, 35.106360758479163 ], [ 128.05884281479598, 35.10644192396763 ], [ 128.058832162034264, 35.106693206715448 ], [ 128.058830343061686, 35.107117737946517 ], [ 128.058828081327022, 35.107199137903237 ], [ 128.058832648550776, 35.107275069037847 ], [ 128.058847917388277, 35.107365365170878 ], [ 128.058893150473892, 35.107595786799926 ], [ 128.058930762189192, 35.107728216123888 ], [ 128.059034832595842, 35.107951014460753 ], [ 128.059082312861108, 35.108076382499533 ], [ 128.059122381128617, 35.108191354357558 ], [ 128.059140937550183, 35.108279891502313 ], [ 128.05916928708811, 35.108366713952307 ], [ 128.059176387024138, 35.108411411729385 ], [ 128.059183906794715, 35.108518294297383 ], [ 128.059177422704863, 35.108703066503544 ], [ 128.059176714502826, 35.108769441631566 ], [ 128.059186431268046, 35.108869515377684 ], [ 128.059198696426762, 35.10903210863578 ], [ 128.059200375712976, 35.109270147261853 ], [ 128.059203552337806, 35.109371960938432 ], [ 128.059226475266001, 35.109463570516247 ], [ 128.059258621015431, 35.109599532445586 ], [ 128.059271625198733, 35.109697840987558 ], [ 128.059273039225559, 35.109765106087018 ], [ 128.059259992023243, 35.109859649773881 ], [ 128.059247919594497, 35.109963335454111 ], [ 128.05924678072904, 35.110062426460637 ], [ 128.059268671064302, 35.110241522630915 ], [ 128.059301372852332, 35.110427853006939 ], [ 128.05933465353516, 35.110560254789704 ], [ 128.059398055252274, 35.110815743389864 ], [ 128.059410109903894, 35.110901547084801 ], [ 128.059409176310908, 35.110982788849476 ], [ 128.059396591442606, 35.111132255007597 ], [ 128.059387141713358, 35.111292003003584 ], [ 128.059385488726718, 35.111437030441714 ], [ 128.059407268399951, 35.111528269206595 ], [ 128.059448528892375, 35.111627695426456 ], [ 128.05956756645358, 35.111873726194517 ], [ 128.059666384469637, 35.112073597159927 ], [ 128.059806900580327, 35.112350379665529 ], [ 128.05985888523378, 35.112467115803035 ], [ 128.059877771456911, 35.112527085300606 ], [ 128.059887243333634, 35.112648583015194 ], [ 128.059914743954153, 35.112911854096581 ], [ 128.059943174111226, 35.113087070001967 ], [ 128.059956472744517, 35.113163424391701 ], [ 128.060004917482871, 35.113300404694094 ], [ 128.06006181888813, 35.113440214589737 ], [ 128.060129478481969, 35.113595519100642 ], [ 128.060190779132455, 35.113774864447457 ], [ 128.060178333525954, 35.113863472967033 ], [ 128.060154441713053, 35.113939370504234 ], [ 128.06008723516203, 35.114154051226905 ], [ 128.060070026368663, 35.114234836069762 ], [ 128.06004236497435, 35.114404450758769 ], [ 128.06005059492756, 35.114507950717233 ], [ 128.060060805207257, 35.114663982736097 ], [ 128.060071505484444, 35.114777353797081 ], [ 128.060061570698196, 35.114897272154948 ], [ 128.060036636230706, 35.114979407168256 ], [ 128.05995437854699, 35.115126167917595 ], [ 128.059830738898171, 35.115296897465257 ], [ 128.059721852681605, 35.115429225754674 ], [ 128.059645833526559, 35.1154826751211 ], [ 128.059502023752117, 35.115589631315096 ], [ 128.05946185942031, 35.115624222645302 ], [ 128.059415991297044, 35.115663854779228 ], [ 128.059379423757946, 35.115743503453238 ], [ 128.059180095635213, 35.116029035634014 ], [ 128.059078170928984, 35.116173977178327 ], [ 128.058932339735463, 35.116456542456852 ], [ 128.058738587292311, 35.11682157537328 ], [ 128.058634596805177, 35.117030666030352 ], [ 128.058534836012768, 35.117240419615705 ], [ 128.058419018427315, 35.117405636625847 ], [ 128.05832706429797, 35.117533265846752 ], [ 128.058258455085138, 35.117657694646212 ], [ 128.05821620562989, 35.117736724759773 ], [ 128.058152597176274, 35.117912429949065 ], [ 128.058096082804042, 35.118077508447705 ], [ 128.057856076805109, 35.118771237754061 ], [ 128.057796712773779, 35.118979482750817 ], [ 128.05779136295854, 35.119065357091863 ], [ 128.057785291648855, 35.119213887670732 ], [ 128.057668928783869, 35.119471180043156 ], [ 128.057546159505222, 35.11972082917783 ], [ 128.057285647270078, 35.120165684504613 ], [ 128.057177587129303, 35.120274032667346 ], [ 128.057045391706509, 35.120394727822486 ], [ 128.056672370678143, 35.120944288707058 ], [ 128.056541700206338, 35.121122272413473 ], [ 128.056399791208719, 35.121309758358613 ], [ 128.056274264795348, 35.121419760385507 ], [ 128.056166394377726, 35.121510214615633 ], [ 128.056058475490971, 35.121606034211823 ], [ 128.055967563219866, 35.121707795010416 ], [ 128.055872292334982, 35.121841305042636 ], [ 128.055770265484398, 35.122038959049206 ], [ 128.055721019471918, 35.122163499674663 ], [ 128.055671627132853, 35.122255694339721 ] ] ] } },
{ "type": "Feature", "properties": { "fid": 180, "UserID": null, "number": "축동202", "UMD": null, "NUM": "202", "GUBUN": "리도", "Opened": "현황도로", "차선": "1", "도로폭": "5", "변경여부": null, "비고": null, "기존": "현황도로", "기타": null, "종점": null, "기점": null, "구분": null, "정비사항": null, "연장": "0.9" }, "geometry": { "type": "MultiLineString", "coordinates": [ [ [ 128.064802522295736, 35.109193873664644 ], [ 128.064831296062266, 35.10911493292182 ], [ 128.064848901922431, 35.108952768012834 ], [ 128.064870233253856, 35.108888713666062 ], [ 128.064903381673645, 35.108851132280904 ], [ 128.064980261447914, 35.10880293764761 ], [ 128.065051200603108, 35.108745737944652 ], [ 128.065068853463657, 35.10870216020782 ], [ 128.065100609306, 35.108653022083182 ], [ 128.065162093345691, 35.108468293423542 ], [ 128.065176745607801, 35.108431966158122 ], [ 128.065236450194561, 35.108283880452454 ], [ 128.065259517468405, 35.108231033844682 ], [ 128.06527129051247, 35.108182714782544 ], [ 128.065281715427517, 35.108072924196392 ], [ 128.065290989576226, 35.108004297087248 ], [ 128.065336074844168, 35.107876197897419 ], [ 128.065370082525902, 35.107762452325296 ], [ 128.065445751681921, 35.107606098455904 ], [ 128.065495328528101, 35.107512004683485 ], [ 128.065527327135186, 35.107362893713429 ], [ 128.065542296840277, 35.107219131306955 ], [ 128.065565897667142, 35.107061996818182 ], [ 128.065604723293944, 35.10684622268451 ], [ 128.065604717962884, 35.106740182144875 ], [ 128.065594886458314, 35.106646513005337 ], [ 128.065595831479243, 35.106457332867393 ], [ 128.065585886155418, 35.106268077670677 ], [ 128.065566655880559, 35.106148440994303 ], [ 128.06553506237924, 35.106050124278511 ], [ 128.065488977609618, 35.105948207564225 ], [ 128.065441254526235, 35.105883115206069 ], [ 128.06539835602905, 35.105820061013631 ], [ 128.065343356351036, 35.105755408161862 ], [ 128.065263642961241, 35.105675683625421 ], [ 128.065204391982945, 35.105616432852926 ], [ 128.065032743667331, 35.10538061929369 ], [ 128.064958099639966, 35.10523267660647 ], [ 128.064930266703698, 35.105172929299073 ], [ 128.064914337605501, 35.105138745296969 ], [ 128.064874655210957, 35.105006503253321 ], [ 128.064817898559596, 35.104884593634992 ], [ 128.064751163132001, 35.104786500936477 ], [ 128.064695147297897, 35.104715864174061 ], [ 128.064631608787266, 35.104656634072541 ], [ 128.064589780872524, 35.10460652183373 ], [ 128.064567137509471, 35.104573493672113 ], [ 128.064543756472403, 35.104509084788788 ], [ 128.064498687753087, 35.104318557566074 ], [ 128.064478633369873, 35.104271110217283 ], [ 128.064438251358382, 35.104200098429899 ], [ 128.064309663697912, 35.104001958396289 ], [ 128.064235424640685, 35.103925213807116 ], [ 128.064074190881058, 35.103729633279364 ], [ 128.064056169200143, 35.103707763067796 ], [ 128.064013866877076, 35.103662757457109 ], [ 128.063986864377426, 35.103634039852764 ], [ 128.063936651768245, 35.103574903413424 ], [ 128.063887588107832, 35.103521751603232 ], [ 128.063873832929175, 35.103452946466639 ], [ 128.063873139693726, 35.103408127373754 ], [ 128.063874670881603, 35.103379765596713 ], [ 128.063921860086197, 35.103279560996228 ], [ 128.063973701578249, 35.103185872853878 ], [ 128.063985081126162, 35.103144139499314 ], [ 128.063989622500003, 35.103065516234764 ], [ 128.063983183837564, 35.102992774821182 ], [ 128.063959802644149, 35.102917919491432 ], [ 128.063900932956244, 35.10276910664664 ], [ 128.063784792655099, 35.102553134994743 ], [ 128.063659064236418, 35.102360424297522 ], [ 128.063489601488214, 35.102132971667565 ], [ 128.06347363349326, 35.102106114917461 ], [ 128.063476085018607, 35.101997416398682 ] ] ] } },
{ "type": "Feature", "properties": { "fid": 181, "UserID": null, "number": "축동202", "UMD": null, "NUM": "202", "GUBUN": "리도", "Opened": "미확장", "차선": "1", "도로폭": "4", "변경여부": null, "비고": null, "기존": "미확장", "기타": null, "종점": null, "기점": null, "구분": null, "정비사항": null, "연장": "0.3" }, "geometry": { "type": "MultiLineString", "coordinates": [ [ [ 128.065793359741917, 35.11198870371615 ], [ 128.065662389166022, 35.111966569532179 ], [ 128.065584392389582, 35.111899251650215 ], [ 128.06549667812078, 35.11184530640206 ], [ 128.065428456736072, 35.111771096681274 ], [ 128.065358027939908, 35.111677951149957 ], [ 128.065279917689509, 35.11162060080683 ], [ 128.065214046166574, 35.111553872049974 ], [ 128.065171486699967, 35.111460941640424 ], [ 128.065146975417179, 35.11137911067496 ], [ 128.065142622935383, 35.111357832922678 ], [ 128.065137907410758, 35.11133473169776 ], [ 128.065098012291259, 35.111114375046803 ], [ 128.065086121644583, 35.110988819316091 ], [ 128.065039324217366, 35.110842588046715 ], [ 128.065011034913539, 35.110773670835989 ], [ 128.064967058885912, 35.110699152408586 ], [ 128.064944119034635, 35.110585462820843 ], [ 128.064932359627676, 35.110448461302553 ], [ 128.064914608761597, 35.110305942475442 ], [ 128.064921672347822, 35.110111329702541 ], [ 128.064939675488887, 35.110020867975756 ], [ 128.064937281157796, 35.109912808109264 ], [ 128.064865763379942, 35.109703158102803 ], [ 128.064859425942927, 35.109621467465729 ], [ 128.064831713250868, 35.109501242440828 ], [ 128.064804010985, 35.10938107156769 ], [ 128.064802522295736, 35.109193873664644 ] ] ] } },
{ "type": "Feature", "properties": { "fid": 183, "UserID": null, "number": "축동202", "UMD": null, "NUM": "202", "GUBUN": "리도", "Opened": "현황도로", "차선": "2", "도로폭": "8", "변경여부": null, "비고": null, "기존": "현황도로", "기타": null, "종점": null, "기점": null, "구분": null, "정비사항": null, "연장": "0.9" }, "geometry": { "type": "MultiLineString", "coordinates": [ [ [ 128.078101161870478, 35.118773523336081 ], [ 128.078124688333901, 35.118701753747047 ], [ 128.078132721229338, 35.118601454256712 ], [ 128.078133275315167, 35.118465146437039 ], [ 128.078122539921765, 35.11824965071969 ], [ 128.078101170931177, 35.118109028165406 ], [ 128.078086237474793, 35.117998867992569 ], [ 128.078073337277829, 35.117899064872802 ], [ 128.07804662426642, 35.117706961335713 ], [ 128.077988745026005, 35.117312761231922 ], [ 128.077979722900182, 35.117252952927323 ], [ 128.077966126400952, 35.117101431582796 ], [ 128.077952561674579, 35.116991954678511 ], [ 128.077937840328048, 35.116870303043648 ], [ 128.077899330998633, 35.116606229621318 ], [ 128.077899341997409, 35.116463869776396 ], [ 128.077912658902335, 35.116356930307312 ], [ 128.077948239991116, 35.116216943389546 ], [ 128.07803368486168, 35.115929257610986 ], [ 128.078096445198838, 35.115698656277864 ], [ 128.078197418081658, 35.115351628082692 ], [ 128.078263076923605, 35.115115868889305 ], [ 128.07832228893713, 35.114921061869431 ], [ 128.078445321289109, 35.114562643783096 ], [ 128.078577298338615, 35.114157841409508 ], [ 128.078632785266024, 35.113981961557613 ], [ 128.078647654571085, 35.113868354343865 ], [ 128.0786494398738, 35.113590508507421 ], [ 128.07860275805146, 35.113345164823691 ], [ 128.078588437743122, 35.113171382243472 ], [ 128.078577332620824, 35.113014297627984 ], [ 128.078580969101097, 35.112811655775822 ], [ 128.078621610010345, 35.112693377929979 ], [ 128.078711085605903, 35.112510878076947 ], [ 128.078753251968266, 35.112433915244502 ], [ 128.078798853462274, 35.112358434237386 ], [ 128.078903097004627, 35.112184426100711 ], [ 128.079005856830662, 35.112011985840006 ], [ 128.079070932717428, 35.111903932449692 ], [ 128.079187405560901, 35.111694889491261 ], [ 128.079245902745896, 35.111585734198918 ], [ 128.079299819467792, 35.111493768355039 ], [ 128.07934657980806, 35.111430400558234 ], [ 128.079469705784732, 35.111308036008971 ] ] ] } },
{ "type": "Feature", "properties": { "fid": 184, "UserID": null, "number": "축동202", "UMD": null, "NUM": "202", "GUBUN": "리도", "Opened": "미확장", "차선": "1", "도로폭": "3~4", "변경여부": null, "비고": null, "기존": "미확장", "기타": null, "종점": null, "기점": null, "구분": null, "정비사항": null, "연장": "2.4" }, "geometry": { "type": "MultiLineString", "coordinates": [ [ [ 128.055671627132853, 35.122255694339721 ], [ 128.055712918113045, 35.12227581723667 ], [ 128.05584081087477, 35.122303164210891 ], [ 128.056018282767269, 35.122267982174158 ], [ 128.056470387081163, 35.122161840921116 ], [ 128.056674539395857, 35.122119956927385 ], [ 128.056806453597659, 35.122092933043866 ], [ 128.056923342420248, 35.122121668511106 ], [ 128.057134106210981, 35.122225912506742 ], [ 128.057420608398218, 35.122342432201634 ], [ 128.057549758485834, 35.122345186380407 ], [ 128.057812361466858, 35.122439921032381 ], [ 128.058068803177292, 35.122423451994912 ], [ 128.058119518270246, 35.122448882932268 ], [ 128.058188622474546, 35.122556949124196 ], [ 128.058265013215305, 35.122619672679129 ], [ 128.058642162789823, 35.122805256879822 ], [ 128.058751013845068, 35.122821123927153 ], [ 128.058866062082217, 35.122829174624698 ], [ 128.058944296435214, 35.122790974226845 ], [ 128.059102523514639, 35.122728788446857 ], [ 128.059204859249746, 35.122727894121013 ], [ 128.059282473598728, 35.122763438952241 ], [ 128.059407454063944, 35.122930525537164 ], [ 128.059645222403304, 35.123052640630881 ], [ 128.059664367068535, 35.123193484859321 ], [ 128.059668236328378, 35.123249079463591 ], [ 128.05975573346791, 35.123318173369441 ], [ 128.05984470461803, 35.123379492213111 ], [ 128.059953623682361, 35.123400532312601 ], [ 128.060131163064455, 35.123370518399334 ], [ 128.060245977482509, 35.123360458241059 ], [ 128.060385630297986, 35.123323013283908 ], [ 128.060599783143573, 35.123323726761583 ], [ 128.060759030859117, 35.123218838309548 ], [ 128.061157721548739, 35.123122202866654 ], [ 128.06149665118204, 35.123031264288187 ], [ 128.061735456437788, 35.122990361947565 ], [ 128.061904685679906, 35.122926782456751 ], [ 128.06204865713309, 35.122858249331891 ], [ 128.062319083872552, 35.122827418216332 ], [ 128.062507473833051, 35.122784368886258 ], [ 128.062947766673034, 35.122739110225218 ], [ 128.063110898547222, 35.122691106746473 ], [ 128.063340490942977, 35.122668393646812 ], [ 128.063642976114892, 35.122681263569419 ], [ 128.064199839945843, 35.122640152000677 ], [ 128.064665691494298, 35.122623123729937 ], [ 128.064804136892576, 35.1226141453579 ], [ 128.065203762662662, 35.122589934742649 ], [ 128.065500388162206, 35.122636487308213 ], [ 128.065858978514882, 35.122604873186042 ], [ 128.066440996945857, 35.122560942739504 ], [ 128.066699095531305, 35.122550909286375 ], [ 128.067096280101424, 35.12258104863372 ], [ 128.067402217849065, 35.122617165073528 ], [ 128.067718547557149, 35.122725635462793 ], [ 128.068165329445236, 35.122936450014855 ], [ 128.06828542264526, 35.122969027277428 ], [ 128.069036095591485, 35.122576890507666 ], [ 128.069616657324445, 35.122421700911005 ], [ 128.069798541708849, 35.122363173499423 ], [ 128.070012996201285, 35.122387153995746 ], [ 128.070235949526307, 35.122338612803205 ], [ 128.070712801247964, 35.122199857952715 ], [ 128.071074061864493, 35.122131981710716 ], [ 128.071259127138063, 35.122076011374283 ], [ 128.071621434551872, 35.121847707552554 ], [ 128.072072413031719, 35.12165742883078 ], [ 128.072356303255731, 35.121453102751744 ], [ 128.072694398690402, 35.121300043593195 ], [ 128.072901400191284, 35.121236114516265 ], [ 128.073020101548877, 35.121162617412573 ], [ 128.073157559245629, 35.121078604652283 ], [ 128.073407352010122, 35.120915975903252 ], [ 128.073665920704144, 35.120848819331478 ], [ 128.073749921810048, 35.120820150940439 ], [ 128.073815961494319, 35.120802586538936 ], [ 128.073882712245393, 35.120789162167505 ], [ 128.0740063556037, 35.120769891401558 ], [ 128.07419390014033, 35.12074251587044 ], [ 128.074298111318456, 35.12073600330551 ], [ 128.074385282068988, 35.120729022543166 ], [ 128.074453022116444, 35.120727881760303 ], [ 128.074515189527716, 35.120731674035262 ], [ 128.074566080003933, 35.120738147229382 ], [ 128.07460480991071, 35.120751256159089 ], [ 128.07465221709387, 35.120773801266957 ], [ 128.074708756269985, 35.120806765032832 ], [ 128.074774573351789, 35.120846587715299 ], [ 128.074825119729951, 35.120876028803927 ], [ 128.074877262151119, 35.120901979832837 ], [ 128.074917616748593, 35.120918511298214 ], [ 128.074951035527192, 35.120925878158033 ], [ 128.074990772180627, 35.120934299752847 ], [ 128.075035879983119, 35.120942363609984 ], [ 128.075254041049249, 35.12098242675475 ], [ 128.075567852655212, 35.121041334220507 ], [ 128.075633945292537, 35.121047080324885 ], [ 128.075664672791476, 35.121044546392959 ], [ 128.075702775243087, 35.121038392957963 ], [ 128.075927775608136, 35.120977248625337 ], [ 128.076014801332718, 35.120940218122023 ], [ 128.076178726655257, 35.120875087277717 ], [ 128.076246415049638, 35.120847434593692 ], [ 128.076267274201456, 35.120839202511277 ], [ 128.076318100912545, 35.120822042204885 ], [ 128.07638466886101, 35.120797456117749 ], [ 128.076444990234194, 35.120772483006419 ], [ 128.076551937833813, 35.120727674244492 ], [ 128.076580928124116, 35.120706964749658 ], [ 128.076668861663052, 35.120646895656066 ], [ 128.076805657166858, 35.120509045676052 ], [ 128.076914108628415, 35.120445653813995 ], [ 128.077010320472993, 35.120395462456408 ], [ 128.077111259019063, 35.120347405066902 ], [ 128.077233415408244, 35.120281458471275 ], [ 128.077319716106501, 35.120200066202941 ], [ 128.077378676421546, 35.120133414275394 ], [ 128.077434883246355, 35.120059632206143 ], [ 128.077501961641957, 35.119973558081064 ], [ 128.077568566985889, 35.119871501474336 ], [ 128.07765741487745, 35.119730292694157 ], [ 128.077730802476651, 35.119607504520999 ], [ 128.07780209774873, 35.119460407906601 ], [ 128.077829527673998, 35.119396020752248 ], [ 128.077838744786447, 35.119329910688215 ], [ 128.077845784524214, 35.119134801300355 ], [ 128.077870986762974, 35.119051886033219 ], [ 128.077900802410568, 35.118986601381934 ], [ 128.077953004769853, 35.118919650242987 ], [ 128.078020227660119, 35.118847717923479 ], [ 128.078101161870478, 35.118773523336081 ] ] ] } },
{ "type": "Feature", "properties": { "fid": 185, "UserID": null, "number": "축동203", "UMD": null, "NUM": "203", "GUBUN": "리도", "Opened": "현황도로", "차선": "1~2", "도로폭": "4~7", "변경여부": null, "비고": null, "기존": "현황도로", "기타": null, "종점": null, "기점": null, "구분": null, "정비사항": null, "연장": "0.3" }, "geometry": { "type": "MultiLineString", "coordinates": [ [ [ 128.101682382749317, 35.096942140132192 ], [ 128.101087857470816, 35.096629113505209 ], [ 128.100922711560145, 35.096496245724687 ], [ 128.100842891036649, 35.096383645741184 ], [ 128.100452045714661, 35.09568777439317 ], [ 128.100306734912238, 35.095417741846404 ], [ 128.100164200881437, 35.095264088764509 ], [ 128.099816233958506, 35.095115759193718 ] ] ] } },
{ "type": "Feature", "properties": { "fid": 188, "UserID": null, "number": "축동301", "UMD": null, "NUM": "301", "GUBUN": "농도", "Opened": "현황도로", "차선": "1", "도로폭": "7", "변경여부": null, "비고": null, "기존": "현황도로", "기타": null, "종점": null, "기점": null, "구분": null, "정비사항": null, "연장": "0.7" }, "geometry": { "type": "MultiLineString", "coordinates": [ [ [ 128.040514234288878, 35.109544478455511 ], [ 128.040368763971372, 35.109461052888136 ], [ 128.040288425870045, 35.109423245564457 ], [ 128.040207695952859, 35.10937304194411 ], [ 128.040073888099329, 35.109307149021028 ], [ 128.039915295738467, 35.109247476768296 ], [ 128.039807747476885, 35.109233788923341 ], [ 128.039584316713899, 35.109233350340887 ], [ 128.039477072578023, 35.109240458045768 ], [ 128.039446367531127, 35.109245523164205 ], [ 128.039304239763453, 35.109292192197557 ], [ 128.039144757373464, 35.109349340843387 ], [ 128.038834793167439, 35.109410792532486 ], [ 128.038624482155427, 35.109459605271894 ], [ 128.038420763770461, 35.109523260657433 ], [ 128.037913367153095, 35.109641591975951 ], [ 128.037776781672335, 35.10967015069162 ], [ 128.03775653700589, 35.109675487806918 ], [ 128.037730328927609, 35.109682399886502 ], [ 128.037245831610022, 35.109767273212356 ], [ 128.036992065290349, 35.109786940337052 ], [ 128.036819520214067, 35.109818681959062 ], [ 128.036445923626076, 35.109845803685793 ], [ 128.036233834486154, 35.109871253945634 ], [ 128.03605010532894, 35.109903572396711 ], [ 128.035906533730952, 35.109931045857749 ], [ 128.035447989935534, 35.1100433384917 ], [ 128.035262484305576, 35.110098796458949 ], [ 128.035074997040226, 35.110141845213974 ], [ 128.034824546967116, 35.110196352152329 ], [ 128.034749081877976, 35.110204889773307 ], [ 128.034484845828075, 35.110237888773923 ], [ 128.034352354824989, 35.110241852249679 ], [ 128.034318033908988, 35.110245616357858 ], [ 128.034255729219865, 35.110252437997055 ], [ 128.034148456642527, 35.110276656779789 ], [ 128.034009807070049, 35.11031818275552 ], [ 128.033865241321422, 35.110402735354917 ], [ 128.03380063662911, 35.110461219993987 ], [ 128.033753789513838, 35.110509526252336 ], [ 128.03368611905583, 35.110615783264798 ] ] ] } },
{ "type": "Feature", "properties": { "fid": 189, "UserID": null, "number": "축동302", "UMD": null, "NUM": "302", "GUBUN": "농도", "Opened": "현황도로", "차선": "1", "도로폭": "3", "변경여부": null, "비고": null, "기존": "현황도로", "기타": null, "종점": null, "기점": null, "구분": null, "정비사항": null, "연장": "1" }, "geometry": { "type": "MultiLineString", "coordinates": [ [ [ 128.051938355798512, 35.080275903913417 ], [ 128.052169833535999, 35.080886150684144 ], [ 128.052291796510048, 35.081129319243232 ], [ 128.052604872412559, 35.082042452686061 ], [ 128.052855604356751, 35.082727599955113 ], [ 128.053209033118179, 35.083642125582216 ], [ 128.053857421598423, 35.085213498833568 ], [ 128.054021465215612, 35.085592368778066 ], [ 128.054192674291585, 35.08586825207901 ], [ 128.054464349837986, 35.08636480989378 ], [ 128.054678766705734, 35.086699628856302 ], [ 128.054785846801281, 35.086939435039312 ], [ 128.054719198344117, 35.087037705446683 ], [ 128.054619157997081, 35.087179878150465 ], [ 128.054561356705932, 35.087305983128608 ], [ 128.054528649459854, 35.087567938927251 ], [ 128.054414718967621, 35.08778524470987 ], [ 128.054327870571996, 35.087798211261884 ], [ 128.053757513334858, 35.087675822755315 ], [ 128.053301388397927, 35.08761542480071 ], [ 128.053206954494527, 35.087666939988893 ] ] ] } },
{ "type": "Feature", "properties": { "fid": 190, "UserID": null, "number": "축동302", "UMD": null, "NUM": "302", "GUBUN": "농도", "Opened": "미확장", "차선": "1", "도로폭": "2.5", "변경여부": null, "비고": null, "기존": "미확장", "기타": null, "종점": null, "기점": null, "구분": null, "정비사항": null, "연장": "0.8" }, "geometry": { "type": "MultiLineString", "coordinates": [ [ [ 128.045756044078644, 35.076011733592978 ], [ 128.045887238731837, 35.075982690472493 ], [ 128.046303213959874, 35.076153550159468 ], [ 128.046431634984685, 35.076239666077683 ], [ 128.046599518289156, 35.076424876651338 ], [ 128.046888077696622, 35.076588111489329 ], [ 128.047253246140343, 35.076768128855775 ], [ 128.047728367897236, 35.077083264587436 ], [ 128.048129452623101, 35.077416483148909 ], [ 128.048753399769282, 35.077753006563633 ], [ 128.049126148777873, 35.078027154489689 ], [ 128.049489028227669, 35.078358954461777 ], [ 128.049726541668861, 35.078512157278347 ], [ 128.050160428846937, 35.078754372048259 ], [ 128.050557101514158, 35.079106021369491 ], [ 128.051443984234368, 35.080053352722835 ], [ 128.051603125345054, 35.08016943664969 ], [ 128.051938355798512, 35.080275903913417 ] ] ] } },
{ "type": "Feature", "properties": { "fid": 191, "UserID": null, "number": "축동302", "UMD": null, "NUM": "302", "GUBUN": "농도", "Opened": "미개설", "차선": null, "도로폭": null, "변경여부": null, "비고": null, "기존": "미개설", "기타": null, "종점": null, "기점": null, "구분": null, "정비사항": null, "연장": "0.4" }, "geometry": { "type": "MultiLineString", "coordinates": [ [ [ 128.042235172504121, 35.077931295571787 ], [ 128.043646743852065, 35.076731090119168 ], [ 128.044739531991922, 35.076317052298933 ], [ 128.0454073469663, 35.07609347100243 ], [ 128.045756044078644, 35.076011733592978 ] ] ] } },
{ "type": "Feature", "properties": { "fid": 192, "UserID": null, "number": "축동303", "UMD": null, "NUM": "303", "GUBUN": "농도", "Opened": "미개설", "차선": null, "도로폭": null, "변경여부": null, "비고": null, "기존": "미개설", "기타": null, "종점": null, "기점": null, "구분": null, "정비사항": null, "연장": "0.7" }, "geometry": { "type": "MultiLineString", "coordinates": [ [ [ 128.064968838974835, 35.117373634751054 ], [ 128.061589790295443, 35.11909130946907 ], [ 128.060020092653644, 35.119412295552713 ], [ 128.059496860106407, 35.119372172361444 ], [ 128.058810117388106, 35.119051186119691 ], [ 128.058198387962619, 35.11884135706827 ], [ 128.058009630835159, 35.118901403686166 ], [ 128.057857187945501, 35.119123351837928 ], [ 128.057785291648855, 35.119213887670732 ] ] ] } },
{ "type": "Feature", "properties": { "fid": 193, "UserID": null, "number": "축동101", "UMD": null, "NUM": "101", "GUBUN": "면도", "Opened": "미확장", "차선": "1", "도로폭": "5", "변경여부": null, "비고": null, "기존": "미확장", "기타": null, "종점": null, "기점": "가산리 402-5", "구분": "노선단축", "정비사항": null, "연장": "1.3" }, "geometry": { "type": "MultiLineString", "coordinates": [ [ [ 128.041928905050469, 35.115900480782528 ], [ 128.04181740168471, 35.115836028149644 ], [ 128.04169980594844, 35.115751391729439 ], [ 128.041529033395534, 35.115632949283814 ], [ 128.041411187358676, 35.115555674373773 ], [ 128.041359059258042, 35.115529709148923 ], [ 128.041274398220168, 35.115515762172102 ], [ 128.041184743346065, 35.115521694710772 ], [ 128.041051713131026, 35.115568095230799 ], [ 128.040902204867649, 35.115654870273701 ], [ 128.040812759618149, 35.115704608260955 ], [ 128.040555223680627, 35.115828021570408 ], [ 128.040263495039824, 35.115911342971977 ], [ 128.040057655976312, 35.115973100351134 ], [ 128.039967931330409, 35.115988657507977 ], [ 128.039914140342205, 35.11598380537108 ], [ 128.039824443030142, 35.115967158543718 ], [ 128.039439640555401, 35.115815189578335 ], [ 128.038972053903876, 35.115700624792041 ], [ 128.038912641643009, 35.115669174751019 ], [ 128.038794253186637, 35.115528178837714 ], [ 128.038715662327775, 35.115438378290129 ], [ 128.038651621052452, 35.115388306180535 ], [ 128.038560304272465, 35.115367670748249 ], [ 128.03848112143109, 35.115373900784299 ], [ 128.038399525359608, 35.115401571978552 ], [ 128.038314754223734, 35.115460421519956 ], [ 128.038264536901806, 35.115521979118093 ], [ 128.038142260366243, 35.115757098711292 ], [ 128.038060428134543, 35.115846724389144 ], [ 128.037989975534288, 35.115888427249899 ], [ 128.037927349596487, 35.115900764249901 ], [ 128.037845556536553, 35.115894796313334 ], [ 128.03778267959774, 35.115842741092671 ], [ 128.037750439421501, 35.115790713088337 ], [ 128.037698886887512, 35.11564050419981 ], [ 128.03763989331955, 35.115486919274971 ], [ 128.037603358600649, 35.115433523134556 ], [ 128.037555085378699, 35.115380258974014 ], [ 128.037445928701572, 35.115340436000345 ], [ 128.03723592327114, 35.115240900663608 ], [ 128.037071533050465, 35.115183756321308 ], [ 128.036969653506304, 35.115153824193065 ], [ 128.036890833892642, 35.115145995521402 ], [ 128.0367446374091, 35.1151562338204 ], [ 128.036652752064413, 35.115141090470431 ], [ 128.036594664012114, 35.115110010367268 ], [ 128.036566487449079, 35.11508276458396 ], [ 128.036526325289316, 35.115024508185392 ], [ 128.036490950190853, 35.114988200918226 ], [ 128.036390460443982, 35.114958585817114 ], [ 128.036345183580437, 35.114956422719118 ], [ 128.036266098504512, 35.114970196119245 ], [ 128.03617150499494, 35.115004269839382 ], [ 128.036073940855118, 35.115042817403669 ], [ 128.035925362778414, 35.115125699993165 ], [ 128.03573646839024, 35.115224764351758 ], [ 128.035565490624748, 35.115291848204997 ], [ 128.035379978938977, 35.115346810434602 ], [ 128.035289851075987, 35.115367705728524 ], [ 128.035117324080261, 35.115380138714443 ], [ 128.035047142781252, 35.115389484715124 ], [ 128.034839726544448, 35.115442468846574 ], [ 128.034740042057962, 35.115474698206647 ], [ 128.034690825040286, 35.115495919299953 ], [ 128.034472890791591, 35.115641582525981 ], [ 128.034415566861469, 35.115669345494588 ], [ 128.034189602070484, 35.115751905983721 ], [ 128.034154015024257, 35.115794849208498 ], [ 128.034134429211122, 35.115844526767773 ], [ 128.034121413632818, 35.115895158070963 ], [ 128.034107837012101, 35.115931075392567 ], [ 128.034075393083185, 35.115961443254861 ], [ 128.034012091813707, 35.116001163876682 ], [ 128.0339270053245, 35.116034410377594 ], [ 128.033772036376376, 35.116107324779257 ], [ 128.033651363853039, 35.116177808848704 ], [ 128.033475038201487, 35.116258060328718 ], [ 128.033401165456723, 35.116325312574602 ], [ 128.033365352617807, 35.116393779064516 ], [ 128.03333865310637, 35.116427184973304 ], [ 128.033186958837803, 35.116531950281484 ], [ 128.033151147520073, 35.116594702363614 ], [ 128.033110830861574, 35.116728577448889 ], [ 128.033100600691455, 35.116790335109194 ], [ 128.033103162679282, 35.116882524285586 ], [ 128.033114059300033, 35.116949858617097 ], [ 128.033132307019144, 35.117013348965315 ], [ 128.033168153601252, 35.117071869420428 ], [ 128.033269820356168, 35.117181064887454 ], [ 128.033284096386552, 35.117209399154788 ], [ 128.033277937753837, 35.117235767575657 ], [ 128.033250609558223, 35.117260164276985 ], [ 128.033210998762911, 35.117279658843394 ], [ 128.033139006246444, 35.117311206724274 ], [ 128.033058860478548, 35.117353198786269 ], [ 128.032964408110843, 35.117437104913527 ], [ 128.032933441465758, 35.117460273719431 ], [ 128.0328834529939, 35.117486291915064 ], [ 128.032826276465102, 35.117501445858579 ], [ 128.032734935587769, 35.117501310810063 ], [ 128.032676346120667, 35.117511649370286 ], [ 128.032609658807843, 35.117534235172549 ], [ 128.032541332809927, 35.117565514563466 ], [ 128.032459747406108, 35.117611388405841 ], [ 128.03239182526454, 35.117669692427469 ], [ 128.032208863703204, 35.117817127215382 ], [ 128.032135239380693, 35.117869680156993 ], [ 128.032075669668671, 35.117901624168461 ], [ 128.031860048811524, 35.117967750805242 ], [ 128.031796195971367, 35.1179778845977 ], [ 128.03177657210469, 35.117988020659347 ], [ 128.031765546163996, 35.117993709899324 ], [ 128.03175216025906, 35.118013413765617 ], [ 128.03170108750848, 35.118068850792291 ], [ 128.031578465866744, 35.118185852139995 ], [ 128.031513828836239, 35.118249175235526 ], [ 128.031464562715058, 35.118295613444246 ], [ 128.031463493690325, 35.118303437334276 ], [ 128.031473045635522, 35.118315681548445 ], [ 128.031344756415308, 35.118387895924073 ], [ 128.031282406324806, 35.118416509452452 ], [ 128.031182401622488, 35.11844664221092 ], [ 128.031138002820484, 35.118455390116864 ], [ 128.031078030218993, 35.118471286962176 ], [ 128.031040062654967, 35.118498274890825 ], [ 128.031013334909801, 35.118510796523914 ], [ 128.030975496734044, 35.118526870520149 ], [ 128.030937615470634, 35.118546576466457 ] ] ] } },
{ "type": "Feature", "properties": { "fid": 194, "UserID": null, "number": "축동305", "UMD": null, "NUM": "305", "GUBUN": "농도", "Opened": "미개설", "차선": null, "도로폭": null, "변경여부": null, "비고": null, "기존": "미개설", "기타": null, "종점": null, "기점": null, "구분": null, "정비사항": null, "연장": "0.1" }, "geometry": { "type": "MultiLineString", "coordinates": [ [ [ 128.031167771658403, 35.099366597912031 ], [ 128.03148560095579, 35.09941758241218 ], [ 128.031677354119665, 35.099519446232279 ] ] ] } },
{ "type": "Feature", "properties": { "fid": 195, "UserID": null, "number": "축동305", "UMD": null, "NUM": "305", "GUBUN": "농도", "Opened": "미확장", "차선": "1", "도로폭": "2.5", "변경여부": null, "비고": null, "기존": "미확장", "기타": null, "종점": null, "기점": null, "구분": null, "정비사항": null, "연장": "0.2" }, "geometry": { "type": "MultiLineString", "coordinates": [ [ [ 128.031677354119665, 35.099519446232279 ], [ 128.031784546624891, 35.099531470918883 ], [ 128.031852965138455, 35.099527007522966 ], [ 128.031991739212458, 35.099484428099814 ], [ 128.032173454667031, 35.099414315363639 ], [ 128.032284141700586, 35.099391380137419 ], [ 128.03237653513969, 35.099438999238068 ], [ 128.032375230952425, 35.099447568219865 ], [ 128.032373251815443, 35.099465605836699 ], [ 128.032372228401442, 35.099505751453506 ], [ 128.032368536934541, 35.099636052788398 ], [ 128.032352962494826, 35.099768683691629 ], [ 128.03234940450335, 35.099887701563887 ], [ 128.032368649204642, 35.099989857737292 ], [ 128.032372833228862, 35.100000508725458 ], [ 128.032451917805531, 35.100107018830457 ], [ 128.032622334605975, 35.100244299714255 ] ] ] } },
{ "type": "Feature", "properties": { "fid": 196, "UserID": null, "number": "축동305", "UMD": null, "NUM": "305", "GUBUN": "농도", "Opened": "현황도로", "차선": "2", "도로폭": "7~9", "변경여부": null, "비고": null, "기존": "현황도로", "기타": null, "종점": null, "기점": null, "구분": null, "정비사항": null, "연장": "0.7" }, "geometry": { "type": "MultiLineString", "coordinates": [ [ [ 128.032622334605975, 35.100244299714255 ], [ 128.032674510931741, 35.100339301118986 ], [ 128.032755639863552, 35.100445493872719 ], [ 128.032881106946377, 35.100583406705603 ], [ 128.032946677449246, 35.100673539708161 ], [ 128.033140459471696, 35.101088802237506 ], [ 128.033251175023679, 35.101244524119004 ], [ 128.033386524567931, 35.101376034857459 ], [ 128.033488726686443, 35.101455986712431 ], [ 128.033499456465648, 35.101456595140654 ], [ 128.033654759859701, 35.101540476918252 ], [ 128.033817242977705, 35.101621928157861 ], [ 128.034010272005048, 35.101691175699848 ], [ 128.034339725229586, 35.101791885700869 ], [ 128.034528175385304, 35.101828233784474 ], [ 128.034621477427038, 35.101827986395691 ], [ 128.034702864291461, 35.101810482801028 ], [ 128.034733101203358, 35.101803982026723 ], [ 128.034991095311227, 35.101707461524462 ], [ 128.035285031662994, 35.101645080461331 ], [ 128.035381796557658, 35.101647843448987 ], [ 128.035525650863605, 35.101655614309394 ] ], [ [ 128.03875124204194, 35.101604801412094 ], [ 128.038703286151986, 35.101610044855633 ], [ 128.038499391717892, 35.101650246870186 ], [ 128.038239926885467, 35.1016661040656 ], [ 128.038085101194071, 35.10165492337763 ], [ 128.037783463224457, 35.101651525782316 ], [ 128.037669534846145, 35.101664563612964 ], [ 128.03755288576636, 35.101693506029505 ], [ 128.037389986702124, 35.101750454134155 ], [ 128.037128376988022, 35.101845959554865 ], [ 128.036994812830528, 35.101880742641555 ], [ 128.03689893387434, 35.101894914774107 ], [ 128.036760354871603, 35.101933641538039 ], [ 128.036641267318743, 35.101974010429466 ], [ 128.036452634411887, 35.102045191618807 ], [ 128.036346708814165, 35.102089162097556 ], [ 128.036254412419311, 35.102107346067946 ], [ 128.036163676878857, 35.102106623693139 ], [ 128.036120087205262, 35.10210428472093 ], [ 128.03606574956558, 35.102088917201293 ], [ 128.035983710861586, 35.102059385655643 ], [ 128.035913896448079, 35.102033015893774 ], [ 128.035852743953484, 35.102004984544045 ], [ 128.035815036274755, 35.101989334749653 ], [ 128.035773005195125, 35.101957138330569 ], [ 128.035754986876526, 35.101935660576828 ], [ 128.035750303825239, 35.101930080159583 ], [ 128.035736214629878, 35.101891625795218 ], [ 128.035717647285367, 35.101822779309863 ], [ 128.035688309448602, 35.101741895528377 ], [ 128.035656019727469, 35.1017057928307 ], [ 128.035626144227649, 35.101681660856492 ], [ 128.03555496972379, 35.101657199866338 ], [ 128.03555493693122, 35.101657190591901 ], [ 128.035544491697948, 35.101656629678224 ], [ 128.035525650863605, 35.101655614309394 ] ] ] } },
{ "type": "Feature", "properties": { "fid": 197, "UserID": null, "number": "곤양101", "UMD": null, "NUM": "101", "GUBUN": "면도", "Opened": "현황도로", "차선": "2", "도로폭": "8", "변경여부": null, "비고": null, "기존": "현황도로", "기타": null, "종점": null, "기점": null, "구분": null, "정비사항": null, "연장": "3.3" }, "geometry": { "type": "MultiLineString", "coordinates": [ [ [ 127.990107156897267, 35.065817990329045 ], [ 127.99020272094522, 35.065713837492673 ], [ 127.990316384495273, 35.065596387829657 ], [ 127.990567593949535, 35.065317934763577 ], [ 127.990612404961581, 35.065269200747707 ], [ 127.99065046521487, 35.065201013104605 ], [ 127.990678572149307, 35.065139915568579 ], [ 127.990696571576294, 35.065088687061362 ], [ 127.990742388307538, 35.064937532094667 ], [ 127.990821927448792, 35.064701391663498 ], [ 127.99089344439578, 35.064525429658858 ], [ 127.990916583409359, 35.064474030819007 ], [ 127.990942384992692, 35.064430025138407 ], [ 127.991015283000081, 35.064343826188825 ], [ 127.991278612192247, 35.064076708533648 ], [ 127.991417792054946, 35.063940109685369 ], [ 127.991559319334897, 35.063789570745946 ], [ 127.991622283700593, 35.063708705197378 ], [ 127.991692736568098, 35.063611874640969 ], [ 127.991765921992538, 35.063501491713268 ], [ 127.991826561293138, 35.063392675459106 ], [ 127.99185625538766, 35.063315756127288 ], [ 127.991874745357833, 35.063232849749468 ], [ 127.99188621350379, 35.063139209807119 ], [ 127.991892351677578, 35.062994121124248 ], [ 127.991913365488031, 35.062678141174175 ], [ 127.991929522013066, 35.062419271358095 ], [ 127.99193411925593, 35.062300688660727 ], [ 127.991925616468365, 35.062203209939995 ], [ 127.99188794141763, 35.062119040417592 ], [ 127.991640343669872, 35.061702822645074 ], [ 127.991508804070847, 35.061478929438607 ], [ 127.991458798563045, 35.061412851818467 ], [ 127.991303970215782, 35.061245811429721 ], [ 127.990870805434852, 35.060805926043329 ], [ 127.990829909285779, 35.060759185676922 ], [ 127.990806392859966, 35.060711427012706 ], [ 127.990777086937484, 35.060593809211369 ], [ 127.99074297823644, 35.06042345599986 ], [ 127.990694592028035, 35.060167587357753 ], [ 127.99067436019476, 35.060024575185359 ], [ 127.990670030434359, 35.059962336900497 ], [ 127.99067129481007, 35.059903328894649 ], [ 127.990683289037591, 35.05983622272236 ], [ 127.990708281738122, 35.059763279704491 ], [ 127.990768749125067, 35.059643522198989 ], [ 127.99085925673505, 35.059487150968209 ], [ 127.99141732724226, 35.058565575497497 ], [ 127.99148837592513, 35.058490997143039 ], [ 127.99151838518894, 35.058468119066738 ], [ 127.991594004530882, 35.058428682894288 ], [ 127.991681797471571, 35.058400806864228 ], [ 127.991746958525965, 35.058388779515788 ], [ 127.991838745594222, 35.058386800759209 ], [ 127.991941406802482, 35.058395902454237 ], [ 127.992025442899333, 35.058402064737614 ], [ 127.992170087951024, 35.058423613997824 ], [ 127.992250006953242, 35.058436341593207 ], [ 127.992326603506598, 35.058447944720186 ], [ 127.992488131717749, 35.058475834935656 ], [ 127.992591771692346, 35.058498082493344 ], [ 127.992662834126563, 35.058524287356249 ], [ 127.992736471894602, 35.058559444754998 ], [ 127.992839017348686, 35.058614308365129 ], [ 127.992948685178789, 35.058662716839706 ], [ 127.993066286318509, 35.058693884788113 ], [ 127.993124321472266, 35.058700802346031 ], [ 127.993176507413878, 35.05870167401833 ], [ 127.99321554351765, 35.058701914383406 ], [ 127.993241791522166, 35.058699579483616 ], [ 127.993311342323423, 35.058688144910732 ], [ 127.993354702608556, 35.058681729966658 ], [ 127.993565247431505, 35.058640738500472 ], [ 127.993750896978582, 35.058600612199527 ], [ 127.993921836946313, 35.05855418774879 ], [ 127.993965050021728, 35.05853754245156 ], [ 127.994005030089383, 35.058520203999578 ], [ 127.994033933524577, 35.058500177043065 ], [ 127.994062757595074, 35.05847462401757 ], [ 127.994096037644709, 35.058440472502959 ], [ 127.99412098525552, 35.058395701743436 ], [ 127.994147332445934, 35.058344440090053 ], [ 127.994182701571816, 35.058253749778878 ], [ 127.994193734668016, 35.058227387583933 ], [ 127.99423106941272, 35.058130552139126 ], [ 127.994296356049531, 35.057969066787585 ], [ 127.994360788777598, 35.057818304841419 ], [ 127.994412802008426, 35.057729162780625 ], [ 127.994499806869783, 35.057648219145335 ], [ 127.994555738319917, 35.05760549063632 ], [ 127.994638948216476, 35.057582542436684 ], [ 127.994724401773354, 35.057566299562325 ], [ 127.994805873952842, 35.057566997125171 ], [ 127.994903656235863, 35.057580482316226 ], [ 127.995099989003876, 35.057636075063662 ], [ 127.995290506837506, 35.057690131431542 ], [ 127.995365295403658, 35.057709868773834 ], [ 127.995505971463885, 35.057733287302945 ], [ 127.995535333416896, 35.057730006612751 ], [ 127.995600783673112, 35.057695423301439 ], [ 127.995627421303482, 35.057678320752835 ], [ 127.995740292135508, 35.05758961974027 ], [ 127.995932653527831, 35.057388059878768 ], [ 127.996079328210257, 35.057213801530843 ], [ 127.996135536262315, 35.057150113703713 ], [ 127.996166383008358, 35.057102213519975 ], [ 127.996180254624377, 35.05706836773885 ], [ 127.996189406185934, 35.05704345557038 ], [ 127.996203334448552, 35.056996140329204 ], [ 127.99620206256543, 35.056939664396843 ], [ 127.99619326407597, 35.056878393275596 ], [ 127.996177506514783, 35.056778464790931 ], [ 127.996163260774722, 35.056679052347896 ], [ 127.996144528933343, 35.056576128307931 ], [ 127.996126291000508, 35.056471978788814 ], [ 127.996120097976302, 35.056336410435215 ], [ 127.996127257334564, 35.056236040082283 ], [ 127.996140805587942, 35.056167925430991 ], [ 127.996150580423063, 35.056102459419172 ], [ 127.996169997733503, 35.056033795692137 ], [ 127.99619114542547, 35.055983326392258 ], [ 127.996244531150325, 35.055883236700929 ], [ 127.996286095353184, 35.055775489681025 ], [ 127.996301183831434, 35.055665573365808 ], [ 127.99630111046703, 35.05559136093666 ], [ 127.996297973741278, 35.055526802913086 ], [ 127.996280358061625, 35.055376067226746 ], [ 127.996250816714138, 35.0552235428774 ], [ 127.996221468289164, 35.055025159352127 ], [ 127.996205323865709, 35.054928641354017 ], [ 127.996188861749431, 35.054823898079931 ], [ 127.996174708954868, 35.054734704008823 ], [ 127.996150122536619, 35.05461881054412 ], [ 127.99614331006461, 35.054584395659369 ], [ 127.996096522210962, 35.054467304350311 ], [ 127.995991992223111, 35.05425350293914 ], [ 127.995957478552512, 35.054185356273251 ], [ 127.995920942858106, 35.054081690305601 ], [ 127.995901866826188, 35.054013514707293 ], [ 127.995873689202128, 35.053895626437189 ], [ 127.995856637283524, 35.053772412054407 ], [ 127.995845651969319, 35.053603122993152 ], [ 127.995842158605711, 35.05352287060775 ], [ 127.995842488228902, 35.053448320628256 ], [ 127.995843750411467, 35.053345343664482 ], [ 127.995844981765529, 35.053250203783172 ], [ 127.995846354471638, 35.05321056956457 ], [ 127.995845050853006, 35.053172063248233 ], [ 127.99581920851702, 35.053053312992596 ], [ 127.995797937982161, 35.052980858488134 ], [ 127.995758923264077, 35.052869172752111 ], [ 127.995738310029452, 35.05280059581186 ], [ 127.995697393459437, 35.052672764441283 ], [ 127.995690719067852, 35.052627187150364 ], [ 127.99568692762395, 35.05258232020384 ], [ 127.995685772473081, 35.052499165143203 ], [ 127.995697385113104, 35.052422572051256 ], [ 127.995717128572693, 35.052350297333177 ], [ 127.995753154049282, 35.052285132674079 ], [ 127.995895267173751, 35.05208220331393 ], [ 127.996085142416376, 35.051822644406741 ], [ 127.996179555556324, 35.051714129188916 ], [ 127.9962447462661, 35.051638327272663 ], [ 127.996334666867341, 35.051557766503663 ], [ 127.996425298230832, 35.051480949459908 ], [ 127.996497088704217, 35.05141997754324 ], [ 127.996570525443616, 35.051363047970604 ], [ 127.996649517389315, 35.051301300999796 ], [ 127.996691998161467, 35.051272846537067 ], [ 127.996749029192017, 35.051225134104001 ], [ 127.996808245063136, 35.051182568651811 ], [ 127.996905760020823, 35.051113886480785 ], [ 127.996987477764932, 35.051067266651906 ], [ 127.997207397233268, 35.050952482416122 ], [ 127.99758724773109, 35.050764954599629 ], [ 127.997990888635044, 35.050563129274238 ], [ 127.998329023739004, 35.050399294876691 ], [ 127.998552160877523, 35.050284689205178 ], [ 127.998755296094672, 35.050184021663007 ], [ 127.99895814543774, 35.050063934206648 ], [ 127.999185638442427, 35.049948313234147 ], [ 127.999668144524648, 35.049760975230051 ], [ 127.999768841299257, 35.049719353219494 ], [ 127.999854335771445, 35.049666197750277 ], [ 127.999897345959141, 35.049630216173611 ], [ 127.999951322434086, 35.049582359883651 ], [ 128.000000945319471, 35.049529119638613 ], [ 128.000063086398683, 35.04945222446581 ], [ 128.000134955584684, 35.049372829212921 ], [ 128.000262188241919, 35.049237158902436 ], [ 128.000333777635547, 35.049163750955458 ], [ 128.00042374049886, 35.049102572309792 ], [ 128.000516933439457, 35.049055120371968 ], [ 128.000597017321667, 35.049016318870407 ], [ 128.000616432575811, 35.049003355757357 ], [ 128.000738575325585, 35.048929163666593 ], [ 128.000871913753997, 35.048853148305646 ], [ 128.000968151228278, 35.048801380203933 ], [ 128.001067453432938, 35.04874479277143 ], [ 128.001168678703579, 35.048717613080093 ], [ 128.001283837059958, 35.048719608286156 ], [ 128.001423252761015, 35.048765950975934 ], [ 128.001724191784916, 35.04890725639936 ], [ 128.001823624659664, 35.048925101733161 ], [ 128.001894955652148, 35.048916357046295 ], [ 128.001986960345249, 35.048893233474203 ], [ 128.002208236932404, 35.048835331703188 ], [ 128.002458949891775, 35.048766663062267 ], [ 128.002591458441003, 35.048727257742208 ], [ 128.002759922237232, 35.048672814235189 ], [ 128.002855865962914, 35.048615640000904 ], [ 128.002917043703746, 35.048547424019688 ], [ 128.002962590922095, 35.04845374330403 ], [ 128.002982520925173, 35.048367147499192 ], [ 128.002971698031331, 35.048299899712212 ], [ 128.002919162111624, 35.048171013419967 ], [ 128.002901799762526, 35.048127347718641 ], [ 128.00286169323428, 35.047993114682434 ], [ 128.002860153654353, 35.047841778863692 ], [ 128.002912457051565, 35.047709622423916 ], [ 128.003032862805952, 35.047493414041462 ], [ 128.003084090362336, 35.047390697023353 ], [ 128.003187128583761, 35.047217056656812 ], [ 128.003267436762769, 35.047063903241018 ], [ 128.00336013657892, 35.046907997619705 ], [ 128.003476138563656, 35.046719570994078 ], [ 128.003592203864002, 35.046533911079933 ], [ 128.003744850490563, 35.046348921554227 ], [ 128.003883490431889, 35.046179040697247 ], [ 128.004133163258672, 35.045848253931744 ], [ 128.004168488124407, 35.045783257476181 ], [ 128.004189376967815, 35.045657656926075 ], [ 128.004168142671688, 35.045554379817979 ], [ 128.004124874703706, 35.045461607497401 ], [ 128.004076213595482, 35.045366910860793 ], [ 128.004046320996508, 35.045268005882541 ], [ 128.004046075651331, 35.045155644684485 ], [ 128.004069733960648, 35.045053889579791 ], [ 128.004132952374363, 35.044832773701046 ] ] ] } },
{ "type": "Feature", "properties": { "fid": 198, "UserID": null, "number": "곤양102", "UMD": null, "NUM": "102", "GUBUN": "면도", "Opened": "현황도로", "차선": "2", "도로폭": "8", "변경여부": null, "비고": null, "기존": "현황도로", "기타": null, "종점": null, "기점": null, "구분": null, "정비사항": null, "연장": "0.9" }, "geometry": { "type": "MultiLineString", "coordinates": [ [ [ 127.98653021464078, 35.09661766056508 ], [ 127.986630286894012, 35.096678552867871 ], [ 127.986639968713902, 35.096691964364631 ], [ 127.986623408799474, 35.09673578717846 ], [ 127.986574058613996, 35.096779800915812 ], [ 127.986201176024409, 35.096978388535163 ], [ 127.98612295862327, 35.097014930873392 ], [ 127.986082126620261, 35.097041727559194 ], [ 127.985979654847384, 35.097077066226454 ], [ 127.985543718579393, 35.097174415842638 ], [ 127.985476168379307, 35.097201466149606 ], [ 127.985425290160663, 35.097235370929063 ], [ 127.985395382971902, 35.097263746097511 ], [ 127.985383003726426, 35.097281254067767 ], [ 127.985368674105828, 35.097315420032785 ], [ 127.985364766774708, 35.097350151035293 ], [ 127.985370416460654, 35.097408342257175 ], [ 127.98536994383457, 35.097446436910971 ], [ 127.985376460474086, 35.097528448157462 ], [ 127.985376488868823, 35.097550025892843 ], [ 127.985376522726014, 35.097569395450499 ], [ 127.985409100253946, 35.097601333267164 ], [ 127.985433738589506, 35.097620322345193 ], [ 127.985524443839878, 35.097661452692769 ], [ 127.985844311018326, 35.097655794110921 ], [ 127.985894471801416, 35.097639071240188 ], [ 127.98593746018382, 35.097629435709322 ], [ 127.986005373426039, 35.097619999898754 ], [ 127.986062795672041, 35.097619958034649 ], [ 127.986349842454217, 35.097637295400958 ], [ 127.986537831274603, 35.097736945971015 ], [ 127.986587696972975, 35.097823764451356 ], [ 127.986631462861865, 35.097949264813025 ], [ 127.98662913523772, 35.097981341184521 ], [ 127.986632318613403, 35.098035969536198 ], [ 127.986770391831897, 35.098188619478002 ], [ 127.986979805246534, 35.098217103640849 ], [ 127.98731801320173, 35.098187649963329 ], [ 127.987686198281892, 35.098268386254439 ], [ 127.988009371618418, 35.098312854070379 ], [ 127.988205220273599, 35.09827200693028 ], [ 127.988482943164357, 35.098155288505843 ], [ 127.988552204332649, 35.098114911344211 ], [ 127.988678803903639, 35.098063557379348 ], [ 127.988701389178175, 35.098051650372838 ], [ 127.988744787525462, 35.098043441349795 ], [ 127.988777234865395, 35.098043712361033 ], [ 127.990685678172085, 35.098383667286569 ], [ 127.9907844240484, 35.098399879818388 ], [ 127.990920260063675, 35.098414027031104 ], [ 127.99102992333701, 35.098420655320041 ], [ 127.991207265385142, 35.098420862241085 ], [ 127.99128933062623, 35.098426072193114 ], [ 127.991342038931222, 35.098416859141864 ], [ 127.991417114442726, 35.098391448237216 ], [ 127.991550623712754, 35.098306876890945 ], [ 127.991724450271107, 35.098179596458941 ], [ 127.991827498595583, 35.098021850079547 ], [ 127.991882967382622, 35.097963724354983 ], [ 127.991953304126454, 35.097903027802495 ] ] ] } },
{ "type": "Feature", "properties": { "fid": 199, "UserID": null, "number": "곤양102", "UMD": null, "NUM": "102", "GUBUN": "면도", "Opened": "미확장", "차선": "1", "도로폭": "4", "변경여부": null, "비고": null, "기존": "미확장", "기타": null, "종점": null, "기점": null, "구분": null, "정비사항": null, "연장": "2.2" }, "geometry": { "type": "MultiLineString", "coordinates": [ [ [ 127.991953304126454, 35.097903027802495 ], [ 127.992169728656819, 35.097716265917434 ], [ 127.992290453860448, 35.097626328306269 ], [ 127.992372413067159, 35.097536129424562 ], [ 127.992489123621283, 35.097345988786984 ], [ 127.992571282211799, 35.097179003527209 ], [ 127.992593370770422, 35.097108850433081 ], [ 127.992623533924061, 35.097062160845411 ], [ 127.992660195575624, 35.097012738812758 ], [ 127.992792045597781, 35.096876655373848 ], [ 127.992897214841918, 35.096780534285031 ], [ 127.993066300967612, 35.096615260518604 ], [ 127.993193639193109, 35.096497993711097 ], [ 127.993285806717893, 35.096366983683353 ], [ 127.993438198213909, 35.096136345384167 ], [ 127.993531113862247, 35.095998326695671 ], [ 127.99363171854705, 35.095917304717922 ], [ 127.993707527092155, 35.095833431621813 ], [ 127.99375677993612, 35.095737284199842 ], [ 127.993795519415315, 35.095641458107622 ], [ 127.993816336228875, 35.095597193215305 ], [ 127.993845209951232, 35.095560722531182 ], [ 127.993878558465937, 35.095526884817069 ], [ 127.99395421720989, 35.095468346487536 ], [ 127.994001170932194, 35.095439454871972 ], [ 127.994068992492203, 35.095415778051972 ], [ 127.994204053065502, 35.095372651907574 ], [ 127.99426576805665, 35.095351578029451 ], [ 127.994378314447815, 35.09529911884912 ], [ 127.994432023856831, 35.095264665942693 ], [ 127.994564572626928, 35.09516672100915 ], [ 127.994652216276876, 35.095089980595418 ], [ 127.994723084803468, 35.095018983458459 ], [ 127.994846283045987, 35.094892365428571 ], [ 127.99488640130059, 35.094859079352808 ], [ 127.994924560848261, 35.094830092316826 ], [ 127.994967224656492, 35.094809184400397 ], [ 127.995012742402125, 35.094812751927044 ], [ 127.995170901065578, 35.095002094110946 ], [ 127.995433809365451, 35.095295938420435 ], [ 127.995493282942491, 35.095351408474343 ], [ 127.995524327337719, 35.095378547039815 ], [ 127.995553790313394, 35.095403809338109 ], [ 127.995621091620961, 35.095418984450326 ], [ 127.995736170910732, 35.095408635174167 ], [ 127.995829925009829, 35.095404455737714 ], [ 127.995910387900409, 35.095404445980648 ], [ 127.995988207843695, 35.095409641787015 ], [ 127.996094466608241, 35.095424038646975 ], [ 127.996163062368709, 35.095451390093302 ], [ 127.996262391668552, 35.095491728639402 ], [ 127.99631373656868, 35.095505284242584 ], [ 127.99638155774521, 35.095501289292535 ], [ 127.996494771940633, 35.095478217526718 ], [ 127.996605096398014, 35.095464776704517 ], [ 127.99666132213234, 35.095472770426376 ], [ 127.996719139901074, 35.095480054657948 ], [ 127.996772000356899, 35.095495663226444 ], [ 127.996832952996414, 35.095514146248519 ], [ 127.996904552273065, 35.095546168375918 ], [ 127.996993303149196, 35.095601714936684 ], [ 127.997029156908042, 35.09562550027281 ], [ 127.997079882891171, 35.095656374002687 ], [ 127.997134354805809, 35.095679245752223 ], [ 127.99721353045787, 35.095702320718885 ], [ 127.997309668308603, 35.095721595392412 ], [ 127.997357820269869, 35.095720340688175 ], [ 127.997469008298822, 35.095738361035501 ], [ 127.997521017696343, 35.095750403414677 ], [ 127.997561529014433, 35.095760670145289 ], [ 127.997596158594988, 35.095772634693809 ], [ 127.997647782072093, 35.095782644780179 ], [ 127.997675440727065, 35.095786127511978 ], [ 127.997725920938777, 35.095782215734999 ], [ 127.997779482161761, 35.095770083987951 ], [ 127.997837911961085, 35.095760009129762 ], [ 127.997870877102159, 35.095754633625077 ], [ 127.997950693196429, 35.095740179630894 ], [ 127.998087629982848, 35.095720618639739 ], [ 127.998160322039865, 35.095712946064367 ], [ 127.998302136237342, 35.095707026064453 ], [ 127.998448070280034, 35.095705871893891 ], [ 127.998556337724978, 35.095699079217496 ], [ 127.998678237509765, 35.095682349501374 ], [ 127.998903171404834, 35.095639296920538 ], [ 127.998969411900987, 35.095630984658001 ], [ 127.999025751494244, 35.095627899263427 ], [ 127.999074492856067, 35.095631112006664 ], [ 127.999117410046722, 35.095648591823668 ], [ 127.999158437922361, 35.095672360725374 ], [ 127.999179118763891, 35.095709260356379 ], [ 127.999194855339653, 35.095764274237176 ], [ 127.999203365566757, 35.095822506584668 ], [ 127.999241987203675, 35.096012941770084 ], [ 127.999274109877248, 35.096171021156543 ], [ 127.999299026099337, 35.096272640223361 ], [ 127.99934614160604, 35.09649622031516 ], [ 127.999374253424477, 35.096879797356848 ], [ 127.999369753610296, 35.096995183780749 ], [ 127.999384333724166, 35.097032384465308 ], [ 127.99940974658621, 35.09706350065251 ], [ 127.999442757266394, 35.097086720994035 ], [ 127.999488680687719, 35.097103261117212 ], [ 127.999539021650605, 35.097114941504977 ], [ 127.999584132868776, 35.097110023533929 ], [ 127.999607457125094, 35.097103545826613 ], [ 127.999646097502094, 35.097082530920829 ], [ 127.999685574927241, 35.097051819184941 ], [ 127.999716490173597, 35.097009658622611 ], [ 127.999771153172404, 35.096913362079512 ], [ 127.999809633219286, 35.096794518136363 ], [ 127.999862321747372, 35.096694470240429 ], [ 127.999899698970992, 35.096643106479164 ], [ 127.999954741188645, 35.096550083572751 ], [ 127.999990283234055, 35.09647437599881 ], [ 128.00001269085439, 35.096379389073228 ], [ 128.000059785161142, 35.096156948217399 ], [ 128.000111360748349, 35.095821161932498 ], [ 128.000174176123608, 35.095477002129677 ], [ 128.000215334848519, 35.09527118043804 ], [ 128.00024002211984, 35.095217684744981 ], [ 128.000278014360958, 35.095171967227422 ], [ 128.000354511433585, 35.095115815842341 ], [ 128.000467075547249, 35.095069642312566 ], [ 128.000623898900727, 35.095001164463802 ], [ 128.000668584814747, 35.094977947229943 ], [ 128.000767500295012, 35.094912525792374 ], [ 128.0008349864423, 35.094875795227964 ], [ 128.000930452185912, 35.094840494257603 ], [ 128.001048182153994, 35.094828324452443 ], [ 128.001137878733516, 35.094822845341547 ], [ 128.001218522330475, 35.094830144354326 ], [ 128.001266169497512, 35.094826688771562 ], [ 128.001306483154167, 35.094819396159025 ], [ 128.001354177281229, 35.094804908801535 ], [ 128.001384802496204, 35.094789054852441 ], [ 128.001439704890259, 35.094733869331179 ], [ 128.001466558784159, 35.09468917814602 ], [ 128.00149752427086, 35.094605025123684 ], [ 128.00151906873981, 35.09454573403675 ], [ 128.00158363664184, 35.094482462038435 ], [ 128.00164549028446, 35.094447938516836 ], [ 128.001751220262349, 35.094403849221976 ], [ 128.001851915859987, 35.094365372971637 ], [ 128.00195571859021, 35.094320681081506 ], [ 128.002034968817412, 35.094272221585847 ], [ 128.002314221715295, 35.094093625858797 ], [ 128.002475262587126, 35.093996648151297 ], [ 128.002492195744878, 35.093987982018376 ], [ 128.002584738497831, 35.093940619968301 ], [ 128.002597791110674, 35.093933939818548 ], [ 128.002648788031991, 35.09390708619577 ], [ 128.002673708380541, 35.093889497156972 ], [ 128.002739559103787, 35.093843018975939 ], [ 128.002758365877469, 35.093832428645818 ], [ 128.002848884929222, 35.093781456152399 ], [ 128.002886104027141, 35.093760497540117 ], [ 128.0029430272821, 35.093735610089581 ], [ 128.002988619551189, 35.093715676635661 ], [ 128.003040377646386, 35.093702077820005 ], [ 128.003094592292314, 35.093683041167957 ], [ 128.003271211488652, 35.093637214697502 ], [ 128.003609758767226, 35.093509641007977 ], [ 128.003727886904414, 35.093475398576388 ], [ 128.004009017571889, 35.093415835696987 ], [ 128.004163407586447, 35.093385937759749 ], [ 128.00431215559928, 35.093366531384959 ], [ 128.004488131749071, 35.093349259622016 ], [ 128.004598817304014, 35.093341403131369 ], [ 128.004856020397341, 35.093325423769642 ], [ 128.00504889857919, 35.093319737155717 ], [ 128.005156357833329, 35.093327774793998 ], [ 128.005168064006, 35.093328650375689 ], [ 128.005264184737769, 35.093342401625534 ], [ 128.005371955074082, 35.093357819398392 ], [ 128.005478914948441, 35.093375997020694 ], [ 128.005500338395251, 35.093379637881448 ], [ 128.005640179976893, 35.093393478026286 ], [ 128.00579942497248, 35.093391686453948 ], [ 128.005903979598145, 35.093377537360283 ], [ 128.006022122779257, 35.093373369948011 ], [ 128.006122689470914, 35.093384533624821 ], [ 128.006253144602027, 35.093415996864451 ], [ 128.006303786727614, 35.093434925579153 ], [ 128.006323229267821, 35.093442187533206 ], [ 128.00633577793019, 35.09344823020654 ], [ 128.006488669599264, 35.093512409362617 ], [ 128.00675523894725, 35.093645617615898 ], [ 128.006851982434995, 35.09370164399067 ], [ 128.006919685964107, 35.093738670676089 ], [ 128.006979981287088, 35.093759276366214 ], [ 128.00701830519705, 35.093764043189751 ], [ 128.007080259606681, 35.093761945465829 ], [ 128.007144896696474, 35.093748937184778 ], [ 128.007293323634599, 35.093711965373217 ], [ 128.007784164528829, 35.093614944066026 ], [ 128.007835848805911, 35.093609687291796 ], [ 128.007916338188011, 35.093623597988213 ], [ 128.007969439822546, 35.093653564464596 ], [ 128.008008738654951, 35.09368299678993 ], [ 128.008076909144165, 35.093740969715924 ], [ 128.008132587254693, 35.093796820876435 ], [ 128.008168981729852, 35.093831135938657 ], [ 128.008203709833822, 35.09385603022988 ], [ 128.00825140502792, 35.093871521592327 ], [ 128.008317876138079, 35.093872576588176 ], [ 128.008371164859369, 35.093863404624848 ], [ 128.008640530896514, 35.09375102585804 ], [ 128.008739385497506, 35.093710071705743 ], [ 128.008877846294098, 35.093673764447345 ], [ 128.009079825967063, 35.093655336295519 ], [ 128.009174704903359, 35.09362832018541 ], [ 128.009283354105719, 35.093585112688643 ], [ 128.009419784082667, 35.093533546892843 ], [ 128.009516990944007, 35.093514323861967 ], [ 128.009534768278058, 35.093513324616154 ], [ 128.009588211850456, 35.093510306189366 ] ] ] } },
{ "type": "Feature", "properties": { "fid": 200, "UserID": null, "number": "곤양102", "UMD": null, "NUM": "102", "GUBUN": "면도", "Opened": "현황도로", "차선": "2", "도로폭": "8~10", "변경여부": null, "비고": null, "기존": "현황도로", "기타": null, "종점": null, "기점": null, "구분": null, "정비사항": null, "연장": "2.3" }, "geometry": { "type": "MultiLineString", "coordinates": [ [ [ 128.009588211850456, 35.093510306189366 ], [ 128.009591502298605, 35.093510120348938 ], [ 128.00965791343549, 35.093504696846978 ], [ 128.009805603059021, 35.093495891132235 ], [ 128.009915214894789, 35.09349409374132 ], [ 128.01002261854029, 35.093493124268733 ], [ 128.010232999299888, 35.093511624050755 ], [ 128.010335962638777, 35.093500604352322 ], [ 128.011730242673309, 35.093075392299632 ], [ 128.012061909253276, 35.093003993291788 ], [ 128.013197367394298, 35.093063417145338 ], [ 128.013261545442987, 35.093061492463555 ], [ 128.013310332648814, 35.093044173270954 ], [ 128.013310363323995, 35.093044162381418 ], [ 128.013594403102587, 35.092344851111193 ], [ 128.013878480741425, 35.092367586732976 ], [ 128.014068731376227, 35.092387288627663 ], [ 128.014250454735759, 35.092427342405848 ], [ 128.014352262510073, 35.092455400037672 ], [ 128.014423650941438, 35.09248774810753 ], [ 128.01451414376433, 35.092538404172558 ], [ 128.014604336028953, 35.092614017465039 ], [ 128.01468072627091, 35.092689518371238 ], [ 128.014762282250018, 35.092794559139733 ], [ 128.014832086134703, 35.092958499978877 ], [ 128.014920475670522, 35.093183856804984 ], [ 128.014971120911071, 35.093334027279113 ], [ 128.014986918600329, 35.09339768968205 ], [ 128.01499366985297, 35.093524812364358 ], [ 128.014988422892884, 35.093731254778191 ], [ 128.014988259662317, 35.09397404361448 ], [ 128.015008567454203, 35.094121698175776 ], [ 128.015036746934896, 35.094303452770859 ], [ 128.015097424108575, 35.094537660253756 ], [ 128.015131889915693, 35.094655932087655 ], [ 128.015168815803435, 35.094799183654281 ], [ 128.015181498229452, 35.09489231854652 ], [ 128.015169445323437, 35.094976175971162 ], [ 128.015146732815083, 35.095028179752866 ], [ 128.015118526561707, 35.09507786977381 ], [ 128.015073866444908, 35.095118349670912 ], [ 128.01501810954889, 35.095163277407309 ], [ 128.01496248922399, 35.095196860896046 ], [ 128.014862317866402, 35.095261848797207 ], [ 128.014754001432124, 35.095315425000386 ], [ 128.014689880641441, 35.095367091718138 ], [ 128.014614280269655, 35.095454970032129 ], [ 128.014585827508029, 35.095525079511738 ], [ 128.014576397732782, 35.095620303543747 ], [ 128.014590664623256, 35.09581102122204 ], [ 128.014608976958783, 35.095895125712204 ], [ 128.014674081980729, 35.095990956353759 ], [ 128.014769555611082, 35.096082822329443 ], [ 128.014876176242893, 35.096174126189304 ], [ 128.015147230806832, 35.09636239479876 ], [ 128.015297695800626, 35.096477071965822 ], [ 128.015406998507501, 35.096570992613053 ], [ 128.015541419736138, 35.096642426749888 ], [ 128.015621066672594, 35.096677110345368 ], [ 128.015725804607001, 35.096691576280342 ], [ 128.015847297149605, 35.096690294857474 ], [ 128.016021404383338, 35.096675826543262 ], [ 128.017856986989301, 35.096477438735135 ], [ 128.018561857708022, 35.096406006429525 ], [ 128.018835371548079, 35.096390070778227 ], [ 128.018981599899917, 35.096398062935521 ], [ 128.019102792692905, 35.096421735553413 ], [ 128.01926236142711, 35.096468409593001 ], [ 128.019737709870128, 35.096658322746876 ], [ 128.019960092987759, 35.096762231119847 ], [ 128.020682620597199, 35.097060787367887 ], [ 128.021619313218793, 35.097458640128224 ], [ 128.022154918155053, 35.097689874008125 ], [ 128.023795014435109, 35.098372484575847 ], [ 128.024121797383373, 35.098520339416147 ], [ 128.024280615190065, 35.098630534725508 ], [ 128.024354394679165, 35.098694663206167 ], [ 128.024428120148002, 35.098763329341644 ], [ 128.024512644761813, 35.098852504053006 ], [ 128.024553323825899, 35.098914096635241 ], [ 128.024711872879976, 35.099278424753479 ], [ 128.024829364850831, 35.099612924076133 ], [ 128.024910210194633, 35.099779217154271 ], [ 128.024942553833114, 35.09984528060081 ], [ 128.024996983040751, 35.099911521908737 ], [ 128.025073524923272, 35.099975672199918 ], [ 128.025172341819001, 35.100024118337707 ] ], [ [ 128.027346566872751, 35.100599589402236 ], [ 128.027285851627369, 35.100608268564073 ], [ 128.027034751943802, 35.100620833360885 ], [ 128.02667476321929, 35.100624189329359 ], [ 128.026517691925051, 35.10061667672133 ], [ 128.026338379691794, 35.100561070821222 ], [ 128.026154841992479, 35.100434600957001 ], [ 128.026006789230337, 35.100308416309346 ], [ 128.025823078894746, 35.100196527145286 ], [ 128.025709543373551, 35.100151865731071 ], [ 128.025603289061962, 35.10013434476317 ], [ 128.025403428708358, 35.100101487598167 ], [ 128.025309847485204, 35.100084068394949 ], [ 128.025216464960266, 35.100049984905937 ] ] ] } },
{ "type": "Feature", "properties": { "fid": 203, "UserID": null, "number": "곤양103", "UMD": null, "NUM": "103", "GUBUN": "면도", "Opened": "미확장", "차선": "1", "도로폭": "4", "변경여부": null, "비고": null, "기존": "미확장", "기타": null, "종점": "검정리 509-7", "기점": "검정리 53-4", "구분": "노선연장", "정비사항": "지방도 1002호선에서 분기, 이전 지방도 구간 면도로 통합", "연장": "0.2" }, "geometry": { "type": "MultiLineString", "coordinates": [ [ [ 128.035865609335644, 35.076190481470995 ], [ 128.035745504493974, 35.076257797671552 ], [ 128.035015789231892, 35.076614668927178 ], [ 128.03495192953676, 35.076766983912847 ], [ 128.034754035152588, 35.077060001220381 ], [ 128.034435062974183, 35.077343584202353 ], [ 128.034115098105559, 35.077548673118571 ], [ 128.03403115010164, 35.077677423352981 ], [ 128.034013732832761, 35.077712577469072 ] ] ] } },
{ "type": "Feature", "properties": { "fid": 204, "UserID": null, "number": "곤양201", "UMD": null, "NUM": "201", "GUBUN": "리도", "Opened": "현황도로", "차선": "2", "도로폭": "8", "변경여부": null, "비고": null, "기존": "현황도로", "기타": null, "종점": null, "기점": null, "구분": null, "정비사항": null, "연장": "1.2" }, "geometry": { "type": "MultiLineString", "coordinates": [ [ [ 127.957238330619376, 35.065570474317838 ], [ 127.957442579223525, 35.065800008299632 ], [ 127.95792761825652, 35.066453854564045 ], [ 127.958183022536943, 35.06688447281411 ], [ 127.958434777277489, 35.067456423714873 ], [ 127.958577873666513, 35.067808553794045 ], [ 127.958834955610882, 35.06871605930224 ], [ 127.958869388891443, 35.068795272208227 ], [ 127.958891282455639, 35.068849521408715 ], [ 127.958930437957648, 35.068970337400408 ], [ 127.95897275138708, 35.069186515847392 ], [ 127.959072564843567, 35.069641444491921 ], [ 127.959085482632233, 35.069748091198541 ], [ 127.959094954478005, 35.069886170852989 ], [ 127.959091075498662, 35.070011907309464 ], [ 127.959073607230764, 35.0702766124504 ], [ 127.959041278796505, 35.070618382826929 ], [ 127.959014793725814, 35.070703935124961 ], [ 127.959007316822124, 35.070730838480991 ], [ 127.958994581800624, 35.070753083770889 ], [ 127.958988917848004, 35.070762255562286 ], [ 127.958984910519845, 35.070768746654316 ], [ 127.958970121902425, 35.07080376752117 ], [ 127.958896963072476, 35.070902483686325 ], [ 127.958807021050845, 35.070989397122474 ], [ 127.958673542474926, 35.071115434428641 ], [ 127.958585761403597, 35.071200528102359 ], [ 127.958472674292821, 35.071299800147656 ], [ 127.95840433414331, 35.071341831746054 ], [ 127.958315257025873, 35.071388465913138 ], [ 127.958260863701909, 35.071412758116935 ], [ 127.958162738709177, 35.071452743748509 ], [ 127.958100799336918, 35.071486129435705 ], [ 127.958049559534118, 35.07152041637567 ], [ 127.957881024669192, 35.071658380958645 ], [ 127.957798983495778, 35.071715264293168 ], [ 127.957739211920639, 35.071747134259191 ], [ 127.957409623161766, 35.071878786802905 ], [ 127.957205532542687, 35.071960811400984 ], [ 127.957162594109661, 35.071980243627017 ], [ 127.957100645183544, 35.07201992324115 ], [ 127.957009629285096, 35.072084376792361 ], [ 127.956935009727147, 35.072144251830039 ], [ 127.956848274223319, 35.072190247103144 ], [ 127.95677534382402, 35.072215251903529 ], [ 127.956722069105197, 35.072229340263881 ], [ 127.956639898449779, 35.072248608893041 ], [ 127.956549528931717, 35.072266604791395 ], [ 127.956173315471503, 35.072329684288583 ], [ 127.956053582931801, 35.07234796143468 ], [ 127.955906570081225, 35.072372498875858 ], [ 127.955782569578204, 35.072402830940739 ], [ 127.955684683908913, 35.072429026460881 ], [ 127.955582910733966, 35.072457513734818 ], [ 127.955406817380776, 35.072532309564707 ], [ 127.955334823521383, 35.072585718893876 ], [ 127.955306572614433, 35.072607070757336 ], [ 127.955249450914721, 35.07265556376705 ], [ 127.955205553415013, 35.072699394664298 ], [ 127.955128527349075, 35.072791454374169 ], [ 127.95507789575008, 35.072871550174817 ], [ 127.955014313178211, 35.072970928592817 ], [ 127.954970646504265, 35.073042170419818 ], [ 127.954914710623925, 35.073160915553828 ], [ 127.954900498409856, 35.073188679642605 ], [ 127.954827566573286, 35.073304866729657 ], [ 127.954772403145554, 35.07337835268752 ], [ 127.954725930035167, 35.073431526631332 ], [ 127.954696771436005, 35.073465543017569 ], [ 127.954655461808969, 35.073504788145684 ], [ 127.954616797273161, 35.073542282664157 ], [ 127.954582103630543, 35.073569770656448 ], [ 127.954544307582395, 35.073595819445998 ], [ 127.954512695864608, 35.073612446248404 ], [ 127.954457304890738, 35.07363769402015 ], [ 127.954359847351199, 35.073669705633357 ], [ 127.954289722210476, 35.073686319024056 ], [ 127.954151983937265, 35.073704656693629 ] ] ] } },
{ "type": "Feature", "properties": { "fid": 205, "UserID": null, "number": "곤양202", "UMD": null, "NUM": "202", "GUBUN": "리도", "Opened": "현황도로", "차선": "2", "도로폭": "8", "변경여부": "변경", "비고": "미확장-현황도로", "기존": "미확장", "기타": null, "종점": null, "기점": null, "구분": null, "정비사항": null, "연장": "1.3" }, "geometry": { "type": "MultiLineString", "coordinates": [ [ [ 127.972978107095031, 35.062319379701279 ], [ 127.972941188570033, 35.062361702550092 ], [ 127.972937139759466, 35.062645599048423 ], [ 127.972933673327546, 35.062864524508015 ], [ 127.972925155995668, 35.063075270654728 ], [ 127.972919171414588, 35.063137266742487 ], [ 127.972918211911036, 35.06325144005897 ], [ 127.972918926208678, 35.063402498241373 ], [ 127.972921487253629, 35.063648794295318 ], [ 127.972931815000251, 35.063877147851116 ], [ 127.972941436024428, 35.06396994321338 ], [ 127.972963749509631, 35.06414521322575 ], [ 127.972968523096554, 35.064198593238672 ], [ 127.97299613455904, 35.064389250800041 ], [ 127.973010963643944, 35.064480452715195 ], [ 127.973029030357324, 35.064548689854746 ], [ 127.973037865521746, 35.064626824881998 ], [ 127.973041746080852, 35.064708298020989 ], [ 127.973043537900111, 35.064826171926335 ], [ 127.973027964925393, 35.065039749744237 ], [ 127.97301033117057, 35.065349388044119 ], [ 127.973014192841902, 35.065456659739141 ], [ 127.973019148650323, 35.06551326985349 ], [ 127.973029857001734, 35.065571982442798 ], [ 127.973048898910619, 35.065631449909198 ], [ 127.973061981898979, 35.065666901555488 ], [ 127.973071790548758, 35.065713811086091 ], [ 127.973104326383933, 35.06580267329862 ], [ 127.973116351475497, 35.065889609776939 ], [ 127.973107678328631, 35.065973326852507 ], [ 127.973089833424538, 35.066069698365304 ], [ 127.973066091682554, 35.066112010391613 ], [ 127.973022543178075, 35.066184062887039 ], [ 127.972949917682229, 35.06628049849688 ], [ 127.972891484692141, 35.066340378096321 ], [ 127.972878050543343, 35.066356758438495 ], [ 127.972813580937427, 35.066440698929618 ], [ 127.972793703573558, 35.06646873056696 ], [ 127.972734492650261, 35.066572730169774 ], [ 127.972715503459156, 35.066619705808613 ], [ 127.972679236461147, 35.066703732821772 ], [ 127.972657525326596, 35.066795153947467 ], [ 127.972648880829851, 35.066878442236408 ], [ 127.972642488410557, 35.066956653023908 ], [ 127.972638153226711, 35.067038658510015 ], [ 127.972647331058127, 35.067126783891425 ], [ 127.972657125884069, 35.067208030478312 ], [ 127.972680960160844, 35.067292722615953 ], [ 127.972717226281787, 35.067381769718622 ], [ 127.972747374485991, 35.067437610765253 ], [ 127.972774974130019, 35.067480979119246 ], [ 127.972835629590264, 35.067570697112878 ], [ 127.972893533688364, 35.067657456680784 ], [ 127.972979312441382, 35.067776302797419 ], [ 127.973034594473319, 35.067856369338578 ], [ 127.973157527058333, 35.068031580445115 ], [ 127.973284772691315, 35.06820818176196 ], [ 127.973348089562194, 35.068294986934774 ], [ 127.973408818429732, 35.068378522034756 ], [ 127.973440933072226, 35.068450388039899 ], [ 127.973480834609703, 35.06855491429198 ], [ 127.973494102448271, 35.068619061012321 ], [ 127.973514413183651, 35.068768916101938 ], [ 127.973510348757529, 35.068832697654841 ], [ 127.973485976512009, 35.068920538988792 ], [ 127.973452563919409, 35.06903697711499 ], [ 127.973422448258958, 35.06912926982266 ], [ 127.973328826064503, 35.069457024926265 ], [ 127.973244764685404, 35.069745205137586 ], [ 127.973232683974828, 35.069794990705986 ], [ 127.973228487584549, 35.069834175439865 ], [ 127.973225457061289, 35.069868643208679 ], [ 127.973223830401068, 35.069918756052495 ], [ 127.973231799119262, 35.070017267602744 ], [ 127.973287294037419, 35.070444292635919 ], [ 127.973327470081173, 35.070641629538059 ], [ 127.973342894740014, 35.070757908849579 ], [ 127.973360189333007, 35.070906835677448 ], [ 127.973358435166389, 35.070996637749765 ], [ 127.97334851891685, 35.071043632231898 ], [ 127.973330704689715, 35.071086303633997 ], [ 127.973320438114769, 35.07111642879746 ], [ 127.973276254850063, 35.071188753714367 ], [ 127.973206838889396, 35.071285170195615 ], [ 127.973036847416452, 35.071511898223349 ], [ 127.972971780804968, 35.071623639217989 ], [ 127.972895432198911, 35.071758164034996 ], [ 127.972870991676373, 35.071797758978811 ], [ 127.97283178807352, 35.07185304412544 ], [ 127.9728045488974, 35.071887473245816 ], [ 127.972770687629151, 35.071931693149217 ], [ 127.972751064313101, 35.071960450013307 ], [ 127.972706001415801, 35.072036209810662 ], [ 127.972637305956482, 35.072119987078089 ], [ 127.972582707141441, 35.072169427251275 ], [ 127.972473369585629, 35.072267251366775 ], [ 127.972352661247641, 35.072346298846675 ], [ 127.972250420937712, 35.072407957418569 ], [ 127.97214572562028, 35.072461862756633 ], [ 127.97200757788292, 35.072533274658525 ], [ 127.971948652147574, 35.072564118286962 ], [ 127.971910693063734, 35.072584917999031 ], [ 127.971840857479222, 35.072637214509889 ], [ 127.971756140452939, 35.072710781926624 ], [ 127.971697332433095, 35.072792861388095 ] ] ] } },
{ "type": "Feature", "properties": { "fid": 207, "UserID": null, "number": "곤양203", "UMD": null, "NUM": "203", "GUBUN": "리도", "Opened": "미개설", "차선": null, "도로폭": null, "변경여부": null, "비고": null, "기존": "미개설", "기타": null, "종점": null, "기점": null, "구분": null, "정비사항": null, "연장": "0.9" }, "geometry": { "type": "MultiLineString", "coordinates": [ [ [ 127.982810670269814, 35.069787331136787 ], [ 127.983551932516704, 35.069986544328735 ], [ 127.984651258623316, 35.070329511931597 ], [ 127.984872207221102, 35.070907298013836 ], [ 127.985142016872771, 35.071360490988681 ], [ 127.986007556060059, 35.072150379492811 ], [ 127.987152660714045, 35.072632671899491 ], [ 127.988232490209441, 35.074486812156778 ], [ 127.98813179592922, 35.075271617532259 ] ] ] } },
{ "type": "Feature", "properties": { "fid": 208, "UserID": null, "number": "곤양203", "UMD": null, "NUM": "203", "GUBUN": "리도", "Opened": "현황도로", "차선": "1", "도로폭": "5", "변경여부": null, "비고": null, "기존": "현황도로", "기타": null, "종점": null, "기점": null, "구분": null, "정비사항": null, "연장": "0.1" }, "geometry": { "type": "MultiLineString", "coordinates": [ [ [ 128.011312078055624, 35.079488163103804 ], [ 128.010993868476191, 35.078952637122207 ] ] ] } },
{ "type": "Feature", "properties": { "fid": 209, "UserID": null, "number": "곤양203", "UMD": null, "NUM": "203", "GUBUN": "리도", "Opened": "현황도로", "차선": "1", "도로폭": "5", "변경여부": null, "비고": "미확장-현황도로", "기존": "미확장", "기타": null, "종점": null, "기점": null, "구분": null, "정비사항": null, "연장": "0.8" }, "geometry": { "type": "MultiLineString", "coordinates": [ [ [ 128.010993868476191, 35.078952637122207 ], [ 128.011239180340596, 35.078809578326961 ], [ 128.011482821970418, 35.078658770768293 ], [ 128.011636976824803, 35.07852552739697 ], [ 128.011777288492198, 35.078418273342606 ], [ 128.012051927984231, 35.07835647134565 ], [ 128.012752386624015, 35.078113876266144 ], [ 128.012958146025795, 35.077954326233517 ], [ 128.013115754455811, 35.077718849816769 ], [ 128.01347050355082, 35.077517949381537 ], [ 128.013609638367683, 35.077061403933477 ], [ 128.013611313529935, 35.076942369484009 ], [ 128.013649057608205, 35.076685901284627 ], [ 128.013743800522917, 35.076457418007209 ], [ 128.013927684545649, 35.076310986211702 ], [ 128.014115744257708, 35.076120533398743 ], [ 128.01421570205062, 35.075932110859384 ], [ 128.014235053223473, 35.075842683670658 ], [ 128.014184271649839, 35.075299754065099 ], [ 128.013948250340377, 35.074793303253195 ], [ 128.013867830973822, 35.074455922509564 ], [ 128.013870837407978, 35.0740127977028 ], [ 128.013859603045091, 35.073447677824582 ] ] ] } },
{ "type": "Feature", "properties": { "fid": 211, "UserID": null, "number": "곤양205", "UMD": null, "NUM": "205", "GUBUN": "리도", "Opened": "현황도로", "차선": "1", "도로폭": "8", "변경여부": null, "비고": "미확장-현황도로", "기존": "미확장", "기타": null, "종점": "중항리 529-4", "기점": "묵곡리 226-2", "구분": null, "정비사항": null, "연장": "1.2" }, "geometry": { "type": "MultiLineString", "coordinates": [ [ [ 128.00681020125154, 35.068931472281641 ], [ 128.006878717740648, 35.068895197331365 ], [ 128.006940462061408, 35.0688450302086 ], [ 128.007008697120909, 35.068788881405503 ], [ 128.007079789694529, 35.068736528180203 ], [ 128.007150551389742, 35.06869669606597 ], [ 128.007207916779976, 35.068676360334628 ], [ 128.007425252821434, 35.068624496352626 ], [ 128.007684151980669, 35.068564345165335 ], [ 128.007992944000875, 35.068506007322213 ], [ 128.008230706720127, 35.068470519433752 ], [ 128.008478489587219, 35.0684364746486 ], [ 128.008642131675487, 35.068417916790501 ], [ 128.008775545740662, 35.068395069332524 ], [ 128.00889744801259, 35.068357771959782 ], [ 128.009011267124379, 35.068329171826505 ], [ 128.009152868132418, 35.06829618604052 ], [ 128.00947353689034, 35.068205290117099 ], [ 128.009634921988521, 35.068170071256461 ], [ 128.009706924516024, 35.068160913673736 ], [ 128.010063358974975, 35.068124722570623 ], [ 128.010198851950861, 35.068107936187232 ], [ 128.010364513182765, 35.068076014469035 ], [ 128.010486637027697, 35.068047032451801 ], [ 128.010681674407692, 35.067993636080793 ], [ 128.010900048740751, 35.067931416047223 ], [ 128.011214679020583, 35.067814472322297 ], [ 128.011302501190841, 35.067788185651118 ], [ 128.01144428616459, 35.06776850109496 ], [ 128.01158090064925, 35.06775247992276 ], [ 128.011854789307307, 35.067726488466036 ], [ 128.012121007287163, 35.067675730995397 ], [ 128.012417121419247, 35.067605577329168 ], [ 128.01302980600849, 35.067348169571524 ], [ 128.01326865530794, 35.067252298230223 ], [ 128.013472939364874, 35.067128477105634 ], [ 128.013756917488337, 35.066950126719306 ], [ 128.014494559593771, 35.066523482388838 ], [ 128.014545825227884, 35.066495014456834 ], [ 128.01456853184186, 35.066479272828396 ], [ 128.014637558785637, 35.066422688502705 ], [ 128.014763674329885, 35.066286864874591 ], [ 128.014944034601797, 35.066146820593502 ], [ 128.01509574227137, 35.066026388086513 ], [ 128.015206195448968, 35.065935090927425 ], [ 128.015293121048018, 35.065872981360826 ], [ 128.015479067633066, 35.065772692544904 ], [ 128.015608707107305, 35.065710550104129 ], [ 128.015650752734416, 35.065710734938257 ], [ 128.015695481053797, 35.065715592490726 ], [ 128.01572511763348, 35.065724541114022 ], [ 128.015763596658246, 35.065740994139418 ], [ 128.015933497074258, 35.065872614538257 ], [ 128.016038815791433, 35.065961848783246 ], [ 128.016086378848058, 35.065993454312903 ], [ 128.016148420518078, 35.066014535285511 ], [ 128.016214747517097, 35.066019050567341 ], [ 128.01626495416599, 35.066005309814685 ], [ 128.01630041554921, 35.065987249419734 ], [ 128.016450275022265, 35.065872964482928 ], [ 128.01661200869853, 35.065751583322232 ], [ 128.016777018207279, 35.065623761501186 ], [ 128.0168746116357, 35.065546119711136 ], [ 128.017028352967571, 35.065445514395996 ], [ 128.017183866376428, 35.065373868945898 ], [ 128.017785335860225, 35.065142389923899 ], [ 128.017918378305666, 35.065077435975802 ], [ 128.018125999620764, 35.064971757141251 ] ] ] } },
{ "type": "Feature", "properties": { "fid": 214, "UserID": null, "number": "곤양206", "UMD": null, "NUM": "206", "GUBUN": "리도", "Opened": "미확장", "차선": "1", "도로폭": "3", "변경여부": null, "비고": null, "기존": "미확장", "기타": null, "종점": null, "기점": null, "구분": null, "정비사항": null, "연장": "1.7" }, "geometry": { "type": "MultiLineString", "coordinates": [ [ [ 127.98536747175558, 35.054462833305969 ], [ 127.985441525712801, 35.054436823621913 ], [ 127.985505956058645, 35.054419850532504 ], [ 127.985628564772924, 35.054383454783135 ], [ 127.985733876871706, 35.054348912974362 ], [ 127.985839982947638, 35.05430961137661 ], [ 127.985968011934858, 35.054258521347201 ], [ 127.986011090734948, 35.054245107006416 ], [ 127.986081196038, 35.05423212982376 ], [ 127.986164062925596, 35.054224739473355 ], [ 127.986230445261498, 35.05422332341886 ], [ 127.98632080979317, 35.054219554974289 ], [ 127.986361913670351, 35.05421049025631 ], [ 127.986411615210784, 35.054195386812928 ], [ 127.986524176427125, 35.054156711625474 ], [ 127.986650949505844, 35.054105949503196 ], [ 127.986776181845727, 35.054053125402433 ], [ 127.986839583375755, 35.054036542502018 ], [ 127.986893710811586, 35.054029243818185 ], [ 127.986944428321721, 35.054033119670308 ], [ 127.987073021436061, 35.054037785291762 ], [ 127.987182975537749, 35.054026401860497 ], [ 127.987238518507382, 35.054011149901775 ], [ 127.987291042439182, 35.053997014625452 ], [ 127.987333393380482, 35.053979081452376 ], [ 127.987360634500121, 35.053943062385869 ], [ 127.987374155403174, 35.053884173258304 ], [ 127.987390191600085, 35.053752439196984 ], [ 127.987413751328674, 35.053645839593763 ], [ 127.987454308279212, 35.053566434310355 ], [ 127.987509850673447, 35.053544471491165 ], [ 127.987635304045909, 35.053452284760461 ], [ 127.987732212065538, 35.053389182408502 ], [ 127.987832809191161, 35.053358953793868 ], [ 127.987950376520942, 35.053347272469622 ], [ 127.988066021394687, 35.053355981227035 ], [ 127.988164284777113, 35.053377360607676 ], [ 127.988223647375463, 35.05340318358234 ], [ 127.988349090756586, 35.053456305787371 ], [ 127.988415181531508, 35.053488926400455 ], [ 127.988474746039429, 35.053504147369658 ], [ 127.9885722052896, 35.053519770075837 ], [ 127.988654875165722, 35.05352837388812 ], [ 127.988757392189797, 35.053525537704438 ], [ 127.988855245514728, 35.053519231058054 ], [ 127.988987908974352, 35.053527012579877 ], [ 127.989128704208838, 35.053536049567349 ], [ 127.989281998587998, 35.053552292530718 ], [ 127.989417084747956, 35.053565457874853 ], [ 127.989682995966547, 35.053577583111739 ], [ 127.989782964410296, 35.053568916077396 ], [ 127.98988523030809, 35.053533629348408 ], [ 127.989981161043062, 35.05350985702853 ], [ 127.990140036639787, 35.053462747057345 ], [ 127.990282429733497, 35.053431637055915 ], [ 127.990357882717291, 35.053400611493849 ], [ 127.990506605294186, 35.05331089108244 ], [ 127.990598122925618, 35.053275977712353 ], [ 127.990727024654973, 35.053229250158104 ], [ 127.990823551264114, 35.05316919109687 ], [ 127.990938784344252, 35.053067330638491 ], [ 127.991039194839246, 35.052971351818769 ], [ 127.991527980637429, 35.052648024519776 ], [ 127.991794334572674, 35.052427210336845 ], [ 127.99246234547617, 35.052116431591976 ], [ 127.992909042671769, 35.051978230416566 ], [ 127.993560769710939, 35.051882334555586 ], [ 127.995043020645284, 35.051586542703198 ], [ 127.995096410089673, 35.051615761193723 ], [ 127.995081988255791, 35.051875040202766 ], [ 127.995062381857593, 35.052074432100312 ], [ 127.995027519309019, 35.052183389559843 ], [ 127.995036694937752, 35.052550727406604 ], [ 127.995059008470761, 35.052833866438355 ], [ 127.995154324096688, 35.053298819397696 ], [ 127.995136432849534, 35.054028617405841 ], [ 127.995088745590735, 35.054247645224933 ], [ 127.994084225970624, 35.056001093235551 ], [ 127.993830979444112, 35.05639516177969 ], [ 127.99360286009356, 35.05665577210074 ], [ 127.993068755447226, 35.056983572863395 ] ] ] } },
{ "type": "Feature", "properties": { "fid": 215, "UserID": null, "number": "곤양206", "UMD": null, "NUM": "206", "GUBUN": "리도", "Opened": "현황도로", "차선": "2", "도로폭": "8", "변경여부": null, "비고": null, "기존": "현황도로", "기타": null, "종점": null, "기점": null, "구분": null, "정비사항": null, "연장": "1.2" }, "geometry": { "type": "MultiLineString", "coordinates": [ [ [ 127.993168067700438, 35.0587015330496 ], [ 127.993336175244735, 35.058862158034529 ], [ 127.993378130751481, 35.058949244440342 ], [ 127.993406685164643, 35.059021630927198 ], [ 127.993458254684256, 35.059153148810452 ], [ 127.993483474004009, 35.059222630742447 ], [ 127.993508102155303, 35.059295379628168 ], [ 127.993535411903807, 35.0593884618253 ], [ 127.993562726490353, 35.059491794114059 ], [ 127.993577068466251, 35.059546849515179 ], [ 127.99361306933929, 35.05969723654718 ], [ 127.993673437746736, 35.059956180461825 ], [ 127.993706364894095, 35.06007588067439 ], [ 127.993748085171674, 35.060194333377382 ], [ 127.99377538931887, 35.060259050525971 ], [ 127.993802955142073, 35.060306812816179 ], [ 127.99383770594298, 35.060354749793056 ], [ 127.993872641203126, 35.060396283253141 ], [ 127.993907108995884, 35.060430008862589 ], [ 127.993967741364898, 35.060505418410976 ], [ 127.993995088360464, 35.060546032234861 ], [ 127.994034821618627, 35.060609844889605 ], [ 127.994064443901436, 35.060675946368995 ], [ 127.994116885253803, 35.060775717708204 ], [ 127.994164793157111, 35.06084473468924 ], [ 127.994215421710791, 35.060916130723328 ], [ 127.99433514163664, 35.061110138014676 ], [ 127.99447947694631, 35.061271369077836 ], [ 127.994767179038789, 35.061450109247225 ], [ 127.994824038413867, 35.061493862582481 ], [ 127.995534668410571, 35.062189747066206 ], [ 127.995604412040294, 35.062258906195218 ], [ 127.995680338415795, 35.062365882498554 ], [ 127.995765691041044, 35.06262239373789 ], [ 127.995824109767739, 35.062740219266956 ], [ 127.995851240198277, 35.062779606615642 ], [ 127.995880427494583, 35.062824455448535 ], [ 127.99590935868747, 35.062854664230713 ], [ 127.995951785533322, 35.062893271338119 ], [ 127.995978249576851, 35.062910129104502 ], [ 127.996041000416142, 35.062944719922982 ], [ 127.99626253447525, 35.063089326899011 ], [ 127.996313352761987, 35.063255508567671 ], [ 127.996317584155804, 35.06334182622075 ], [ 127.996697687103776, 35.06406615685129 ], [ 127.996958397999947, 35.064386512695528 ], [ 127.996971022057764, 35.064435641650796 ], [ 127.996978292097225, 35.064464111511278 ], [ 127.996978736361143, 35.064505529393642 ], [ 127.996972930436556, 35.064541885692805 ], [ 127.996944441206296, 35.06463755731987 ], [ 127.996911393746259, 35.064688276915071 ], [ 127.996880846414996, 35.064733531654049 ], [ 127.996629350222207, 35.065094873723091 ], [ 127.996324597808808, 35.065519834956284 ], [ 127.996261631695333, 35.065599505881551 ], [ 127.996158406741927, 35.065697648668106 ], [ 127.996105521475727, 35.065745052078029 ], [ 127.996052962068092, 35.065786692400415 ], [ 127.996000542910565, 35.065825927759519 ], [ 127.995952632906182, 35.065859330159682 ], [ 127.995907747216009, 35.065889572233871 ], [ 127.995801535851143, 35.065958148561222 ], [ 127.995727876870205, 35.066005051554569 ], [ 127.995620745394092, 35.066070498836204 ], [ 127.995495405761346, 35.06615704595103 ], [ 127.995429632040782, 35.066218125220075 ], [ 127.995375370272043, 35.066273295689932 ], [ 127.995329857471972, 35.066340794725072 ], [ 127.995299687787252, 35.066399695303559 ], [ 127.995289072433621, 35.066435723185862 ], [ 127.99527541122211, 35.066498061641433 ], [ 127.995265046982198, 35.0665794331412 ], [ 127.995244745824252, 35.066663680569349 ], [ 127.995219943884436, 35.066720330155093 ], [ 127.995184408258964, 35.066794290570073 ], [ 127.995026746294442, 35.067061658544404 ], [ 127.994952301185236, 35.067190746188004 ], [ 127.994891257862051, 35.067292668009287 ], [ 127.994842617698268, 35.067363019203931 ], [ 127.994797235213966, 35.067420390531616 ], [ 127.994748832943273, 35.067481396550562 ], [ 127.994543155443509, 35.067727107333873 ], [ 127.994402122000466, 35.067837470657203 ], [ 127.994278435980689, 35.067924790128778 ], [ 127.994202170892194, 35.068004179970295 ], [ 127.994155507890653, 35.068052431678012 ] ] ] } },
{ "type": "Feature", "properties": { "fid": 216, "UserID": null, "number": "곤양206", "UMD": null, "NUM": "206", "GUBUN": "리도", "Opened": "미개설", "차선": null, "도로폭": null, "변경여부": null, "비고": null, "기존": "미개설", "기타": null, "종점": null, "기점": null, "구분": null, "정비사항": null, "연장": "0.2" }, "geometry": { "type": "MultiLineString", "coordinates": [ [ [ 127.993068755447226, 35.056983572863395 ], [ 127.993406352865833, 35.058357312997273 ], [ 127.993206049622671, 35.058446925392715 ], [ 127.993168067700438, 35.0587015330496 ] ] ] } },
{ "type": "Feature", "properties": { "fid": 218, "UserID": null, "number": "곤양207", "UMD": null, "NUM": "207", "GUBUN": "리도", "Opened": "미확장", "차선": "1", "도로폭": "3", "변경여부": null, "비고": null, "기존": "미확장", "기타": null, "종점": null, "기점": null, "구분": null, "정비사항": null, "연장": "0.4" }, "geometry": { "type": "MultiLineString", "coordinates": [ [ [ 127.976588266289014, 35.039911380954074 ], [ 127.976628203897633, 35.039884586886537 ], [ 127.976696383867647, 35.039849136954132 ], [ 127.97700204373966, 35.039712519725605 ], [ 127.977046805393258, 35.039680368673153 ], [ 127.977064518413414, 35.039662151837618 ], [ 127.97707695026358, 35.039648628786651 ], [ 127.977115710985444, 35.039591217419762 ], [ 127.977143553316196, 35.039536261573765 ], [ 127.97716693866623, 35.039502633850958 ], [ 127.977198498643062, 35.039467485699369 ], [ 127.977233912461529, 35.039433267536509 ], [ 127.977294713131144, 35.039385457928311 ], [ 127.977352245842951, 35.039336280711645 ], [ 127.977379136860179, 35.039313334184797 ], [ 127.977412614016004, 35.039277715983758 ], [ 127.977450743176192, 35.039248762084817 ], [ 127.977479312612601, 35.039216294165271 ], [ 127.977527471251364, 35.039147173970953 ], [ 127.977563377269803, 35.039099565775992 ], [ 127.977585510281756, 35.039081197537342 ], [ 127.977620615349252, 35.039063078984739 ], [ 127.977661307279462, 35.039041862679873 ], [ 127.977784848599413, 35.039006819539864 ], [ 127.977860299757978, 35.038987716255505 ], [ 127.977911292459197, 35.038958833444568 ], [ 127.977970389851137, 35.038898793038499 ], [ 127.978041759491191, 35.038834493083435 ], [ 127.978153007613969, 35.038785580945195 ], [ 127.978231370953367, 35.038735332471546 ], [ 127.978336744622695, 35.038650663253165 ], [ 127.978415947938061, 35.038608773283073 ], [ 127.978477720609533, 35.038598797533048 ], [ 127.978564127170941, 35.038597013241628 ], [ 127.978689061913471, 35.038612182080463 ], [ 127.978768541968009, 35.038615169682267 ], [ 127.97884071838979, 35.03860316843145 ], [ 127.978939674421838, 35.038596465937083 ], [ 127.979050131857619, 35.038590558209719 ], [ 127.979132792630764, 35.038584846551402 ], [ 127.979197884128723, 35.038578789299812 ], [ 127.979269429695577, 35.038589218491126 ], [ 127.979363752009164, 35.038605581304118 ], [ 127.979474902577891, 35.03862363753975 ], [ 127.979645429753603, 35.03863880245995 ], [ 127.979761600761037, 35.038655074473319 ], [ 127.979810651198008, 35.038651379582717 ], [ 127.97988175958649, 35.038629608313677 ], [ 127.979950167232687, 35.038608680641964 ], [ 127.980034622842311, 35.038606654522489 ], [ 127.980096678535844, 35.038604651956121 ], [ 127.980142039702201, 35.038602707926458 ] ] ] } },
{ "type": "Feature", "properties": { "fid": 220, "UserID": null, "number": "곤양209", "UMD": null, "NUM": "209", "GUBUN": "리도", "Opened": "현황도로", "차선": "2", "도로폭": "8", "변경여부": null, "비고": null, "기존": "현황도로", "기타": null, "종점": null, "기점": null, "구분": null, "정비사항": null, "연장": "3.9" }, "geometry": { "type": "MultiLineString", "coordinates": [ [ [ 128.023439687013649, 35.080304295422039 ], [ 128.023594398083105, 35.080202062231336 ], [ 128.023769025173891, 35.080052534803329 ], [ 128.023862164489486, 35.079950787310722 ], [ 128.023982040649571, 35.079853139940724 ], [ 128.02406269537542, 35.07980986857104 ], [ 128.024237288263123, 35.079735708708526 ], [ 128.02444077286367, 35.079676184474991 ], [ 128.024596049571642, 35.079641274270095 ], [ 128.024705244048278, 35.079642153767217 ], [ 128.024799099418658, 35.079684433541949 ], [ 128.024859642194116, 35.079746283089662 ], [ 128.024876988696093, 35.079806937531657 ], [ 128.024880966527206, 35.079868773210308 ], [ 128.024876233618897, 35.079936550562032 ], [ 128.024831890524013, 35.080163146338926 ], [ 128.024776473973844, 35.080396106374842 ], [ 128.024769333335286, 35.080533419332731 ], [ 128.02479288825117, 35.080732792143621 ], [ 128.024907199439639, 35.081431552055477 ], [ 128.024921231377249, 35.081507231860236 ], [ 128.024939383107153, 35.081566594860327 ], [ 128.024960057940575, 35.081611133404976 ], [ 128.024985463464645, 35.081655259376042 ], [ 128.025091945417728, 35.081825132552403 ], [ 128.025139424655322, 35.081928013100587 ], [ 128.025200777069301, 35.082119938719764 ], [ 128.025240732905417, 35.082202731294238 ], [ 128.02529524345394, 35.082342216971526 ], [ 128.025329252467628, 35.0824336413745 ], [ 128.025412353396831, 35.082717235087706 ], [ 128.02541889684619, 35.082871179398985 ], [ 128.025410620344871, 35.083081823739207 ], [ 128.025389817702887, 35.083245877089517 ], [ 128.025332297645605, 35.083501641788622 ], [ 128.025277863658033, 35.083585765606948 ], [ 128.02524238795678, 35.083701173655626 ], [ 128.025268679901444, 35.083780485270097 ], [ 128.025482778855036, 35.084020914486622 ], [ 128.025536694867384, 35.084111940204814 ], [ 128.025562004666881, 35.084229559022255 ], [ 128.025562509126047, 35.084318856990919 ], [ 128.025535390758819, 35.084528926042069 ], [ 128.025556091271937, 35.084594411387179 ], [ 128.025606418810156, 35.084682956597661 ], [ 128.025641516812243, 35.084770513971023 ], [ 128.025683773739132, 35.084917111403492 ], [ 128.025720964167306, 35.08505364536078 ], [ 128.025723168573364, 35.085087678962751 ], [ 128.025736364801247, 35.085255746358158 ], [ 128.02572631566008, 35.085483609642644 ], [ 128.025714579217066, 35.08563308946345 ], [ 128.025682504648699, 35.085731733353299 ], [ 128.025639292805295, 35.085793261339283 ], [ 128.025601625690314, 35.0858329949167 ], [ 128.025501573113445, 35.085877706451001 ], [ 128.025221868844596, 35.085911192444684 ], [ 128.024987540239152, 35.085957400288457 ], [ 128.024896752930601, 35.085971739298991 ], [ 128.024813532400145, 35.086006247654936 ], [ 128.024711498648941, 35.08608464296843 ], [ 128.024650250684914, 35.08616526852007 ], [ 128.024628411713536, 35.086239451587197 ], [ 128.024650926696381, 35.086327466680949 ], [ 128.024807373045689, 35.086610362538345 ], [ 128.024876793987204, 35.086778738572711 ], [ 128.024936065426886, 35.087013009525677 ], [ 128.024998430387683, 35.087384288101852 ], [ 128.025042942801036, 35.087539457394314 ], [ 128.025115034268964, 35.087759888032473 ], [ 128.025176052049005, 35.087980229470318 ], [ 128.025249507944324, 35.088212289028803 ], [ 128.025316361268807, 35.08841136112801 ], [ 128.025378393430145, 35.088546643964015 ], [ 128.025486957462647, 35.088740436471106 ], [ 128.025608010619436, 35.088934329385452 ], [ 128.025681074540415, 35.089007050037992 ], [ 128.025778538020205, 35.089070485075709 ], [ 128.025886696314643, 35.0891124735261 ], [ 128.025963200706769, 35.089142174612178 ], [ 128.026012367432401, 35.089170988768018 ], [ 128.026065104789808, 35.089235154383744 ], [ 128.026073256047056, 35.08927720346815 ], [ 128.026070600531057, 35.089433930788807 ], [ 128.026075686102871, 35.089534532042485 ], [ 128.026090862563933, 35.089579666069469 ], [ 128.026115527753291, 35.089619910138978 ], [ 128.026271893179171, 35.089758538018827 ], [ 128.026366610999389, 35.089854686472307 ], [ 128.026425240815371, 35.089946227354808 ], [ 128.026439748975179, 35.090113872475513 ], [ 128.026454554470206, 35.090262988829913 ], [ 128.026504848764688, 35.090394310030959 ], [ 128.026642680034286, 35.090630960248554 ], [ 128.026706158501696, 35.090717817049949 ], [ 128.026787806923977, 35.090796428573555 ], [ 128.02685327396054, 35.090841516061587 ], [ 128.026969779039206, 35.09089005113848 ], [ 128.027116354137206, 35.090927398982203 ], [ 128.027193218547723, 35.090938994663944 ], [ 128.027297003826931, 35.090940477441166 ], [ 128.027437822860918, 35.090932568414836 ], [ 128.027562235318072, 35.090917416036334 ], [ 128.027888833370866, 35.090881290905024 ], [ 128.028056527080707, 35.090860671989716 ], [ 128.028340717183085, 35.090822916313414 ], [ 128.028465037271445, 35.090815513622012 ], [ 128.028545052425727, 35.090820355797597 ], [ 128.028550467281576, 35.090819624107318 ], [ 128.028626857138676, 35.09080932199354 ], [ 128.028763267162162, 35.090797752742603 ], [ 128.029145671086724, 35.09079012997141 ], [ 128.029426922185309, 35.090787445607184 ], [ 128.02963921902392, 35.090783919561225 ], [ 128.029659763152807, 35.090781641628674 ], [ 128.029758860050208, 35.090770673535403 ], [ 128.029864998727049, 35.090747539873036 ], [ 128.029974350614339, 35.090718834657757 ], [ 128.030217903435727, 35.090638242698773 ], [ 128.030389327563142, 35.090592386400743 ], [ 128.030650953229014, 35.090532912030831 ], [ 128.030863677980562, 35.090494136597563 ], [ 128.030946153942267, 35.090485630294026 ], [ 128.031028832618091, 35.090466489968925 ], [ 128.031094468654516, 35.090439164410711 ], [ 128.031324300523011, 35.09030308324472 ], [ 128.031432178999353, 35.090221835924467 ], [ 128.03167675721437, 35.09006271709962 ], [ 128.031947888400538, 35.08995221101538 ], [ 128.03220510493378, 35.08987215689698 ], [ 128.032401129628454, 35.089822916113512 ], [ 128.032731654782737, 35.089749043897747 ], [ 128.033455782841941, 35.089577689952122 ], [ 128.033607551459539, 35.089550482731163 ], [ 128.033772042487044, 35.089549073519059 ], [ 128.033789391979667, 35.089548923546928 ], [ 128.033891424938332, 35.089563086299563 ], [ 128.033988073369301, 35.089593997624085 ], [ 128.034114842826114, 35.089638065097191 ], [ 128.034437875713962, 35.089799265167706 ], [ 128.034772407478471, 35.090002746907281 ], [ 128.034871363007284, 35.090100283575175 ], [ 128.035030125184875, 35.090283417618998 ], [ 128.035169031255066, 35.090414296854128 ], [ 128.035349775642857, 35.090638814061656 ], [ 128.035428653776734, 35.090751260405646 ], [ 128.035504234006083, 35.090871855411429 ], [ 128.035574673556823, 35.091033194211363 ], [ 128.035638502171139, 35.091222331140841 ], [ 128.035673769307067, 35.091341325062984 ], [ 128.035706163796931, 35.091481684447992 ], [ 128.035719521850183, 35.091593176116604 ], [ 128.03570952622627, 35.091729457397278 ], [ 128.035690768716705, 35.091809931186106 ], [ 128.035643532661879, 35.091987456468274 ], [ 128.035613761016322, 35.092105715207424 ], [ 128.035601505916759, 35.092151938239894 ], [ 128.035574316460355, 35.092261979820904 ], [ 128.035531120092827, 35.092420367208803 ], [ 128.035489222919097, 35.09252785774909 ], [ 128.035426803565514, 35.092687469966798 ], [ 128.03534723880415, 35.092854238085529 ], [ 128.035253490224335, 35.092984023659035 ], [ 128.035025328199026, 35.093232354239888 ], [ 128.034777850976582, 35.093503703323364 ], [ 128.034663554363505, 35.093625330065485 ], [ 128.034507244150348, 35.09379369667424 ], [ 128.03433277187176, 35.0939821602161 ], [ 128.034220688112555, 35.094101736716922 ], [ 128.034093515358961, 35.094243861817013 ], [ 128.03392029636953, 35.094428981349509 ], [ 128.03377539342253, 35.094585011345657 ], [ 128.033703307858474, 35.094663596459313 ], [ 128.033504347733839, 35.094875068742788 ], [ 128.033374930136063, 35.095013577990791 ], [ 128.033371831274337, 35.095016897148611 ], [ 128.033245812937963, 35.095152615303697 ], [ 128.033033789036836, 35.095382169921571 ], [ 128.032959644048418, 35.095464202675423 ], [ 128.032887410886246, 35.095551432053277 ], [ 128.032795748620515, 35.095674327675169 ], [ 128.032741199154486, 35.095761815096125 ], [ 128.032711175170903, 35.095813317120047 ], [ 128.032705668801611, 35.095823629386537 ], [ 128.03268325195441, 35.095865611375466 ], [ 128.032663335751977, 35.095906560021007 ], [ 128.032657460406455, 35.095918639998025 ], [ 128.032633829069738, 35.095972344310866 ], [ 128.032483402705509, 35.096306338917088 ], [ 128.03244996888364, 35.096405425980471 ], [ 128.03241268231676, 35.096551227590936 ], [ 128.032395420535096, 35.096625555331336 ], [ 128.032372094744431, 35.096704768542551 ], [ 128.032341817465351, 35.096767823652812 ], [ 128.032305537614945, 35.09683009784365 ], [ 128.032250566837149, 35.096897749137241 ], [ 128.032190471240142, 35.096958628525719 ], [ 128.031638312451179, 35.09749080521501 ], [ 128.031478091337902, 35.097656595428496 ], [ 128.031394571430013, 35.097734904083751 ], [ 128.031333316046698, 35.097780362259627 ], [ 128.031274428913719, 35.097815590403698 ], [ 128.031202934442149, 35.097848480587096 ], [ 128.03100663831475, 35.097902034790366 ], [ 128.030931675418458, 35.09791663920393 ], [ 128.030867487326532, 35.097920246339562 ], [ 128.030734235972574, 35.097916323615621 ], [ 128.030687377425068, 35.09790946404803 ], [ 128.030640953824047, 35.097899717200612 ], [ 128.030460119899203, 35.097850117608438 ], [ 128.030183419754223, 35.09776912266166 ], [ 128.029932033688027, 35.097698101755618 ], [ 128.02981344469265, 35.09766803885379 ], [ 128.029730245265654, 35.097668030064298 ], [ 128.029620240620886, 35.097675585548863 ], [ 128.029392245969831, 35.097706963951715 ], [ 128.029230242265214, 35.097760753704428 ], [ 128.029209928413479, 35.097767503939416 ], [ 128.02908568866772, 35.09783283576288 ], [ 128.029018146754908, 35.097876064161817 ], [ 128.02894925744863, 35.097932941731422 ], [ 128.02888742525829, 35.097978304918428 ], [ 128.028825303847242, 35.098048938756627 ], [ 128.028716958127717, 35.098172118201745 ], [ 128.028584995701948, 35.098292926857098 ], [ 128.028532181650434, 35.09837304499441 ], [ 128.028471846292774, 35.098483450180495 ], [ 128.028454883972927, 35.098588389895767 ], [ 128.028448400272566, 35.098671655844036 ], [ 128.028458601673236, 35.098804393919927 ], [ 128.02845338690463, 35.098912852915831 ], [ 128.02846582419653, 35.099056785290948 ], [ 128.028444430249579, 35.099137795451121 ], [ 128.028384626872281, 35.099204292559421 ], [ 128.028278196238773, 35.099299023272863 ], [ 128.028118889864032, 35.099412509502592 ], [ 128.027851351077175, 35.099617633826078 ], [ 128.027680572713564, 35.09977396123363 ], [ 128.027606230503949, 35.099879728826629 ], [ 128.027541943778886, 35.099998502061204 ], [ 128.027446824202485, 35.100193234110847 ], [ 128.027370018739049, 35.100373259473649 ], [ 128.027342162983615, 35.100469080248743 ], [ 128.027339085598982, 35.100523107635446 ], [ 128.027336389866321, 35.100551504570639 ], [ 128.027346692655925, 35.100600183724453 ] ] ] } },
{ "type": "Feature", "properties": { "fid": 221, "UserID": null, "number": "곤양209", "UMD": null, "NUM": "209", "GUBUN": "리도", "Opened": "미확장", "차선": "1", "도로폭": "3", "변경여부": null, "비고": null, "기존": "미확장", "기타": null, "종점": null, "기점": null, "구분": null, "정비사항": null, "연장": "1.1" }, "geometry": { "type": "MultiLineString", "coordinates": [ [ [ 128.027346692655925, 35.100600183724453 ], [ 128.027381558129719, 35.100916018016584 ], [ 128.027538797674197, 35.101605498188356 ], [ 128.027670086198526, 35.101918391114069 ], [ 128.0277430763486, 35.102129795418264 ], [ 128.027801525852141, 35.102243000344792 ], [ 128.027867181464956, 35.102341809836922 ], [ 128.027926009290354, 35.102423220542299 ], [ 128.027995147900214, 35.102524948586407 ], [ 128.028067280989546, 35.102614558451116 ], [ 128.028119151176867, 35.102745633889064 ], [ 128.028142671299833, 35.102838323645393 ], [ 128.028162605675618, 35.102936765919047 ], [ 128.028171404772195, 35.103084259918191 ], [ 128.02820477945744, 35.103318444097951 ], [ 128.02827540685189, 35.103467586599045 ], [ 128.028341832013979, 35.103542351284673 ], [ 128.02842124862147, 35.103667286805589 ], [ 128.02851166890116, 35.103856344947097 ], [ 128.028528805522768, 35.10403762504621 ], [ 128.028518061084412, 35.104149913516927 ], [ 128.028479777272651, 35.104528238711893 ], [ 128.028303242112571, 35.105007722660112 ], [ 128.028125874839873, 35.105590137445169 ], [ 128.028103853368691, 35.105989936101132 ], [ 128.028115821622265, 35.106121223350634 ], [ 128.02816562421026, 35.106388770038464 ], [ 128.028144753686291, 35.106755286850266 ], [ 128.027994973614341, 35.107168253256383 ], [ 128.027777916024178, 35.10745932795124 ], [ 128.027368908909637, 35.107949676730037 ], [ 128.027120614009903, 35.108238689946155 ], [ 128.026756715327139, 35.108687431327972 ], [ 128.026412042970179, 35.109100431403704 ], [ 128.026143913486038, 35.109407166783619 ] ] ] } },
{ "type": "Feature", "properties": { "fid": 222, "UserID": null, "number": "곤양209", "UMD": null, "NUM": "209", "GUBUN": "리도", "Opened": "미개설", "차선": null, "도로폭": null, "변경여부": null, "비고": null, "기존": "미개설", "기타": null, "종점": null, "기점": null, "구분": null, "정비사항": null, "연장": "1.4" }, "geometry": { "type": "MultiLineString", "coordinates": [ [ [ 128.026143913486038, 35.109407166783619 ], [ 128.024971939308813, 35.111285051518692 ], [ 128.024387813832163, 35.11191096147968 ], [ 128.023499229682727, 35.112363497727337 ], [ 128.022444977159012, 35.112662182032736 ], [ 128.021571938626948, 35.113352612440409 ], [ 128.020770116063858, 35.114704807089403 ], [ 128.019947980080985, 35.116450449529189 ], [ 128.018845621127127, 35.117490801223383 ], [ 128.018547819666992, 35.117786375773747 ], [ 128.018228371635814, 35.117944890841848 ], [ 128.017969963703877, 35.117927299380483 ], [ 128.017802403776585, 35.117769959425473 ], [ 128.017676415802157, 35.117711705207824 ], [ 128.017592143330688, 35.117753644034096 ], [ 128.017356125204429, 35.118176034200594 ], [ 128.017005271807136, 35.118560751912206 ] ] ] } },
{ "type": "Feature", "properties": { "fid": 223, "UserID": null, "number": "곤양210", "UMD": null, "NUM": "210", "GUBUN": "리도", "Opened": "미확장", "차선": "1", "도로폭": "3", "변경여부": null, "비고": null, "기존": "미확장", "기타": null, "종점": null, "기점": null, "구분": null, "정비사항": null, "연장": "0.6" }, "geometry": { "type": "MultiLineString", "coordinates": [ [ [ 128.026577898876553, 35.078088271911788 ], [ 128.026654830850788, 35.078014205787817 ], [ 128.026903583502786, 35.077636659010345 ], [ 128.027171219515083, 35.077215510634367 ], [ 128.027251299708098, 35.077055036923028 ], [ 128.027305933871276, 35.076884069400215 ], [ 128.027331300002515, 35.076789530029785 ], [ 128.027351423608337, 35.076736549678508 ], [ 128.027373620038475, 35.076687121814729 ], [ 128.027412960214377, 35.076644388565313 ], [ 128.027440272781007, 35.076622286630602 ], [ 128.027592230590272, 35.076551699007574 ], [ 128.027654842464216, 35.076517654596266 ], [ 128.02768241760549, 35.076493512247175 ], [ 128.027739146721359, 35.076440900987357 ], [ 128.027823800120984, 35.076342856026152 ], [ 128.027847651511706, 35.076290230973768 ], [ 128.027899974840153, 35.076126256775673 ], [ 128.02794057362928, 35.076052341235211 ], [ 128.028029982971589, 35.075947899692963 ], [ 128.028090949866595, 35.075886645626056 ], [ 128.028141299338927, 35.075843671831556 ], [ 128.028179025047166, 35.07578464662123 ], [ 128.02820421872255, 35.075698905390453 ], [ 128.028230313473898, 35.075582978300822 ], [ 128.028259124481821, 35.075403013742594 ], [ 128.028340746560644, 35.074997491527981 ], [ 128.028403744748033, 35.074772128345309 ], [ 128.028418211246361, 35.074704697011143 ], [ 128.028433197342764, 35.074607372783682 ], [ 128.028475160627494, 35.07436077846009 ], [ 128.028517123642246, 35.074114184108005 ], [ 128.028521902414269, 35.074016457177819 ], [ 128.028486301972123, 35.073805927693833 ], [ 128.02848934679065, 35.073711470807545 ], [ 128.028516662145734, 35.073623288153506 ], [ 128.028570430887612, 35.073536209384336 ], [ 128.028703996109357, 35.073368237183352 ] ] ] } },
{ "type": "Feature", "properties": { "fid": 224, "UserID": null, "number": "곤양210", "UMD": null, "NUM": "210", "GUBUN": "리도", "Opened": "현황도로", "차선": "2", "도로폭": "8", "변경여부": null, "비고": null, "기존": "현황도로", "기타": null, "종점": null, "기점": null, "구분": null, "정비사항": null, "연장": "0.8" }, "geometry": { "type": "MultiLineString", "coordinates": [ [ [ 128.028703996109357, 35.073368237183352 ], [ 128.029107509334921, 35.072968333496576 ], [ 128.029143595513574, 35.072929446930878 ], [ 128.029170353134333, 35.072891385642585 ], [ 128.029241086044294, 35.072756098126334 ], [ 128.029339186119216, 35.072520413230571 ], [ 128.029476025333736, 35.072267430597755 ], [ 128.029588167688729, 35.072136844491617 ], [ 128.029674237952889, 35.072051797435549 ], [ 128.030107835859724, 35.071683536569822 ], [ 128.030391056792865, 35.071450270120472 ], [ 128.030485803914985, 35.071380970568875 ], [ 128.03058043508176, 35.071313282834865 ], [ 128.030610671716715, 35.071277500458905 ], [ 128.030618105332763, 35.071242256799088 ], [ 128.030622302203312, 35.071165059014 ], [ 128.030630417238001, 35.071069255619598 ], [ 128.030637390633615, 35.07099741982374 ], [ 128.030640640170645, 35.07095607277607 ], [ 128.030623455480367, 35.070892823892464 ], [ 128.030585501168787, 35.07081011168188 ], [ 128.030502977302234, 35.070708629004869 ], [ 128.030186676132445, 35.070417080496057 ], [ 128.030082779495302, 35.070336337714942 ], [ 128.029995697717709, 35.070292001532479 ], [ 128.029852231649841, 35.070186409542103 ], [ 128.029778376012843, 35.070114955815605 ], [ 128.02971996593854, 35.070050106307903 ], [ 128.029587881929558, 35.069813573173896 ], [ 128.029462934409281, 35.069581127445943 ], [ 128.029326546324654, 35.069294627729356 ], [ 128.029228822656336, 35.068951620773959 ], [ 128.029217450470838, 35.068823424445128 ], [ 128.029217237951684, 35.068821007193421 ], [ 128.029241553281935, 35.068709176537631 ], [ 128.029249222272057, 35.068692960096605 ], [ 128.02927017126882, 35.06864867470982 ], [ 128.029364547547885, 35.068515268044251 ], [ 128.029445127849044, 35.0684042448813 ], [ 128.029590768410998, 35.068206344825001 ], [ 128.0297154766034, 35.068036405902753 ], [ 128.029855032542628, 35.067845994174817 ], [ 128.029936312248935, 35.067723330587917 ], [ 128.029975070307245, 35.067647904047739 ], [ 128.030029533678828, 35.067485020299728 ], [ 128.030044658316001, 35.067375934464039 ], [ 128.030032898540043, 35.067225372060207 ] ] ] } },
{ "type": "Feature", "properties": { "fid": 225, "UserID": null, "number": "곤양203", "UMD": null, "NUM": "203", "GUBUN": "리도", "Opened": "미확장", "차선": "1", "도로폭": "3", "변경여부": null, "비고": null, "기존": "미확장", "기타": null, "종점": null, "기점": null, "구분": null, "정비사항": null, "연장": "2.3" }, "geometry": { "type": "MultiLineString", "coordinates": [ [ [ 127.98813179592922, 35.075271617532259 ], [ 127.988198569987887, 35.075327996415524 ], [ 127.988383496525017, 35.075264391549773 ], [ 127.988506043745858, 35.075247868244318 ], [ 127.988670001719214, 35.075272405752131 ], [ 127.98881143110529, 35.075255728197682 ], [ 127.989070081282264, 35.075302779701019 ], [ 127.989233508660817, 35.075283334830111 ], [ 127.989410179979586, 35.075318117260409 ], [ 127.98955563094475, 35.075373853457826 ], [ 127.98979483723113, 35.075374488720328 ], [ 127.989965121133281, 35.07540156024691 ], [ 127.990044328445578, 35.07544489956318 ], [ 127.990093159295753, 35.07557904611582 ], [ 127.991413931287624, 35.07574678673943 ], [ 127.991486563886411, 35.075766892184113 ], [ 127.991540345495238, 35.075789739126243 ], [ 127.991461902243216, 35.07606982048776 ], [ 127.991597507758513, 35.076091998403314 ], [ 127.992171745730516, 35.076208909719611 ], [ 127.992559743930997, 35.076280769455032 ], [ 127.992916710857031, 35.076389105719407 ], [ 127.992957998991244, 35.076419816537204 ], [ 127.992975207648655, 35.076541283750984 ], [ 127.993011518312883, 35.07668070639 ], [ 127.993062467340877, 35.076729449906814 ], [ 127.993264414067468, 35.076771781908903 ], [ 127.993529240100827, 35.076808423614089 ], [ 127.993725206762647, 35.076876677902838 ], [ 127.99387774190113, 35.076997035960943 ], [ 127.993929695702434, 35.077128567872471 ], [ 127.993909319499508, 35.077524608032476 ], [ 127.993915667096374, 35.077788471429038 ], [ 127.993999312490118, 35.077937855377421 ], [ 127.994132433665428, 35.078014386306492 ], [ 127.994390655865701, 35.078025206164902 ], [ 127.994544959784591, 35.078031702977619 ], [ 127.994627507562413, 35.078090536277003 ], [ 127.994775416485211, 35.078348063593488 ], [ 127.99488030261783, 35.07869132806492 ], [ 127.99490625899108, 35.079014540778012 ], [ 127.994868266757621, 35.079255481163713 ], [ 127.994789486430918, 35.079507105763831 ], [ 127.994777205203775, 35.079791821067218 ], [ 127.99483721880101, 35.079938810814447 ], [ 127.994926832757059, 35.080060977321615 ], [ 127.99514315265948, 35.080249376531569 ], [ 127.995239486070915, 35.080406417613339 ], [ 127.995295864255993, 35.080642702400766 ], [ 127.995328968406511, 35.080906345934643 ], [ 127.995396741986426, 35.081044215752954 ], [ 127.995510923153361, 35.081115725739238 ], [ 127.995944486900584, 35.081308808267806 ], [ 127.996098324219986, 35.081405866017739 ], [ 127.99619703656775, 35.081628865538711 ], [ 127.99621042775054, 35.081694734322006 ], [ 127.996362408667224, 35.081897890525134 ], [ 127.996700945873513, 35.082300037025149 ], [ 127.996901854056446, 35.082514433654296 ], [ 127.997206467267375, 35.082715040113513 ], [ 127.997416677009369, 35.082788345896937 ], [ 127.997600180828385, 35.082736381981633 ], [ 127.997762581030003, 35.082631549679228 ], [ 127.997889921089495, 35.082620152198373 ], [ 127.998028780901734, 35.082650058217368 ], [ 127.998346254537296, 35.082872548854006 ], [ 127.998511867159451, 35.082902234048603 ], [ 127.998715168918935, 35.082925140097338 ], [ 127.998947096334277, 35.082972390308306 ], [ 127.999103961425902, 35.083059069607877 ], [ 127.999415014422567, 35.083141890570076 ], [ 127.999563333408418, 35.083173010554084 ], [ 127.999758183753713, 35.083148117570012 ], [ 128.000028033037069, 35.083078619934632 ], [ 128.000260335058471, 35.083027543250772 ], [ 128.000395891097099, 35.083044536785245 ], [ 128.000509479097445, 35.083066886233787 ], [ 128.000717170948121, 35.083062584971749 ], [ 128.000821064264358, 35.083064314919191 ], [ 128.000887428818942, 35.083012805502825 ], [ 128.001371988313963, 35.083071409841473 ], [ 128.00154061560923, 35.08296134629046 ], [ 128.001638849845108, 35.082836448075092 ], [ 128.001827986348303, 35.082780441665065 ], [ 128.002290451407248, 35.082761095520382 ], [ 128.002668540351664, 35.082791605967309 ], [ 128.002901188127453, 35.08276898279955 ], [ 128.003089963456716, 35.082762246530784 ], [ 128.003394016983066, 35.082658822260591 ], [ 128.003608414096561, 35.082688096787948 ], [ 128.003937613390093, 35.082581875635803 ], [ 128.004069958638354, 35.082593716843164 ], [ 128.004588248624543, 35.082506627248641 ], [ 128.004726158770069, 35.082458911409354 ], [ 128.0048759281716, 35.082351586909503 ], [ 128.005192186113504, 35.082217008201951 ], [ 128.006011820186416, 35.081806576417243 ], [ 128.006262076836862, 35.081680304694103 ] ] ] } },
{ "type": "Feature", "properties": { "fid": 226, "UserID": null, "number": "곤양301", "UMD": null, "NUM": "301", "GUBUN": "농도", "Opened": "미확장", "차선": "1", "도로폭": "2.5", "변경여부": null, "비고": null, "기존": "미확장", "기타": null, "종점": null, "기점": null, "구분": null, "정비사항": null, "연장": "0.2" }, "geometry": { "type": "MultiLineString", "coordinates": [ [ [ 128.001476601501992, 35.08300327343256 ], [ 128.001489316419679, 35.083270964503825 ], [ 128.001501960686255, 35.083404111259476 ], [ 128.001566425455394, 35.083527774086683 ], [ 128.001663684529859, 35.083630466765023 ], [ 128.001784153560891, 35.083700625092519 ], [ 128.001910964953595, 35.083774611994961 ], [ 128.002098407478087, 35.084044740203097 ], [ 128.002155534384883, 35.084177209662805 ], [ 128.002324481258682, 35.084256332247875 ] ] ] } },
{ "type": "Feature", "properties": { "fid": 227, "UserID": null, "number": "곤양301", "UMD": null, "NUM": "301", "GUBUN": "농도", "Opened": "미확장", "차선": "1", "도로폭": "2.5", "변경여부": null, "비고": null, "기존": "미확장", "기타": null, "종점": null, "기점": null, "구분": null, "정비사항": null, "연장": "2.1" }, "geometry": { "type": "MultiLineString", "coordinates": [ [ [ 128.003057247376802, 35.087031728212366 ], [ 128.003420868847911, 35.087037794562178 ], [ 128.003617086315785, 35.087170585167534 ], [ 128.003817458725365, 35.087287148172791 ], [ 128.004041147318333, 35.087438593763437 ], [ 128.004142494890715, 35.087455688792048 ], [ 128.004215330876093, 35.087431353547856 ], [ 128.004258837773705, 35.087324385638055 ], [ 128.004309769032801, 35.08725759038353 ], [ 128.004431069843804, 35.087152346175003 ], [ 128.004608193773578, 35.087011785511891 ], [ 128.004904414578164, 35.086838596339426 ], [ 128.005111024877692, 35.086767659515814 ], [ 128.00522033716743, 35.086780482687772 ], [ 128.005324743461586, 35.086762910713581 ], [ 128.00537240340725, 35.0867481248345 ], [ 128.005568449826683, 35.086678184549442 ], [ 128.005771116064437, 35.0866061301017 ], [ 128.005982736685951, 35.086556914881854 ], [ 128.006189332213154, 35.08648706018019 ], [ 128.006213201535445, 35.08647641509944 ], [ 128.006318899674653, 35.086461021062064 ], [ 128.006421631146338, 35.086472705046873 ], [ 128.006622319303546, 35.086454837848464 ], [ 128.006706890901938, 35.086441438348835 ], [ 128.006790196355325, 35.086423692011103 ], [ 128.00690559932471, 35.08636934952176 ], [ 128.007029957147722, 35.086337846420989 ], [ 128.007318248326669, 35.086274080183586 ], [ 128.007593592067167, 35.086299103217293 ], [ 128.007669037256733, 35.086276955457272 ], [ 128.007788224815584, 35.086236736415373 ], [ 128.007875380945762, 35.086227693668611 ], [ 128.008320326913633, 35.086187974547151 ], [ 128.008431456999517, 35.086159613963794 ], [ 128.00868215159602, 35.086150825617658 ], [ 128.008810346511865, 35.086129108981773 ], [ 128.009201813441507, 35.086040164399208 ], [ 128.00946028890047, 35.08604227909359 ], [ 128.00965299734105, 35.086029762078667 ], [ 128.009812881241061, 35.086005051254389 ], [ 128.009930564998228, 35.085979995177802 ], [ 128.010020856594736, 35.08592978076652 ], [ 128.010128081987801, 35.085897050299714 ], [ 128.010248665273451, 35.085850335638071 ], [ 128.010342480073291, 35.085835925043554 ], [ 128.010451818280671, 35.08584657551058 ], [ 128.010664713743154, 35.085800614785775 ], [ 128.010803103754455, 35.085808250000298 ], [ 128.010942681500126, 35.085826735747816 ], [ 128.01106083174156, 35.085872148809166 ], [ 128.011192562663211, 35.08588514968924 ], [ 128.011311368114264, 35.085876362910817 ], [ 128.01157003966469, 35.085862213219315 ], [ 128.011686521821872, 35.08582738873158 ], [ 128.011814689325519, 35.08580783688079 ], [ 128.011922722061286, 35.085817391269657 ], [ 128.012038497154776, 35.085841102020609 ], [ 128.012784412837021, 35.08588838146418 ], [ 128.013075111533738, 35.08595254480818 ], [ 128.013241418158231, 35.085941975089177 ], [ 128.013500690934904, 35.08587795761364 ], [ 128.013655154742992, 35.085865122642687 ], [ 128.013796300329261, 35.085863019996502 ], [ 128.013916476543358, 35.085849905429555 ], [ 128.014044878749871, 35.085810839341185 ], [ 128.014090003649898, 35.08578735657855 ], [ 128.014170917633294, 35.085748987789451 ], [ 128.014225594963904, 35.085722257045106 ], [ 128.014295261592338, 35.08569143818962 ], [ 128.014423947804744, 35.085765140852409 ], [ 128.014519916237788, 35.085790856222332 ], [ 128.014630586827167, 35.085800429668957 ], [ 128.014698822434241, 35.085829171512032 ], [ 128.01478092472496, 35.085911147011011 ], [ 128.014922306855851, 35.086218013287031 ], [ 128.014947859748105, 35.08628651942081 ], [ 128.015030838418113, 35.086514855281763 ], [ 128.015061108821101, 35.086567178333169 ], [ 128.015069803857784, 35.086667219250536 ], [ 128.01510265082257, 35.086875563912976 ], [ 128.015214952003078, 35.087062468350908 ], [ 128.015321620986043, 35.087499492884 ], [ 128.015335567035265, 35.087633287347529 ], [ 128.015332432155617, 35.087776242455604 ], [ 128.015290096085181, 35.088288285277621 ], [ 128.01524505285974, 35.088551619036551 ], [ 128.015130996428667, 35.088765425050617 ], [ 128.014892487166321, 35.089043049935704 ], [ 128.014654791280321, 35.089198135298041 ], [ 128.014162284668231, 35.089377122523132 ], [ 128.013668817506783, 35.089547411028967 ], [ 128.01342647939552, 35.089687687059289 ], [ 128.013250026308896, 35.089881410886768 ], [ 128.013085230727114, 35.090173869977725 ], [ 128.012638009959062, 35.090920188492916 ], [ 128.012570635989988, 35.091326972266486 ], [ 128.012888578668907, 35.091326903969339 ], [ 128.012946451798172, 35.091424741500454 ], [ 128.012945211654142, 35.091833560296344 ], [ 128.012748816275518, 35.092244009353131 ], [ 128.012453164244562, 35.092774307137525 ], [ 128.012399511890152, 35.093017970265116 ] ] ] } },
{ "type": "Feature", "properties": { "fid": 228, "UserID": null, "number": "곤양301", "UMD": null, "NUM": "301", "GUBUN": "농도", "Opened": "미개설", "차선": null, "도로폭": null, "변경여부": null, "비고": null, "기존": "미개설", "기타": null, "종점": null, "기점": null, "구분": null, "정비사항": null, "연장": "0.3" }, "geometry": { "type": "MultiLineString", "coordinates": [ [ [ 128.002324481258682, 35.084256332247875 ], [ 128.002327386942397, 35.085780287289616 ], [ 128.002689144712122, 35.086532817193905 ], [ 128.002849431136212, 35.086769532409377 ], [ 128.003057247376802, 35.087031728212366 ] ] ] } },
{ "type": "Feature", "properties": { "fid": 229, "UserID": null, "number": "곤양302", "UMD": null, "NUM": "302", "GUBUN": "농도", "Opened": "미확장", "차선": "1", "도로폭": "2.5", "변경여부": null, "비고": null, "기존": "미확장", "기타": null, "종점": null, "기점": null, "구분": null, "정비사항": null, "연장": "1.2" }, "geometry": { "type": "MultiLineString", "coordinates": [ [ [ 128.013515962729315, 35.073446878705859 ], [ 128.01355555911482, 35.07335986314898 ], [ 128.013631999460159, 35.073314139782234 ], [ 128.013703547567815, 35.073232224502931 ], [ 128.013784305580742, 35.07310839159129 ], [ 128.013818365541937, 35.073036797539118 ], [ 128.013850334396523, 35.072904897023747 ], [ 128.013879882513208, 35.072802837582159 ], [ 128.01391876436756, 35.072675878496419 ], [ 128.013965652694907, 35.072555014426321 ], [ 128.014004123679968, 35.072433018245206 ], [ 128.014007263743252, 35.072404426835377 ], [ 128.014006813539424, 35.072355337171757 ], [ 128.013991259317493, 35.072284114253755 ], [ 128.013993665189759, 35.072229099116555 ], [ 128.014043171350181, 35.072180308004697 ], [ 128.014108258290776, 35.072138637968848 ], [ 128.014198344647895, 35.072112187417353 ], [ 128.014278214213334, 35.072064706916571 ], [ 128.014387008589352, 35.071963202171411 ], [ 128.014428589719074, 35.071905152914503 ], [ 128.014498205279295, 35.071777785752978 ], [ 128.014585782515525, 35.071640974627194 ], [ 128.014685504282227, 35.071509832409717 ], [ 128.014834627314514, 35.071338505429047 ], [ 128.01494121544556, 35.071248924734356 ], [ 128.015147324384998, 35.071100359555942 ], [ 128.015235430815892, 35.071035144268684 ], [ 128.015301021299706, 35.070980651849226 ], [ 128.015363816218041, 35.070901539577093 ], [ 128.015427201995095, 35.070829804891055 ], [ 128.015714603882401, 35.070718358064013 ], [ 128.016072621211492, 35.070514566928097 ], [ 128.016190146177593, 35.070473493001771 ], [ 128.016308966750302, 35.070437720246815 ], [ 128.016400708256327, 35.070389181044526 ], [ 128.016502417486578, 35.070324931545066 ], [ 128.016597745283036, 35.070268958362782 ], [ 128.016678807472999, 35.070237835915499 ], [ 128.016789272402548, 35.070229548274732 ], [ 128.016963713962753, 35.070245322385688 ], [ 128.017018097278083, 35.070226529569837 ], [ 128.017095662390886, 35.070195378458237 ], [ 128.017178671251799, 35.07011806066015 ], [ 128.01722951936398, 35.070012928399898 ], [ 128.017263590977421, 35.069908038541875 ], [ 128.017305252961677, 35.069814684098439 ], [ 128.017393680362375, 35.069664015398196 ], [ 128.017429660944543, 35.069578158882855 ], [ 128.017473042750936, 35.069512290644958 ], [ 128.017503432508846, 35.069482117536445 ], [ 128.017896815510426, 35.069272091218011 ], [ 128.018034205629959, 35.069201523036732 ], [ 128.018315092311838, 35.069049349423189 ], [ 128.018474674125997, 35.068968433156492 ], [ 128.01870427351011, 35.068840142634151 ], [ 128.018944496295433, 35.068701698692536 ], [ 128.019081622241856, 35.06862740469812 ], [ 128.019303140045508, 35.068502779041594 ], [ 128.019451558503761, 35.068417381626887 ], [ 128.019482479323528, 35.068401354066921 ], [ 128.019542677738031, 35.068392080082404 ], [ 128.019587696931865, 35.068396176000043 ], [ 128.019627678008476, 35.068410857718909 ], [ 128.019701134616724, 35.068457086296398 ], [ 128.019780865376902, 35.068539661892153 ], [ 128.019878730305095, 35.068650505472128 ], [ 128.02013308273385, 35.068906736714283 ], [ 128.020184616167512, 35.068976618611089 ], [ 128.02025066390047, 35.069119841390574 ], [ 128.02031852303287, 35.06925829275977 ], [ 128.020334054760326, 35.069331813134362 ], [ 128.020309465403813, 35.069431616023031 ], [ 128.020356175042366, 35.069586742010607 ], [ 128.020422915262685, 35.069760110532016 ], [ 128.020524903268551, 35.070051566999275 ], [ 128.020600371513581, 35.070254199854389 ], [ 128.020651899916771, 35.070327353309565 ], [ 128.020696925685741, 35.070357569215943 ], [ 128.02136636684304, 35.070716966112698 ], [ 128.021515899907541, 35.070795291529897 ], [ 128.021523186242405, 35.070799149569552 ] ] ] } },
{ "type": "Feature", "properties": { "fid": 230, "UserID": null, "number": "곤양302", "UMD": null, "NUM": "302", "GUBUN": "농도", "Opened": "현황도로", "차선": "1", "도로폭": "3", "변경여부": null, "비고": null, "기존": "현황도로", "기타": null, "종점": null, "기점": null, "구분": null, "정비사항": null, "연장": "0.2" }, "geometry": { "type": "MultiLineString", "coordinates": [ [ [ 128.021523186242405, 35.070799149569552 ], [ 128.021922505756407, 35.071010585160082 ], [ 128.022136852250696, 35.071138645470263 ], [ 128.02242995088676, 35.071294029281255 ], [ 128.022567331016774, 35.071372084062858 ], [ 128.022625681281596, 35.071398386896242 ], [ 128.02287263519267, 35.071471295724962 ], [ 128.022972220986247, 35.071513001204721 ], [ 128.023051921552053, 35.071552698483039 ], [ 128.023139572524229, 35.071625304048155 ], [ 128.023177011581964, 35.071696089486359 ], [ 128.023182940864615, 35.071778238618691 ] ] ] } },
{ "type": "Feature", "properties": { "fid": 231, "UserID": null, "number": "곤양302", "UMD": null, "NUM": "302", "GUBUN": "농도", "Opened": "미확장", "차선": "1", "도로폭": "2.5", "변경여부": null, "비고": null, "기존": "미확장", "기타": null, "종점": null, "기점": null, "구분": null, "정비사항": null, "연장": "0.5" }, "geometry": { "type": "MultiLineString", "coordinates": [ [ [ 128.023182940864615, 35.071778238618691 ], [ 128.023120901215293, 35.071907853978985 ], [ 128.023053329777184, 35.072049239650028 ], [ 128.022977988950458, 35.072174222200459 ], [ 128.022787613027418, 35.072363171778186 ], [ 128.02261429922055, 35.072531591412535 ], [ 128.022395425912379, 35.072738129509105 ], [ 128.022283208419907, 35.072856576649052 ], [ 128.022765307149541, 35.073046832132768 ], [ 128.025888773421002, 35.074164080211588 ] ] ] } },
{ "type": "Feature", "properties": { "fid": 232, "UserID": null, "number": "곤양302", "UMD": null, "NUM": "302", "GUBUN": "농도", "Opened": "미개설", "차선": null, "도로폭": null, "변경여부": null, "비고": null, "기존": "미개설", "기타": null, "종점": null, "기점": null, "구분": null, "정비사항": null, "연장": "0.3" }, "geometry": { "type": "MultiLineString", "coordinates": [ [ [ 128.025888773421002, 35.074164080211588 ], [ 128.026159166387771, 35.07426787587314 ], [ 128.026363212362412, 35.074477022107381 ], [ 128.026781689878362, 35.074844771297137 ], [ 128.026950749186341, 35.075024457642719 ], [ 128.027660897713218, 35.075435012849816 ], [ 128.02822979298665, 35.075624245384326 ], [ 128.028294938114925, 35.075630765162707 ] ] ] } },
{ "type": "Feature", "properties": { "fid": 233, "UserID": null, "number": "곤양302", "UMD": null, "NUM": "302", "GUBUN": "농도", "Opened": "미확장", "차선": "1", "도로폭": "2.5", "변경여부": null, "비고": null, "기존": "미확장", "기타": null, "종점": null, "기점": null, "구분": null, "정비사항": null, "연장": "0.8" }, "geometry": { "type": "MultiLineString", "coordinates": [ [ [ 128.028294938114925, 35.075630765162707 ], [ 128.028350006534453, 35.075612276777917 ], [ 128.028409086586635, 35.075585106293154 ], [ 128.028473103702737, 35.075535375681397 ], [ 128.028549237920998, 35.075453402158452 ], [ 128.028621198792848, 35.075393493970999 ], [ 128.028676041469964, 35.07535979456425 ], [ 128.02870287143395, 35.075352553473685 ], [ 128.028769200277395, 35.075357008962364 ], [ 128.028828606268405, 35.075355388867301 ], [ 128.028893041562071, 35.075340876971872 ], [ 128.028998339017278, 35.075306900400221 ], [ 128.029114668920869, 35.075260333368398 ], [ 128.029210203285459, 35.075209850109118 ], [ 128.029294639360813, 35.075174667875459 ], [ 128.029386199765298, 35.075142624701996 ], [ 128.029467598241126, 35.075112844110791 ], [ 128.029508451328979, 35.075090405484794 ], [ 128.029599428959074, 35.075067344936564 ], [ 128.029658173729331, 35.07505283692408 ], [ 128.029768405281914, 35.075007701666223 ], [ 128.029817498775458, 35.074973482875144 ], [ 128.029844358986963, 35.074942921986988 ], [ 128.029862262047999, 35.074909661741984 ], [ 128.029869458275442, 35.074876929040101 ], [ 128.029873157070995, 35.074852161273668 ], [ 128.029879816793539, 35.074761861058697 ], [ 128.029894412908533, 35.074700979477022 ], [ 128.029948841033729, 35.074623632411978 ], [ 128.030002614580667, 35.074563860429897 ], [ 128.030058543406625, 35.074521705327228 ], [ 128.030100432067769, 35.074493883120063 ], [ 128.030146940332713, 35.074471208833927 ], [ 128.030200866065485, 35.074453267566504 ], [ 128.03035650722947, 35.074406429526057 ], [ 128.030458722552908, 35.074375791721287 ], [ 128.03056773373325, 35.074356055679054 ], [ 128.030745281429631, 35.074381030361835 ], [ 128.031001780946326, 35.074415875500492 ], [ 128.031219261490918, 35.074439997272115 ], [ 128.031348726339644, 35.074461658445038 ], [ 128.031435095564035, 35.074477729053797 ], [ 128.031649077650343, 35.074537237038648 ], [ 128.031719781553221, 35.074556173090976 ], [ 128.031890982064652, 35.074586673369872 ], [ 128.032007349815302, 35.074602738988105 ], [ 128.032074467519777, 35.074606102732638 ], [ 128.032185013968274, 35.074604507811465 ], [ 128.032254546952828, 35.074599524608999 ], [ 128.032290514946737, 35.074587916872751 ], [ 128.032385093364411, 35.074554830746457 ], [ 128.032472466631305, 35.074530208819361 ], [ 128.032587342455997, 35.074509603370139 ], [ 128.032715379835423, 35.074486642884381 ], [ 128.033133742789971, 35.074416991355221 ], [ 128.033246165521291, 35.074388364667925 ], [ 128.033362656467148, 35.074351500785241 ], [ 128.033437293693481, 35.074327602371923 ], [ 128.033517547554908, 35.074289103126695 ], [ 128.03373694446131, 35.074213409601711 ], [ 128.033802319534743, 35.074190779484802 ], [ 128.033843597131153, 35.074183953359828 ], [ 128.034301712586, 35.073944285978996 ], [ 128.034331222402528, 35.073898561678369 ], [ 128.034381006105946, 35.073848489817216 ], [ 128.034440650155773, 35.073806349027578 ], [ 128.034577087684681, 35.073743511973682 ], [ 128.034669077873531, 35.073693753123806 ], [ 128.034736680587173, 35.073611829867659 ], [ 128.034809785602789, 35.073563773821633 ], [ 128.034901546712831, 35.073530624362995 ], [ 128.035031253727396, 35.073497629814305 ], [ 128.035069695034565, 35.073483283014525 ], [ 128.035173067922614, 35.073426335808861 ], [ 128.035247882336563, 35.073358434887254 ], [ 128.035349973325651, 35.073220936324454 ], [ 128.035393681737503, 35.073166860526385 ], [ 128.035443673652225, 35.073112280886356 ], [ 128.035484626739446, 35.073082386037811 ], [ 128.035518393062404, 35.073065863347388 ], [ 128.036052133782277, 35.072768003925333 ] ] ] } },
{ "type": "Feature", "properties": { "fid": 234, "UserID": null, "number": "곤양303", "UMD": null, "NUM": "303", "GUBUN": "농도", "Opened": "미확장", "차선": "1", "도로폭": "2.5", "변경여부": "변경", "비고": "미개설-미확장", "기존": "미개설", "기타": null, "종점": null, "기점": null, "구분": null, "정비사항": null, "연장": "0.5" }, "geometry": { "type": "MultiLineString", "coordinates": [ [ [ 127.994062757595074, 35.05847462401757 ], [ 127.994195837182957, 35.058459106724129 ], [ 127.994344614263156, 35.058306116128399 ], [ 127.994554825591663, 35.058145643662428 ], [ 127.994787836527664, 35.05811582096846 ], [ 127.99523577263642, 35.058488957338326 ], [ 127.995328494527598, 35.058612055635933 ], [ 127.995757089236974, 35.058964414784079 ], [ 127.995794402343009, 35.059067033632793 ], [ 127.995833032030163, 35.059103350870558 ], [ 127.99598279991298, 35.059206790839681 ], [ 127.996102783989713, 35.059303497238609 ], [ 127.996182610257506, 35.059412744795985 ], [ 127.996210866410607, 35.059468336542373 ], [ 127.996418824450345, 35.059646311264771 ], [ 127.996497930809085, 35.059696251715714 ], [ 127.996732620228983, 35.059804226503417 ], [ 127.996852924121285, 35.05992709691791 ], [ 127.99687053147747, 35.059979287029805 ], [ 127.996909310508585, 35.060027814142032 ], [ 127.997018520177619, 35.060110652205793 ], [ 127.9970296998289, 35.060157661645199 ], [ 127.997090647558764, 35.060284508691645 ], [ 127.997271773722829, 35.060349310367009 ], [ 127.997289423868494, 35.06040498904725 ], [ 127.997409071784162, 35.06047378497086 ], [ 127.997864286147561, 35.060571221437129 ] ] ] } },
{ "type": "Feature", "properties": { "fid": 235, "UserID": null, "number": "곤양303", "UMD": null, "NUM": "303", "GUBUN": "농도", "Opened": "미확장", "차선": "1", "도로폭": "2.5", "변경여부": null, "비고": null, "기존": "미확장", "기타": null, "종점": null, "기점": null, "구분": null, "정비사항": null, "연장": "0.7" }, "geometry": { "type": "MultiLineString", "coordinates": [ [ [ 128.01413759625737, 35.060619533932353 ], [ 128.016328908196556, 35.059443327477247 ], [ 128.016610801566742, 35.059337468838223 ], [ 128.016778203649665, 35.059261030840133 ], [ 128.0170690206144, 35.059240480784645 ], [ 128.017214686135674, 35.059187511117813 ], [ 128.017318452890549, 35.059181466032022 ], [ 128.017469961181661, 35.059219006313135 ], [ 128.017534430141268, 35.059215878092076 ], [ 128.018269215822784, 35.057824155072659 ], [ 128.018139861995593, 35.057669996453512 ], [ 128.018078700669093, 35.05755925127967 ], [ 128.017941529382512, 35.057155473176621 ], [ 128.018242710674741, 35.056442178630355 ] ] ] } },
{ "type": "Feature", "properties": { "fid": 236, "UserID": null, "number": "곤양303", "UMD": null, "NUM": "303", "GUBUN": "농도", "Opened": "미개설", "차선": null, "도로폭": null, "변경여부": null, "비고": null, "기존": "미개설", "기타": null, "종점": null, "기점": null, "구분": null, "정비사항": null, "연장": "1.6" }, "geometry": { "type": "MultiLineString", "coordinates": [ [ [ 128.018242710674741, 35.056442178630355 ], [ 128.018726829339386, 35.056285979699901 ], [ 128.018648780164682, 35.056082229920264 ], [ 128.018636835064513, 35.055880512381165 ], [ 128.01869571434159, 35.055807570478159 ], [ 128.018736230119714, 35.055776181309689 ], [ 128.011764898134771, 35.04899258425074 ], [ 128.012057666011088, 35.048258733437414 ], [ 128.012656435302006, 35.047605800750176 ], [ 128.013522599186359, 35.046657154296675 ], [ 128.014175717268586, 35.046593897891462 ], [ 128.014732830421536, 35.046797784239089 ], [ 128.015255996450435, 35.047378162363081 ], [ 128.015376310667023, 35.047439253303089 ], [ 128.015659253399264, 35.047421360271464 ] ] ] } },
{ "type": "Feature", "properties": { "fid": 237, "UserID": null, "number": "곤양303", "UMD": null, "NUM": "303", "GUBUN": "농도", "Opened": "미확장", "차선": "1", "도로폭": "2.5", "변경여부": null, "비고": null, "기존": "미확장", "기타": null, "종점": null, "기점": null, "구분": null, "정비사항": null, "연장": "0.5" }, "geometry": { "type": "MultiLineString", "coordinates": [ [ [ 128.016640610368938, 35.048414468614176 ], [ 128.016718839184989, 35.048633743009404 ], [ 128.01676865827244, 35.048845493229962 ], [ 128.017079956565453, 35.049114284336696 ], [ 128.017448543149982, 35.049375386982227 ], [ 128.017731523413687, 35.049613642470426 ], [ 128.017789275269422, 35.049703717332363 ], [ 128.017796369771958, 35.049768343087827 ], [ 128.017933767830073, 35.04993795934746 ], [ 128.018057843838136, 35.0500481767941 ], [ 128.0183103299604, 35.050110742847977 ], [ 128.01843289716345, 35.050099364258038 ], [ 128.018515143961253, 35.050134897481726 ], [ 128.018631757480762, 35.050277519618312 ], [ 128.018988883885442, 35.050405184494089 ], [ 128.019253361321432, 35.050419780742637 ], [ 128.01937662002365, 35.050464024711026 ], [ 128.019622931440779, 35.050662478937092 ], [ 128.019915244961652, 35.050764811704667 ], [ 128.020110976695975, 35.050817501494372 ], [ 128.020413417606306, 35.050848594108501 ], [ 128.020706243465952, 35.0508655361159 ], [ 128.020954863453738, 35.050869912425618 ] ] ] } },
{ "type": "Feature", "properties": { "fid": 239, "UserID": null, "number": "곤양305", "UMD": null, "NUM": "305", "GUBUN": "농도", "Opened": "현황도로", "차선": "2", "도로폭": "6", "변경여부": null, "비고": null, "기존": "현황도로", "기타": null, "종점": null, "기점": null, "구분": null, "정비사항": null, "연장": "0.8" }, "geometry": { "type": "MultiLineString", "coordinates": [ [ [ 127.978760626938282, 35.055881287790754 ], [ 127.978692043554659, 35.055854621322119 ], [ 127.9786639460564, 35.055805192703652 ], [ 127.978650802093412, 35.055764931993011 ], [ 127.978649610761309, 35.055704990775602 ], [ 127.978713739478835, 35.055170652069968 ], [ 127.978747390757889, 35.054970688299029 ], [ 127.978778011334668, 35.054811344218223 ], [ 127.978878583516774, 35.054437239989554 ], [ 127.978898336590362, 35.05435900237191 ], [ 127.978915107379351, 35.054290903694614 ], [ 127.978942753977549, 35.05418701524318 ], [ 127.978968829905028, 35.054084152533143 ], [ 127.978989064242313, 35.054006077220315 ], [ 127.978998169716846, 35.053937729091366 ], [ 127.979001709999594, 35.053845356300918 ], [ 127.978992782823624, 35.053753014905588 ], [ 127.978974962713721, 35.053661963577582 ], [ 127.97894274850222, 35.053571090396304 ], [ 127.978899954588982, 35.05346760435711 ], [ 127.978801046610769, 35.05327487027256 ], [ 127.97873857792338, 35.053145219191933 ], [ 127.978700467983415, 35.053075972092287 ], [ 127.978606660802186, 35.052948581370885 ], [ 127.978548602877837, 35.05288229883984 ], [ 127.978480970530285, 35.052798713494887 ], [ 127.97841971264711, 35.052725605075544 ], [ 127.978303704365771, 35.052567885358137 ], [ 127.978198099876877, 35.052416401830541 ], [ 127.978046310660105, 35.052205140568077 ], [ 127.977950586767292, 35.052059169827061 ], [ 127.977840884885893, 35.051906092167393 ], [ 127.977588515491746, 35.051545232119643 ], [ 127.977385985814195, 35.051260805136572 ], [ 127.977275656995005, 35.051121873917268 ], [ 127.97716383389249, 35.05099446967035 ], [ 127.976842453398277, 35.050659916233904 ], [ 127.976592037263444, 35.050394166104894 ], [ 127.976300696681164, 35.050098061379614 ], [ 127.976125515186965, 35.049902670613605 ], [ 127.975734534435603, 35.049477817464968 ], [ 127.97558469943553, 35.049279320017341 ], [ 127.975565880139911, 35.049193475570455 ] ] ] } },
{ "type": "Feature", "properties": { "fid": 242, "UserID": null, "number": "곤양202", "UMD": null, "NUM": "202", "GUBUN": "리도", "Opened": "현황도로", "차선": "2", "도로폭": "8", "변경여부": null, "비고": null, "기존": "현황도로", "기타": null, "종점": null, "기점": null, "구분": null, "정비사항": null, "연장": "0.9" }, "geometry": { "type": "MultiLineString", "coordinates": [ [ [ 127.971697332433095, 35.072792861388095 ], [ 127.971609332400888, 35.072940975869031 ], [ 127.971597359367166, 35.072961126817184 ], [ 127.971562227666567, 35.073027841486287 ], [ 127.970670922105967, 35.074530602345909 ], [ 127.970598305830592, 35.074613296287737 ], [ 127.970424213815974, 35.074778339246222 ], [ 127.970306645304291, 35.074873012590757 ], [ 127.970244597880722, 35.07491938003281 ], [ 127.970186972580692, 35.074952518208512 ], [ 127.970115714592325, 35.07498895327587 ], [ 127.970066108992867, 35.0750085669223 ], [ 127.968586076305414, 35.075680761490503 ], [ 127.968361534379, 35.075893638559556 ], [ 127.967775350701103, 35.076569948372736 ], [ 127.96610083600504, 35.078515214627366 ], [ 127.96600197036949, 35.078632777621287 ], [ 127.965931965716806, 35.07872373262115 ], [ 127.96590866617737, 35.078755025672891 ], [ 127.965890001759675, 35.07878219421675 ] ] ] } },
{ "type": "Feature", "properties": { "fid": 243, "UserID": null, "number": "곤양202", "UMD": null, "NUM": "202", "GUBUN": "리도", "Opened": "미확장", "차선": "1", "도로폭": "3", "변경여부": null, "비고": null, "기존": "미확장", "기타": null, "종점": null, "기점": null, "구분": null, "정비사항": null, "연장": "1.9" }, "geometry": { "type": "MultiLineString", "coordinates": [ [ [ 127.965890001759675, 35.07878219421675 ], [ 127.965857219096492, 35.078829900373833 ], [ 127.965807000357998, 35.078895195533342 ], [ 127.965698329202084, 35.079089435212467 ], [ 127.965640525337122, 35.079259506643666 ], [ 127.965617929705544, 35.079370100847299 ], [ 127.965611298304154, 35.07944178704318 ], [ 127.965618782611841, 35.079632100830906 ], [ 127.96562819916852, 35.07973108209432 ], [ 127.965632108921184, 35.07977683599065 ], [ 127.965632921116764, 35.079815882392523 ], [ 127.965630518911951, 35.079847839891393 ], [ 127.965616581585749, 35.079880069092276 ], [ 127.965491665991138, 35.080053445044534 ], [ 127.965415083641759, 35.080166422123256 ], [ 127.965318433489699, 35.08025460667514 ], [ 127.965255978075874, 35.080301571357509 ], [ 127.965201836584313, 35.080371988814107 ], [ 127.965148005088281, 35.080466617320809 ], [ 127.965114902051127, 35.080567659350969 ], [ 127.965093319053238, 35.080624897540204 ], [ 127.965084832359054, 35.080637921138958 ], [ 127.965064964737223, 35.080657817731037 ], [ 127.965045159432563, 35.080675280222707 ], [ 127.965011954596662, 35.080700823869407 ], [ 127.964955940335201, 35.080719924094403 ], [ 127.964879059768819, 35.080748370480443 ], [ 127.964684648957075, 35.080818559660756 ], [ 127.964657448159926, 35.080833135738629 ], [ 127.964630114659144, 35.080853866664647 ], [ 127.964612057329262, 35.080881461664447 ], [ 127.964601059806853, 35.080907929647474 ], [ 127.964552191605989, 35.081007040946083 ], [ 127.964468701595592, 35.08111619404518 ], [ 127.964455965202717, 35.081134913628631 ], [ 127.964442185253532, 35.081153987746589 ], [ 127.964425479995128, 35.08119565356742 ], [ 127.964418040512143, 35.081244612528437 ], [ 127.964401697695408, 35.081302247130481 ], [ 127.964351736883543, 35.081394089113729 ], [ 127.964330303905157, 35.081439772735543 ], [ 127.964326280681831, 35.081472658898733 ], [ 127.964328373102646, 35.081497347052498 ], [ 127.964333760314489, 35.081513757246171 ], [ 127.964353095551175, 35.081538809831336 ], [ 127.964372785344594, 35.08157840795441 ], [ 127.964326769253901, 35.081680530182034 ], [ 127.964294705892527, 35.081752803484306 ], [ 127.964089236600842, 35.081990026095063 ], [ 127.964067716759047, 35.082049587019185 ], [ 127.964061553516061, 35.082126349308382 ], [ 127.964076207912697, 35.082199022177285 ], [ 127.96410167629891, 35.082237647543487 ], [ 127.964074461348858, 35.082339685372375 ], [ 127.963942898989927, 35.08252128637055 ], [ 127.963722018008156, 35.082867579518876 ], [ 127.963431011269762, 35.083296420640089 ], [ 127.963265593285016, 35.083441655525604 ], [ 127.96310404888257, 35.083534964562766 ], [ 127.962977356027068, 35.083700312161952 ], [ 127.962903221770475, 35.083814899762814 ], [ 127.962777068965494, 35.083937576775114 ], [ 127.962625447542564, 35.084021627989728 ], [ 127.962417049173283, 35.084079587558705 ], [ 127.962354269868612, 35.084117457125544 ], [ 127.962311388792287, 35.084223777143947 ], [ 127.962274348041802, 35.084278937212716 ], [ 127.961930594292554, 35.084195717976911 ], [ 127.961728442462402, 35.084404314420368 ], [ 127.961589693502958, 35.084651218923007 ], [ 127.961512951126949, 35.084817421831019 ], [ 127.961450731196791, 35.084880013073949 ], [ 127.961204481967911, 35.085086370877882 ], [ 127.96113633092645, 35.085180057916084 ], [ 127.961172106187121, 35.085278095977891 ], [ 127.961223709852405, 35.085383770786578 ], [ 127.961262420279368, 35.085463673668777 ], [ 127.961265759388368, 35.085748262452704 ], [ 127.961411666114927, 35.08584283988607 ], [ 127.961560599187862, 35.085927043495616 ], [ 127.9615281736627, 35.086382684984748 ], [ 127.961326653059487, 35.086645611362499 ], [ 127.961194579493068, 35.086657008044916 ], [ 127.960998888208906, 35.086611985761756 ], [ 127.960802021871729, 35.086735154192795 ], [ 127.960408469392178, 35.086997013142053 ], [ 127.960251396943789, 35.087024131274404 ], [ 127.959646695562881, 35.087295151749402 ], [ 127.959437911582157, 35.087408451530216 ], [ 127.959339090272678, 35.087487735620861 ], [ 127.958978232140012, 35.087706934225523 ], [ 127.958894520382131, 35.087816267537697 ], [ 127.958699675245569, 35.087843682384332 ], [ 127.958514999130117, 35.087933114399384 ], [ 127.958468663682865, 35.088008515603498 ], [ 127.958365883983802, 35.088102474813532 ], [ 127.958353899080038, 35.088154317763397 ], [ 127.958241131641657, 35.088201782409577 ], [ 127.958145433334209, 35.088362958158058 ], [ 127.957930126812897, 35.088525078842103 ], [ 127.95776863080593, 35.088712648214702 ], [ 127.957635887948371, 35.088667123290641 ], [ 127.957550328678309, 35.088618638195726 ], [ 127.95747790412473, 35.088616622719961 ], [ 127.957412288765411, 35.088658539424216 ], [ 127.957365951898581, 35.088733940220898 ], [ 127.957130729529766, 35.088808244767201 ], [ 127.956940328546153, 35.088946880404066 ], [ 127.956664186428313, 35.089021506994165 ], [ 127.95654466844168, 35.089030212167017 ], [ 127.955733666942621, 35.089398845053125 ], [ 127.955619156768705, 35.089443031037959 ], [ 127.955361401770929, 35.08945291246129 ], [ 127.955217368265409, 35.089395151377566 ], [ 127.955160288931765, 35.089359377281646 ], [ 127.954865932719116, 35.08922197553327 ], [ 127.954456003832405, 35.089162606877863 ], [ 127.954280228062188, 35.089195391304592 ] ] ] } },
{ "type": "Feature", "properties": { "fid": 245, "UserID": null, "number": "곤양307", "UMD": null, "NUM": "307", "GUBUN": "농도", "Opened": "미확장", "차선": "1", "도로폭": "2.5", "변경여부": null, "비고": null, "기존": "미확장", "기타": null, "종점": null, "기점": null, "구분": null, "정비사항": null, "연장": "0.7" }, "geometry": { "type": "MultiLineString", "coordinates": [ [ [ 127.939606280931784, 35.053332042691451 ], [ 127.939700087405242, 35.052925213180806 ], [ 127.939727651775755, 35.052680672576884 ], [ 127.939769260624843, 35.052395750548342 ], [ 127.939949652978882, 35.05222311948225 ], [ 127.940020353086055, 35.052089347612835 ], [ 127.940067162136444, 35.051947969036064 ], [ 127.940199182637301, 35.051746392960332 ], [ 127.940169778790889, 35.051618430840158 ], [ 127.940256762748589, 35.051411215201725 ], [ 127.940396087767709, 35.051273782807577 ], [ 127.9404382339725, 35.051102661969459 ], [ 127.940508595161887, 35.050875435261005 ], [ 127.940662062970844, 35.050753874373314 ], [ 127.940813066671979, 35.050595119927124 ], [ 127.940885559420124, 35.05047899489437 ], [ 127.940990286114584, 35.050271933771029 ], [ 127.941081250139888, 35.050289414652056 ], [ 127.941251734453246, 35.05033984058862 ], [ 127.941351066850117, 35.050298883136215 ], [ 127.941555780156833, 35.050021662371584 ], [ 127.941604726428523, 35.049850320816518 ], [ 127.94152984367139, 35.049610160115776 ], [ 127.941381440612005, 35.049248454428025 ], [ 127.941361909308824, 35.049025309115997 ], [ 127.941331052255222, 35.048924367160353 ], [ 127.941568699671748, 35.048559665431988 ], [ 127.941963986313851, 35.047883217048046 ] ] ] } },
{ "type": "Feature", "properties": { "fid": 246, "UserID": null, "number": "곤양307", "UMD": null, "NUM": "307", "GUBUN": "농도", "Opened": "미개설", "차선": null, "도로폭": null, "변경여부": null, "비고": null, "기존": "미개설", "기타": null, "종점": null, "기점": null, "구분": null, "정비사항": null, "연장": "0.8" }, "geometry": { "type": "MultiLineString", "coordinates": [ [ [ 127.959861261009692, 35.051426928067038 ], [ 127.960181626393734, 35.051646911322969 ], [ 127.960864171712529, 35.05216416678698 ], [ 127.961445797254569, 35.052392426601678 ], [ 127.962043703121807, 35.052667128125449 ], [ 127.962878975293293, 35.053058964275529 ], [ 127.963611387888264, 35.053265317177917 ], [ 127.964141472646091, 35.053390476353222 ], [ 127.964558964191099, 35.053573451869752 ], [ 127.964756282063661, 35.053763352073169 ], [ 127.965105046605956, 35.053988271033816 ], [ 127.966036135869075, 35.054498344209009 ], [ 127.966371285545478, 35.05463539549374 ], [ 127.966593048607777, 35.05476299972311 ], [ 127.966758911259205, 35.05495314721653 ], [ 127.966762758911216, 35.055012627273165 ] ] ] } },
{ "type": "Feature", "properties": { "fid": 247, "UserID": null, "number": "곤양307", "UMD": null, "NUM": "307", "GUBUN": "농도", "Opened": "미확장", "차선": "1", "도로폭": "2.5", "변경여부": null, "비고": null, "기존": "미확장", "기타": null, "종점": null, "기점": null, "구분": null, "정비사항": null, "연장": "1.5" }, "geometry": { "type": "MultiLineString", "coordinates": [ [ [ 127.966762758911216, 35.055012627273165 ], [ 127.966854275513953, 35.055035184662039 ], [ 127.966943103388545, 35.055096574753534 ], [ 127.967637081516415, 35.055776707681112 ], [ 127.967965029047548, 35.056102693723375 ], [ 127.968104536000624, 35.056192140150181 ], [ 127.968668248388113, 35.056498130387411 ], [ 127.968895884819077, 35.056589459491711 ], [ 127.969881305482119, 35.056899837073189 ], [ 127.970250224149154, 35.05696415964708 ], [ 127.970498112413125, 35.056905253305999 ], [ 127.970686985229534, 35.056911504266182 ], [ 127.970992793708987, 35.056960805072109 ], [ 127.971881290875828, 35.057057186218813 ], [ 127.971991443921837, 35.057058891006093 ], [ 127.972078836544128, 35.056998680005705 ], [ 127.972213608285514, 35.056953613728155 ], [ 127.972559154487683, 35.05690427009381 ], [ 127.972785307907387, 35.056870113851126 ], [ 127.973080327701112, 35.056805649414564 ], [ 127.973219649211345, 35.056746314714026 ], [ 127.973472085153745, 35.056673135015792 ], [ 127.973604422452809, 35.056555638971744 ], [ 127.973676189182044, 35.056504608220585 ], [ 127.973746229074933, 35.056440654188442 ], [ 127.973857730503781, 35.056290982377483 ], [ 127.974073413336725, 35.056170229231959 ], [ 127.974251662458855, 35.056076944283888 ], [ 127.974324724912464, 35.056002615962306 ], [ 127.974379975397383, 35.055885738243475 ], [ 127.974372115273013, 35.055753842944171 ], [ 127.974346996649828, 35.055625967402527 ], [ 127.974349297747239, 35.055554794856384 ], [ 127.974505096289974, 35.055293507540526 ], [ 127.974528227787985, 35.054989299784857 ], [ 127.974615124460968, 35.054887692224305 ], [ 127.974819047192696, 35.054439723529597 ], [ 127.975072169529881, 35.05389562443024 ], [ 127.975168718378768, 35.053812050829713 ], [ 127.975252471123255, 35.05357850961245 ], [ 127.975260022291025, 35.053287364027611 ], [ 127.975167161101311, 35.052887060280916 ], [ 127.975070438061977, 35.052691193771444 ], [ 127.974819439995187, 35.052222300345889 ], [ 127.974637495670919, 35.052003831473115 ], [ 127.974569705072796, 35.051859480494173 ], [ 127.974574819466355, 35.051627865136879 ], [ 127.974500245275948, 35.051442169851939 ], [ 127.974382810810027, 35.050959265225138 ], [ 127.974338776942417, 35.050695701824282 ], [ 127.974245127862744, 35.050493341303181 ], [ 127.974217034135705, 35.050379720329687 ] ] ] } },
{ "type": "Feature", "properties": { "fid": 249, "UserID": null, "number": "곤양308", "UMD": null, "NUM": "308", "GUBUN": "농도", "Opened": "미확장", "차선": "1", "도로폭": "2.5", "변경여부": null, "비고": null, "기존": "미확장", "기타": null, "종점": null, "기점": null, "구분": null, "정비사항": null, "연장": "1.9" }, "geometry": { "type": "MultiLineString", "coordinates": [ [ [ 127.928725105904945, 35.066248180552996 ], [ 127.925386755877753, 35.067419928329684 ], [ 127.925757489289936, 35.068201089726088 ], [ 127.925915248556848, 35.068515551599887 ], [ 127.926241934806782, 35.0684613085539 ], [ 127.926581207927953, 35.068406968468992 ], [ 127.926953580782694, 35.06835754931712 ], [ 127.927105616797022, 35.068304638670917 ], [ 127.927244597114708, 35.068210428814332 ], [ 127.927527686807863, 35.068058193383806 ], [ 127.927922955745373, 35.067946497911826 ], [ 127.928183438115553, 35.067882406451218 ], [ 127.928418774913681, 35.067821094352496 ], [ 127.92861064219521, 35.067811863177177 ], [ 127.929029079417944, 35.067800896379715 ], [ 127.929107984115973, 35.067820991358516 ], [ 127.929222676706075, 35.067944309175616 ], [ 127.929431096232534, 35.06807106217974 ], [ 127.929633639664715, 35.068106755147369 ], [ 127.929988801107768, 35.068204941941396 ], [ 127.930065942222697, 35.068208231540687 ], [ 127.930346053229158, 35.068209964294724 ], [ 127.93049996842683, 35.068184202973967 ], [ 127.930528774335457, 35.068226674503336 ], [ 127.930577986099678, 35.068541962941076 ], [ 127.93071482725162, 35.068675459066576 ], [ 127.930862875489225, 35.068687259984088 ], [ 127.931469123894985, 35.069279007051165 ], [ 127.932102909146337, 35.069939106100477 ], [ 127.932000532675715, 35.070069264147996 ], [ 127.931934918719548, 35.070249594416801 ], [ 127.931812277899226, 35.070396726282567 ], [ 127.931628271931146, 35.070544329429659 ], [ 127.930620839567169, 35.071207976385224 ], [ 127.930653009895622, 35.071546682216258 ], [ 127.930533828372589, 35.072137529624406 ], [ 127.93040166443906, 35.072542631339878 ], [ 127.930293292274882, 35.072716168411802 ], [ 127.930227792854282, 35.07290316770932 ], [ 127.930296786889386, 35.073158793507851 ], [ 127.93056044381224, 35.073631726838862 ], [ 127.930638040087089, 35.073776765264903 ], [ 127.9308401891833, 35.074004220671675 ], [ 127.931081094418033, 35.074349299599731 ], [ 127.931224770951019, 35.074736140794933 ], [ 127.931230189130417, 35.075030048209392 ], [ 127.931312732707369, 35.075159298785287 ], [ 127.931344125407648, 35.075360720384175 ] ] ] } },
{ "type": "Feature", "properties": { "fid": 251, "UserID": null, "number": "곤양309", "UMD": null, "NUM": "309", "GUBUN": "농도", "Opened": "미개설", "차선": null, "도로폭": null, "변경여부": null, "비고": null, "기존": "미개설", "기타": null, "종점": "중항리 산 90-11", "기점": "환덕리 1172-484", "구분": "노선단축", "정비사항": "환덕리 1172-466로 기점 변경 후 일부구간 곤양103호선 편입", "연장": "0.6" }, "geometry": { "type": "MultiLineString", "coordinates": [ [ [ 128.011172911427508, 35.051275211294701 ], [ 128.012695154458413, 35.049333068542161 ], [ 128.014547363986139, 35.048637481409905 ], [ 128.015712850482544, 35.048446820581688 ], [ 128.016597127677244, 35.048460112724136 ] ] ] } },
{ "type": "Feature", "properties": { "fid": 252, "UserID": null, "number": "곤양309", "UMD": null, "NUM": "309", "GUBUN": "농도", "Opened": "미확장", "차선": "1", "도로폭": "2.5", "변경여부": null, "비고": null, "기존": "미확장", "기타": null, "종점": "중항리 산 90-11", "기점": "환덕리 1172-466", "구분": "노선단축", "정비사항": "환덕리 1172-466로 기점 변경 후 일부구간 곤양103호선 편입", "연장": "0.4" }, "geometry": { "type": "MultiLineString", "coordinates": [ [ [ 128.016597127677244, 35.048460112724136 ], [ 128.017679539446078, 35.04795942886782 ], [ 128.017799374831384, 35.047981710213612 ], [ 128.017853433940616, 35.048027830058473 ], [ 128.017968229492368, 35.048151062582711 ], [ 128.018021967777116, 35.048171310924062 ], [ 128.018203952338638, 35.048130972420701 ], [ 128.018502594382369, 35.048110353559039 ], [ 128.018707146424589, 35.048113810826017 ], [ 128.018871054798041, 35.048121743355921 ], [ 128.019149075430931, 35.048148344512917 ], [ 128.019255335521223, 35.048164024443317 ], [ 128.019378551995771, 35.048180745315307 ], [ 128.019487886910753, 35.04818562097158 ], [ 128.019614774347218, 35.04823950608084 ], [ 128.019798005947479, 35.048314973241901 ], [ 128.019868039842123, 35.048338133208738 ], [ 128.019889274600899, 35.048303122996565 ], [ 128.019913603566835, 35.048275146062785 ], [ 128.019968571896925, 35.048239529099611 ], [ 128.020030361779135, 35.04820895856853 ], [ 128.020095758304052, 35.0481914070755 ], [ 128.020186190122985, 35.048183421684698 ], [ 128.020286132031686, 35.04818322318669 ], [ 128.020484016303669, 35.048177765460608 ], [ 128.020687097385519, 35.048171615885273 ], [ 128.020756010952681, 35.048170909507654 ], [ 128.020795503067092, 35.048184222407578 ], [ 128.020833775138755, 35.048203813710884 ], [ 128.020886053934731, 35.048226835367139 ] ] ] } },
{ "type": "Feature", "properties": { "fid": 253, "UserID": null, "number": "곤양310", "UMD": null, "NUM": "310", "GUBUN": "농도", "Opened": "현황도로", "차선": "1", "도로폭": "4", "변경여부": "변경", "비고": "미확장-현황도로", "기존": "미확장", "기타": null, "종점": null, "기점": null, "구분": null, "정비사항": null, "연장": "0.3" }, "geometry": { "type": "MultiLineString", "coordinates": [ [ [ 128.024533032957351, 35.077697155685883 ], [ 128.0246131658308, 35.07776093876771 ], [ 128.024690170391125, 35.077825949439742 ], [ 128.024891197534998, 35.077979603362174 ], [ 128.02503840882855, 35.078086703032589 ], [ 128.025082729313368, 35.078122310563757 ], [ 128.025107859903301, 35.078142495193681 ], [ 128.025372285949402, 35.078333685017355 ], [ 128.025668279066423, 35.078552510427663 ], [ 128.025780763006026, 35.078638905824036 ], [ 128.025788216363338, 35.078644626089527 ], [ 128.025887889062602, 35.078724095311848 ], [ 128.026089364278079, 35.078879165942801 ], [ 128.026182302635817, 35.078947818976737 ], [ 128.026306767926712, 35.079012408108937 ], [ 128.026389655231014, 35.079045801561335 ], [ 128.026499470678175, 35.079069073272791 ], [ 128.026790002419574, 35.079135429458923 ], [ 128.026887787059565, 35.079153439554936 ], [ 128.02695534256307, 35.07915398240614 ], [ 128.027262712984168, 35.079218760255543 ], [ 128.027457464734567, 35.07927932506265 ], [ 128.027567671827882, 35.079304753116439 ] ] ] } },
{ "type": "Feature", "properties": { "fid": 255, "UserID": null, "number": "곤양310", "UMD": null, "NUM": "310", "GUBUN": "농도", "Opened": "미확장", "차선": "1", "도로폭": "2", "변경여부": null, "비고": null, "기존": "미확장", "기타": null, "종점": null, "기점": null, "구분": null, "정비사항": null, "연장": "0.6" }, "geometry": { "type": "MultiLineString", "coordinates": [ [ [ 128.032359105014706, 35.08012098608306 ], [ 128.032758927374033, 35.080127931120543 ], [ 128.032786892750153, 35.080348915163597 ], [ 128.032795975106382, 35.080570060021756 ], [ 128.032731122986434, 35.080668933340498 ], [ 128.032729182212677, 35.080764683455413 ], [ 128.032797360461785, 35.080929696014422 ], [ 128.032851922591703, 35.081263005116035 ], [ 128.033058498481211, 35.081670053617998 ], [ 128.033240272652165, 35.081857384607744 ], [ 128.033279050985016, 35.081937263374726 ], [ 128.033303985436874, 35.082167328921187 ], [ 128.033317227001078, 35.082218963951441 ], [ 128.0333524341643, 35.082265237006091 ], [ 128.033671613139546, 35.082366012304817 ], [ 128.03421325696732, 35.082635657491032 ], [ 128.034453952396916, 35.082752624424259 ], [ 128.03471801903035, 35.082975474544448 ], [ 128.035040382356158, 35.083078806408032 ], [ 128.035238955924257, 35.083100397771126 ], [ 128.035333279681623, 35.083109047851337 ], [ 128.0354186131365, 35.083119562944439 ], [ 128.035593405276501, 35.083247257201315 ], [ 128.035820038808822, 35.083380082527952 ], [ 128.035938889629136, 35.083464546731726 ], [ 128.036025143712237, 35.083541301955051 ] ] ] } },
{ "type": "Feature", "properties": { "fid": 256, "UserID": null, "number": "곤양310", "UMD": null, "NUM": "310", "GUBUN": "농도", "Opened": "미개설", "차선": null, "도로폭": null, "변경여부": null, "비고": null, "기존": "미개설", "기타": null, "종점": null, "기점": null, "구분": null, "정비사항": null, "연장": "0.4" }, "geometry": { "type": "MultiLineString", "coordinates": [ [ [ 128.027567671827882, 35.079304753116439 ], [ 128.027713609793807, 35.079325727007912 ], [ 128.030057304079548, 35.0797938496124 ], [ 128.03079070193516, 35.080046357082544 ], [ 128.032359105014706, 35.08012098608306 ] ] ] } },
{ "type": "Feature", "properties": { "fid": 257, "UserID": null, "number": "곤명101", "UMD": null, "NUM": "101", "GUBUN": "면도", "Opened": "현황도로", "차선": "2", "도로폭": "10", "변경여부": "변경", "비고": "미확장-현황도로", "기존": "미확장", "기타": null, "종점": null, "기점": null, "구분": null, "정비사항": null, "연장": "1.8" }, "geometry": { "type": "MultiLineString", "coordinates": [ [ [ 127.940179596816563, 35.087260378507331 ], [ 127.93976321879785, 35.087214711918136 ], [ 127.939619827230416, 35.087206155755325 ], [ 127.939471660683196, 35.087223756441745 ], [ 127.939309261505713, 35.08725824396133 ], [ 127.939214190676083, 35.087297528823633 ], [ 127.939056911944931, 35.087353627681921 ], [ 127.93891847091659, 35.087414267256101 ], [ 127.93879627442503, 35.087490539334574 ], [ 127.938711892968485, 35.087566080186619 ], [ 127.938624148235789, 35.087654009321078 ], [ 127.93855572518801, 35.087722720350847 ], [ 127.938456263918368, 35.087798515929599 ], [ 127.938355570941866, 35.087862716013547 ], [ 127.938254640531326, 35.08790314385876 ], [ 127.938126633793843, 35.087938641119592 ], [ 127.938006804362189, 35.087960600789515 ], [ 127.937817772125683, 35.087962042607039 ], [ 127.93745711716538, 35.087959824966639 ], [ 127.93691200289922, 35.08795221268722 ], [ 127.936351476280691, 35.087948777714843 ], [ 127.936039123239311, 35.087953839838086 ], [ 127.935823858595853, 35.087973507684964 ], [ 127.93527605359219, 35.088065836241789 ], [ 127.934603989427899, 35.088174175593309 ], [ 127.934010207402764, 35.088265771492225 ], [ 127.933828305283413, 35.088306951154962 ], [ 127.93363181654486, 35.088379644092363 ], [ 127.933496647612799, 35.088453635652435 ], [ 127.933359452924932, 35.088545773158337 ], [ 127.933232811224002, 35.088660286888498 ], [ 127.933105539450821, 35.088841374259168 ], [ 127.933032498216193, 35.088985165925372 ], [ 127.932965217962831, 35.089137041924793 ], [ 127.932908648649317, 35.089234425897857 ], [ 127.932871687657197, 35.089296379791762 ], [ 127.932802769109912, 35.089373726881519 ], [ 127.932664253678752, 35.089469243413276 ], [ 127.932425088874552, 35.089610029086373 ], [ 127.932225107479042, 35.089719721776383 ], [ 127.932054936784866, 35.089780709054168 ], [ 127.931827539662379, 35.089793551983099 ], [ 127.931679209183386, 35.089790098332031 ], [ 127.931542259187438, 35.089768313094801 ], [ 127.931365111332042, 35.089716997513854 ], [ 127.931027835746434, 35.089614299514857 ], [ 127.930404577274473, 35.089424513847362 ], [ 127.929934202624125, 35.08929498482366 ], [ 127.929753510022124, 35.089240997096674 ], [ 127.929697068613478, 35.089235270639513 ], [ 127.929621426367405, 35.089236188880719 ], [ 127.929573809378979, 35.08924039540296 ], [ 127.929395564028098, 35.089296760130708 ], [ 127.929184096145732, 35.089368518844495 ], [ 127.928970947847404, 35.089409442060735 ], [ 127.928764723582347, 35.089399059171704 ], [ 127.928421435884005, 35.08934979525894 ], [ 127.927953295715355, 35.089284016374407 ], [ 127.927658213543893, 35.089214629902834 ], [ 127.927507572426407, 35.089178746916424 ], [ 127.927200768933901, 35.089049327034431 ], [ 127.926989280094844, 35.088963556483719 ], [ 127.926788213773378, 35.088877877132838 ], [ 127.926635717183913, 35.088852382517828 ], [ 127.926350339954638, 35.088837869553565 ], [ 127.925679366117151, 35.088821653234966 ], [ 127.925356272047281, 35.08882221455832 ], [ 127.924988188723134, 35.088817267893546 ], [ 127.92478604629089, 35.088813762855942 ], [ 127.924637842605193, 35.088829571258351 ], [ 127.924483320734382, 35.088850459915861 ], [ 127.923660105304194, 35.088998968093264 ], [ 127.923261748083732, 35.089066116097555 ], [ 127.923050748388675, 35.089101911484583 ], [ 127.922568670092019, 35.089145570890011 ], [ 127.922232574331801, 35.089183677695296 ], [ 127.922027783213096, 35.089222950343007 ], [ 127.921940020674128, 35.08923929278528 ], [ 127.921883431127767, 35.089253670869972 ], [ 127.921864604473086, 35.089259985523228 ], [ 127.921827420859444, 35.089274645631171 ] ] ] } },
{ "type": "Feature", "properties": { "fid": 262, "UserID": null, "number": "곤명102", "UMD": null, "NUM": "102", "GUBUN": "면도", "Opened": "현황도로", "차선": "2", "도로폭": "8", "변경여부": null, "비고": null, "기존": "현황도로", "기타": null, "종점": null, "기점": null, "구분": null, "정비사항": null, "연장": "2" }, "geometry": { "type": "MultiLineString", "coordinates": [ [ [ 127.946644273206886, 35.085872350708527 ], [ 127.946589839324034, 35.085792565796552 ], [ 127.946608822611111, 35.085528501254196 ], [ 127.94668253830045, 35.085370093424942 ], [ 127.947141626358288, 35.08505601848502 ], [ 127.947320103735208, 35.0849744143813 ], [ 127.947775017171296, 35.084844076156394 ], [ 127.947985870128448, 35.084568161876518 ], [ 127.948225220705652, 35.084263759382225 ], [ 127.9482803697218, 35.08418492603132 ], [ 127.948335765747842, 35.084105122448584 ], [ 127.948372611959797, 35.084037621968129 ], [ 127.948455104395833, 35.083876195961857 ], [ 127.948487413300128, 35.083771881340923 ], [ 127.948522940837293, 35.083634494874886 ], [ 127.948552405149798, 35.083504109036966 ], [ 127.948586408077418, 35.083358226507045 ], [ 127.948632666217165, 35.083244212907523 ], [ 127.948693283894457, 35.083138763650737 ], [ 127.948753180765209, 35.08304432070198 ], [ 127.948809136990818, 35.082965342011626 ], [ 127.948853319229087, 35.082919403437671 ], [ 127.948891934235363, 35.082877209128625 ], [ 127.94894059910942, 35.082828275541175 ], [ 127.94900531193673, 35.082779946259507 ], [ 127.949063992537418, 35.082734861804745 ], [ 127.94913266042596, 35.082691015420579 ], [ 127.949277737175038, 35.082613939441949 ], [ 127.949439098931308, 35.082540376955194 ], [ 127.94953016726609, 35.082491343099811 ], [ 127.949588355319307, 35.082453437059392 ], [ 127.949646444161942, 35.082398155924643 ], [ 127.949692837630025, 35.082344431462978 ], [ 127.949741267616702, 35.08227665980278 ], [ 127.949777793241338, 35.082185003937902 ], [ 127.949815011515241, 35.082069591107356 ], [ 127.94990355923396, 35.081831119706763 ], [ 127.949994028410458, 35.081620367812704 ], [ 127.950095999867585, 35.081418226800395 ], [ 127.950183808703883, 35.081233588422585 ], [ 127.950275964857042, 35.081055857654512 ], [ 127.950420630304123, 35.080760486707945 ], [ 127.950553280710423, 35.080502968235962 ], [ 127.95065800219561, 35.080296393911468 ], [ 127.950728897913393, 35.080183918920106 ], [ 127.951043135659447, 35.079824078508857 ], [ 127.951368297268573, 35.079451045241292 ], [ 127.951589412826863, 35.079128618448813 ], [ 127.951782447047606, 35.078861877792079 ], [ 127.951905738952576, 35.07870452883882 ], [ 127.952056433800038, 35.078553891681352 ], [ 127.952241171870213, 35.078385019438947 ], [ 127.952414142325054, 35.078254956893517 ], [ 127.952507281940029, 35.078198321319732 ], [ 127.952573115415035, 35.078161831874219 ], [ 127.952645733837244, 35.078123548127422 ], [ 127.952711015747852, 35.078048827801759 ], [ 127.952808074351225, 35.077943363639221 ], [ 127.952971687130216, 35.077517184417914 ], [ 127.953123207638711, 35.077014034717216 ], [ 127.953218607413135, 35.076286220637456 ], [ 127.953304486815867, 35.075822397844952 ], [ 127.953553019798093, 35.075271911344721 ], [ 127.953691761250951, 35.074977781986966 ], [ 127.953797659950368, 35.074778076429453 ], [ 127.953908552919501, 35.074642877901695 ], [ 127.954019433740811, 35.074512717057772 ], [ 127.954239500015731, 35.074221194843155 ], [ 127.954274764232295, 35.074006161666212 ], [ 127.954259404988377, 35.073768240060176 ], [ 127.954151983937265, 35.073704656693629 ], [ 127.954083092020895, 35.073704909246537 ], [ 127.954020804186939, 35.073699498465054 ], [ 127.953974601278873, 35.073696287328161 ], [ 127.953897290451863, 35.073681585757015 ], [ 127.953830793013665, 35.073665548649714 ], [ 127.953706717994194, 35.073625805585678 ], [ 127.953012574179596, 35.073425581970113 ], [ 127.952683361310079, 35.073336920919253 ], [ 127.952499405089583, 35.073285633374702 ], [ 127.952386314054934, 35.073252891009588 ], [ 127.952209848350705, 35.073201155970644 ], [ 127.951590548336242, 35.073014592460098 ], [ 127.95135889666885, 35.072937786645348 ], [ 127.950720023013531, 35.072728628897366 ], [ 127.950193757325067, 35.072556402748248 ], [ 127.950061258697787, 35.072516768025686 ], [ 127.949960094036769, 35.072482249130466 ], [ 127.949940847664479, 35.0724698784528 ], [ 127.949819310369222, 35.072349836635148 ] ] ] } },
{ "type": "Feature", "properties": { "fid": 263, "UserID": null, "number": "곤명102", "UMD": null, "NUM": "102", "GUBUN": "면도", "Opened": "미확장", "차선": "1", "도로폭": "4", "변경여부": null, "비고": null, "기존": "미확장", "기타": null, "종점": null, "기점": null, "구분": null, "정비사항": null, "연장": "0.4" }, "geometry": { "type": "MultiLineString", "coordinates": [ [ [ 127.9445833078547, 35.088946747713749 ], [ 127.944989853892181, 35.088441621520808 ], [ 127.944997595478426, 35.088294078562136 ], [ 127.945305009074644, 35.087655178308388 ], [ 127.945383011203688, 35.087595059627937 ], [ 127.945454210528027, 35.087491007892403 ], [ 127.945506040998893, 35.08738812143266 ], [ 127.94554630774681, 35.087288471392071 ], [ 127.945563580453282, 35.087148616298094 ], [ 127.945665537713921, 35.086982226617934 ], [ 127.945944681768964, 35.08689466454021 ], [ 127.94615835477984, 35.086861948430659 ], [ 127.946242650566816, 35.086801780090134 ], [ 127.946357021992668, 35.086646613989984 ], [ 127.946466043887483, 35.086520595765357 ], [ 127.946691716198785, 35.086164358203028 ], [ 127.946713236436523, 35.085974819278015 ], [ 127.946644273206886, 35.085872350708527 ] ] ] } },
{ "type": "Feature", "properties": { "fid": 264, "UserID": null, "number": "곤명102", "UMD": null, "NUM": "102", "GUBUN": "면도", "Opened": "미개설", "차선": null, "도로폭": null, "변경여부": null, "비고": null, "기존": "미개설", "기타": null, "종점": null, "기점": null, "구분": null, "정비사항": null, "연장": "0.1" }, "geometry": { "type": "MultiLineString", "coordinates": [ [ [ 127.943916006055588, 35.09004383320341 ], [ 127.944594152811121, 35.08906827169838 ], [ 127.9445833078547, 35.088946747713749 ] ] ] } },
{ "type": "Feature", "properties": { "fid": 266, "UserID": null, "number": "곤명102", "UMD": null, "NUM": "102", "GUBUN": "면도", "Opened": "미확장", "차선": "1", "도로폭": "4", "변경여부": null, "비고": null, "기존": "미확장", "기타": null, "종점": null, "기점": null, "구분": null, "정비사항": null, "연장": "0.2" }, "geometry": { "type": "MultiLineString", "coordinates": [ [ [ 127.943925333012814, 35.091399565390887 ], [ 127.943906856045146, 35.090795368671834 ], [ 127.943921461835302, 35.09051728747778 ], [ 127.943916006055588, 35.09004383320341 ] ] ] } },
{ "type": "Feature", "properties": { "fid": 267, "UserID": null, "number": "곤명102", "UMD": null, "NUM": "102", "GUBUN": "면도", "Opened": "미개설", "차선": null, "도로폭": null, "변경여부": null, "비고": null, "기존": "미개설", "기타": null, "종점": null, "기점": null, "구분": null, "정비사항": null, "연장": "0.2" }, "geometry": { "type": "MultiLineString", "coordinates": [ [ [ 127.944399892480376, 35.093379121946178 ], [ 127.944185073614307, 35.092221634100504 ], [ 127.943989956701316, 35.091543957418786 ], [ 127.943925333012814, 35.091399565390887 ] ] ] } },
{ "type": "Feature", "properties": { "fid": 268, "UserID": null, "number": "곤명201", "UMD": null, "NUM": "201", "GUBUN": "리도", "Opened": "현황도로", "차선": "2", "도로폭": "8", "변경여부": null, "비고": null, "기존": "현황도로", "기타": null, "종점": null, "기점": "삼정리 27-18", "구분": "시점변경", "정비사항": null, "연장": "2" }, "geometry": { "type": "MultiLineString", "coordinates": [ [ [ 127.905045076863004, 35.145654327420083 ], [ 127.904885274490837, 35.145616288895361 ], [ 127.903765897430134, 35.145509851511832 ], [ 127.903024679782092, 35.145433887720024 ], [ 127.902527886054443, 35.145389870256096 ], [ 127.902401024503533, 35.145378625105572 ], [ 127.901772193429977, 35.145217557730966 ], [ 127.9014776980585, 35.1450675265787 ], [ 127.901330322999243, 35.145010956894431 ], [ 127.900925899327518, 35.144951830120625 ], [ 127.900792119395845, 35.144923063509282 ], [ 127.900634058315362, 35.14485917657526 ], [ 127.90024138002083, 35.144605122005252 ], [ 127.900175100671547, 35.144585924938376 ], [ 127.900070638818789, 35.144583816620319 ], [ 127.899996179921175, 35.144610614090375 ], [ 127.899901428596337, 35.144646297868178 ], [ 127.899831427641971, 35.144680848257181 ], [ 127.899547589498283, 35.144765782488243 ], [ 127.899456443224338, 35.144786668097865 ], [ 127.899371595322037, 35.144805096516656 ], [ 127.899162222612773, 35.144814365440816 ], [ 127.898996794288806, 35.144813203925999 ], [ 127.898796944799912, 35.144794675592962 ], [ 127.898680766862043, 35.144767102959861 ], [ 127.898493852903556, 35.144705333082506 ], [ 127.898317212628214, 35.144669735732798 ], [ 127.898218989523144, 35.144663656771762 ], [ 127.89812306879017, 35.144672775840576 ], [ 127.897955570253373, 35.144709197455839 ], [ 127.897836976516544, 35.144756540170633 ], [ 127.897757010084689, 35.144803653419189 ], [ 127.897641368023216, 35.144873638144247 ], [ 127.897566489871394, 35.144906387957491 ], [ 127.897441725371081, 35.144942721742595 ], [ 127.897359251262699, 35.144959305092534 ], [ 127.897244592795445, 35.144976128394099 ], [ 127.896739284128358, 35.145025299514714 ], [ 127.896375894938018, 35.145074005368308 ], [ 127.896215772149247, 35.145110148244733 ], [ 127.895878988303878, 35.14519815336233 ], [ 127.895501542257321, 35.145304387364142 ], [ 127.895152339443783, 35.145401653946003 ], [ 127.894691704050615, 35.145508698243816 ], [ 127.894495457010791, 35.14554620109822 ], [ 127.894313601396476, 35.145564431277215 ], [ 127.894210123534435, 35.14557068842182 ], [ 127.894114549249238, 35.145569815048383 ], [ 127.894011898375069, 35.14556122133186 ], [ 127.89388358234693, 35.145540778746231 ], [ 127.893805354368382, 35.145521386575652 ], [ 127.893700524326846, 35.145486287440164 ], [ 127.893594934595129, 35.145461513823321 ], [ 127.893474537730995, 35.145439719156499 ], [ 127.893352624488912, 35.145429537606347 ], [ 127.893223559026865, 35.145428198179538 ], [ 127.893185120572141, 35.145431924374748 ], [ 127.893123505988612, 35.14543799050206 ], [ 127.893032004526304, 35.145447711585639 ], [ 127.892903167488868, 35.145473292738458 ], [ 127.8928004925002, 35.145505787789723 ], [ 127.892716679395804, 35.145534998142374 ], [ 127.892607850325433, 35.145589485032239 ], [ 127.89181860802681, 35.146012185731003 ], [ 127.891383442544779, 35.146244743356462 ], [ 127.891001609562565, 35.14645708006897 ], [ 127.890362569006314, 35.146792724212979 ], [ 127.890211595783796, 35.146860644304013 ], [ 127.890105227502119, 35.146898471288345 ], [ 127.890013662302991, 35.146926356513838 ], [ 127.889834784120993, 35.146963634550623 ], [ 127.889726882278211, 35.146977424359903 ], [ 127.889572225612952, 35.146990799202257 ], [ 127.889459272556238, 35.147007548727458 ], [ 127.889360916837219, 35.147036736351929 ], [ 127.888768957944237, 35.147238242607877 ], [ 127.888670899746856, 35.147260902063159 ], [ 127.888521355456106, 35.147286176389095 ], [ 127.888372121850423, 35.147297015002778 ], [ 127.888275136650023, 35.147293354348335 ], [ 127.888156643517732, 35.147284775906186 ], [ 127.888041821404229, 35.147287138328636 ], [ 127.887958325607855, 35.147292797326706 ], [ 127.887822909003972, 35.147321392043914 ], [ 127.887662439573063, 35.147363808441774 ], [ 127.887556472431925, 35.147399430053973 ], [ 127.887382289684751, 35.147457901204014 ], [ 127.887242000662496, 35.147491833464464 ], [ 127.887120662988252, 35.147509987406487 ], [ 127.88696970065476, 35.147515972360196 ], [ 127.886414218845474, 35.147526655581245 ], [ 127.886214523330736, 35.14754622358911 ], [ 127.886076822417053, 35.147580101371304 ], [ 127.885973584713796, 35.147609119184771 ], [ 127.885876906686889, 35.147660736009797 ], [ 127.885748324377616, 35.147732881752226 ], [ 127.885490639843951, 35.147906192244513 ], [ 127.885422438640319, 35.147937677352651 ], [ 127.885305568689276, 35.147976044733902 ], [ 127.885156602601242, 35.14800357707162 ], [ 127.885089587153942, 35.148009901218671 ], [ 127.88492797502596, 35.148009090335066 ], [ 127.884702257694897, 35.148026992470847 ], [ 127.884581720548482, 35.148029118957062 ] ] ] } },
{ "type": "Feature", "properties": { "fid": 270, "UserID": null, "number": "곤명202", "UMD": null, "NUM": "202", "GUBUN": "리도", "Opened": "미개설", "차선": null, "도로폭": null, "변경여부": null, "비고": null, "기존": "미개설", "기타": null, "종점": null, "기점": "은사리 232", "구분": "시점변경", "정비사항": "마을 주진입로를 시점으로 변경", "연장": "0.6" }, "geometry": { "type": "MultiLineString", "coordinates": [ [ [ 127.907716491047495, 35.130943941280556 ], [ 127.907788665391976, 35.130920114008191 ], [ 127.908510981234414, 35.130733582759646 ], [ 127.909228821487716, 35.130428060135344 ], [ 127.909803259965713, 35.130255567625476 ], [ 127.910181339447476, 35.13026825310903 ], [ 127.910742054337149, 35.129994950417078 ], [ 127.911447715181154, 35.129728317336138 ], [ 127.912278523182607, 35.129952345194397 ], [ 127.913465112314569, 35.130008029982108 ] ] ] } },
{ "type": "Feature", "properties": { "fid": 273, "UserID": null, "number": "곤명203", "UMD": null, "NUM": "203", "GUBUN": "리도", "Opened": "미확장", "차선": "1", "도로폭": "3", "변경여부": null, "비고": null, "기존": "미확장", "기타": null, "종점": null, "기점": null, "구분": null, "정비사항": null, "연장": "2.6" }, "geometry": { "type": "MultiLineString", "coordinates": [ [ [ 127.928602320140001, 35.137721355454438 ], [ 127.928671296313695, 35.137743205282149 ], [ 127.928717872835364, 35.137768879062293 ], [ 127.92879685603836, 35.137802045825417 ], [ 127.928918806041125, 35.137850334060126 ], [ 127.928973051492335, 35.137868206814815 ], [ 127.928994166835608, 35.137873777015393 ], [ 127.92914747050807, 35.137898839140696 ], [ 127.929234453302044, 35.137920728118964 ], [ 127.929318936521071, 35.137940938413514 ], [ 127.929372110700086, 35.137963771131453 ], [ 127.929423440413231, 35.137991233256216 ], [ 127.929491787714113, 35.138010886905825 ], [ 127.929556746510926, 35.138019743445966 ], [ 127.929624888819049, 35.138016618361952 ], [ 127.92968153209911, 35.138005522953868 ], [ 127.929728680003478, 35.137987718196321 ], [ 127.929756408581468, 35.137969670388763 ], [ 127.929792511827273, 35.137947626372522 ], [ 127.929811272138949, 35.137940337996376 ], [ 127.92983047782208, 35.137937608507848 ], [ 127.929858219469068, 35.137937853511048 ], [ 127.929877358314172, 35.137940093031666 ], [ 127.929892951423781, 35.137943543809797 ], [ 127.929910025163181, 35.137949492808758 ], [ 127.929953105242845, 35.137972650093069 ], [ 127.930014222002725, 35.138021489244771 ], [ 127.930127558734867, 35.138111112915965 ], [ 127.930185553765355, 35.138150967161998 ], [ 127.930311479189257, 35.138225141097656 ], [ 127.930445650989071, 35.13830335265024 ], [ 127.930500128718549, 35.138326857347167 ], [ 127.930522960285217, 35.138336511468502 ], [ 127.930544149878514, 35.138336284524982 ], [ 127.930553845069738, 35.138335700153483 ], [ 127.930571027259717, 35.138333367339044 ], [ 127.930586118627801, 35.138329254306889 ], [ 127.930615481884487, 35.138321230771197 ], [ 127.930693031302312, 35.138288142663768 ], [ 127.930766575640433, 35.138257732114958 ], [ 127.930867648409219, 35.138220425974403 ], [ 127.930933572712519, 35.138194089772774 ], [ 127.93101501800804, 35.138176586414559 ], [ 127.931070860332468, 35.138172806017387 ], [ 127.931106221962693, 35.138168976959406 ], [ 127.93119760452872, 35.138163156886755 ], [ 127.931286990594543, 35.138155662600703 ], [ 127.93140311562037, 35.138147990093842 ], [ 127.931441227939033, 35.138148299373071 ], [ 127.931520970546117, 35.138145275518831 ], [ 127.931566929623457, 35.138141125809497 ], [ 127.931602812440175, 35.13813605862785 ], [ 127.931626063414839, 35.138132535910522 ], [ 127.931659493434466, 35.138122063516171 ], [ 127.931708904965561, 35.138100922236646 ], [ 127.931757136414348, 35.13807732801952 ], [ 127.931787058550299, 35.138065168128591 ], [ 127.931819913215747, 35.138060074187202 ], [ 127.931854282840931, 35.138054992903648 ], [ 127.931888576719558, 35.138055709849901 ], [ 127.931917321184699, 35.138056377183631 ], [ 127.931960097047934, 35.138064208292157 ], [ 127.932001491904288, 35.138082485601231 ], [ 127.932111880109915, 35.138127770313737 ], [ 127.932173510187226, 35.138159786934224 ], [ 127.9322540357512, 35.138187139323492 ], [ 127.932291763659933, 35.138195340483982 ], [ 127.932353810180103, 35.138195473224513 ], [ 127.932418177991678, 35.138210948483319 ], [ 127.932520906544468, 35.138165275905294 ], [ 127.932885304851069, 35.138079674411969 ], [ 127.933329119083339, 35.13805297029981 ], [ 127.933739588402773, 35.138140366961323 ], [ 127.934102727276283, 35.138220364896171 ], [ 127.934802982798558, 35.13830811113511 ], [ 127.935087296783408, 35.138380951976124 ], [ 127.935399572148029, 35.138419940156282 ], [ 127.936257874509963, 35.138160628914797 ], [ 127.936350201233722, 35.138091761108512 ], [ 127.936531182717047, 35.13777996416345 ], [ 127.936689056104854, 35.137565044774675 ], [ 127.936762100669142, 35.137360375632802 ], [ 127.936824173070761, 35.136939475383613 ], [ 127.936924958833586, 35.136839260641572 ], [ 127.937067208943347, 35.136836416228505 ], [ 127.9372211115939, 35.13710910982411 ], [ 127.937290697183954, 35.137436534379098 ], [ 127.937357180097621, 35.137678503222325 ], [ 127.937423847121352, 35.137751255777651 ], [ 127.937675789566313, 35.137776198139434 ], [ 127.937951994830755, 35.13769126386773 ], [ 127.938122482529081, 35.137726167654264 ], [ 127.938308361545722, 35.137729903274035 ], [ 127.938465301345062, 35.137682114822738 ], [ 127.938693401932426, 35.137522516937246 ], [ 127.938756391475437, 35.137522028976001 ], [ 127.939043231564909, 35.137540505661036 ], [ 127.939193782453344, 35.137485003594023 ], [ 127.939712791719103, 35.137424057167479 ], [ 127.940281094956319, 35.137541256304566 ], [ 127.940303974316862, 35.137613525833224 ], [ 127.940454201764439, 35.137803827248113 ], [ 127.940459166375035, 35.137961619811982 ], [ 127.940509890444133, 35.138263951329883 ], [ 127.940567771919618, 35.138366997859855 ], [ 127.940701241828691, 35.138469457581813 ], [ 127.940830788571219, 35.138504675352458 ], [ 127.94102701780443, 35.138860212077518 ], [ 127.941232422005001, 35.138918126839357 ], [ 127.941388268027993, 35.139048873309008 ], [ 127.941620061002936, 35.139210078159621 ], [ 127.941791775123477, 35.139351050362393 ], [ 127.941877051253186, 35.139371086702013 ], [ 127.94204848776856, 35.139214510382111 ], [ 127.942576387513071, 35.139104322031237 ], [ 127.942778494675736, 35.139149322832779 ], [ 127.943020306182476, 35.139359607510457 ], [ 127.943379249360959, 35.13962072770866 ], [ 127.943654872922295, 35.139758300822322 ], [ 127.943792573593811, 35.139953870277687 ], [ 127.943863924819851, 35.140131844651535 ], [ 127.943958919787875, 35.140175090346922 ], [ 127.944211065006812, 35.140188650191526 ], [ 127.944337496220271, 35.140226475838539 ], [ 127.944360648895952, 35.140322028942073 ], [ 127.944247921350311, 35.140379830076704 ], [ 127.944037795499028, 35.140459089104695 ], [ 127.943852149148952, 35.140476059661466 ], [ 127.943751123480865, 35.140456147394694 ], [ 127.94364014149204, 35.1403923268958 ], [ 127.94353183155917, 35.14028708719556 ], [ 127.943331378282096, 35.140112705144006 ], [ 127.943125880127994, 35.140047032539108 ], [ 127.943031572053712, 35.140063290888335 ], [ 127.942956489584887, 35.14010786088248 ], [ 127.942912932616693, 35.140154772911508 ], [ 127.942904408810364, 35.140235048435073 ], [ 127.942981341414622, 35.140350882463231 ], [ 127.943061960971036, 35.140513260822381 ], [ 127.9430809318618, 35.140792551637212 ], [ 127.943185360213803, 35.141107400778111 ], [ 127.943335481491289, 35.14128734966318 ], [ 127.943368366003085, 35.141447714792641 ], [ 127.943410674646671, 35.14154788573147 ], [ 127.943443292789453, 35.141588411597134 ], [ 127.943466259469901, 35.141606133488999 ], [ 127.943518844364831, 35.141628692587133 ], [ 127.943637889973232, 35.141637701699793 ], [ 127.943811231534596, 35.141659902138478 ], [ 127.944180182046978, 35.141701512040271 ], [ 127.944364353215448, 35.141741944342428 ], [ 127.944539193145758, 35.141816895605118 ], [ 127.944649863808877, 35.141877085585236 ], [ 127.944744734921954, 35.141945700090595 ], [ 127.944821542573223, 35.142028956450027 ], [ 127.944965431050449, 35.142298108630257 ], [ 127.945248862513012, 35.142749462703456 ], [ 127.945399812838815, 35.142947155741489 ], [ 127.945439691980539, 35.143001334453672 ], [ 127.945519367802802, 35.143023218456811 ], [ 127.945613846087525, 35.143044239949575 ], [ 127.945691413772522, 35.143049242050985 ], [ 127.945756927183211, 35.143058122855678 ], [ 127.945848538583419, 35.143036395326533 ], [ 127.945894135152784, 35.143030077796844 ], [ 127.945980870676379, 35.14303124790797 ], [ 127.94606887208019, 35.143044857981565 ], [ 127.946155382163099, 35.143087794484359 ], [ 127.946263330870451, 35.143138472928584 ], [ 127.946315950923506, 35.143166096464526 ], [ 127.946355713973915, 35.143170525603715 ], [ 127.946401997335386, 35.143166259826252 ], [ 127.946471341241065, 35.143137661271339 ], [ 127.94659065769109, 35.143079161383532 ] ] ] } },
{ "type": "Feature", "properties": { "fid": 275, "UserID": null, "number": "곤명204", "UMD": null, "NUM": "204", "GUBUN": "리도", "Opened": "현황도로", "차선": "1~2", "도로폭": "7~10", "변경여부": null, "비고": null, "기존": "현황도로", "기타": null, "종점": null, "기점": null, "구분": null, "정비사항": null, "연장": "0.3" }, "geometry": { "type": "MultiLineString", "coordinates": [ [ [ 127.95822118075381, 35.117164705910646 ], [ 127.957442568251736, 35.116625473075629 ], [ 127.957691149974025, 35.116505236511017 ], [ 127.957836765543959, 35.116472692596304 ], [ 127.95798031152809, 35.11646640760155 ], [ 127.958057335652242, 35.116469918749885 ], [ 127.958169654738143, 35.11647804862384 ], [ 127.958309326526262, 35.116481415397686 ], [ 127.958399025103361, 35.116473540107336 ], [ 127.958456143163417, 35.116463963946302 ], [ 127.958501467034864, 35.116438475189959 ], [ 127.958562310099524, 35.116399693460998 ], [ 127.95874740767789, 35.116242324753216 ], [ 127.958844320313801, 35.116147210937974 ], [ 127.958892025160807, 35.116123105598327 ], [ 127.958954905173414, 35.116096650220669 ], [ 127.95900561745664, 35.11608789297739 ], [ 127.959107983038237, 35.116073342032813 ], [ 127.959167111457646, 35.116072976186359 ], [ 127.959264330401922, 35.116078188845741 ], [ 127.95954866107239, 35.116144219916251 ], [ 127.959840953379953, 35.116194882055744 ] ] ] } },
{ "type": "Feature", "properties": { "fid": 276, "UserID": null, "number": "곤명204", "UMD": null, "NUM": "204", "GUBUN": "리도", "Opened": "미확장", "차선": "1", "도로폭": "3", "변경여부": null, "비고": null, "기존": "미확장", "기타": null, "종점": null, "기점": null, "구분": null, "정비사항": null, "연장": "0.8" }, "geometry": { "type": "MultiLineString", "coordinates": [ [ [ 127.945703551145073, 35.121949005779513 ], [ 127.945953725145515, 35.122000025654586 ], [ 127.946062238828773, 35.122093900221692 ], [ 127.946148998323238, 35.122121477512728 ], [ 127.946230633475025, 35.122118548206949 ], [ 127.946388847102341, 35.122089346102172 ], [ 127.946521537730234, 35.122061454033137 ], [ 127.946636550888954, 35.122052278292003 ], [ 127.946717240588256, 35.122081845426464 ], [ 127.946755885944299, 35.122116106870692 ], [ 127.946829750091823, 35.12215158514347 ], [ 127.94697059843493, 35.12222953776368 ], [ 127.947068288488126, 35.122281240600593 ], [ 127.947154134635852, 35.122325890069291 ], [ 127.947214163279483, 35.122332631224062 ], [ 127.947271395015306, 35.122328793194548 ], [ 127.947369947307607, 35.122324693091741 ], [ 127.947434329899352, 35.122335005305757 ], [ 127.947476260496785, 35.122362850815797 ], [ 127.947528317440955, 35.122408782341026 ], [ 127.947591379288241, 35.122455135148385 ], [ 127.947691074386626, 35.122486279120672 ], [ 127.947752156652868, 35.122484475753403 ], [ 127.947818835341934, 35.122487784232788 ], [ 127.947884449028706, 35.122479954383543 ], [ 127.947953527264346, 35.122462623536947 ], [ 127.948003426513068, 35.122450921986854 ], [ 127.948060867942914, 35.122430237488089 ], [ 127.948080292000952, 35.122416068375763 ], [ 127.948109058054982, 35.122368998037167 ], [ 127.948131476534314, 35.122310290732734 ], [ 127.948140243712572, 35.122273069839473 ], [ 127.948158743457171, 35.12223622891004 ], [ 127.94818937810625, 35.122196772901333 ], [ 127.948221852476308, 35.122164986531828 ], [ 127.948278292436441, 35.122112730045806 ], [ 127.948322142960123, 35.122040777793075 ], [ 127.948351945212323, 35.121933138642731 ], [ 127.948369976113298, 35.121770381783513 ], [ 127.948372491348962, 35.121720181795112 ], [ 127.948384333612893, 35.121668485675457 ], [ 127.948407841943705, 35.121607633980162 ], [ 127.948462739895476, 35.121546447568853 ], [ 127.948651700486522, 35.121439610189753 ], [ 127.949230260916025, 35.121148072798142 ], [ 127.949438288350464, 35.121034140497414 ], [ 127.949521996448283, 35.120978493164536 ], [ 127.949583884710663, 35.120906867205058 ], [ 127.949603706896795, 35.120857485254973 ], [ 127.949627747633912, 35.120785910053684 ], [ 127.949619050716464, 35.120708394229482 ], [ 127.949529746495756, 35.120605733135271 ], [ 127.949486618406709, 35.120548502984917 ], [ 127.949430913158125, 35.120413741738339 ], [ 127.949509501013011, 35.12014185860918 ], [ 127.949637313165468, 35.119995192716765 ], [ 127.949988854233709, 35.119991535732112 ], [ 127.950286092164376, 35.119996132814329 ], [ 127.950537069102751, 35.119977578091728 ], [ 127.950690357561783, 35.119965113699067 ], [ 127.950760236139175, 35.119950451265012 ], [ 127.950843469194879, 35.11992902745542 ], [ 127.950921120538808, 35.11988824025601 ], [ 127.951036807200225, 35.119806422718113 ], [ 127.951105073659633, 35.119736162378565 ], [ 127.951257362951708, 35.119557619296906 ], [ 127.951304613429258, 35.119489345086855 ], [ 127.951363194354968, 35.119449771377617 ], [ 127.951443072761052, 35.119427369416975 ], [ 127.951530934889618, 35.119386670267062 ], [ 127.951569468608469, 35.119371332338055 ], [ 127.95159659370718, 35.119329709009314 ], [ 127.951585614697592, 35.119256678277821 ], [ 127.951559429797626, 35.119125049602857 ], [ 127.951544975890386, 35.119033317815116 ], [ 127.951460729408694, 35.118855752593944 ], [ 127.95144909013986, 35.118834147261083 ], [ 127.95145759, 35.118823469573123 ] ] ] } },
{ "type": "Feature", "properties": { "fid": 277, "UserID": null, "number": "곤명205", "UMD": null, "NUM": "205", "GUBUN": "리도", "Opened": "현황도로", "차선": "2", "도로폭": "8", "변경여부": null, "비고": null, "기존": "현황도로", "기타": null, "종점": null, "기점": null, "구분": null, "정비사항": null, "연장": "1.9" }, "geometry": { "type": "MultiLineString", "coordinates": [ [ [ 127.97471580783656, 35.124031269594894 ], [ 127.974792605802762, 35.124015417563513 ], [ 127.974929255157733, 35.123938344903173 ], [ 127.975004825344499, 35.123899818406883 ], [ 127.975060160732724, 35.123871177973349 ], [ 127.97512784085275, 35.123839769657401 ], [ 127.97531168846939, 35.123739360950118 ], [ 127.975421510950966, 35.123677022803328 ], [ 127.975534746255022, 35.123607832266089 ], [ 127.975631679162419, 35.123540591328826 ], [ 127.975723657494399, 35.123462476500407 ], [ 127.975797378482241, 35.123397489633078 ], [ 127.975825871576973, 35.123365698143616 ], [ 127.976051539035225, 35.123071686222985 ], [ 127.976303349447818, 35.122657051923817 ], [ 127.976435433026438, 35.122459854165371 ], [ 127.977060906294156, 35.121448823787439 ], [ 127.97721022802655, 35.121215285144153 ], [ 127.977281887316863, 35.121094726443708 ], [ 127.977351485869008, 35.12096191137865 ], [ 127.977503359497078, 35.12064583562011 ], [ 127.977545568741888, 35.120538206038148 ], [ 127.977581007390953, 35.120436404361584 ], [ 127.977598644620343, 35.120354164445622 ], [ 127.977601258457511, 35.120276898337998 ], [ 127.97759351697978, 35.120146890847728 ], [ 127.977590696601609, 35.119964953896456 ], [ 127.977596248990295, 35.119895554730867 ], [ 127.977615174220716, 35.119677590738831 ], [ 127.977684844765349, 35.119416122804346 ], [ 127.97779616314395, 35.119073128885184 ], [ 127.977852294370066, 35.118974918267234 ], [ 127.977942351337873, 35.11887253499286 ], [ 127.978035888072995, 35.118777857805085 ], [ 127.978102709722947, 35.118722037208322 ], [ 127.978282658035795, 35.118591865590595 ], [ 127.978521974971457, 35.118431110129073 ], [ 127.978741731645883, 35.118282391258681 ], [ 127.978949664099588, 35.118133903761738 ], [ 127.979041895558197, 35.118075934212939 ], [ 127.979207962401901, 35.117965636131132 ], [ 127.979325701801329, 35.117909071205311 ], [ 127.979534035812932, 35.117821529817135 ], [ 127.97968444924777, 35.11777314450061 ], [ 127.980010312059406, 35.11769461871706 ], [ 127.980164463945854, 35.117653393681529 ], [ 127.980369883692859, 35.117609036618987 ], [ 127.980445765593004, 35.117598833008266 ], [ 127.980679669274878, 35.117591767167021 ], [ 127.980912162490867, 35.117615752856331 ], [ 127.981055081626423, 35.117637264575912 ], [ 127.981220529360371, 35.117646354403725 ], [ 127.981327580383791, 35.117648431274233 ], [ 127.981347788159013, 35.117648258836759 ], [ 127.981459601458056, 35.117635552833697 ], [ 127.981573116181323, 35.117610631285437 ], [ 127.981663436446539, 35.117581075608456 ], [ 127.98174087422656, 35.117548991395658 ], [ 127.981807222414986, 35.117511581360219 ], [ 127.981895411542908, 35.117436234355161 ], [ 127.981979678128525, 35.117363504426457 ], [ 127.98202114002558, 35.117315254357329 ], [ 127.982100472922767, 35.11721127914317 ], [ 127.982209165808456, 35.117043414561344 ], [ 127.982246947924679, 35.116982334830567 ], [ 127.982356949642664, 35.116821384033308 ], [ 127.982429120667788, 35.116732959104169 ], [ 127.982476885511147, 35.116685327000738 ], [ 127.982577495050649, 35.116603432195724 ], [ 127.982617763169486, 35.116577589099364 ], [ 127.982667906851091, 35.116549132486874 ], [ 127.982715798415896, 35.116520559329864 ], [ 127.982729362793023, 35.116513877428538 ], [ 127.982854179223793, 35.116459967271389 ], [ 127.983162104098298, 35.116350902706493 ], [ 127.98335545235183, 35.116282710429623 ], [ 127.983538930771132, 35.116215093566446 ], [ 127.983628386073107, 35.116182540154547 ], [ 127.983781646623143, 35.116112847568409 ], [ 127.983861743798514, 35.116055408504707 ], [ 127.983898951249941, 35.116028942837218 ], [ 127.983905967732667, 35.116023954383692 ], [ 127.983948652372234, 35.115979553485751 ], [ 127.984029556160493, 35.115908362469845 ], [ 127.984050819321538, 35.11587531854164 ], [ 127.984095926489033, 35.11581211337613 ], [ 127.984139810113973, 35.115739186903141 ], [ 127.98420459626773, 35.115586342768189 ], [ 127.984308576844043, 35.115301796522331 ], [ 127.984854255300178, 35.113714078280189 ], [ 127.984890654504994, 35.113588307822042 ], [ 127.984917799720606, 35.113513622199946 ], [ 127.984938521356611, 35.113456093883663 ], [ 127.984995360358383, 35.113344909517863 ], [ 127.985091951153237, 35.11320892706329 ], [ 127.985128089151715, 35.11313875498108 ], [ 127.985396044912804, 35.112773896228937 ], [ 127.985446816217333, 35.112726618965326 ], [ 127.985498949624002, 35.112675096466802 ], [ 127.985525730941461, 35.112643630729409 ], [ 127.985572993628381, 35.112563140386442 ], [ 127.98561733889818, 35.112488117121799 ], [ 127.985662750231427, 35.112375734615206 ], [ 127.985672087943669, 35.112343644978324 ], [ 127.985694609661849, 35.112212435935881 ], [ 127.985691982401804, 35.112149258878738 ], [ 127.985689435416319, 35.112083327117858 ], [ 127.985669556375726, 35.112004971591766 ], [ 127.985650701011068, 35.111934570435004 ], [ 127.985619673421212, 35.111862764161813 ], [ 127.985578342816694, 35.111802076071434 ], [ 127.985519112576512, 35.111707491575757 ], [ 127.985475377285312, 35.111621645761815 ], [ 127.985435808161895, 35.111517807272421 ], [ 127.985435525232006, 35.111461631950959 ], [ 127.985453973188626, 35.111384108576061 ], [ 127.985475846963666, 35.111334078176839 ], [ 127.985498730185824, 35.111307338701877 ] ] ] } },
{ "type": "Feature", "properties": { "fid": 278, "UserID": null, "number": "곤명205", "UMD": null, "NUM": "205", "GUBUN": "리도", "Opened": "미확장", "차선": "1", "도로폭": "3", "변경여부": null, "비고": null, "기존": "미확장", "기타": null, "종점": null, "기점": null, "구분": null, "정비사항": null, "연장": "2" }, "geometry": { "type": "MultiLineString", "coordinates": [ [ [ 127.985498730185824, 35.111307338701877 ], [ 127.985444139193461, 35.111151925599486 ], [ 127.985411575826348, 35.111085522527475 ], [ 127.985350314222075, 35.110961875158431 ], [ 127.985291316389507, 35.110885621580664 ], [ 127.985192463259139, 35.110798909997776 ], [ 127.985140907997419, 35.110743489456162 ], [ 127.98510435888322, 35.110677116727835 ], [ 127.985091581539365, 35.110602072870073 ], [ 127.985089477026079, 35.110589590056676 ], [ 127.985079158708345, 35.110528394474997 ], [ 127.985055684082596, 35.110431396561928 ], [ 127.985023446652946, 35.110331675309737 ], [ 127.98498401241757, 35.110217067092655 ], [ 127.984955300901518, 35.110130201079841 ], [ 127.984914635848185, 35.109978700755867 ], [ 127.984880460997545, 35.109921081611262 ], [ 127.984869062378124, 35.109901851133777 ], [ 127.984869002093433, 35.109860777756495 ], [ 127.984875281867488, 35.109811726838032 ], [ 127.984876838880282, 35.109804700633347 ], [ 127.984888538470727, 35.109769851156187 ], [ 127.984914690928989, 35.109720944875775 ], [ 127.984933503721862, 35.109698041515117 ], [ 127.984944711518665, 35.109686706833493 ], [ 127.984974983713371, 35.109666718557492 ], [ 127.985028845463276, 35.109638074637168 ], [ 127.985091490043487, 35.109606826203198 ], [ 127.985172877246825, 35.109564236430344 ], [ 127.985236976699866, 35.109544562360924 ], [ 127.985289606762095, 35.109532745657347 ], [ 127.985406227418679, 35.109512666726296 ], [ 127.985446888444471, 35.109499289509735 ], [ 127.985474335703884, 35.10949064567631 ], [ 127.985534797268556, 35.109464671763945 ], [ 127.985575817530417, 35.109415799973398 ], [ 127.985642256414025, 35.109314172727863 ], [ 127.985683595857992, 35.109222681270886 ], [ 127.985801576387971, 35.108967671279309 ], [ 127.985850352520984, 35.108867133776776 ], [ 127.985932105686857, 35.108709426360626 ], [ 127.985970658117978, 35.108621502542356 ], [ 127.985981764458742, 35.108549435486481 ], [ 127.98599083545345, 35.108485091817698 ], [ 127.985973131141506, 35.108191566433376 ], [ 127.985995746226408, 35.10810858582844 ], [ 127.986095572485596, 35.108031445641089 ], [ 127.98620887231823, 35.107961957943445 ], [ 127.9863573406884, 35.107675489601199 ], [ 127.986549237306505, 35.107465642666696 ], [ 127.986552961984472, 35.107382815690805 ], [ 127.986481588039894, 35.107338763964457 ], [ 127.986343071890332, 35.10734053795543 ], [ 127.986215559162076, 35.107275596825573 ], [ 127.986193513569134, 35.107209797583266 ], [ 127.986157799831616, 35.106989512619876 ], [ 127.986102939368891, 35.106878700874567 ], [ 127.985953038963302, 35.106850165115667 ], [ 127.985834652334503, 35.106823960286661 ], [ 127.985820002291518, 35.106783974785799 ], [ 127.985833468415066, 35.106725648860134 ], [ 127.985923895177478, 35.106652466344492 ], [ 127.986119709990774, 35.106571958009766 ], [ 127.986259588581589, 35.106552708276041 ], [ 127.986612051274122, 35.106538196872712 ], [ 127.986974674888742, 35.10645244832758 ], [ 127.98741511419739, 35.106292324100473 ], [ 127.987436824147309, 35.106264979604134 ], [ 127.987429950385447, 35.106217168769383 ], [ 127.987247570119365, 35.106106102490159 ], [ 127.987113380686651, 35.106074852806771 ], [ 127.986996335014751, 35.106029232712451 ], [ 127.986972083948444, 35.105976388538942 ], [ 127.987015644335926, 35.105933341836369 ], [ 127.987384169538743, 35.105684538072758 ], [ 127.987399239688074, 35.105628786304933 ], [ 127.987357236538543, 35.105539863251835 ], [ 127.987239723528305, 35.105455436244647 ], [ 127.986625496972252, 35.105302605696792 ], [ 127.986441950992855, 35.105225183806709 ], [ 127.986409892406627, 35.105177577834013 ], [ 127.986338528301204, 35.105003509224268 ], [ 127.98615216262462, 35.104822613950653 ], [ 127.986048273346213, 35.10469279548451 ], [ 127.985975570053071, 35.104538143008426 ], [ 127.985952317785319, 35.104437423638927 ], [ 127.985886300651487, 35.104315059184657 ], [ 127.985773700046906, 35.104246115144527 ], [ 127.98548570772185, 35.104122967892209 ], [ 127.985400102056502, 35.103942545955235 ], [ 127.985181527946963, 35.103701107080106 ], [ 127.98511602621106, 35.103621430050396 ], [ 127.98511913170249, 35.103356196547317 ], [ 127.984972377475074, 35.102934349452497 ], [ 127.98499780788238, 35.102414945895511 ], [ 127.984995405330636, 35.102359341660424 ], [ 127.984987575065716, 35.10230188027645 ], [ 127.984979359383843, 35.102268399651287 ], [ 127.984976445062969, 35.102229285187846 ], [ 127.984976598857799, 35.102205410643876 ], [ 127.985005625332974, 35.102095296992317 ], [ 127.985056409897311, 35.101977307981763 ], [ 127.985109149065195, 35.101855576847932 ], [ 127.985115451384701, 35.101790500654815 ], [ 127.985115641989566, 35.101775143844293 ], [ 127.985108956571253, 35.101751797820917 ], [ 127.985089111826497, 35.101707133539961 ], [ 127.985047715328534, 35.101633401434235 ], [ 127.98498768189512, 35.101557313857917 ], [ 127.984968487692697, 35.10153799999042 ], [ 127.984922785272488, 35.101501933750072 ], [ 127.984864992550783, 35.101462692633689 ], [ 127.984808928148453, 35.101410568163899 ], [ 127.984778416452301, 35.101364705768297 ], [ 127.984758388799875, 35.101320661806419 ], [ 127.984752225294557, 35.101280023903094 ], [ 127.984756019200177, 35.10124121805088 ], [ 127.984761500866782, 35.101202507469608 ], [ 127.984785993247016, 35.10111131048761 ], [ 127.984793719584133, 35.101087905030703 ], [ 127.984799562786932, 35.101071306737936 ], [ 127.984795189967997, 35.101013639981709 ], [ 127.984782598606472, 35.10099959105299 ], [ 127.984690067751643, 35.100916633190906 ], [ 127.98463757573586, 35.10085241591171 ], [ 127.984628207993978, 35.100827830589019 ], [ 127.984605563160841, 35.100769352621285 ], [ 127.984582124385184, 35.100675896962436 ], [ 127.984560797577871, 35.100540430685619 ], [ 127.984531461890128, 35.100405203675834 ], [ 127.984477232058865, 35.100232804913233 ], [ 127.984407833318883, 35.099943098887543 ], [ 127.984398224590606, 35.099891129566352 ], [ 127.984391136447229, 35.099841957439153 ], [ 127.984393372084668, 35.099763498673354 ], [ 127.984400941199098, 35.099669744260282 ], [ 127.984408064156213, 35.099611912530143 ], [ 127.984423977964568, 35.099531495472711 ], [ 127.984448360019798, 35.09945711615164 ], [ 127.984455737048108, 35.099437105738296 ], [ 127.984472369238489, 35.099409223354549 ], [ 127.984498714780813, 35.099378078560925 ], [ 127.984526641837647, 35.099348515314688 ], [ 127.984676465823682, 35.099219189286671 ], [ 127.984766018408919, 35.099154973442424 ], [ 127.984936071414452, 35.09907369458486 ], [ 127.985009099620996, 35.099045455724301 ], [ 127.985028419431003, 35.099028096116285 ], [ 127.985044700661163, 35.099000192681281 ], [ 127.985053502831818, 35.098958120960312 ], [ 127.985052233586359, 35.098931377304062 ], [ 127.9850410135044, 35.098908479964486 ], [ 127.98493428090778, 35.098785015278061 ], [ 127.984917363574525, 35.09874665766683 ], [ 127.984901393999223, 35.098705279579363 ], [ 127.984896465599334, 35.09867381840111 ], [ 127.984900637291261, 35.098643433980435 ], [ 127.98490877198482, 35.098619797586338 ], [ 127.98492700032925, 35.098580806283088 ], [ 127.984936477906714, 35.098570908180442 ], [ 127.984950043776763, 35.098558547708748 ], [ 127.984963544099074, 35.098553234973068 ], [ 127.984964866582743, 35.098552714284253 ], [ 127.98499621872449, 35.09854757824742 ], [ 127.985105122681404, 35.098552619213876 ], [ 127.98516853987779, 35.098550293624719 ], [ 127.985203821947323, 35.098540431528825 ], [ 127.985212798661834, 35.09853289065277 ], [ 127.985238340760532, 35.098497511785027 ], [ 127.985243924096778, 35.0984832727301 ], [ 127.985274930657184, 35.098418484661927 ], [ 127.985277230946167, 35.098398377564763 ], [ 127.985272858168926, 35.098377808947767 ], [ 127.985270601659451, 35.098372292010779 ], [ 127.985248238333767, 35.098348589255302 ], [ 127.985207916863061, 35.098296164274728 ], [ 127.985198335336278, 35.098279977456166 ], [ 127.985194512104428, 35.098276989095702 ], [ 127.985170523351997, 35.098238455074174 ], [ 127.985156087371578, 35.098198099344636 ], [ 127.985154004432417, 35.098158270776622 ], [ 127.985162946913476, 35.098122554491638 ], [ 127.985174931482007, 35.098090910611297 ], [ 127.985183915883738, 35.098051814742149 ], [ 127.985178774483884, 35.097988021595711 ], [ 127.985178426889945, 35.097912632645205 ], [ 127.985183033218561, 35.097894050074274 ], [ 127.985193122537083, 35.097870195698178 ], [ 127.985206032358604, 35.097846175685255 ], [ 127.985235866366779, 35.097809579956696 ], [ 127.985289708683865, 35.097766623857154 ], [ 127.985335966209973, 35.097734816535059 ], [ 127.985351116587708, 35.097717593176405 ], [ 127.985367188539882, 35.097690616290265 ], [ 127.9853823557618, 35.097669382213923 ], [ 127.985433738589506, 35.097620322345193 ] ] ] } },
{ "type": "Feature", "properties": { "fid": 279, "UserID": null, "number": "곤명206", "UMD": null, "NUM": "206", "GUBUN": "리도", "Opened": "현황도로", "차선": "2", "도로폭": "7", "변경여부": null, "비고": null, "기존": "현황도로", "기타": null, "종점": null, "기점": null, "구분": null, "정비사항": null, "연장": "1.4" }, "geometry": { "type": "MultiLineString", "coordinates": [ [ [ 127.941012398093093, 35.084215198839971 ], [ 127.940858047126554, 35.084155103157023 ], [ 127.940725420893259, 35.084138324409473 ], [ 127.940276544376843, 35.084066662331381 ], [ 127.940100765657618, 35.084030484407457 ], [ 127.939930036412036, 35.084009897584622 ], [ 127.93971035674376, 35.083929731894465 ], [ 127.939639587534884, 35.083902691674744 ], [ 127.93950406356214, 35.083859789916708 ], [ 127.939372492180297, 35.083829911528937 ], [ 127.93855849281077, 35.083681463146554 ], [ 127.938453677944622, 35.083659468728591 ], [ 127.938369910130476, 35.083634714416 ], [ 127.938271262806097, 35.08360818610651 ], [ 127.938198458778601, 35.083575911702617 ], [ 127.93813183218073, 35.083543611525535 ], [ 127.938046067612348, 35.083482468639566 ], [ 127.937967839302033, 35.083425736556556 ], [ 127.937874988178947, 35.083352009025567 ], [ 127.937750140017783, 35.083243869824528 ], [ 127.937646929408061, 35.083158050293981 ], [ 127.937553321801275, 35.083103294521962 ], [ 127.93750217782069, 35.083082260138696 ], [ 127.937440022682509, 35.083067703931953 ], [ 127.937382215057724, 35.083060054915272 ], [ 127.937260622279382, 35.083055034719564 ], [ 127.937158346632899, 35.083059013255131 ], [ 127.936997488474361, 35.083083469610017 ], [ 127.936799079257838, 35.083126721412341 ], [ 127.936390872472899, 35.083222746060677 ], [ 127.93629799272648, 35.083233521170833 ], [ 127.936201992467886, 35.083237327095276 ], [ 127.936074558155539, 35.083224003830082 ], [ 127.936001400267102, 35.083199875440606 ], [ 127.935953348265812, 35.083186510921209 ], [ 127.93586169265464, 35.08316398174162 ], [ 127.935705381808646, 35.083122267840089 ], [ 127.935539985255588, 35.083077149272029 ], [ 127.935283536731234, 35.083003128133093 ], [ 127.935245154780958, 35.082987540464856 ], [ 127.935165776353188, 35.082948239955847 ], [ 127.935123690444868, 35.082923662604067 ], [ 127.935058236719911, 35.082881845019458 ], [ 127.934800288365579, 35.082651628317372 ], [ 127.934677548824453, 35.082574123711822 ], [ 127.934600122963175, 35.082527418161746 ], [ 127.934522397044717, 35.082489369905801 ], [ 127.93446635378109, 35.082462657628781 ], [ 127.934365034625344, 35.082424280748768 ], [ 127.934243809481558, 35.082388006946161 ], [ 127.934175824683095, 35.08236728232049 ], [ 127.934118082828334, 35.082350233767215 ], [ 127.934053017253618, 35.082336652205981 ], [ 127.933941802855216, 35.082315900478115 ], [ 127.933720240483453, 35.082292026382625 ], [ 127.9336084824849, 35.082278085044393 ], [ 127.93351951570834, 35.082273038397503 ], [ 127.933417694990155, 35.082258099691053 ], [ 127.933281061590762, 35.082233413338216 ], [ 127.933142646598938, 35.082206263952195 ], [ 127.932945538622505, 35.082188297192829 ], [ 127.932312983567385, 35.082164746786241 ], [ 127.932140855050449, 35.082166692247306 ], [ 127.931972423524769, 35.082162086583857 ], [ 127.931814710561497, 35.08216468856029 ], [ 127.931715274377794, 35.082166244999762 ], [ 127.931577983613266, 35.082167481300999 ], [ 127.93141944359094, 35.082184310782367 ], [ 127.931304874987489, 35.082198157747513 ], [ 127.931032020350827, 35.082264002082354 ], [ 127.93011210679164, 35.082515155315811 ], [ 127.929849401965754, 35.082585738000788 ], [ 127.929658646019178, 35.082648090455272 ], [ 127.92910806716381, 35.082843591668109 ], [ 127.928880340734835, 35.08293582794353 ], [ 127.928566895378694, 35.083075525640545 ], [ 127.928504243871998, 35.083100586622407 ], [ 127.92843865615643, 35.083123791927228 ], [ 127.928372351818055, 35.083143944419753 ], [ 127.927929353501256, 35.083262115313211 ], [ 127.927837047559677, 35.083285083762114 ], [ 127.927752957288504, 35.083304465555003 ], [ 127.927663710216393, 35.083320755192354 ], [ 127.927552944885775, 35.08333745808639 ], [ 127.927457060917774, 35.083350642361907 ], [ 127.92733892923988, 35.083363007600695 ], [ 127.927242973261357, 35.083381680058544 ], [ 127.927136456089769, 35.083413057508153 ], [ 127.927089622869701, 35.083419961252496 ], [ 127.927001986529348, 35.083427116353676 ], [ 127.926932921433377, 35.083431993392949 ], [ 127.92686463094833, 35.083433821809322 ], [ 127.926771188302951, 35.083430560204015 ], [ 127.926639160338482, 35.08342816430158 ], [ 127.926498354928299, 35.083415334375232 ] ] ] } },
{ "type": "Feature", "properties": { "fid": 280, "UserID": null, "number": "곤명206", "UMD": null, "NUM": "206", "GUBUN": "리도", "Opened": "미확장", "차선": "1", "도로폭": "3", "변경여부": null, "비고": null, "기존": "미확장", "기타": null, "종점": null, "기점": null, "구분": null, "정비사항": null, "연장": "0.5" }, "geometry": { "type": "MultiLineString", "coordinates": [ [ [ 127.926498354928299, 35.083415334375232 ], [ 127.926147933763232, 35.083322732424882 ], [ 127.925763140823605, 35.083216639518888 ], [ 127.925211217865481, 35.083110076198267 ], [ 127.924673845483142, 35.082976359643659 ], [ 127.923910612792838, 35.082668167247839 ], [ 127.923699783817199, 35.082603482401467 ], [ 127.923379356365672, 35.082605922827973 ], [ 127.923045214128919, 35.082521241778117 ], [ 127.922071396534008, 35.082546095646322 ], [ 127.921999679149508, 35.082585019983611 ], [ 127.921934877363995, 35.082672737720657 ], [ 127.921847969377865, 35.082870527025143 ], [ 127.921686141734639, 35.083011317223644 ], [ 127.921400567604664, 35.083093734543255 ], [ 127.921292539186339, 35.083112000362952 ] ] ] } },
{ "type": "Feature", "properties": { "fid": 281, "UserID": null, "number": "곤명207", "UMD": null, "NUM": "207", "GUBUN": "리도", "Opened": "미확장", "차선": "1", "도로폭": "4", "변경여부": null, "비고": null, "기존": "미확장", "기타": null, "종점": null, "기점": null, "구분": null, "정비사항": null, "연장": "2.2" }, "geometry": { "type": "MultiLineString", "coordinates": [ [ [ 127.988403191953196, 35.122686696113362 ], [ 127.988500541480434, 35.122607862734149 ], [ 127.988699458895027, 35.122473633246514 ], [ 127.988959225924674, 35.122286878245923 ], [ 127.989241673915117, 35.122086170613883 ], [ 127.989435274796904, 35.121945342062602 ], [ 127.989603464009448, 35.121778613762785 ], [ 127.989917507723604, 35.121459720114373 ], [ 127.990089216085579, 35.121311112994519 ], [ 127.990319937457997, 35.121136930766404 ], [ 127.990611249552018, 35.120967171620443 ], [ 127.991137585616215, 35.120651762623574 ], [ 127.991401387221458, 35.120470275038073 ], [ 127.99160383657464, 35.120229190927247 ], [ 127.991730146405686, 35.119942523947728 ], [ 127.991830149843096, 35.119681887935165 ], [ 127.99185484761648, 35.119287665737382 ], [ 127.991855999512779, 35.119274389077177 ], [ 127.992091175547969, 35.116563665706522 ], [ 127.992110929264413, 35.116472211665808 ], [ 127.992127256747551, 35.116426425690534 ], [ 127.992148571374102, 35.116383619519432 ], [ 127.992237501754346, 35.116261528929023 ], [ 127.99226608723751, 35.116209959408451 ], [ 127.992299259021664, 35.116134272856044 ], [ 127.992314665758911, 35.116047496454556 ], [ 127.992315243602064, 35.116000632954801 ], [ 127.992306081820132, 35.115929668363869 ], [ 127.99221554535707, 35.115543359661153 ], [ 127.992197527863652, 35.115435340425769 ], [ 127.992192691797968, 35.115362293748859 ], [ 127.99219437770995, 35.115109939932296 ], [ 127.992239614960297, 35.113184812584748 ], [ 127.992234587367804, 35.113127302943951 ], [ 127.992219673235155, 35.113058525686071 ], [ 127.99219397748476, 35.112992362605482 ], [ 127.992165300543576, 35.112938468622573 ], [ 127.992053484927212, 35.11280660659861 ], [ 127.991952867001501, 35.1127327093905 ], [ 127.991878730583309, 35.112701474354594 ], [ 127.991709519645042, 35.112650164416017 ], [ 127.991570966071407, 35.112632146429512 ], [ 127.991430917106769, 35.112637497728045 ], [ 127.991013202264028, 35.112733209402421 ], [ 127.990779766039367, 35.112806041902473 ], [ 127.990652932146745, 35.112852329231401 ], [ 127.990608960012807, 35.112873512988635 ], [ 127.990524074602234, 35.112921507829249 ], [ 127.990378632488742, 35.113036636451156 ], [ 127.99025714629046, 35.113156947231346 ], [ 127.990196144718794, 35.113222973357118 ], [ 127.989571083887554, 35.113882822778301 ], [ 127.988932468692113, 35.114548192849632 ], [ 127.98867359514233, 35.114783790754487 ], [ 127.988579198989498, 35.11488368778496 ], [ 127.988528648224175, 35.114947139541485 ], [ 127.98839419229607, 35.115215445572595 ], [ 127.988345053619653, 35.115307925768555 ], [ 127.988293964268578, 35.115382866599496 ], [ 127.988231452020287, 35.115454585710367 ], [ 127.988168311158404, 35.115518591965035 ], [ 127.987469447667621, 35.11617305120533 ], [ 127.98701684305793, 35.116582838674915 ], [ 127.986906329173706, 35.116653514080703 ], [ 127.986814297246369, 35.116696361280134 ], [ 127.986690624905023, 35.116729476787519 ], [ 127.986634310867828, 35.116739128912535 ], [ 127.986506714989005, 35.116742765487835 ], [ 127.98639862581544, 35.116738408275666 ], [ 127.986296183366136, 35.116735783828588 ], [ 127.985497555212959, 35.116674572382777 ], [ 127.985344341404755, 35.11666268872964 ], [ 127.985210893037149, 35.116643270309787 ], [ 127.985165225344332, 35.116627583150105 ], [ 127.984366243215433, 35.116245743530122 ], [ 127.983898951249941, 35.116028942837218 ] ] ] } },
{ "type": "Feature", "properties": { "fid": 282, "UserID": null, "number": "곤명207", "UMD": null, "NUM": "207", "GUBUN": "리도", "Opened": "현황도로", "차선": "1~2", "도로폭": "5~10", "변경여부": "변경", "비고": "미확장-현황도로", "기존": "미확장", "기타": null, "종점": null, "기점": null, "구분": null, "정비사항": null, "연장": "0.8" }, "geometry": { "type": "MultiLineString", "coordinates": [ [ [ 127.997247321302012, 35.140919388494183 ], [ 127.997183823261324, 35.141024999011037 ], [ 127.997211211108393, 35.141148174069635 ], [ 127.997214785503118, 35.141179659426228 ], [ 127.997238222228688, 35.141247513091159 ], [ 127.997275967711133, 35.141416884493651 ], [ 127.997301328744342, 35.141508503041415 ], [ 127.997290556830109, 35.14169273336757 ], [ 127.997244099275235, 35.141916506624192 ], [ 127.997189835382059, 35.142084756300044 ], [ 127.997165367995919, 35.142161082998925 ], [ 127.997139180396999, 35.142218802192538 ], [ 127.997087332004938, 35.142303198777896 ], [ 127.996945753216607, 35.142535635351926 ], [ 127.996876812490157, 35.142665934099263 ], [ 127.996829451160679, 35.142770158781673 ], [ 127.996811517755788, 35.142868703571125 ], [ 127.99682501051926, 35.143031240564255 ], [ 127.996837047593331, 35.14310001117741 ], [ 127.996838307247231, 35.143246317234407 ], [ 127.996994437212322, 35.143510192198761 ], [ 127.997037256581748, 35.143886645501581 ], [ 127.996877545442814, 35.144237837278581 ], [ 127.996687154992784, 35.144617414075675 ], [ 127.996654535148053, 35.144693060928915 ], [ 127.996597259225211, 35.144802664311896 ], [ 127.996593192573215, 35.144846947995703 ], [ 127.996598989291797, 35.14491025643715 ], [ 127.996615538768609, 35.144995792782254 ], [ 127.996696361397383, 35.145199468742248 ], [ 127.996723448712174, 35.145287399799869 ], [ 127.996740468081583, 35.145363219140663 ], [ 127.996743093571254, 35.145400483031004 ], [ 127.996734672531986, 35.145517359405432 ], [ 127.996726967058194, 35.145587092751143 ], [ 127.996697838798852, 35.145809810830855 ], [ 127.996674312411031, 35.145898187460297 ], [ 127.99662048485439, 35.146010497172369 ], [ 127.996568125660687, 35.14607955628918 ], [ 127.99650453218608, 35.146142124116579 ], [ 127.99622716038661, 35.146311913754964 ], [ 127.996153218679837, 35.14635426904514 ], [ 127.996085490044237, 35.146401379742109 ], [ 127.995988643483585, 35.146479862577308 ], [ 127.99596356752761, 35.146550506446957 ], [ 127.995940948693416, 35.146627386530746 ], [ 127.995928730666066, 35.146905221964133 ], [ 127.995908143136035, 35.146964056508125 ], [ 127.995896063231726, 35.147015655376016 ], [ 127.995862990128629, 35.147085578360802 ], [ 127.995799823225752, 35.147176014285115 ], [ 127.995747145591267, 35.147253152604691 ], [ 127.995687270589585, 35.147312510231821 ], [ 127.995625198226378, 35.14737328568404 ] ] ] } },
{ "type": "Feature", "properties": { "fid": 283, "UserID": null, "number": "곤명207", "UMD": null, "NUM": "207", "GUBUN": "리도", "Opened": "현황도로", "차선": "2", "도로폭": "7", "변경여부": null, "비고": null, "기존": "현황도로", "기타": null, "종점": null, "기점": null, "구분": null, "정비사항": null, "연장": "0.3" }, "geometry": { "type": "MultiLineString", "coordinates": [ [ [ 127.991556569993136, 35.123825897843425 ], [ 127.99142516969907, 35.123832022463667 ], [ 127.991309109612942, 35.123828687053248 ], [ 127.991239098300966, 35.123818968728763 ], [ 127.991162279168478, 35.123806236240526 ], [ 127.991070028431039, 35.123787747474594 ], [ 127.990976465080948, 35.123757812514626 ], [ 127.990874941556044, 35.123708484503418 ], [ 127.990040340154323, 35.123262633281414 ], [ 127.989208178846255, 35.122809292283407 ], [ 127.988990191901806, 35.122713372492953 ], [ 127.988829991432382, 35.122669916642046 ], [ 127.988711583850545, 35.122656345047304 ], [ 127.988548028327173, 35.122659352973798 ], [ 127.988403191953196, 35.122686696113362 ] ] ] } },
{ "type": "Feature", "properties": { "fid": 284, "UserID": null, "number": "곤명208", "UMD": null, "NUM": "208", "GUBUN": "리도", "Opened": "미확장", "차선": "1", "도로폭": "4", "변경여부": null, "비고": null, "기존": "미확장", "기타": null, "종점": null, "기점": null, "구분": null, "정비사항": null, "연장": "1.9" }, "geometry": { "type": "MultiLineString", "coordinates": [ [ [ 127.969670240087041, 35.120432815636583 ], [ 127.969793913510031, 35.120297472416915 ], [ 127.969899658993384, 35.120189116996073 ], [ 127.969907673032765, 35.120181668264614 ], [ 127.970031009636145, 35.120053415757553 ], [ 127.970523068369218, 35.119646831571778 ], [ 127.970637182377288, 35.119656815901564 ], [ 127.971343179862217, 35.119860287473017 ], [ 127.971702539602617, 35.119974497577395 ], [ 127.971997499399208, 35.120139602718176 ], [ 127.972353541512632, 35.120442031142922 ], [ 127.972533759113915, 35.120599333008954 ], [ 127.972768553123473, 35.120703862138598 ], [ 127.973127359723691, 35.120702726299569 ], [ 127.973712822639101, 35.120525577782907 ], [ 127.97430977145163, 35.120328630419969 ], [ 127.974787799103652, 35.120176505863121 ], [ 127.975000557081358, 35.12003523605518 ], [ 127.975145171371082, 35.119877069338003 ], [ 127.975570520741684, 35.119224699435676 ], [ 127.975996258722503, 35.118605470044294 ], [ 127.976194108753361, 35.118282892138559 ], [ 127.976393884781345, 35.117703641931328 ], [ 127.976585229709727, 35.117030757751436 ], [ 127.977129749475878, 35.115942959926691 ], [ 127.977631522290537, 35.114572374989343 ], [ 127.977721408687131, 35.114452629799104 ], [ 127.977883525959456, 35.114316777463536 ], [ 127.978193407725797, 35.114161620757621 ], [ 127.978356669684842, 35.114076600604889 ], [ 127.978508179679011, 35.114095764965271 ], [ 127.978647541186589, 35.114099324101659 ], [ 127.978833593159962, 35.114103248813052 ], [ 127.979108999280086, 35.11411573015419 ], [ 127.979290222217202, 35.114125614189376 ], [ 127.979451362000404, 35.114136505701389 ], [ 127.979677369751414, 35.114149752470965 ], [ 127.979901278328242, 35.114159417535831 ], [ 127.980219777362663, 35.114179387956177 ], [ 127.980518145432868, 35.114195675228046 ], [ 127.980616997577556, 35.114201707278632 ], [ 127.980801584725981, 35.114214377205052 ], [ 127.980863826297167, 35.114217689404725 ], [ 127.980959671945712, 35.114217302509289 ], [ 127.981049865540101, 35.11422454654916 ], [ 127.981590009338603, 35.114257766957017 ], [ 127.98214238855897, 35.114279799779553 ], [ 127.982202473849, 35.114280007566983 ], [ 127.982429729322092, 35.114268015046676 ], [ 127.98264260725928, 35.114236879405048 ], [ 127.982925010537784, 35.114197168286317 ], [ 127.983036966129688, 35.114175476934477 ], [ 127.983219238032163, 35.114136955114866 ], [ 127.983353294364889, 35.114099919942568 ], [ 127.984351571416326, 35.113814526360478 ], [ 127.984440075201292, 35.113790267827632 ], [ 127.984481914742886, 35.113778451110008 ], [ 127.984539791323158, 35.113760979084162 ], [ 127.984653910411339, 35.113707208611842 ], [ 127.984822211650709, 35.113605542242013 ], [ 127.984890654504994, 35.113588307822042 ] ] ] } },
{ "type": "Feature", "properties": { "fid": 285, "UserID": null, "number": "곤명208", "UMD": null, "NUM": "208", "GUBUN": "리도", "Opened": "현황도로", "차선": "2", "도로폭": "8", "변경여부": null, "비고": null, "기존": "현황도로", "기타": null, "종점": null, "기점": null, "구분": null, "정비사항": null, "연장": "0.3" }, "geometry": { "type": "MultiLineString", "coordinates": [ [ [ 127.984890654504994, 35.113588307822042 ], [ 127.984917799720606, 35.113513622199946 ], [ 127.984938521356611, 35.113456093883663 ], [ 127.984995360358383, 35.113344909517863 ], [ 127.985091951153237, 35.11320892706329 ], [ 127.985128089151715, 35.11313875498108 ], [ 127.985396044912804, 35.112773896228937 ], [ 127.985446816217333, 35.112726618965326 ], [ 127.985498949624002, 35.112675096466802 ], [ 127.985525730941461, 35.112643630729409 ], [ 127.985572993628381, 35.112563140386442 ], [ 127.98561733889818, 35.112488117121799 ], [ 127.985662750231427, 35.112375734615206 ], [ 127.985672087943669, 35.112343644978324 ], [ 127.985694609661849, 35.112212435935881 ], [ 127.985691982401804, 35.112149258878738 ], [ 127.985689435416319, 35.112083327117858 ], [ 127.985669556375726, 35.112004971591766 ], [ 127.985650701011068, 35.111934570435004 ], [ 127.985619673421212, 35.111862764161813 ], [ 127.985578342816694, 35.111802076071434 ], [ 127.985519112576512, 35.111707491575757 ], [ 127.985475377285312, 35.111621645761815 ], [ 127.985435808161895, 35.111517807272421 ], [ 127.985435525232006, 35.111461631950959 ], [ 127.985453973188626, 35.111384108576061 ], [ 127.985475846963666, 35.111334078176839 ], [ 127.985498730185824, 35.111307338701877 ], [ 127.985502178868188, 35.111306087738527 ], [ 127.985542259809904, 35.111301314241246 ], [ 127.985675567710544, 35.111286180301668 ], [ 127.985706728252495, 35.111279931687648 ] ] ] } },
{ "type": "Feature", "properties": { "fid": 286, "UserID": null, "number": "곤명208", "UMD": null, "NUM": "208", "GUBUN": "리도", "Opened": "미확장", "차선": "1", "도로폭": "3", "변경여부": null, "비고": null, "기존": "미확장", "기타": null, "종점": null, "기점": null, "구분": null, "정비사항": null, "연장": "1.7" }, "geometry": { "type": "MultiLineString", "coordinates": [ [ [ 127.985706728252495, 35.111279931687648 ], [ 127.985717374155271, 35.111277796867995 ], [ 127.985830531856777, 35.111270236475399 ], [ 127.985951966689115, 35.111252867077916 ], [ 127.986075556207112, 35.111238483187556 ], [ 127.986115524027582, 35.111241260506496 ], [ 127.986244921856454, 35.111276157643196 ], [ 127.986317144917649, 35.111299869575696 ], [ 127.986376413788761, 35.111325052856074 ], [ 127.986460512913197, 35.111371052912773 ], [ 127.986555125683324, 35.111431798883075 ], [ 127.986688483805452, 35.111558180508737 ], [ 127.98677626958451, 35.111647515294692 ], [ 127.986847555841422, 35.11171080811684 ], [ 127.98690868442732, 35.111756781986486 ], [ 127.986985236363822, 35.111813648189234 ], [ 127.987067681948915, 35.11185491923311 ], [ 127.987094395468915, 35.11186248846937 ], [ 127.987144287260207, 35.111869710319951 ], [ 127.987177453220738, 35.111871736367597 ], [ 127.987213040202846, 35.111869497373817 ], [ 127.987250980290156, 35.111864217636928 ], [ 127.987306690448236, 35.111851486027341 ], [ 127.987382206781447, 35.111822482558793 ], [ 127.987471988934274, 35.111770341156038 ], [ 127.987558189439525, 35.111726212765035 ], [ 127.987596866313012, 35.111700836257803 ], [ 127.987662481743072, 35.111645828020265 ], [ 127.98770044504424, 35.111589300603931 ], [ 127.987729611871373, 35.11153959369328 ], [ 127.987747846461573, 35.111501410670591 ], [ 127.987779419643829, 35.111440727839401 ], [ 127.987800721991391, 35.111410437978513 ], [ 127.987833374701282, 35.111365320836455 ], [ 127.987855557203176, 35.111338170697664 ], [ 127.987888026577451, 35.111297225090389 ], [ 127.987929738721689, 35.111260861881647 ], [ 127.987996642794542, 35.111217779598462 ], [ 127.988063365440183, 35.111197489285821 ], [ 127.988109288583189, 35.111181712610602 ], [ 127.98819207255741, 35.111165061837134 ], [ 127.988421475819848, 35.111144000614665 ], [ 127.98936550286173, 35.111049357066889 ], [ 127.989465299134039, 35.111034469594543 ], [ 127.989518340616186, 35.111019560975215 ], [ 127.989560073553648, 35.111007161926274 ], [ 127.989747162837418, 35.11095082061648 ], [ 127.990134594279013, 35.110806247301554 ], [ 127.990298758537691, 35.11075576697889 ], [ 127.990396594314319, 35.110726500112968 ], [ 127.990493749612611, 35.110706354808578 ], [ 127.990571239972496, 35.110695869550248 ], [ 127.990663826373478, 35.110683311128696 ], [ 127.990777443805086, 35.110672871037643 ], [ 127.991131826138442, 35.110645130158147 ], [ 127.99184859103319, 35.110595944452584 ], [ 127.992141325324383, 35.11057943244414 ], [ 127.992247437357832, 35.110587183876262 ], [ 127.992409608730412, 35.110607189664329 ], [ 127.992503281067883, 35.110625743234927 ], [ 127.992595743838464, 35.110648778093761 ], [ 127.992662356878967, 35.110669125295637 ], [ 127.992730765721163, 35.110688115670406 ], [ 127.992876606660076, 35.110743867649923 ], [ 127.992949037943319, 35.110781611784148 ], [ 127.993034508612183, 35.110827568780969 ], [ 127.993121183075857, 35.110873254410727 ], [ 127.993561714614671, 35.111153567292511 ], [ 127.993826686734138, 35.111312134701414 ], [ 127.994131335531875, 35.111498773534109 ], [ 127.994210245569391, 35.111559222409049 ], [ 127.994283955390586, 35.111625216997645 ], [ 127.994353364242613, 35.111698358468395 ], [ 127.99467308107161, 35.112085378933841 ], [ 127.994720924836869, 35.112146715690393 ], [ 127.994759869889336, 35.112193474828892 ], [ 127.994827523902188, 35.112274704273219 ], [ 127.995382459018373, 35.11296841101084 ], [ 127.995421086013664, 35.11302593800459 ], [ 127.995476772266088, 35.113095738244802 ], [ 127.995524726032386, 35.113194956287984 ], [ 127.995543321630265, 35.113241978942163 ], [ 127.995552645592696, 35.113268717190643 ], [ 127.995576121199122, 35.113325921349386 ], [ 127.995588992947049, 35.113368770001905 ], [ 127.995597334550894, 35.113410290663865 ], [ 127.995608795322113, 35.113463981385053 ], [ 127.995612067572239, 35.113518141475453 ], [ 127.995617334041853, 35.113569714770385 ], [ 127.995614119733744, 35.113631337999649 ], [ 127.99560606375087, 35.113695641835854 ], [ 127.995599869303945, 35.113759664871147 ], [ 127.995568832693124, 35.11388812584633 ], [ 127.995546347456212, 35.113954027029209 ], [ 127.99551412452945, 35.114046704095244 ], [ 127.995503863396436, 35.114081932437166 ], [ 127.995460938564293, 35.114200331932601 ], [ 127.995447765809928, 35.114232381505936 ], [ 127.995401907841796, 35.114323291550186 ], [ 127.9953828045401, 35.114357716431449 ], [ 127.99535493749363, 35.114410236926467 ], [ 127.995240780875875, 35.114576393059373 ], [ 127.994999420343703, 35.114909727116284 ], [ 127.994815179470109, 35.115171754866211 ], [ 127.994755086721696, 35.115260377760094 ], [ 127.994706840286071, 35.115332543558765 ], [ 127.994681086691202, 35.115387679361838 ], [ 127.994654582020601, 35.11546489446463 ], [ 127.994637240623206, 35.115515656646267 ], [ 127.994618449510028, 35.115611507737995 ], [ 127.994608429422499, 35.115706450039852 ], [ 127.994607126938561, 35.115767366351299 ], [ 127.994612672383042, 35.115835533716528 ], [ 127.99462122684055, 35.115897129669541 ], [ 127.994651582547107, 35.116027977560222 ], [ 127.994679506748213, 35.116116529231014 ], [ 127.994696263086752, 35.116190274856962 ], [ 127.994718270012157, 35.116239993837702 ], [ 127.994741939575491, 35.116274936062048 ], [ 127.994775105118563, 35.116323646563245 ], [ 127.994808400610822, 35.116350222414823 ], [ 127.994844508616239, 35.11637273964913 ], [ 127.994886269237142, 35.116395290048622 ], [ 127.994914188491066, 35.116404003242067 ], [ 127.994947135927617, 35.116410339943563 ], [ 127.99499768643166, 35.116418024253967 ], [ 127.995046735701365, 35.116421123264281 ], [ 127.995133731996944, 35.116423864452948 ], [ 127.99518294948713, 35.116424251113465 ], [ 127.995235537779493, 35.116425895411865 ], [ 127.995271631814603, 35.116427809764723 ], [ 127.99532185266213, 35.116422160771563 ], [ 127.995423778766039, 35.116404459644123 ], [ 127.99545091955072, 35.11639619451288 ], [ 127.995512471323394, 35.116371116981931 ], [ 127.995565381372657, 35.116347472938529 ], [ 127.995623138602127, 35.116311466162202 ], [ 127.995696210796808, 35.116247592466024 ], [ 127.995731693584972, 35.116207050161762 ], [ 127.995769049853422, 35.116168170959178 ], [ 127.995815901835556, 35.116115688792796 ], [ 127.996023796835814, 35.115882999564505 ], [ 127.996056715621705, 35.115861589031049 ], [ 127.996100565252917, 35.115814678790109 ], [ 127.996138517597871, 35.115797302863186 ], [ 127.99617518378399, 35.115780720062908 ], [ 127.996214458280448, 35.115766625640411 ], [ 127.996265170634814, 35.115755761726618 ], [ 127.996327691054333, 35.11574981772435 ], [ 127.996421355425866, 35.115752087668781 ], [ 127.996530885821443, 35.115759846346535 ], [ 127.996678891614351, 35.115783806528661 ] ] ] } },
{ "type": "Feature", "properties": { "fid": 292, "UserID": null, "number": "곤명303", "UMD": null, "NUM": "303", "GUBUN": "농도", "Opened": "미확장", "차선": "1", "도로폭": "2.5", "변경여부": null, "비고": null, "기존": "미확장", "기타": null, "종점": null, "기점": null, "구분": "선형변경", "정비사항": "초량마을 내 미개설 구간 삭제(지방도와 중용구간)", "연장": "1.5" }, "geometry": { "type": "MultiLineString", "coordinates": [ [ [ 127.924920377544197, 35.105397612477411 ], [ 127.925219238853174, 35.106450476151593 ], [ 127.925303345665185, 35.106438679243453 ], [ 127.925355348107502, 35.106615263473842 ], [ 127.925419920369464, 35.106707904684853 ], [ 127.925491913819556, 35.106802024872316 ], [ 127.925578938224248, 35.106955410198005 ], [ 127.92566605065727, 35.10707885912921 ], [ 127.925786358487358, 35.107239480287298 ], [ 127.92595664029858, 35.107445868766888 ], [ 127.926226640666272, 35.107807845054012 ], [ 127.926484273121176, 35.108164924257736 ], [ 127.926616113629095, 35.108322466851391 ], [ 127.926725981879216, 35.108435798240954 ], [ 127.926894635208839, 35.108580925330202 ], [ 127.927074408615823, 35.10873103910847 ], [ 127.927160101201736, 35.108792425592981 ], [ 127.927314643321935, 35.108906661300168 ], [ 127.927450445078449, 35.108977363868021 ], [ 127.927618572566843, 35.109055302567228 ], [ 127.927817095019833, 35.109132740104961 ], [ 127.927918435067198, 35.109164996394213 ], [ 127.928164332332443, 35.109231981938699 ], [ 127.928395076895754, 35.109290470507645 ], [ 127.928590099179416, 35.109357004859042 ], [ 127.928673715477885, 35.109382831898309 ], [ 127.928739771827622, 35.109389688198412 ], [ 127.928866988704812, 35.109388723252124 ], [ 127.929163900213382, 35.10944570518258 ], [ 127.929645688035478, 35.109567038743407 ], [ 127.929762264793453, 35.109601518800268 ], [ 127.929906577170485, 35.109655059209274 ], [ 127.930078794800224, 35.109710778797471 ], [ 127.930207328857335, 35.109751191828764 ], [ 127.930328768703461, 35.109775795483479 ], [ 127.930533544572185, 35.109813148536574 ], [ 127.930771117863216, 35.109862738277037 ], [ 127.93108189126491, 35.109919923834312 ], [ 127.931378479907337, 35.109983933329396 ], [ 127.931622934936797, 35.110046323709568 ], [ 127.931846415221614, 35.110095786980267 ], [ 127.932042367117802, 35.110140120394263 ], [ 127.932138540608918, 35.110178599366712 ], [ 127.932251958227667, 35.110236046643394 ], [ 127.932330493698203, 35.110266855697425 ], [ 127.932401732623688, 35.110285450112357 ], [ 127.932433398148277, 35.110266604866524 ], [ 127.932456539105701, 35.110221634317107 ], [ 127.932474133019852, 35.110169664908412 ], [ 127.932490281430361, 35.110125859394529 ], [ 127.932672987881929, 35.110164497127947 ], [ 127.932636735982513, 35.110239439717226 ], [ 127.932620672579191, 35.110282156056691 ], [ 127.932630100129003, 35.110315830556281 ], [ 127.932676384945509, 35.110333613480073 ], [ 127.932884076244093, 35.110364963982697 ], [ 127.933013374699755, 35.110399553067211 ], [ 127.933471894058982, 35.110512056245987 ], [ 127.933812171338715, 35.11059892495124 ], [ 127.933915753968876, 35.110632956435843 ], [ 127.934181354758636, 35.110695527895352 ], [ 127.934685898734131, 35.110811167908899 ], [ 127.935163694707256, 35.110924253915357 ], [ 127.935406746157554, 35.11098662435932 ], [ 127.935607559499715, 35.11104514798658 ], [ 127.93575213049516, 35.111092751952683 ], [ 127.936098819693953, 35.111206998301277 ], [ 127.936516133705624, 35.111310280872296 ], [ 127.937284760980333, 35.111497729178311 ], [ 127.937486285502501, 35.111546905832149 ], [ 127.937563087667627, 35.111561383099676 ], [ 127.937627707410641, 35.11157487196251 ], [ 127.937683022481636, 35.111601216692733 ], [ 127.937764915348112, 35.111641336962698 ], [ 127.937850863597873, 35.11168390289123 ], [ 127.937956674033089, 35.111764273634542 ] ] ] } },
{ "type": "Feature", "properties": { "fid": 293, "UserID": null, "number": "곤명303", "UMD": null, "NUM": "303", "GUBUN": "농도", "Opened": "미개설", "차선": null, "도로폭": null, "변경여부": null, "비고": null, "기존": "미개설", "기타": null, "종점": null, "기점": null, "구분": "선형변경", "정비사항": "초량마을 내 미개설 구간 삭제(지방도와 중용구간)", "연장": "0.1" }, "geometry": { "type": "MultiLineString", "coordinates": [ [ [ 127.910894526461448, 35.107327442998503 ], [ 127.910600527901835, 35.107315852251588 ], [ 127.91005989545009, 35.107399259543001 ], [ 127.909647610644328, 35.107699044272216 ] ] ] } },
{ "type": "Feature", "properties": { "fid": 295, "UserID": null, "number": "곤명303", "UMD": null, "NUM": "303", "GUBUN": "농도", "Opened": "미확장", "차선": "1", "도로폭": "2.5", "변경여부": null, "비고": null, "기존": "미확장", "기타": null, "종점": null, "기점": null, "구분": "선형변경", "정비사항": "초량마을 내 미개설 구간 삭제(지방도와 중용구간)", "연장": "1" }, "geometry": { "type": "MultiLineString", "coordinates": [ [ [ 127.920405887969977, 35.104850167920354 ], [ 127.920293826689544, 35.104957071894788 ], [ 127.920245320612409, 35.105001075010229 ], [ 127.919972989002986, 35.105174111742684 ], [ 127.919063390011317, 35.105753962383247 ], [ 127.918013539689667, 35.106423796199707 ], [ 127.91691965300987, 35.107092457101771 ], [ 127.91651796030861, 35.107323711932857 ], [ 127.916202091752794, 35.107467905967056 ], [ 127.915947106235194, 35.107563225649628 ], [ 127.915629035823358, 35.107653320012083 ], [ 127.914943136121337, 35.10784659768732 ], [ 127.914866631439097, 35.10786808714743 ], [ 127.914778204889643, 35.10786989653645 ], [ 127.914618285700442, 35.10786404584816 ], [ 127.914458284699819, 35.107835763338016 ], [ 127.914133276288823, 35.107734543435797 ], [ 127.913740449404727, 35.107618349668144 ], [ 127.913541930800818, 35.107565344048574 ], [ 127.913330586755492, 35.107526348638054 ], [ 127.913086905389775, 35.107499179399596 ], [ 127.912861387581401, 35.107481529780884 ], [ 127.91267816849178, 35.10746897447909 ], [ 127.912575303976126, 35.107463039515295 ], [ 127.912496071032891, 35.107449856530543 ], [ 127.912373911941316, 35.107431229823362 ], [ 127.912117595100867, 35.107441690373953 ], [ 127.911876124904452, 35.10746086763465 ], [ 127.910894526461448, 35.107327442998503 ] ] ] } },
{ "type": "Feature", "properties": { "fid": 298, "UserID": null, "number": "곤명303", "UMD": null, "NUM": "303", "GUBUN": "농도", "Opened": "현황도로", "차선": "1~2", "도로폭": "3~8", "변경여부": null, "비고": null, "기존": "현황도로", "기타": null, "종점": null, "기점": null, "구분": "선형변경", "정비사항": "초량마을 내 미개설 구간 삭제(지방도와 중용구간)", "연장": "0.6" }, "geometry": { "type": "MultiLineString", "coordinates": [ [ [ 127.937956674033089, 35.111764273634542 ], [ 127.937876885098888, 35.111867945401961 ], [ 127.937687689490389, 35.112036282400148 ], [ 127.937550339625602, 35.11214945314773 ], [ 127.937462192628516, 35.112221285658883 ], [ 127.937385940021358, 35.112287942221847 ], [ 127.93728260853824, 35.112368181509702 ], [ 127.937140542572848, 35.112449046270008 ], [ 127.93702331448894, 35.112506616322079 ], [ 127.936938127513457, 35.112543026868053 ], [ 127.936847434355229, 35.112597124648914 ], [ 127.936707422829642, 35.11271919244291 ], [ 127.936626183955923, 35.112765106020454 ], [ 127.936549691888558, 35.112817997728683 ], [ 127.936468313024577, 35.112862024508942 ], [ 127.936415715106662, 35.112888592980916 ], [ 127.936330922036561, 35.112922987493725 ], [ 127.936242540904473, 35.112964605142757 ], [ 127.936117241235522, 35.113013173349351 ], [ 127.936053332275108, 35.113043466328264 ], [ 127.936014457462207, 35.113058667403664 ], [ 127.93599748912176, 35.113066289610359 ], [ 127.935938461660115, 35.113080976330274 ], [ 127.935827497984533, 35.113102977524541 ], [ 127.935724508447635, 35.113121782475034 ], [ 127.935683213694531, 35.113133245675606 ], [ 127.935637019541304, 35.113141962979292 ], [ 127.935565688859654, 35.113153499815041 ], [ 127.93550252079352, 35.113158043671007 ], [ 127.935468383237932, 35.113157068320547 ], [ 127.935445318201729, 35.11315889306789 ], [ 127.935409023063883, 35.11316566990601 ], [ 127.935303292879098, 35.113196501396359 ], [ 127.935230396916666, 35.113223691923494 ], [ 127.935109080772335, 35.11325066980848 ], [ 127.934989501904539, 35.113256399415349 ], [ 127.934818311802445, 35.113258611662374 ], [ 127.934673218119016, 35.11326375451597 ], [ 127.934597109183471, 35.113263085566942 ], [ 127.934533117789343, 35.113266225144194 ], [ 127.934458915817771, 35.113277060543574 ], [ 127.934369187024487, 35.113279650812572 ], [ 127.934296176368775, 35.113279287806932 ], [ 127.93421115004989, 35.113268403625383 ], [ 127.934101574803975, 35.113246830184423 ], [ 127.934018438861273, 35.113229540857368 ], [ 127.931609716197087, 35.112946048502842 ] ] ] } },
{ "type": "Feature", "properties": { "fid": 299, "UserID": null, "number": "곤명304", "UMD": null, "NUM": "304", "GUBUN": "농도", "Opened": "현황도로", "차선": "1", "도로폭": "3~6", "변경여부": null, "비고": null, "기존": "현황도로", "기타": null, "종점": null, "기점": null, "구분": null, "정비사항": null, "연장": "0.4" }, "geometry": { "type": "MultiLineString", "coordinates": [ [ [ 127.968690030070888, 35.107496904862217 ], [ 127.968795782533064, 35.107209720763329 ], [ 127.969082696084484, 35.106812555271816 ], [ 127.969130571178084, 35.10673689224182 ], [ 127.969288355199268, 35.106537872913655 ], [ 127.969338429757599, 35.10646871074669 ], [ 127.969393092428817, 35.106386024542481 ], [ 127.969457831904933, 35.106296504068098 ], [ 127.969519997820925, 35.106186617144886 ], [ 127.969542169813352, 35.10612740225622 ], [ 127.96956356235512, 35.106064330201654 ], [ 127.969568967851259, 35.106022690487954 ], [ 127.9695697284224, 35.105962345047637 ], [ 127.969570399258728, 35.105909119215198 ], [ 127.969563624103202, 35.105835977208571 ], [ 127.969550117130339, 35.105767777068124 ], [ 127.969487695316872, 35.10563078580838 ], [ 127.969428647564527, 35.105532001333948 ], [ 127.969406082638002, 35.10539200753562 ], [ 127.969366624371276, 35.105319797266674 ], [ 127.969326468852529, 35.105265812662324 ], [ 127.969300040292211, 35.105169823153581 ], [ 127.969289530717646, 35.105100422706492 ], [ 127.969303806563957, 35.104988399181202 ], [ 127.969341138130417, 35.104826994968185 ], [ 127.969390595153868, 35.104657706270444 ], [ 127.969414052542689, 35.104582280948989 ], [ 127.969447860995572, 35.10448624978757 ], [ 127.96947867952953, 35.104371970763466 ], [ 127.969509089467167, 35.104244139054217 ] ] ] } },
{ "type": "Feature", "properties": { "fid": 300, "UserID": null, "number": "곤명304", "UMD": null, "NUM": "304", "GUBUN": "농도", "Opened": "미확장", "차선": "1", "도로폭": "2.5", "변경여부": null, "비고": null, "기존": "미확장", "기타": null, "종점": null, "기점": null, "구분": null, "정비사항": null, "연장": "1.1" }, "geometry": { "type": "MultiLineString", "coordinates": [ [ [ 127.969509089467167, 35.104244139054217 ], [ 127.969523969189765, 35.104181590264318 ], [ 127.969562750423208, 35.104077000870916 ], [ 127.96964116282102, 35.103942511593139 ], [ 127.969704628397054, 35.103815223744583 ], [ 127.969764593135267, 35.103690772927756 ], [ 127.96982753522299, 35.103574077909727 ], [ 127.969911587250493, 35.103404364577599 ], [ 127.969922927883928, 35.103368200596201 ], [ 127.969918953776485, 35.103199828405103 ], [ 127.969922041749896, 35.103036913627371 ], [ 127.969912564466838, 35.102943434157957 ], [ 127.969892482489627, 35.102876878478391 ], [ 127.969872087177791, 35.102839818736065 ], [ 127.969838754549926, 35.102787978835664 ], [ 127.969794593650022, 35.102731086884035 ], [ 127.969770949173608, 35.102695750013424 ], [ 127.969753163699323, 35.102668044450184 ], [ 127.969739520021676, 35.102634217249538 ], [ 127.969661470141133, 35.102498903751012 ], [ 127.969491835460019, 35.102353641004257 ], [ 127.969199760642041, 35.102148984225288 ], [ 127.968880954978218, 35.101991113608868 ], [ 127.96844238081853, 35.10182212441633 ], [ 127.968288746099631, 35.10178712798119 ], [ 127.968204858618122, 35.101792972781645 ], [ 127.967529560310567, 35.101662094261592 ], [ 127.967348011293012, 35.101573846405991 ], [ 127.967219765752816, 35.101555895368882 ], [ 127.966644840940347, 35.101570830558543 ], [ 127.966440634756907, 35.101518985637938 ], [ 127.965949885168101, 35.10137455237637 ], [ 127.965737630895603, 35.101352094296246 ], [ 127.965389733553124, 35.101396263636076 ], [ 127.965308209267732, 35.101424511777878 ], [ 127.965201358082197, 35.101440886961086 ], [ 127.965022337582411, 35.101388839117 ], [ 127.96481925598809, 35.101254185571889 ], [ 127.964350682305977, 35.101031947178036 ], [ 127.964131727018312, 35.100975040853406 ], [ 127.963072024186147, 35.10063847653737 ], [ 127.962641579691038, 35.100445252463892 ], [ 127.962351069114376, 35.100371661687298 ], [ 127.961787568252674, 35.100286436760229 ], [ 127.961072923023906, 35.100198957617124 ] ] ] } },
{ "type": "Feature", "properties": { "fid": 301, "UserID": null, "number": "곤명305", "UMD": null, "NUM": "305", "GUBUN": "농도", "Opened": "미개설", "차선": null, "도로폭": null, "변경여부": null, "비고": null, "기존": "미개설", "기타": null, "종점": null, "기점": null, "구분": null, "정비사항": null, "연장": "0.2" }, "geometry": { "type": "MultiLineString", "coordinates": [ [ [ 127.972440136450459, 35.101588305309882 ], [ 127.972880727478497, 35.100159974293987 ] ] ] } },
{ "type": "Feature", "properties": { "fid": 302, "UserID": null, "number": "곤명305", "UMD": null, "NUM": "305", "GUBUN": "농도", "Opened": "미확장", "차선": "1", "도로폭": "2.5", "변경여부": null, "비고": null, "기존": "미확장", "기타": null, "종점": "성방리 226-1", "기점": null, "구분": "노선단축", "정비사항": "개설 불가능 및 개설효과 없는 구간 폐지 후 해당구간 종점 변경", "연장": "1" }, "geometry": { "type": "MultiLineString", "coordinates": [ [ [ 127.972880727478497, 35.100159974293987 ], [ 127.972656957003124, 35.100051373985437 ], [ 127.971485051075334, 35.09975620688293 ], [ 127.971596421572201, 35.09948621004412 ], [ 127.971655154553332, 35.098801027966388 ], [ 127.971663107916086, 35.098397987563601 ], [ 127.971692962727232, 35.098141308578377 ], [ 127.971705734661157, 35.097876044057301 ], [ 127.971756907800454, 35.097269424324608 ], [ 127.971885478771881, 35.09692472956467 ], [ 127.972235106324575, 35.096606173971168 ], [ 127.972339340102423, 35.096446589630659 ], [ 127.972543638977697, 35.096044590926645 ], [ 127.972660672322689, 35.095801168193233 ], [ 127.972240251041185, 35.095467135693724 ], [ 127.972241741059861, 35.095377128737148 ], [ 127.972564117873944, 35.095177415924617 ], [ 127.972660270863486, 35.094918460266896 ], [ 127.972776233732915, 35.094719094319139 ], [ 127.972855868061458, 35.094499085905312 ], [ 127.973083138210242, 35.094155342273616 ], [ 127.973229516821405, 35.09388115487296 ], [ 127.973303473510896, 35.093674711515426 ], [ 127.973308760055829, 35.093405145552424 ], [ 127.9734390433226, 35.093116258935176 ], [ 127.97346556632057, 35.092758425745913 ], [ 127.973481082864424, 35.092635314686056 ] ] ] } },
{ "type": "Feature", "properties": { "fid": 304, "UserID": null, "number": "곤명306", "UMD": null, "NUM": "306", "GUBUN": "농도", "Opened": "현황도로", "차선": "2", "도로폭": "8", "변경여부": null, "비고": null, "기존": "현황도로", "기타": null, "종점": null, "기점": null, "구분": null, "정비사항": null, "연장": "0.2" }, "geometry": { "type": "MultiLineString", "coordinates": [ [ [ 127.94166794016887, 35.082839153159682 ], [ 127.941742225488071, 35.082938728411072 ], [ 127.941834278037092, 35.082963830780592 ], [ 127.941929152540368, 35.082987212714436 ], [ 127.942112822462349, 35.083021642225688 ], [ 127.942290765782559, 35.083051420193556 ], [ 127.942550343463097, 35.083090746983032 ], [ 127.942716345664238, 35.083112043629242 ], [ 127.942979571093375, 35.083143172171042 ], [ 127.943212415280627, 35.083169547557681 ], [ 127.943592356556962, 35.083213802193093 ], [ 127.943783204010373, 35.083220854654897 ], [ 127.943970957895473, 35.083213597923148 ] ] ] } },
{ "type": "Feature", "properties": { "fid": 305, "UserID": null, "number": "곤명306", "UMD": null, "NUM": "306", "GUBUN": "농도", "Opened": "미확장", "차선": "1", "도로폭": "2.5", "변경여부": null, "비고": null, "기존": "미확장", "기타": null, "종점": null, "기점": null, "구분": null, "정비사항": null, "연장": "0.3" }, "geometry": { "type": "MultiLineString", "coordinates": [ [ [ 127.944744176223779, 35.08323820744755 ], [ 127.944832889309481, 35.083245042993568 ], [ 127.944928018623699, 35.083280280135916 ], [ 127.945115894878526, 35.083364047744858 ], [ 127.94656594810759, 35.083811379184638 ], [ 127.947535084651008, 35.084099151852698 ], [ 127.947982676061855, 35.084242052027356 ], [ 127.948108189994684, 35.084278805133458 ], [ 127.948200336711977, 35.084288549793257 ] ] ] } },
{ "type": "Feature", "properties": { "fid": 306, "UserID": null, "number": "곤명307", "UMD": null, "NUM": "307", "GUBUN": "농도", "Opened": "미개설", "차선": null, "도로폭": null, "변경여부": null, "비고": null, "기존": "미개설", "기타": null, "종점": null, "기점": null, "구분": null, "정비사항": null, "연장": "0.4" }, "geometry": { "type": "MultiLineString", "coordinates": [ [ [ 127.938253064780227, 35.069980733166879 ], [ 127.939019710838465, 35.0702369919943 ], [ 127.939742496770378, 35.071059368972548 ], [ 127.940146801825904, 35.071918709697783 ], [ 127.940255100246574, 35.072945939226798 ] ] ] } },
{ "type": "Feature", "properties": { "fid": 307, "UserID": null, "number": "곤명307", "UMD": null, "NUM": "307", "GUBUN": "농도", "Opened": "미개설", "차선": null, "도로폭": null, "변경여부": null, "비고": null, "기존": "미개설", "기타": null, "종점": null, "기점": null, "구분": null, "정비사항": null, "연장": "0.2" }, "geometry": { "type": "MultiLineString", "coordinates": [ [ [ 127.94959071955698, 35.078177408057712 ], [ 127.951782447047606, 35.078861877792079 ] ] ] } },
{ "type": "Feature", "properties": { "fid": 308, "UserID": null, "number": "곤명307", "UMD": null, "NUM": "307", "GUBUN": "농도", "Opened": "현황도로", "차선": "2", "도로폭": "6", "변경여부": null, "비고": null, "기존": "현황도로", "기타": null, "종점": null, "기점": null, "구분": null, "정비사항": null, "연장": "0.3" }, "geometry": { "type": "MultiLineString", "coordinates": [ [ [ 127.946697767506109, 35.077190796730477 ], [ 127.946837505872793, 35.077217363023536 ], [ 127.946919037355755, 35.07724844476266 ], [ 127.947016914352076, 35.077282923422985 ], [ 127.947089406867335, 35.077308085653478 ], [ 127.947201110304363, 35.077346669457675 ], [ 127.947438529937742, 35.077426895138032 ], [ 127.947674198488642, 35.077508489988162 ], [ 127.94784811936934, 35.077572336565055 ], [ 127.947989225142578, 35.077627175356504 ], [ 127.948220534073414, 35.077714321196737 ], [ 127.948391374297088, 35.077758507115639 ], [ 127.948401969139709, 35.077759933058033 ], [ 127.948564700394755, 35.077781859885249 ], [ 127.948690326958626, 35.077794595466301 ], [ 127.948830363537127, 35.077836956030069 ], [ 127.94959071955698, 35.078177408057712 ] ] ] } },
{ "type": "Feature", "properties": { "fid": 309, "UserID": null, "number": "곤명307", "UMD": null, "NUM": "307", "GUBUN": "농도", "Opened": "미확장", "차선": "1", "도로폭": "2.5", "변경여부": null, "비고": null, "기존": "미확장", "기타": null, "종점": null, "기점": null, "구분": null, "정비사항": null, "연장": "0.9" }, "geometry": { "type": "MultiLineString", "coordinates": [ [ [ 127.940255100246574, 35.072945939226798 ], [ 127.940345531171374, 35.073147056989228 ], [ 127.940422334911787, 35.073623409531429 ], [ 127.940457426842045, 35.073847380617053 ], [ 127.940415416842882, 35.073934816252674 ], [ 127.940363866711323, 35.074013701110054 ], [ 127.940326953183273, 35.074088160087648 ], [ 127.940343657987981, 35.074172552998 ], [ 127.940470499343178, 35.074346651596244 ], [ 127.940609385116844, 35.074473220576913 ], [ 127.940741284316758, 35.074539470426544 ], [ 127.940978768271023, 35.074572989392188 ], [ 127.941129352212982, 35.07462184435996 ], [ 127.941204436647851, 35.074673872542235 ], [ 127.941237451434844, 35.074716739991665 ], [ 127.941441684423722, 35.074778115269787 ], [ 127.941563420353134, 35.074781482533552 ], [ 127.942166625180377, 35.074687100456224 ], [ 127.942505163061682, 35.074750017864908 ], [ 127.942619072150322, 35.074802605890625 ], [ 127.942680887403142, 35.074886647807034 ], [ 127.942910982958452, 35.07500733022858 ], [ 127.943212134968476, 35.075103310313779 ], [ 127.943684984453924, 35.075532593360933 ], [ 127.943786187839535, 35.075574929458867 ], [ 127.94397123431699, 35.075609713078471 ], [ 127.944200976100191, 35.07569934672091 ], [ 127.944420367177656, 35.075801135157334 ], [ 127.944650019803319, 35.076064988224168 ], [ 127.944667679130347, 35.076140748305363 ], [ 127.944639101294811, 35.076209968773718 ], [ 127.944472606819744, 35.076328561935391 ], [ 127.944433637731521, 35.076406488015841 ], [ 127.944460504213112, 35.076552899219202 ], [ 127.944551486297428, 35.076800582868863 ], [ 127.944533358854272, 35.076866272017519 ], [ 127.944538250787943, 35.076926607033009 ], [ 127.944649151577849, 35.076899869004343 ], [ 127.944792092734971, 35.076820063398898 ], [ 127.94496415750271, 35.076738596411367 ], [ 127.945107216381345, 35.076689080510711 ], [ 127.945149428188827, 35.076679650882255 ], [ 127.945191786979379, 35.076673277976191 ], [ 127.9452340732728, 35.076669977907336 ], [ 127.945274537325517, 35.076671105436176 ], [ 127.945309593410414, 35.076678404928643 ], [ 127.945354024698815, 35.07669923366835 ], [ 127.945433780794872, 35.07675160955668 ], [ 127.945457999212181, 35.076769540283742 ], [ 127.945485712190461, 35.076785996237611 ], [ 127.945517188280476, 35.076796301930216 ], [ 127.945550380443052, 35.076803612164269 ], [ 127.945611217453205, 35.076812244646007 ], [ 127.945670325496167, 35.076822322175794 ], [ 127.945745933520939, 35.076838410867794 ], [ 127.945788387916295, 35.076850155013865 ], [ 127.945818000070446, 35.076860471443595 ], [ 127.945843920228214, 35.076873973424682 ], [ 127.945881069900906, 35.076900903586107 ], [ 127.945910846786617, 35.076924822267735 ], [ 127.945932672016113, 35.07693363780519 ], [ 127.945932977462093, 35.076933757634499 ], [ 127.94595693278724, 35.076938076119298 ], [ 127.945999393694365, 35.076940807100463 ], [ 127.946084032545158, 35.076940146628154 ], [ 127.946237046819405, 35.076932320718996 ], [ 127.946280240155701, 35.076930109756056 ], [ 127.94629554038282, 35.076934785501336 ], [ 127.946304724951403, 35.07693758738089 ], [ 127.946365118885026, 35.076948288655018 ], [ 127.946442444889712, 35.07694847464014 ], [ 127.946697767506109, 35.077190796730477 ] ] ] } },
{ "type": "Feature", "properties": { "fid": 310, "UserID": null, "number": "곤명308", "UMD": null, "NUM": "308", "GUBUN": "농도", "Opened": "미확장", "차선": "1", "도로폭": "2.5", "변경여부": null, "비고": null, "기존": "미확장", "기타": null, "종점": null, "기점": null, "구분": null, "정비사항": null, "연장": "0.6" }, "geometry": { "type": "MultiLineString", "coordinates": [ [ [ 127.976307282541427, 35.100678272836021 ], [ 127.976427831077814, 35.100768675401248 ], [ 127.976565042351254, 35.100882965621352 ], [ 127.976677539931742, 35.101031716780668 ], [ 127.976752772517145, 35.101125665721781 ], [ 127.97680797319633, 35.101177146641355 ], [ 127.976876839985422, 35.101232059861829 ], [ 127.976977382140888, 35.101312234147187 ], [ 127.977022600102003, 35.101352544450286 ], [ 127.977133910071217, 35.101415683544694 ], [ 127.977197241752748, 35.10147535783225 ], [ 127.977247796928282, 35.10153164610648 ], [ 127.977258575885017, 35.101573079788992 ], [ 127.977324711568485, 35.101659632857526 ], [ 127.977408286025479, 35.101728351430268 ], [ 127.97743199222036, 35.101754185038466 ], [ 127.977453058638289, 35.101770983203352 ], [ 127.977499140426801, 35.101793121116522 ], [ 127.977544644504817, 35.101832758191698 ], [ 127.977581999446485, 35.101876976532964 ], [ 127.97762861401668, 35.101942075681279 ], [ 127.977647794033558, 35.101992215524803 ], [ 127.977691673620683, 35.102038751373115 ], [ 127.977812605676192, 35.102079221561908 ], [ 127.977914508114068, 35.102169112848465 ], [ 127.977976218480734, 35.102270667444202 ], [ 127.978233493727416, 35.102484035651301 ], [ 127.978529966692591, 35.102690438073751 ], [ 127.978650003295627, 35.102788575661073 ], [ 127.978836821340295, 35.102967621602239 ], [ 127.978975434761281, 35.103109550097933 ], [ 127.979080876116612, 35.103186193101536 ], [ 127.979212461118394, 35.103271181242285 ], [ 127.979298654776031, 35.103334158690764 ], [ 127.979374408006308, 35.103411612423869 ], [ 127.979547116403708, 35.103475635210557 ], [ 127.979728492665473, 35.103554415818692 ], [ 127.979868408118278, 35.103650969649003 ], [ 127.979972978570643, 35.10376265012269 ], [ 127.980061381220509, 35.103877071457489 ], [ 127.980166837652732, 35.103997460534664 ], [ 127.980253709640309, 35.104072643192012 ], [ 127.980384513918167, 35.104121549867401 ], [ 127.980485469394239, 35.104192882855202 ], [ 127.980594267397365, 35.104326328152787 ], [ 127.980641599567164, 35.104406357314815 ], [ 127.980736929392364, 35.104499670845975 ], [ 127.980788317682183, 35.104576836336456 ], [ 127.980836897387277, 35.104650283840954 ], [ 127.980868227516453, 35.104716631944513 ], [ 127.980898855004384, 35.104840234615885 ], [ 127.980924943409221, 35.104901124445249 ] ] ] } },
{ "type": "Feature", "properties": { "fid": 311, "UserID": null, "number": "곤명308", "UMD": null, "NUM": "308", "GUBUN": "농도", "Opened": "미개설", "차선": null, "도로폭": null, "변경여부": null, "비고": null, "기존": "미개설", "기타": null, "종점": null, "기점": null, "구분": null, "정비사항": null, "연장": "0.8" }, "geometry": { "type": "MultiLineString", "coordinates": [ [ [ 127.980924943409221, 35.104901124445249 ], [ 127.980940526357301, 35.104937494696038 ], [ 127.984507746990886, 35.109350555363129 ], [ 127.985593182933073, 35.110238698460222 ], [ 127.985717374155271, 35.111277796867995 ] ] ] } },
{ "type": "Feature", "properties": { "fid": 313, "UserID": null, "number": "곤명309", "UMD": null, "NUM": "309", "GUBUN": "농도", "Opened": "현황도로", "차선": "2", "도로폭": "6", "변경여부": null, "비고": null, "기존": "현황도로", "기타": null, "종점": null, "기점": null, "구분": null, "정비사항": null, "연장": "0.1" }, "geometry": { "type": "MultiLineString", "coordinates": [ [ [ 127.9673216926397, 35.130959125240551 ], [ 127.967598781256967, 35.130953463323408 ], [ 127.967553989667479, 35.13164368963325 ] ] ] } },
{ "type": "Feature", "properties": { "fid": 314, "UserID": null, "number": "곤명309", "UMD": null, "NUM": "309", "GUBUN": "농도", "Opened": "미확장", "차선": "1", "도로폭": "2.5", "변경여부": null, "비고": null, "기존": "미확장", "기타": null, "종점": null, "기점": null, "구분": null, "정비사항": null, "연장": "0.1" }, "geometry": { "type": "MultiLineString", "coordinates": [ [ [ 127.967378655793368, 35.130106445800408 ], [ 127.967299797363651, 35.1305280681608 ], [ 127.9673216926397, 35.130959125240551 ] ] ] } },
{ "type": "Feature", "properties": { "fid": 316, "UserID": null, "number": "곤명310", "UMD": null, "NUM": "310", "GUBUN": "농도", "Opened": "미확장", "차선": "1", "도로폭": "2.5", "변경여부": null, "비고": null, "기존": "미확장", "기타": null, "종점": null, "기점": null, "구분": null, "정비사항": null, "연장": "0.2" }, "geometry": { "type": "MultiLineString", "coordinates": [ [ [ 127.93972179177581, 35.094173473037408 ], [ 127.939817038088492, 35.094218980323838 ], [ 127.940609432617521, 35.094313234449466 ], [ 127.941054691050923, 35.094360232305554 ], [ 127.941497829197885, 35.094414783131093 ], [ 127.941596052939445, 35.094426907052195 ], [ 127.941704336978901, 35.09444357964211 ], [ 127.941798348676315, 35.094451130115743 ], [ 127.941834985090125, 35.094444777552681 ], [ 127.941852607218138, 35.094428951170613 ], [ 127.941869257062166, 35.094407519264649 ], [ 127.94189807369284, 35.094335666131911 ], [ 127.941923051674166, 35.094323476952354 ] ] ] } },
{ "type": "Feature", "properties": { "fid": 317, "UserID": null, "number": "곤명310", "UMD": null, "NUM": "310", "GUBUN": "농도", "Opened": "현황도로", "차선": "2", "도로폭": "7", "변경여부": null, "비고": null, "기존": "현황도로", "기타": null, "종점": null, "기점": null, "구분": null, "정비사항": null, "연장": "0.1" }, "geometry": { "type": "MultiLineString", "coordinates": [ [ [ 127.941923051674166, 35.094323476952354 ], [ 127.941971240479916, 35.094321037727191 ], [ 127.942513603979137, 35.09444875762145 ] ] ] } },
{ "type": "Feature", "properties": { "fid": 318, "UserID": null, "number": "곤명310", "UMD": null, "NUM": "310", "GUBUN": "농도", "Opened": "미확장", "차선": "1", "도로폭": "2.5", "변경여부": null, "비고": null, "기존": "미확장", "기타": null, "종점": null, "기점": null, "구분": null, "정비사항": null, "연장": "0.1" }, "geometry": { "type": "MultiLineString", "coordinates": [ [ [ 127.942513603979137, 35.09444875762145 ], [ 127.942579794099728, 35.094506624629474 ], [ 127.942716394055893, 35.094706502673922 ], [ 127.943306439592064, 35.095564046591754 ], [ 127.94331668922861, 35.09558007059826 ], [ 127.943325732767732, 35.09560963747402 ] ] ] } },
{ "type": "Feature", "properties": { "fid": 324, "UserID": null, "number": "서포102", "UMD": null, "NUM": "102", "GUBUN": "면도", "Opened": "미확장", "차선": "1", "도로폭": "5", "변경여부": null, "비고": null, "기존": "미확장", "기타": null, "종점": null, "기점": null, "구분": null, "정비사항": null, "연장": "1.4" }, "geometry": { "type": "MultiLineString", "coordinates": [ [ [ 127.968026946959171, 35.002115623437156 ], [ 127.967411756603497, 35.002158192741206 ], [ 127.967249835915922, 35.002271132128236 ], [ 127.967071556261104, 35.002255107493085 ], [ 127.966910007602905, 35.002312485713482 ], [ 127.966858134334544, 35.00234310970388 ], [ 127.966827204797013, 35.002367146034658 ], [ 127.966746881889819, 35.0024383795812 ], [ 127.966315587384628, 35.00270866406597 ], [ 127.965663486638334, 35.003110729045538 ], [ 127.965123701366792, 35.003443562479788 ], [ 127.964835224650272, 35.003626835880389 ], [ 127.964611787739827, 35.003766051038319 ], [ 127.964598059475264, 35.00378275066501 ], [ 127.964595588391916, 35.00379687844184 ], [ 127.96459700504748, 35.00381676589528 ], [ 127.964609719231134, 35.003908866807123 ], [ 127.964611709100893, 35.003927426496602 ], [ 127.9645935846833, 35.003958328910763 ], [ 127.964256477400411, 35.004163488447077 ], [ 127.963974908887465, 35.004338039841457 ], [ 127.963536389708807, 35.004612584425956 ], [ 127.963053057177561, 35.004912369224471 ], [ 127.962999638654978, 35.004940448959935 ], [ 127.96291297521347, 35.004991636690583 ], [ 127.962834832321562, 35.005044101330256 ], [ 127.962781373749735, 35.005087275397372 ], [ 127.962750237378444, 35.005130074368687 ], [ 127.962651823115905, 35.005319376962724 ], [ 127.962421507916147, 35.005740443493615 ], [ 127.962283751795979, 35.006005431745699 ], [ 127.962313779376473, 35.00611840618118 ], [ 127.96250339009562, 35.006910132922684 ], [ 127.962529437997546, 35.007000407407602 ], [ 127.96257264176603, 35.007123297331241 ], [ 127.962595909380568, 35.007164885383332 ], [ 127.962611795709435, 35.00720645956914 ], [ 127.962647998759522, 35.007246472834879 ], [ 127.962709390978006, 35.007316173284039 ], [ 127.962756485145746, 35.007394690024348 ], [ 127.962811712700301, 35.007543997734494 ], [ 127.962842195222677, 35.007606738514994 ], [ 127.96286262062614, 35.007638271541353 ], [ 127.962985908189253, 35.007812911970312 ], [ 127.963136300800187, 35.008035830275816 ], [ 127.963177382007871, 35.008118112257954 ], [ 127.963203560379938, 35.008200138597545 ], [ 127.96323418539788, 35.008319156230741 ], [ 127.963285656880885, 35.008516045271477 ], [ 127.963341739958935, 35.008631032195581 ], [ 127.963383546962604, 35.008710467574623 ], [ 127.963478281556604, 35.008872855884981 ], [ 127.963491983236509, 35.00890716123282 ], [ 127.96331068710613, 35.00931691429868 ], [ 127.963956154561018, 35.010008674011388 ], [ 127.96440415673068, 35.010047708719121 ], [ 127.964742538315491, 35.010334608739292 ], [ 127.965099450357044, 35.010574258569882 ], [ 127.965361317174356, 35.010673432242591 ] ] ] } },
{ "type": "Feature", "properties": { "fid": 325, "UserID": null, "number": "서포102", "UMD": null, "NUM": "102", "GUBUN": "면도", "Opened": "현황도로", "차선": "2", "도로폭": "10", "변경여부": null, "비고": null, "기존": "현황도로", "기타": null, "종점": null, "기점": null, "구분": null, "정비사항": null, "연장": "0.7" }, "geometry": { "type": "MultiLineString", "coordinates": [ [ [ 127.96781863004648, 34.996174784542774 ], [ 127.967825314532206, 34.997454654815016 ], [ 127.967857737931254, 34.998071933451676 ], [ 127.967848900148084, 34.998164127177375 ], [ 127.967839234186613, 34.998377912053698 ], [ 127.967797233751753, 34.998569032567957 ], [ 127.967777911126007, 34.998937475219847 ], [ 127.967777614846867, 34.999100650746925 ], [ 127.967763215473866, 34.999410305583403 ], [ 127.967761454044265, 34.999476321879747 ], [ 127.967758461589057, 34.999588827207624 ], [ 127.967742438422576, 34.999996438799371 ], [ 127.967756616231355, 35.000518666468992 ], [ 127.967730513045993, 35.001156475301464 ], [ 127.967717076326636, 35.001436733882421 ], [ 127.967818581244643, 35.001689494169369 ], [ 127.968026946959171, 35.002115623437156 ] ] ] } },
{ "type": "Feature", "properties": { "fid": 326, "UserID": null, "number": "서포102", "UMD": null, "NUM": "102", "GUBUN": "면도", "Opened": "미확장", "차선": "1", "도로폭": "3", "변경여부": null, "비고": null, "기존": "미확장", "기타": null, "종점": null, "기점": null, "구분": null, "정비사항": null, "연장": "0.7" }, "geometry": { "type": "MultiLineString", "coordinates": [ [ [ 127.96781863004648, 34.996174784542774 ], [ 127.967953790663103, 34.996259955093215 ], [ 127.968131782483596, 34.996600078637471 ], [ 127.971138562960647, 34.996673248587975 ], [ 127.971658312830684, 34.996663104737436 ], [ 127.972680597470273, 34.996689676361918 ], [ 127.972778721300187, 34.99667260354839 ], [ 127.973477673106729, 34.996674047942527 ], [ 127.973585447392509, 34.996663073294037 ], [ 127.973803943967823, 34.996464196729526 ], [ 127.973963740829916, 34.996299934547039 ], [ 127.974003127334981, 34.996195080146492 ], [ 127.974011139255921, 34.99598924853268 ], [ 127.974069673303106, 34.995875604001114 ], [ 127.974215479957337, 34.995742555584904 ] ] ] } },
{ "type": "Feature", "properties": { "fid": 327, "UserID": null, "number": "서포102", "UMD": null, "NUM": "102", "GUBUN": "면도", "Opened": "미개설", "차선": null, "도로폭": null, "변경여부": null, "비고": null, "기존": "미개설", "기타": null, "종점": null, "기점": null, "구분": null, "정비사항": null, "연장": "0.8" }, "geometry": { "type": "MultiLineString", "coordinates": [ [ [ 127.974215479957337, 34.995742555584904 ], [ 127.974764973568213, 34.995601715376942 ], [ 127.975040008633357, 34.995461509480684 ], [ 127.975808140457559, 34.995186243000475 ], [ 127.976132902438749, 34.994997335931707 ], [ 127.976442657025785, 34.994956895567498 ], [ 127.976635364298289, 34.994944995560473 ], [ 127.978444689352287, 34.994795878470768 ], [ 127.982011137854414, 34.994119088709454 ], [ 127.982106392250472, 34.99404512900901 ] ] ] } },
{ "type": "Feature", "properties": { "fid": 328, "UserID": null, "number": "서포102", "UMD": null, "NUM": "102", "GUBUN": "면도", "Opened": "미확장", "차선": "1", "도로폭": "6", "변경여부": null, "비고": null, "기존": "미확장", "기타": null, "종점": null, "기점": null, "구분": null, "정비사항": null, "연장": "0.8" }, "geometry": { "type": "MultiLineString", "coordinates": [ [ [ 127.982106392250472, 34.99404512900901 ], [ 127.98653466588496, 34.990522083462842 ], [ 127.98849526841299, 34.988994478929733 ] ] ] } },
{ "type": "Feature", "properties": { "fid": 329, "UserID": null, "number": "서포102", "UMD": null, "NUM": "102", "GUBUN": "면도", "Opened": "미개설", "차선": null, "도로폭": null, "변경여부": null, "비고": null, "기존": "미개설", "기타": null, "종점": "선전리 15-2", "기점": null, "구분": "종점변경", "정비사항": "시도까지 종점변경", "연장": "0.6" }, "geometry": { "type": "MultiLineString", "coordinates": [ [ [ 127.98849526841299, 34.988994478929733 ], [ 127.9835558214332, 34.985188376108525 ], [ 127.982292620418576, 34.984214923721488 ] ] ] } },
{ "type": "Feature", "properties": { "fid": 330, "UserID": null, "number": "서포103", "UMD": null, "NUM": "103", "GUBUN": "면도", "Opened": "미개설", "차선": null, "도로폭": null, "변경여부": null, "비고": null, "기존": "미개설", "기타": null, "종점": null, "기점": null, "구분": null, "정비사항": null, "연장": "2.1" }, "geometry": { "type": "MultiLineString", "coordinates": [ [ [ 127.962908469821414, 35.015352303016755 ], [ 127.961528935222702, 35.013464050432709 ], [ 127.960394257173576, 35.01109948789663 ], [ 127.9596689126939, 35.009311264840633 ], [ 127.957427824159822, 35.006983014455464 ], [ 127.956401042898605, 35.005224746638973 ], [ 127.954136559683889, 34.999419086022904 ], [ 127.954576324004407, 34.997935607561999 ] ] ] } },
{ "type": "Feature", "properties": { "fid": 333, "UserID": null, "number": "서포104", "UMD": null, "NUM": "104", "GUBUN": "면도", "Opened": "현황도로", "차선": "2", "도로폭": "10", "변경여부": null, "비고": null, "기존": "현황도로", "기타": null, "종점": null, "기점": null, "구분": null, "정비사항": null, "연장": "0.6" }, "geometry": { "type": "MultiLineString", "coordinates": [ [ [ 128.001345069268524, 35.010678235674042 ], [ 128.001461679842919, 35.010605377333 ], [ 128.001918370905287, 35.010246497852741 ], [ 128.00222481623365, 35.009897916871203 ], [ 128.002446177691098, 35.009417151312057 ], [ 128.002823265894506, 35.008482698170667 ], [ 128.00304210355452, 35.008169657795456 ], [ 128.003319026043613, 35.007813908535354 ], [ 128.003459205374384, 35.00770361313208 ], [ 128.004107261158623, 35.007320264593247 ], [ 128.004402429990222, 35.007134620906619 ], [ 128.004574128105475, 35.006938210844623 ], [ 128.004680373737301, 35.0066938976599 ], [ 128.004687359591713, 35.00667150474068 ] ] ] } },
{ "type": "Feature", "properties": { "fid": 334, "UserID": null, "number": "서포104", "UMD": null, "NUM": "104", "GUBUN": "면도", "Opened": "미확장", "차선": "1", "도로폭": "4", "변경여부": null, "비고": null, "기존": "미확장", "기타": null, "종점": null, "기점": null, "구분": null, "정비사항": null, "연장": "0.2" }, "geometry": { "type": "MultiLineString", "coordinates": [ [ [ 128.000450491856583, 35.012718208812224 ], [ 128.001301032771892, 35.010941391480756 ], [ 128.001328658177243, 35.010799717293722 ], [ 128.001345069268524, 35.010678235674042 ] ] ] } },
{ "type": "Feature", "properties": { "fid": 335, "UserID": null, "number": "서포104", "UMD": null, "NUM": "104", "GUBUN": "면도", "Opened": "미개설", "차선": null, "도로폭": null, "변경여부": null, "비고": null, "기존": "미개설", "기타": null, "종점": null, "기점": null, "구분": null, "정비사항": null, "연장": "0.7" }, "geometry": { "type": "MultiLineString", "coordinates": [ [ [ 127.995227008380311, 35.015941971649305 ], [ 127.995369570660444, 35.01594080246803 ], [ 127.995858145093251, 35.015771198706325 ], [ 127.997474886773517, 35.015268034372546 ], [ 127.997770660232732, 35.015106907265718 ], [ 127.998014692090038, 35.014828908078464 ], [ 127.999836554865738, 35.013954885370651 ], [ 128.000044394125666, 35.013804826894287 ], [ 128.000263173135636, 35.013520131492612 ], [ 128.000653353807706, 35.013192623706487 ], [ 128.000709238411645, 35.01296101908418 ], [ 128.000661142162329, 35.012799269967928 ], [ 128.000450491856583, 35.012718208812224 ] ] ] } },
{ "type": "Feature", "properties": { "fid": 336, "UserID": null, "number": "서포201", "UMD": null, "NUM": "201", "GUBUN": "리도", "Opened": "미확장", "차선": "1", "도로폭": "4", "변경여부": null, "비고": null, "기존": "미개설", "기타": null, "종점": "외구리 1195-11", "기점": "서정리 684-3", "구분": "선형변경", "정비사항": "리도 201호선 노선 변경, 마을간 연결(우티~동구)", "연장": "1.8" }, "geometry": { "type": "MultiLineString", "coordinates": [ [ [ 127.959837977148027, 35.049773621827548 ], [ 127.959782982296389, 35.049569296426398 ], [ 127.959848005548224, 35.04943179427778 ], [ 127.959863986614295, 35.049299006074868 ], [ 127.959938601441152, 35.049082119321461 ], [ 127.960069523875717, 35.048882090613397 ], [ 127.960128157290512, 35.048797991977949 ], [ 127.960119760441458, 35.048679816428447 ], [ 127.959938527633483, 35.048326524623604 ], [ 127.959906310561365, 35.048270542495523 ], [ 127.959956092955636, 35.048179304093296 ], [ 127.960093944227054, 35.048121976123191 ], [ 127.960108237363528, 35.04784500363558 ], [ 127.960075362343105, 35.047732789693555 ], [ 127.96000221280444, 35.047625220384802 ], [ 127.959923836210876, 35.047370610834896 ], [ 127.959861122439179, 35.047255748973882 ], [ 127.95981332698382, 35.046917262745517 ], [ 127.959952960844873, 35.046562873742424 ], [ 127.960016530668852, 35.046301373001597 ], [ 127.960000985134656, 35.046021752615374 ], [ 127.959968919591077, 35.0458287815215 ], [ 127.960015278388667, 35.045744780044835 ], [ 127.960012545423126, 35.045511201490093 ], [ 127.959981289812092, 35.045387438844919 ], [ 127.959875859284651, 35.045218119846687 ], [ 127.95988074785663, 35.045186357683335 ], [ 127.959883782001654, 35.045145958332959 ], [ 127.960174556951998, 35.044522165396394 ], [ 127.960240453159869, 35.044459638842419 ], [ 127.96025612743864, 35.044150931763909 ], [ 127.960343937328432, 35.044013248909124 ], [ 127.960685385578685, 35.043824530557451 ], [ 127.960807214024101, 35.043747141005504 ], [ 127.961393916212884, 35.043390650763953 ], [ 127.96152188142355, 35.043388194659023 ], [ 127.962073000264382, 35.043287213046526 ], [ 127.962208970334771, 35.043219803788823 ], [ 127.962508199501002, 35.043019879370803 ], [ 127.962876623340861, 35.042740096347551 ], [ 127.962912475405972, 35.042657619125343 ], [ 127.963235178761579, 35.04236666207904 ], [ 127.9633991895154, 35.042149063283659 ], [ 127.963599422921604, 35.041880707384642 ], [ 127.96373711770228, 35.041661875166668 ], [ 127.96389967745273, 35.041470242801736 ], [ 127.963943209698243, 35.041295417733636 ], [ 127.964173073054255, 35.041012405691831 ], [ 127.964398675178614, 35.04081450372545 ], [ 127.964556132495048, 35.040487365207689 ], [ 127.964750955959076, 35.040356038224147 ], [ 127.964879058898362, 35.040216589709551 ], [ 127.965025641939803, 35.040157744779471 ], [ 127.965268024520924, 35.03989626074344 ], [ 127.965280760454618, 35.039786569162167 ], [ 127.965455912907075, 35.039473708451965 ], [ 127.965546259536396, 35.03940377457711 ], [ 127.965800174849633, 35.039228716321389 ], [ 127.965853965933633, 35.039032179226588 ], [ 127.965988737864478, 35.038863836909734 ], [ 127.96643947054794, 35.038727585478213 ], [ 127.966582611563723, 35.038674534009949 ], [ 127.966772936228068, 35.038459604972331 ], [ 127.967053665498142, 35.038477555375451 ], [ 127.967394951061777, 35.038575773009882 ], [ 127.96761348813223, 35.038672084740888 ], [ 127.967854596380107, 35.038600946697372 ], [ 127.968149316886638, 35.038615898991544 ], [ 127.968585576665106, 35.038739310934353 ], [ 127.968795809675655, 35.038726096579197 ] ] ] } },
{ "type": "Feature", "properties": { "fid": 339, "UserID": null, "number": "서포202", "UMD": null, "NUM": "202", "GUBUN": "리도", "Opened": "현황도로", "차선": "2", "도로폭": "8", "변경여부": null, "비고": null, "기존": "현황도로", "기타": null, "종점": null, "기점": null, "구분": null, "정비사항": null, "연장": "1.1" }, "geometry": { "type": "MultiLineString", "coordinates": [ [ [ 127.939738556802922, 35.011895221732821 ], [ 127.939653833604609, 35.012052584030599 ], [ 127.939607366497327, 35.012097126530207 ], [ 127.93951591440451, 35.012163409297955 ], [ 127.939289851618042, 35.012316053267654 ], [ 127.939176338589434, 35.012384883656985 ], [ 127.939028671691801, 35.012478987258554 ], [ 127.938935339647998, 35.012551937693246 ], [ 127.938837378567868, 35.012642483305065 ], [ 127.938744665997461, 35.012720033419271 ], [ 127.938685737909296, 35.012780963758701 ], [ 127.938678477865466, 35.012790868824794 ], [ 127.938644958667055, 35.012861689729306 ], [ 127.938625332819186, 35.012932352871786 ], [ 127.938620484007828, 35.012949796084008 ], [ 127.938618312059504, 35.012950858652999 ], [ 127.938589007415956, 35.012965185450099 ], [ 127.938483975547456, 35.012991665881465 ], [ 127.938298183146131, 35.01303150850044 ], [ 127.938209455040223, 35.013045954623735 ], [ 127.938172821790786, 35.013047535502857 ], [ 127.93814567026169, 35.013048703708385 ], [ 127.938093163729604, 35.013046819621493 ], [ 127.938035259070929, 35.013033711809143 ], [ 127.938035052342741, 35.01303360183914 ], [ 127.937991021005146, 35.01300919579046 ], [ 127.937990011722732, 35.013008456875561 ], [ 127.937989376089462, 35.01300799832557 ], [ 127.937888297989247, 35.012963369404744 ], [ 127.937816172724524, 35.012940931534494 ], [ 127.937702073225935, 35.012931553377911 ], [ 127.937599739243907, 35.012958329262098 ], [ 127.937356318647517, 35.01305450584826 ], [ 127.93716472405842, 35.013123264496691 ], [ 127.936979285612026, 35.013187883896236 ], [ 127.93674645899479, 35.013256586446424 ], [ 127.936657263293995, 35.013293540753629 ], [ 127.936587468773126, 35.013327308207259 ], [ 127.936534884145061, 35.01337212662623 ], [ 127.936486356703128, 35.013417822891782 ], [ 127.936442715006919, 35.013479491093932 ], [ 127.936409293626326, 35.013533168849477 ], [ 127.936366667596204, 35.01359652431659 ], [ 127.936323340521838, 35.013633880361702 ], [ 127.936285390523722, 35.013650319199535 ], [ 127.936245395605226, 35.013667576178342 ], [ 127.936192264431654, 35.013675496192576 ], [ 127.936133003704967, 35.013683362451502 ], [ 127.936013259055713, 35.013684958200123 ], [ 127.935933744078071, 35.013681746591402 ], [ 127.935884803296958, 35.013681317482906 ], [ 127.935826609887812, 35.013685836163397 ], [ 127.935783741514115, 35.01368881704726 ], [ 127.93573776904789, 35.013694278926188 ], [ 127.935707078134016, 35.013701559434182 ], [ 127.935648681073133, 35.013722847698084 ], [ 127.935577377736621, 35.013756039784454 ], [ 127.935508530182261, 35.013795686169658 ], [ 127.935444625335663, 35.013847948222548 ], [ 127.93539815284494, 35.01389198367346 ], [ 127.935344467256144, 35.013942663162013 ], [ 127.935282085610922, 35.014023808099779 ], [ 127.935238499764736, 35.014082125794488 ], [ 127.935176519922365, 35.014142790315574 ], [ 127.935113624732566, 35.014195067284923 ], [ 127.935030336736389, 35.01424800134771 ], [ 127.934962544978234, 35.014285142208699 ], [ 127.934852755927352, 35.014322282564358 ], [ 127.934741082323725, 35.01436155262418 ], [ 127.934610058680889, 35.014398974320358 ], [ 127.934430654641787, 35.014449560462083 ], [ 127.93426375750451, 35.014500087703652 ], [ 127.934011488525556, 35.014589385090929 ], [ 127.93392090269468, 35.014616473164871 ], [ 127.933817740254824, 35.01462898156413 ], [ 127.933731912635437, 35.014640806102932 ], [ 127.933672773503844, 35.014640286494277 ], [ 127.933612596845279, 35.01463975774012 ], [ 127.933565689632445, 35.014639345559836 ], [ 127.933508758755266, 35.014625430612952 ], [ 127.933472031633201, 35.014614906473497 ], [ 127.933415187952463, 35.014594278678324 ], [ 127.933347285857579, 35.014560981316535 ], [ 127.933172031999845, 35.014452772455115 ], [ 127.933122513392448, 35.014417958175656 ], [ 127.933055787941584, 35.01437292848648 ], [ 127.932977336067893, 35.014335133169794 ], [ 127.93279561702478, 35.014270642402856 ], [ 127.932684630122878, 35.014231774631028 ], [ 127.932551956636232, 35.014196478357881 ], [ 127.93210383392892, 35.014068216404887 ], [ 127.93185292269952, 35.0140152260036 ], [ 127.931747321531574, 35.013989576107754 ], [ 127.931052714287176, 35.013883904513193 ], [ 127.930837860091074, 35.013854153077112 ], [ 127.93066618060692, 35.013846164032806 ], [ 127.930449486628476, 35.013831900551708 ], [ 127.930117167515121, 35.013804831244563 ], [ 127.929843303596485, 35.013783586205605 ], [ 127.929482399653153, 35.013760374850165 ], [ 127.929383515801703, 35.013768331283515 ], [ 127.92929306366446, 35.013789308730161 ], [ 127.929188231341826, 35.01381369071548 ], [ 127.92914127256023, 35.01382984191703 ], [ 127.929080510220345, 35.013842870155713 ] ] ] } },
{ "type": "Feature", "properties": { "fid": 340, "UserID": null, "number": "서포202", "UMD": null, "NUM": "202", "GUBUN": "리도", "Opened": "미개설", "차선": null, "도로폭": null, "변경여부": null, "비고": null, "기존": "미개설", "기타": null, "종점": null, "기점": null, "구분": null, "정비사항": null, "연장": "1.4" }, "geometry": { "type": "MultiLineString", "coordinates": [ [ [ 127.950420301134287, 35.018809962139471 ], [ 127.948102040473174, 35.017098612327089 ], [ 127.946544772399207, 35.015924497989694 ], [ 127.94615061897008, 35.015578668433953 ], [ 127.944630541191827, 35.014683361391647 ], [ 127.94353727019282, 35.014021971712964 ], [ 127.943138652474246, 35.013285395095068 ], [ 127.943097839897462, 35.012685598511062 ], [ 127.942653151838215, 35.012368062115328 ], [ 127.942179025242638, 35.012441524397545 ], [ 127.941844751154221, 35.012876759141768 ], [ 127.941507434757668, 35.013046849997295 ], [ 127.940279594983551, 35.012480678191906 ], [ 127.940191512434581, 35.012195259727093 ], [ 127.94008054312917, 35.012133316691902 ], [ 127.939738556802922, 35.011895221732821 ] ] ] } },
{ "type": "Feature", "properties": { "fid": 341, "UserID": null, "number": "서포203", "UMD": null, "NUM": "203", "GUBUN": "리도", "Opened": "현황도로", "차선": "2", "도로폭": "8~10", "변경여부": null, "비고": null, "기존": "현황도로", "기타": null, "종점": null, "기점": null, "구분": null, "정비사항": null, "연장": "1.7" }, "geometry": { "type": "MultiLineString", "coordinates": [ [ [ 127.970402242688863, 35.023982469102492 ], [ 127.97051957932355, 35.02408093926973 ], [ 127.970573195982325, 35.024106748996971 ], [ 127.970637223859612, 35.024129243878939 ], [ 127.970796281063244, 35.024149244299309 ], [ 127.970958366350331, 35.024166797696999 ], [ 127.971103291992549, 35.024181912671061 ], [ 127.971343043662145, 35.024207255911101 ], [ 127.971609588718408, 35.024232177761398 ], [ 127.971919573481756, 35.024257039065105 ], [ 127.972061652676373, 35.024267427083352 ], [ 127.972253488170239, 35.02428452491484 ], [ 127.972442718145672, 35.024304776123415 ], [ 127.972537127996546, 35.024322383496248 ], [ 127.97282686979996, 35.024397172375423 ], [ 127.973031374442158, 35.024446585633207 ], [ 127.973130840020133, 35.024466815992895 ], [ 127.973223072329475, 35.024478668147289 ], [ 127.973288010300294, 35.024483696138752 ], [ 127.973392325404717, 35.024480931316809 ], [ 127.973522344911629, 35.024474736413318 ], [ 127.973620254832753, 35.024474826605832 ], [ 127.973718994701329, 35.024480805262954 ], [ 127.973822400951775, 35.024494353556911 ], [ 127.974009384309639, 35.024513808439167 ], [ 127.974146219226313, 35.024530387553909 ], [ 127.974298255046079, 35.024549073119672 ], [ 127.974461173501709, 35.024566799538171 ], [ 127.974563165287123, 35.024583631447491 ], [ 127.974657828621204, 35.024609139173592 ], [ 127.9747257985006, 35.024628101274047 ], [ 127.974811775569876, 35.024660111609421 ], [ 127.974924975119023, 35.024701626213805 ], [ 127.9750261413879, 35.024738221439442 ], [ 127.97510293523149, 35.024760481725437 ], [ 127.975194510297996, 35.024786743217632 ], [ 127.975269697468306, 35.024797392217238 ], [ 127.975324740793965, 35.02480291395765 ], [ 127.975395041706804, 35.024807249239487 ], [ 127.975462361943514, 35.024806322201457 ], [ 127.975508464924374, 35.024798010670075 ], [ 127.97554931859294, 35.024793137362067 ], [ 127.975578779206515, 35.024785660686582 ], [ 127.975674454511463, 35.024758478912254 ], [ 127.975775118117909, 35.02472939823889 ], [ 127.975923562012881, 35.024683465293258 ], [ 127.976038346122706, 35.024644684520659 ], [ 127.976090652324572, 35.02462856459934 ], [ 127.976230476665819, 35.024582931381971 ], [ 127.976368312073447, 35.024535435048215 ], [ 127.976476793089134, 35.024499144376087 ], [ 127.976570212182665, 35.024461656918589 ], [ 127.976628522008738, 35.024435339885969 ], [ 127.976680232914006, 35.024406858180164 ], [ 127.976714513950554, 35.02438654506085 ], [ 127.976737293053759, 35.024366068146819 ], [ 127.976764346069373, 35.024338202769712 ], [ 127.976806612730755, 35.024281652817663 ], [ 127.976830768719239, 35.024231659455971 ], [ 127.976850717907269, 35.02417523252565 ], [ 127.976867477174508, 35.024115803284495 ], [ 127.97688687983397, 35.024049808168378 ], [ 127.976910509702208, 35.02397462484484 ], [ 127.976933123773179, 35.023931990858401 ], [ 127.976953799172492, 35.023901495719258 ], [ 127.976975563517627, 35.023879538503444 ], [ 127.977009826859117, 35.023845506491966 ], [ 127.977049163627797, 35.023816383223775 ], [ 127.977128238284507, 35.023766059897959 ], [ 127.977230635496113, 35.023716200626247 ], [ 127.977288213026654, 35.023693263952374 ], [ 127.977339735803582, 35.023671413981646 ], [ 127.977402670192035, 35.023645079219392 ], [ 127.977499096732842, 35.02360862512154 ], [ 127.97761948336877, 35.023570560778893 ], [ 127.977800608057663, 35.023523328304456 ], [ 127.978479089925543, 35.023369719862664 ], [ 127.979124547525672, 35.023228651142389 ], [ 127.980315482398069, 35.022967589216165 ], [ 127.981159826231959, 35.022782850473952 ], [ 127.981409258866819, 35.022727869481145 ], [ 127.981570161535842, 35.022690486026242 ], [ 127.981672214905402, 35.022665478450463 ], [ 127.981738691131028, 35.022645868795955 ], [ 127.981813732291741, 35.022620829110643 ], [ 127.981899438628517, 35.022590091945062 ], [ 127.981993394720959, 35.022552261386814 ], [ 127.982235906443435, 35.022444854384396 ], [ 127.982609095001536, 35.022273504080445 ], [ 127.982893343461939, 35.022167305824404 ], [ 127.983117315832786, 35.022082083140226 ], [ 127.983281100255027, 35.022019734331536 ], [ 127.984054858167468, 35.021736421709321 ], [ 127.984441772912547, 35.021586753500912 ], [ 127.985222585700512, 35.021300156450465 ], [ 127.985433046859583, 35.021237969485526 ], [ 127.985561407956595, 35.021211823951226 ], [ 127.985668794924408, 35.021195153722445 ], [ 127.985740060172816, 35.021188554018629 ], [ 127.985817014708331, 35.021189197182139 ], [ 127.985881566592198, 35.021190066844227 ], [ 127.986006408684773, 35.02119431211694 ], [ 127.986090596759325, 35.021198013654882 ], [ 127.98619576731609, 35.021199610233026 ], [ 127.986317002510674, 35.021200162451692 ], [ 127.986471011075196, 35.021193237681352 ], [ 127.986556200876279, 35.021188827681229 ], [ 127.986613167962588, 35.021183158062591 ], [ 127.986727106762729, 35.021171136197488 ], [ 127.986792446555128, 35.021161461164411 ], [ 127.986961627332192, 35.021145267020884 ], [ 127.987065101014167, 35.021143523902154 ], [ 127.987160500934891, 35.021144295898218 ], [ 127.987397929830934, 35.021148406460348 ] ] ] } },
{ "type": "Feature", "properties": { "fid": 342, "UserID": null, "number": "서포203", "UMD": null, "NUM": "203", "GUBUN": "리도", "Opened": "미개설", "차선": null, "도로폭": null, "변경여부": null, "비고": null, "기존": "미개설", "기타": null, "종점": null, "기점": null, "구분": null, "정비사항": null, "연장": null }, "geometry": { "type": "MultiLineString", "coordinates": [ [ [ 127.987397929830934, 35.021148406460348 ], [ 127.98734721231574, 35.021054085795711 ], [ 127.986421318769686, 35.018728799546871 ], [ 127.984823843274498, 35.014339437590635 ], [ 127.984505819023269, 35.013281356295451 ], [ 127.984359330445116, 35.010965835730801 ], [ 127.984334537021326, 35.010134230667404 ], [ 127.995429802939086, 35.011671660681486 ], [ 127.995596928079337, 35.011718676567703 ], [ 127.995731573443209, 35.011738342758299 ], [ 127.995824443104397, 35.011745797341121 ], [ 127.995924042157128, 35.011746249255616 ], [ 127.996034679986963, 35.011743803442187 ], [ 127.996238734446905, 35.011724346445519 ], [ 127.996424441467767, 35.011699167599573 ], [ 127.996563151129749, 35.011681042305945 ], [ 127.996688362663363, 35.011687635257438 ], [ 127.996844794505193, 35.011699701813974 ], [ 127.996983653436615, 35.011706761377049 ], [ 127.997066212075879, 35.01170562505861 ], [ 127.99714701407585, 35.011691209900135 ], [ 127.997245353109577, 35.011664425555942 ], [ 127.997325789457676, 35.011650019260465 ], [ 127.99741219380806, 35.011646063559901 ], [ 127.997496572193313, 35.011651964240912 ], [ 127.997543477079546, 35.011666378187243 ], [ 127.997572071350291, 35.011683821904015 ], [ 127.997600186842504, 35.011710552650214 ], [ 127.997624100586236, 35.011752163487962 ], [ 127.997707784959445, 35.011966877500846 ], [ 127.997755203342024, 35.012061187319183 ], [ 127.997813139771722, 35.012151424633927 ], [ 127.997882283441285, 35.012196073758901 ], [ 127.998157002380395, 35.012288220732444 ], [ 127.998543161837375, 35.012413913201136 ], [ 127.999283085071582, 35.012659055437176 ], [ 127.99996439676022, 35.012879192355605 ], [ 128.000051615995915, 35.012889886215525 ], [ 128.000107657069208, 35.012869071086548 ], [ 128.000271897368236, 35.012765294259957 ], [ 128.000353495842944, 35.012734810358012 ], [ 128.000418855279975, 35.012721598258949 ], [ 128.000482116191137, 35.012728523331788 ], [ 128.000537377725578, 35.012743869228451 ], [ 128.00060612331032, 35.012780632997995 ], [ 128.000672484578985, 35.012834212517518 ], [ 128.000712014213605, 35.012888465366657 ], [ 128.00072817331511, 35.012951798766558 ], [ 128.000718718973275, 35.012997203567714 ], [ 128.000696789078461, 35.013054167400703 ], [ 128.000692768802168, 35.013090650055268 ] ] ] } },
{ "type": "Feature", "properties": { "fid": 343, "UserID": null, "number": "서포203", "UMD": null, "NUM": "203", "GUBUN": "리도", "Opened": "미확장", "차선": "1", "도로폭": "3", "변경여부": null, "비고": null, "기존": "미확장", "기타": null, "종점": null, "기점": null, "구분": null, "정비사항": null, "연장": "0.6" }, "geometry": { "type": "MultiLineString", "coordinates": [ [ [ 128.000692768802168, 35.013090650055268 ], [ 128.00069987809681, 35.013119992021004 ], [ 128.000717676416542, 35.013142999929727 ], [ 128.000755037574322, 35.013165214599518 ], [ 128.001395104924143, 35.013376133089047 ], [ 128.00194939279038, 35.013551513617919 ], [ 128.002050100583858, 35.013596438352799 ], [ 128.002070365905098, 35.013619147464766 ], [ 128.002096868456078, 35.01366402615696 ], [ 128.0021712156109, 35.013878982451047 ], [ 128.002202609455225, 35.013926209188831 ], [ 128.002367968602471, 35.013990461360635 ], [ 128.002657497250425, 35.014076491454034 ], [ 128.002814505598849, 35.014122122394291 ], [ 128.002874334416674, 35.014115678033868 ], [ 128.002910341666734, 35.014103197150639 ], [ 128.002963759681847, 35.014056030978452 ], [ 128.003137608726121, 35.014030993941894 ], [ 128.003359921774887, 35.013977885881665 ], [ 128.003580933321018, 35.013931624219055 ], [ 128.003796837306936, 35.013920723942462 ], [ 128.003971436524012, 35.013929533762131 ], [ 128.004225256919909, 35.01396161397561 ], [ 128.00435549058696, 35.013967164207052 ], [ 128.00452574214458, 35.014046754001448 ], [ 128.004638411345468, 35.014097740244452 ], [ 128.00473197567942, 35.014120676102657 ], [ 128.004814121697791, 35.01412510018281 ], [ 128.004971751987995, 35.014130657416651 ], [ 128.005098997371135, 35.014152911443105 ], [ 128.005241857106085, 35.014207265625437 ], [ 128.005380351234294, 35.014283682984747 ], [ 128.00552214717689, 35.014364484647523 ], [ 128.005704141799612, 35.014457565342816 ], [ 128.005768399628977, 35.014494433488565 ], [ 128.005823264398373, 35.014533037238927 ], [ 128.005870809933384, 35.014585373454942 ], [ 128.005931225415026, 35.014663635391074 ], [ 128.005978568372825, 35.014711150352525 ], [ 128.006006987673061, 35.014729456677024 ], [ 128.006054662609955, 35.014752398940857 ], [ 128.00611092682513, 35.014764019057552 ], [ 128.006214308567451, 35.014761774658233 ], [ 128.006384971288043, 35.014761257411685 ], [ 128.006577914708856, 35.014780248537512 ], [ 128.006769109922402, 35.014840194255427 ] ] ] } },
{ "type": "Feature", "properties": { "fid": 344, "UserID": null, "number": "서포204", "UMD": null, "NUM": "204", "GUBUN": "리도", "Opened": "현황도로", "차선": "2", "도로폭": "8", "변경여부": null, "비고": null, "기존": "현황도로", "기타": null, "종점": null, "기점": null, "구분": null, "정비사항": null, "연장": "2.5" }, "geometry": { "type": "MultiLineString", "coordinates": [ [ [ 127.987739925933781, 35.029142366820892 ], [ 127.987852717837484, 35.029010534667734 ], [ 127.987908995979808, 35.028953707437111 ], [ 127.988201584139333, 35.028633160668967 ], [ 127.988563604622044, 35.02830572972659 ], [ 127.9886358651178, 35.028235867168227 ], [ 127.988697810836754, 35.028174300815479 ], [ 127.988806090597052, 35.028078474104468 ], [ 127.98896159081626, 35.02795645215808 ], [ 127.989204801306286, 35.027793799799269 ], [ 127.98938419311574, 35.027678430075973 ], [ 127.989468765374085, 35.027601702429024 ], [ 127.989518400098817, 35.027546747858402 ], [ 127.989568241551751, 35.027475012295447 ], [ 127.989604797921714, 35.027405437282567 ], [ 127.989634238773661, 35.027333531588077 ], [ 127.989692164599532, 35.027226378158403 ], [ 127.989740934402576, 35.027157995530331 ], [ 127.989786451673439, 35.027106359449519 ], [ 127.989823599177711, 35.027070598042386 ], [ 127.989862757257796, 35.027037953945765 ], [ 127.989907964412922, 35.027011480263845 ], [ 127.989950020998407, 35.026991704199091 ], [ 127.990002771508657, 35.026972846470393 ], [ 127.9902791744843, 35.026888739716547 ], [ 127.990440369825365, 35.026843105614816 ], [ 127.990561645326366, 35.026810126884257 ], [ 127.990617912836953, 35.026794831381608 ], [ 127.990674255404542, 35.02677432681088 ], [ 127.990721427669953, 35.026753745837276 ], [ 127.990762496073245, 35.026731437542757 ], [ 127.990807660761348, 35.026707486880724 ], [ 127.990844705131622, 35.026680944864218 ], [ 127.990994459723822, 35.026570364300326 ], [ 127.99104078767003, 35.02653467895064 ], [ 127.991087198832332, 35.026493117626536 ], [ 127.991119758645041, 35.026457903478189 ], [ 127.991171459803681, 35.026399603461194 ], [ 127.991189205761657, 35.026367033040003 ], [ 127.991211233057641, 35.02631688633528 ], [ 127.991229198843314, 35.026266444431357 ], [ 127.991245115713511, 35.026215994481603 ], [ 127.991276567304382, 35.026063319192239 ], [ 127.991288653142405, 35.025992945066022 ], [ 127.991323096316705, 35.025845576433596 ], [ 127.991337857535711, 35.025807113505685 ], [ 127.991361698577322, 35.025775179649202 ], [ 127.991399719903626, 35.02575200753401 ], [ 127.99146080686296, 35.025718959553579 ], [ 127.99153155889465, 35.025688506675621 ], [ 127.991598121111139, 35.025666410242465 ], [ 127.991673781300818, 35.025650257111593 ], [ 127.99174272077282, 35.025642448380957 ], [ 127.991814089315142, 35.025644718626232 ], [ 127.991921573333499, 35.025653156905733 ], [ 127.992199120553195, 35.025683154178289 ], [ 127.9931189612183, 35.025772172255444 ], [ 127.993237530513241, 35.025791616544929 ], [ 127.993397414298087, 35.025810565672955 ], [ 127.993608998030112, 35.025813999487625 ], [ 127.993861649018541, 35.025807615956396 ], [ 127.993883931759029, 35.025807052860458 ], [ 127.994247556362581, 35.025803356438196 ], [ 127.995331698386522, 35.025759504674433 ], [ 127.995891251154148, 35.02574652146965 ], [ 127.995932102052222, 35.025741821534339 ], [ 127.99593992317439, 35.025741111195892 ], [ 127.995973961481411, 35.02573797718879 ], [ 127.996005601036117, 35.025736562859663 ], [ 127.996042272866561, 35.025739381384639 ], [ 127.996077885329242, 35.025746391306662 ], [ 127.996135379725217, 35.025756935426621 ], [ 127.996498069991233, 35.025829566926149 ], [ 127.996651275038104, 35.025852647637443 ], [ 127.996901539860062, 35.025903382160983 ], [ 127.997002593238619, 35.025937775017574 ], [ 127.997095113852495, 35.025961191113922 ], [ 127.997351563271124, 35.025964989710175 ], [ 127.99746496624617, 35.025949145237895 ], [ 127.997604572885095, 35.025916743715811 ], [ 127.997824573396812, 35.025857327161084 ], [ 127.997882478172301, 35.025834317434729 ], [ 127.997959515102579, 35.025788806516545 ], [ 127.998032241138716, 35.025763404569844 ], [ 127.998131500555758, 35.025735698230804 ], [ 127.998280359393817, 35.02569750477597 ], [ 127.998476120855074, 35.025659689767842 ], [ 127.998513260895535, 35.025651091598206 ], [ 127.998548684265543, 35.02564578710188 ], [ 127.998592183722764, 35.025646705399943 ], [ 127.998679079373304, 35.025659690515745 ], [ 127.998933256775601, 35.025723873950007 ], [ 127.999049285834573, 35.025743282572869 ], [ 127.999468492600116, 35.025781139135773 ], [ 127.999718500719766, 35.02581173008705 ], [ 127.999841662372532, 35.025831205843225 ], [ 127.999945897198771, 35.025856392922961 ], [ 128.000209703610551, 35.025967630347189 ], [ 128.000819470732637, 35.026186003875836 ], [ 128.001059651909827, 35.026268770018518 ], [ 128.00116127354849, 35.026298972939422 ], [ 128.001568393534171, 35.02636692613487 ], [ 128.001840184661717, 35.026409427492233 ], [ 128.001987306475939, 35.026430189044923 ], [ 128.002065654693553, 35.026444255049128 ], [ 128.00224206069467, 35.026447384124253 ], [ 128.002502934709327, 35.026422690270458 ], [ 128.002570783667892, 35.026420734050603 ], [ 128.002640012687408, 35.026430533450593 ], [ 128.002888576143306, 35.026495491653257 ], [ 128.002886796649108, 35.026181707542314 ], [ 128.002819029585396, 35.025396124376314 ], [ 128.00280601751362, 35.025011135624723 ], [ 128.003189881442211, 35.025016520498646 ], [ 128.00338778414789, 35.024867882627447 ], [ 128.003605129938563, 35.024753811647692 ], [ 128.00371848126872, 35.024698101786349 ], [ 128.003712754638542, 35.024632786749351 ], [ 128.003686763135875, 35.02461085662658 ], [ 128.003654666017098, 35.024561809090073 ], [ 128.003621251060252, 35.024489356004011 ], [ 128.003587880768094, 35.02438691475993 ], [ 128.003553360501598, 35.024330456154964 ], [ 128.00349611093614, 35.024259561147957 ], [ 128.003454664955143, 35.024215072169419 ], [ 128.003393023466884, 35.02416245620671 ], [ 128.003325922404144, 35.024118169807245 ], [ 128.003225609820589, 35.024051854157769 ], [ 128.003200885950918, 35.024032443491706 ], [ 128.003145114295734, 35.023994270505675 ], [ 128.003021754596659, 35.023876786073203 ], [ 128.002962256513769, 35.023812924431546 ], [ 128.002847720399444, 35.023724963062527 ], [ 128.002764180080561, 35.023673945510382 ], [ 128.002533817926064, 35.023559438861938 ], [ 128.002355780471248, 35.023469037841259 ], [ 128.002263641766319, 35.023429350358398 ], [ 128.00219005112001, 35.023409938977792 ], [ 128.002115760632961, 35.023394581592569 ], [ 128.002032238664128, 35.023385430336624 ], [ 128.00189298469806, 35.023369567323954 ], [ 128.001702797389328, 35.023331795003571 ], [ 128.001590863374872, 35.023309240985306 ], [ 128.001508447036372, 35.023279592354754 ], [ 128.001396821077577, 35.023201158360891 ], [ 128.001352497617745, 35.023160976274809 ], [ 128.001292756317753, 35.023105601942923 ], [ 128.001220230042861, 35.023032031314102 ], [ 128.001160324008964, 35.02297600605597 ], [ 128.001100173264291, 35.022914814073964 ], [ 128.001023271205895, 35.022862371830165 ], [ 128.000933154378032, 35.022801505897419 ], [ 128.000784501058888, 35.022701128330858 ], [ 128.000720269892525, 35.02265640659347 ], [ 128.000639822765351, 35.022580366027796 ], [ 128.000548600212028, 35.022483928742453 ], [ 128.000469864193036, 35.022381488580102 ], [ 128.000349784727007, 35.022228634019669 ], [ 128.000294876744306, 35.022157529875052 ], [ 128.000255883584572, 35.022099958674247 ], [ 128.000218986707438, 35.0220470853073 ], [ 128.000184885358976, 35.021968352374479 ], [ 128.000144256394918, 35.021882735986431 ], [ 128.000107527390639, 35.021801160194542 ], [ 128.000056463195307, 35.021694463799854 ], [ 128.000002833740382, 35.021590925453104 ], [ 127.999957769701069, 35.02149754910387 ], [ 127.999907767156543, 35.021393381834436 ], [ 127.999873532663557, 35.021330253163583 ], [ 127.999843793539526, 35.021300858780009 ], [ 127.999810834812621, 35.021264774682649 ], [ 127.999702733122476, 35.021205700703028 ], [ 127.999619590001771, 35.021174800640409 ], [ 127.999547377105614, 35.021151578311773 ], [ 127.999347166608487, 35.0211033110903 ], [ 127.999224407760025, 35.021069272408731 ] ] ] } },
{ "type": "Feature", "properties": { "fid": 346, "UserID": null, "number": "서포205", "UMD": null, "NUM": "205", "GUBUN": "리도", "Opened": "미확장", "차선": "1", "도로폭": "6", "변경여부": null, "비고": null, "기존": "미확장", "기타": null, "종점": null, "기점": null, "구분": null, "정비사항": null, "연장": "0.1" }, "geometry": { "type": "MultiLineString", "coordinates": [ [ [ 127.996080144904766, 35.021603595804883 ], [ 127.996085887096214, 35.021612059688458 ], [ 127.996104164526756, 35.021628912699214 ], [ 127.996137438801838, 35.021649567352164 ], [ 127.99618105024436, 35.02166622460647 ], [ 127.996232142015444, 35.021678653483178 ], [ 127.996392475942869, 35.021707519716919 ], [ 127.99671706169886, 35.021749114868932 ], [ 127.996899108338269, 35.021770369945756 ], [ 127.997015324308421, 35.021775729946555 ], [ 127.997124120952051, 35.021774124641418 ], [ 127.99717290669534, 35.021766877311727 ], [ 127.997227329061417, 35.021756043021021 ], [ 127.997354169893953, 35.02170243193045 ], [ 127.997395228884102, 35.021685167727838 ] ] ] } },
{ "type": "Feature", "properties": { "fid": 347, "UserID": null, "number": "서포205", "UMD": null, "NUM": "205", "GUBUN": "리도", "Opened": "현황도로", "차선": "2", "도로폭": "8", "변경여부": null, "비고": null, "기존": "현황도로", "기타": null, "종점": null, "기점": null, "구분": null, "정비사항": null, "연장": "0.3" }, "geometry": { "type": "MultiLineString", "coordinates": [ [ [ 127.997395228884102, 35.021685167727838 ], [ 127.997475006579236, 35.021651623289287 ], [ 127.997536397524527, 35.021627075890137 ], [ 127.997593189858762, 35.021609681344778 ], [ 127.997649320611387, 35.021600953260169 ], [ 127.99770388251261, 35.021594824839561 ], [ 127.997749111505541, 35.021593613789854 ], [ 127.99783312924238, 35.021595115673655 ], [ 127.997952230309664, 35.021598515644165 ], [ 127.998071769597573, 35.021592215512392 ], [ 127.99812510521177, 35.021574080527301 ], [ 127.998218855649498, 35.021543529902594 ], [ 127.998275809375414, 35.021516278026205 ], [ 127.998335577499859, 35.021477469597031 ], [ 127.998397111556173, 35.021430649453471 ], [ 127.99847749903077, 35.021365393788471 ], [ 127.998549132953485, 35.021308696497542 ], [ 127.998617512666101, 35.021261261941461 ], [ 127.998675192031953, 35.021231595897852 ], [ 127.998764476951152, 35.021189394320665 ], [ 127.998982637317766, 35.021099831572307 ], [ 127.999145469704786, 35.021050035936788 ], [ 127.999382071844451, 35.020860888330759 ], [ 127.999537261231865, 35.020718305329893 ], [ 127.999851428238685, 35.020170772791964 ] ] ] } },
{ "type": "Feature", "properties": { "fid": 348, "UserID": null, "number": "서포205", "UMD": null, "NUM": "205", "GUBUN": "리도", "Opened": "현황도로", "차선": "1", "도로폭": "5", "변경여부": null, "비고": "미확장-현황도로", "기존": "미확장", "기타": null, "종점": null, "기점": null, "구분": null, "정비사항": null, "연장": "0.7" }, "geometry": { "type": "MultiLineString", "coordinates": [ [ [ 127.999851428238685, 35.020170772791964 ], [ 127.999930206423045, 35.020119523378284 ], [ 128.000044847175076, 35.020031537545727 ], [ 128.000260741090329, 35.019874966441819 ], [ 128.000333548706323, 35.019830475766291 ], [ 128.000372938128123, 35.019810583878041 ], [ 128.000427372203148, 35.01978656933958 ], [ 128.000496167247547, 35.019768719356144 ], [ 128.000583143273531, 35.019736862643185 ], [ 128.000781901563158, 35.01965259708593 ], [ 128.000943712567789, 35.019582182284168 ], [ 128.001133875894453, 35.019508637559966 ], [ 128.001324154997064, 35.019440154462835 ], [ 128.001546919042283, 35.019359925763148 ], [ 128.001715649410471, 35.019296859188508 ], [ 128.001797487878861, 35.019264644609606 ], [ 128.001861917823732, 35.019231320895805 ], [ 128.002054282082412, 35.019125780526906 ], [ 128.002178303964797, 35.019063654057902 ], [ 128.002305749375495, 35.019010900607178 ], [ 128.002375587964252, 35.01898656750538 ], [ 128.002451295295714, 35.018978972450974 ], [ 128.002548571428122, 35.018981176478711 ], [ 128.002621680529728, 35.018988049373959 ], [ 128.002702635698768, 35.018966690387266 ], [ 128.00275918206134, 35.018945857304253 ], [ 128.00278165335888, 35.018930530343496 ], [ 128.002835240288704, 35.018881793956773 ], [ 128.002924228777403, 35.01877707065853 ], [ 128.002959937093465, 35.018721086284046 ], [ 128.002994708668894, 35.018680803535432 ], [ 128.003029956321114, 35.018649123369592 ], [ 128.003089839064501, 35.018612472214478 ], [ 128.003212436342551, 35.01856397964805 ], [ 128.003251991238869, 35.018552903166899 ], [ 128.003323405293088, 35.018532922171786 ], [ 128.003383352101366, 35.018513522830673 ], [ 128.003545483364974, 35.018433997792684 ], [ 128.003712701974052, 35.018382104034558 ], [ 128.004103913582099, 35.018285506292635 ], [ 128.004348321289314, 35.018229685205526 ], [ 128.004540161988075, 35.018197272005459 ], [ 128.004701863438498, 35.018176499513189 ], [ 128.004765361493384, 35.01817137866017 ], [ 128.00481846050053, 35.018171814701127 ], [ 128.00482835288841, 35.018171895933328 ], [ 128.004875645733222, 35.018172284271508 ], [ 128.00498935809938, 35.018167419284119 ], [ 128.005368435796612, 35.018141989008598 ], [ 128.005566554537438, 35.018125777522279 ], [ 128.005645693207384, 35.018127364247853 ], [ 128.005740706479003, 35.01813895972586 ], [ 128.005820512064957, 35.018155126301295 ], [ 128.00591360611412, 35.018183155157359 ], [ 128.00623862041391, 35.018316566358266 ] ] ] } },
{ "type": "Feature", "properties": { "fid": 349, "UserID": null, "number": "서포205", "UMD": null, "NUM": "205", "GUBUN": "리도", "Opened": "미개설", "차선": null, "도로폭": null, "변경여부": null, "비고": null, "기존": "미개설", "기타": null, "종점": null, "기점": null, "구분": null, "정비사항": null, "연장": "0.7" }, "geometry": { "type": "MultiLineString", "coordinates": [ [ [ 128.00623862041391, 35.018316566358266 ], [ 128.006235175126676, 35.018208435681544 ], [ 128.006208449108129, 35.0181039870414 ], [ 128.00622466369137, 35.018042794960245 ], [ 128.006779873753317, 35.01681571946078 ], [ 128.007046627346796, 35.016247860196415 ], [ 128.006843354094258, 35.014943393994734 ], [ 128.006850735412286, 35.01479805774887 ], [ 128.007561617721052, 35.012594081731379 ] ] ] } },
{ "type": "Feature", "properties": { "fid": 350, "UserID": null, "number": "서포205", "UMD": null, "NUM": "205", "GUBUN": "리도", "Opened": "미확장", "차선": "1", "도로폭": "3", "변경여부": null, "비고": null, "기존": "미확장", "기타": null, "종점": null, "기점": null, "구분": null, "정비사항": null, "연장": "1.2" }, "geometry": { "type": "MultiLineString", "coordinates": [ [ [ 128.007561617721052, 35.012594081731379 ], [ 128.007341290763947, 35.01260986670993 ], [ 128.006957264679897, 35.012417668953432 ], [ 128.006875073409475, 35.012285768444748 ], [ 128.006895248848082, 35.012201864799621 ], [ 128.00701667884195, 35.012075252913313 ], [ 128.007327468191562, 35.011828443011851 ], [ 128.008050468013465, 35.010960654303098 ], [ 128.008120840105533, 35.010820509336732 ], [ 128.00810383852604, 35.010471749414222 ], [ 128.008170997349367, 35.010415367379288 ], [ 128.008260127892783, 35.010421604987819 ], [ 128.008366347842724, 35.010438167581967 ], [ 128.008503962766298, 35.010421323603339 ], [ 128.00884080431112, 35.010397590098087 ], [ 128.008948223315571, 35.010339128473234 ], [ 128.008987691436232, 35.010272509149615 ], [ 128.008935202126821, 35.010142107578297 ], [ 128.008828211376027, 35.01006274967969 ], [ 128.008788164651861, 35.009909566037422 ], [ 128.008828531939344, 35.009743502456551 ], [ 128.008973254999717, 35.00961495049858 ], [ 128.00919702096499, 35.009534587310888 ], [ 128.00928143900353, 35.009502484234645 ], [ 128.009384679138094, 35.009276584418338 ], [ 128.009590068421119, 35.009081235956224 ], [ 128.009731983056696, 35.008896882272829 ], [ 128.009744594103097, 35.008715348739777 ], [ 128.009686471182789, 35.008471601440824 ], [ 128.009515215622486, 35.008338699026702 ], [ 128.009101459762292, 35.008141521552837 ], [ 128.008993978828784, 35.008022044184855 ], [ 128.008998003515927, 35.007659153410181 ], [ 128.004680373737301, 35.0066938976599 ] ] ] } },
{ "type": "Feature", "properties": { "fid": 351, "UserID": null, "number": "서포205", "UMD": null, "NUM": "205", "GUBUN": "리도", "Opened": "현황도로", "차선": "2", "도로폭": "8", "변경여부": null, "비고": null, "기존": "현황도로", "기타": null, "종점": null, "기점": null, "구분": null, "정비사항": null, "연장": "3.3" }, "geometry": { "type": "MultiLineString", "coordinates": [ [ [ 128.004680373737301, 35.0066938976599 ], [ 128.004763170537785, 35.006428495325999 ], [ 128.004766806380985, 35.006268318614943 ], [ 128.004696441730431, 35.006067134358091 ], [ 128.004544561885155, 35.005886177141434 ], [ 128.004369592618218, 35.005794188520802 ], [ 128.003440883683709, 35.0054480330841 ], [ 128.003321428622968, 35.005385754481956 ], [ 128.003127703245184, 35.005165444605801 ], [ 128.003028615037096, 35.005013823206916 ], [ 128.003029765808265, 35.004919101830133 ], [ 128.003069786442836, 35.004830272551807 ], [ 128.003142328107799, 35.004712455602657 ], [ 128.003153957828175, 35.004591351484102 ], [ 128.00312839381192, 35.004465762179031 ], [ 128.002971491769443, 35.004141272319039 ], [ 128.003042847688363, 35.003981652633982 ], [ 128.003182766918826, 35.00389225180264 ], [ 128.0033089902565, 35.003815276099552 ], [ 128.003406619877325, 35.00372274106433 ], [ 128.003507984021013, 35.003612053424831 ], [ 128.003539091336364, 35.003381521110498 ], [ 128.003494051318711, 35.003165574415689 ], [ 128.003300659212016, 35.002954343051222 ], [ 128.003152017051548, 35.002817662046084 ], [ 128.003166350386635, 35.00273927446456 ], [ 128.003200860540403, 35.002499876277462 ], [ 128.003218325715665, 35.002321835735358 ], [ 128.00324141647954, 35.001931325562985 ], [ 128.00325842232138, 35.001706303832989 ], [ 128.003281716770772, 35.001551538497182 ], [ 128.003311071657265, 35.001484919108329 ], [ 128.003346418967141, 35.001428164479535 ], [ 128.003429227110161, 35.001326490112433 ], [ 128.003502496258761, 35.001260736443982 ], [ 128.003522507957115, 35.001242775178682 ], [ 128.00361621476938, 35.001166364456218 ], [ 128.003657287165311, 35.001142375120146 ], [ 128.003703738445779, 35.001095779520568 ], [ 128.00373186045104, 35.001046761903794 ], [ 128.003754994202978, 35.000989068528192 ], [ 128.003801766976949, 35.000831143068275 ], [ 128.003835561696633, 35.00065046047235 ], [ 128.003837686508035, 35.000475394286816 ], [ 128.003833357138632, 35.00041243675421 ], [ 128.003807662737103, 35.000261468882961 ], [ 128.003758719018947, 35.000009892579897 ], [ 128.003667188824494, 34.999655358637902 ], [ 128.003624146646217, 34.999421190416278 ], [ 128.003590535622834, 34.999325985894011 ], [ 128.003541357999552, 34.999186704469345 ], [ 128.003472528114941, 34.999050271916502 ], [ 128.003466688122558, 34.999038686861539 ], [ 128.003390490655107, 34.998932604625608 ], [ 128.003337541859622, 34.998843243914195 ], [ 128.003317632738401, 34.998777931966423 ], [ 128.003308130977302, 34.998746775924758 ], [ 128.003287892072649, 34.998607597123723 ], [ 128.003275390485612, 34.998461767013879 ], [ 128.003287410426168, 34.998395590919493 ], [ 128.003313915124522, 34.998311921893922 ], [ 128.003405619268904, 34.998148489244372 ], [ 128.003454887220812, 34.998037570780362 ], [ 128.003458578732079, 34.998021314060864 ], [ 128.003483965539886, 34.997909703526162 ], [ 128.003506412057305, 34.997739833759972 ], [ 128.003523684156818, 34.997576636372571 ], [ 128.003564389962236, 34.997373360089092 ], [ 128.003597348555843, 34.997261469248159 ], [ 128.003664230344441, 34.997126945354168 ], [ 128.003715086483822, 34.997052949357254 ], [ 128.003759507646237, 34.997004660523217 ], [ 128.003801698273833, 34.996972288892415 ], [ 128.00386932376361, 34.996944317447692 ], [ 128.003943382608526, 34.996933181628279 ], [ 128.004023450169001, 34.996929648293786 ], [ 128.004172299837563, 34.996929194670159 ], [ 128.004369238391718, 34.99691486774654 ], [ 128.004439838663842, 34.996894473576823 ], [ 128.004471700234632, 34.996872923000019 ], [ 128.004488774069443, 34.9968523415886 ], [ 128.004499296039882, 34.996825586325421 ], [ 128.004499804710235, 34.996783642505584 ], [ 128.004422597139722, 34.996508931372489 ], [ 128.004373338124964, 34.996283356012611 ], [ 128.004357066284115, 34.996195378534907 ], [ 128.004332394706296, 34.996128062705303 ], [ 128.004292522615685, 34.996053321228274 ], [ 128.004207549503633, 34.995915043908177 ], [ 128.004172133569966, 34.995850397862981 ], [ 128.004152555723408, 34.995783962077212 ], [ 128.00414205313615, 34.995725154004568 ], [ 128.004151684870038, 34.995603841699285 ], [ 128.004166685007533, 34.995543810005429 ], [ 128.004208822820402, 34.995431741982607 ], [ 128.004428266022131, 34.994990251079209 ], [ 128.004499095283592, 34.994824383685284 ], [ 128.004631614818067, 34.994489310891929 ], [ 128.004654049128277, 34.994404174958845 ], [ 128.004663154100143, 34.994326230374334 ], [ 128.004655767951732, 34.994262409469336 ], [ 128.004622853986234, 34.994202822532635 ], [ 128.004460220401313, 34.993971079448428 ], [ 128.004379485986391, 34.993819407171948 ], [ 128.00435992068077, 34.993730284963235 ], [ 128.004341279323597, 34.993628200163158 ], [ 128.004337678288039, 34.99352775312525 ], [ 128.004335568558446, 34.993468707526745 ], [ 128.004292842623954, 34.993334968397903 ], [ 128.00422496327252, 34.993132187873933 ], [ 128.004165416027234, 34.99299830151287 ], [ 128.004106764775486, 34.992790567283372 ], [ 128.004104197729532, 34.992750274651598 ], [ 128.004116980162507, 34.992705078676543 ], [ 128.004156199772012, 34.992623983468 ], [ 128.004212280412844, 34.99253887159832 ], [ 128.004268127460051, 34.992473010249086 ], [ 128.004340770155892, 34.992409422973353 ], [ 128.004421102625884, 34.992342131231901 ], [ 128.004519778849044, 34.99227499006475 ], [ 128.004643743804962, 34.992203396557301 ], [ 128.004736018866424, 34.992160115013576 ], [ 128.004826710717879, 34.992121840826094 ], [ 128.004907969999664, 34.992103633935088 ], [ 128.005062469725999, 34.9920998725621 ], [ 128.005170975749735, 34.992104539597975 ], [ 128.005252139211024, 34.992095137711622 ], [ 128.005297599372966, 34.99206655990745 ], [ 128.005319273087849, 34.992044087242213 ], [ 128.005329448349016, 34.992025080496916 ], [ 128.005331039718158, 34.99202210112842 ], [ 128.005333359315244, 34.992017775735412 ], [ 128.005332172112219, 34.991989202755157 ], [ 128.005326518430394, 34.991951408546356 ], [ 128.005298210984364, 34.99188951610401 ], [ 128.005248789535727, 34.99180390759296 ], [ 128.005205482115656, 34.991744316633152 ], [ 128.005188686965141, 34.991721212853093 ], [ 128.005104476431512, 34.991598868900766 ], [ 128.005053552618506, 34.991510733261364 ], [ 128.005008820541605, 34.991415987567272 ], [ 128.004981012111784, 34.991312953295015 ], [ 128.004978719141008, 34.991250012420672 ], [ 128.004982781071533, 34.991166987924643 ], [ 128.005008233132145, 34.991085779409481 ], [ 128.005056713491228, 34.990996828148845 ], [ 128.005136055412947, 34.990885479626911 ], [ 128.005177956257285, 34.990834231161763 ], [ 128.005305361512654, 34.990668286581325 ], [ 128.005394443506304, 34.990570168243572 ], [ 128.005398350893614, 34.990565864887515 ], [ 128.005463682224274, 34.990474536974986 ], [ 128.005491919259867, 34.990415623131788 ], [ 128.005513923475405, 34.990374865083062 ], [ 128.005514898290869, 34.990373052386524 ], [ 128.005516948448474, 34.990369265578067 ], [ 128.005551113405659, 34.990325497676452 ], [ 128.005629164699286, 34.990257303068347 ], [ 128.005721924673594, 34.990173753148056 ], [ 128.005836078689384, 34.990090757154192 ], [ 128.005905574770566, 34.990046161216817 ], [ 128.005911601525895, 34.99004229884833 ], [ 128.005973691239689, 34.990008764593043 ], [ 128.006042428596828, 34.989971643420645 ], [ 128.006101820241611, 34.989928460738632 ], [ 128.006336044967071, 34.989653527175136 ], [ 128.006444330490382, 34.989550346704156 ], [ 128.006583328828071, 34.989436971346549 ], [ 128.006640953933726, 34.98939399924938 ], [ 128.00665431582712, 34.989384031823569 ], [ 128.006665102647617, 34.989375981164436 ], [ 128.006839696435378, 34.989290577097897 ], [ 128.00693734814277, 34.989245192693666 ], [ 128.007109626265077, 34.989161040144424 ], [ 128.007155794120592, 34.98913624399426 ], [ 128.007205089078553, 34.98910644399303 ], [ 128.007259287284086, 34.989071483427345 ], [ 128.007274431909707, 34.989061710796271 ], [ 128.007423189051735, 34.988962637402437 ], [ 128.007702444424979, 34.988757283167224 ], [ 128.007774716109537, 34.988723903412783 ], [ 128.008015722174179, 34.988646594313579 ], [ 128.00813861876577, 34.988599270308427 ], [ 128.008218716444361, 34.98855084795948 ], [ 128.008303569612963, 34.988488628983568 ], [ 128.008371510706525, 34.988433815782415 ], [ 128.008407130517014, 34.988396350252181 ], [ 128.008420395597312, 34.988389833943423 ], [ 128.008425981527296, 34.988387085495319 ], [ 128.008434817720541, 34.988382732216095 ], [ 128.008479234555352, 34.988376804172589 ], [ 128.008552734923967, 34.988368599233738 ], [ 128.008598643582701, 34.988365198067328 ], [ 128.008843385740789, 34.988358393143102 ], [ 128.008877854400538, 34.988352762183041 ], [ 128.008904008365135, 34.988339131504624 ], [ 128.008931858273939, 34.988312932064751 ], [ 128.009105423735861, 34.987994710765548 ], [ 128.009146659313615, 34.987872105847032 ], [ 128.009221521325799, 34.98762393147927 ], [ 128.009278033514818, 34.987502325641806 ], [ 128.009400343484742, 34.987313684398188 ], [ 128.009442205339383, 34.98726620165025 ], [ 128.009505662435572, 34.987202545119324 ], [ 128.00956276152732, 34.987159341961913 ], [ 128.009635908088512, 34.98711590031823 ], [ 128.009765746101692, 34.987060312015331 ], [ 128.010047448068093, 34.986970766588605 ], [ 128.010244853624613, 34.986894737387381 ], [ 128.010369212670014, 34.986852966220546 ], [ 128.010442832825078, 34.986834693197281 ], [ 128.010511022282031, 34.986822658105574 ], [ 128.010945022924687, 34.98684382050125 ], [ 128.011032427526544, 34.986823144848209 ], [ 128.011132081120735, 34.986737501723184 ], [ 128.011157542964355, 34.986305609758631 ], [ 128.011158974756739, 34.986281294424259 ], [ 128.011142218614907, 34.986149400712087 ], [ 128.011088839569993, 34.985883819814575 ], [ 128.011030216713294, 34.985673565080994 ], [ 128.010950012433653, 34.985476600196755 ], [ 128.010923190444402, 34.985418497693445 ], [ 128.010829791210313, 34.985302337870849 ], [ 128.010701264553063, 34.985182998067344 ], [ 128.010615294762601, 34.985147441944385 ], [ 128.009934276790375, 34.985007232284389 ], [ 128.009753660144696, 34.984959194294468 ], [ 128.00926099889179, 34.984795732444887 ], [ 128.009137765955956, 34.984744385854626 ], [ 128.008994084160406, 34.984676891340584 ], [ 128.008848755618516, 34.984597043929 ], [ 128.008766245541608, 34.984551708270914 ], [ 128.008650823770665, 34.984486589569315 ], [ 128.008525682471998, 34.9844028868837 ], [ 128.008494044368831, 34.984374225653532 ], [ 128.008408418563278, 34.984269718984685 ], [ 128.008361385873087, 34.984046798018873 ], [ 128.008319834399344, 34.983819274122418 ], [ 128.008251213703147, 34.983642106184647 ] ] ] } },
{ "type": "Feature", "properties": { "fid": 352, "UserID": null, "number": "서포206", "UMD": null, "NUM": "206", "GUBUN": "리도", "Opened": "현황도로", "차선": "2", "도로폭": "8", "변경여부": null, "비고": null, "기존": "현황도로", "기타": null, "종점": null, "기점": null, "구분": null, "정비사항": null, "연장": "1" }, "geometry": { "type": "MultiLineString", "coordinates": [ [ [ 127.947976201360902, 34.986818395775849 ], [ 127.947927525177903, 34.986799207769891 ], [ 127.947915462384998, 34.986794452247125 ], [ 127.947862747825127, 34.9867716238615 ], [ 127.947667660275002, 34.986695715466723 ], [ 127.947545828003086, 34.986631069308736 ], [ 127.947477080536558, 34.986586848272331 ], [ 127.947370357330115, 34.986508903308817 ], [ 127.94733530306182, 34.986487345661253 ], [ 127.94730361822343, 34.986466934904378 ], [ 127.947277289782406, 34.986453285539504 ], [ 127.94726174206447, 34.986447003490326 ], [ 127.947196710139281, 34.986430773752446 ], [ 127.947113242749623, 34.986421657610308 ], [ 127.947041202448574, 34.986421599848349 ], [ 127.946994937403872, 34.986426227470098 ], [ 127.946959499407171, 34.986433752237438 ], [ 127.946913112429925, 34.986447887779391 ], [ 127.946863515845052, 34.986473180906017 ], [ 127.946808011879497, 34.986509058369499 ], [ 127.94676332082507, 34.986548932485135 ], [ 127.946656725577085, 34.986673678644308 ], [ 127.946576619762055, 34.986744854588139 ], [ 127.946513446972645, 34.986788587956624 ], [ 127.946442935269317, 34.986804235237052 ], [ 127.946346227561719, 34.986807009203375 ], [ 127.946160572864216, 34.986786422756559 ], [ 127.946096873714239, 34.98678495875113 ], [ 127.946053988426598, 34.986788200304019 ], [ 127.94597777231975, 34.986800309589007 ], [ 127.945896149306776, 34.986825810617859 ], [ 127.945846381798006, 34.986851579540136 ], [ 127.945800935824849, 34.986882812009171 ], [ 127.945729693369756, 34.986936596712802 ], [ 127.945677654386316, 34.98696867313469 ], [ 127.945616903088762, 34.98699435546299 ], [ 127.945545963207493, 34.987009205326686 ], [ 127.945465678647054, 34.987015735739114 ], [ 127.945372417635042, 34.987006794603083 ], [ 127.945272414881188, 34.986979587928893 ], [ 127.945214480396643, 34.98695648765954 ], [ 127.945160003763135, 34.986921682158162 ], [ 127.945108789334085, 34.986888698656919 ], [ 127.945057701899287, 34.986846684935038 ], [ 127.944999032784096, 34.986783595272385 ], [ 127.944953710307416, 34.98671994572269 ], [ 127.94487369655927, 34.986614208715416 ], [ 127.94482949186137, 34.986549667518652 ], [ 127.944763297120659, 34.986460319664836 ], [ 127.944742808368375, 34.986430325424649 ], [ 127.944708493037069, 34.986356433350807 ], [ 127.94467866177321, 34.986283878207274 ], [ 127.944662901050776, 34.986227714492209 ], [ 127.94464425588356, 34.986138636216324 ], [ 127.944638350259552, 34.986086001348049 ], [ 127.944632640535133, 34.986017270468999 ], [ 127.944626137578027, 34.985925044080815 ], [ 127.944623387346866, 34.985872310489277 ], [ 127.944617340856396, 34.985829787290591 ], [ 127.944606938080327, 34.985784513176149 ], [ 127.944587834320814, 34.985732836002036 ], [ 127.944557103146209, 34.985637442355852 ], [ 127.944534855021161, 34.9855730831584 ], [ 127.944526525610485, 34.985537768731021 ], [ 127.944518341145113, 34.9854886201813 ], [ 127.944519796171832, 34.98546061957591 ], [ 127.944526982119456, 34.985415327308537 ], [ 127.944536066330159, 34.985391908766566 ], [ 127.944571961246822, 34.985336879685534 ], [ 127.94465908893234, 34.985224674627737 ], [ 127.944790820303538, 34.985069161302938 ], [ 127.944909263612445, 34.984919868534703 ], [ 127.94495952943312, 34.984855239051605 ], [ 127.945002015051344, 34.984797779515844 ], [ 127.945054839859452, 34.984714667990843 ], [ 127.945096416716737, 34.984641832869002 ], [ 127.945152788998385, 34.984541717059727 ], [ 127.945204508418229, 34.984449997176512 ], [ 127.945262009703086, 34.984349782973077 ], [ 127.94529684256301, 34.98428954375786 ], [ 127.945336228923978, 34.984216689491035 ], [ 127.945352160769843, 34.984176809095892 ], [ 127.945364877051745, 34.984127220465034 ], [ 127.945372144028568, 34.984074718211843 ], [ 127.945382612249617, 34.984029625679206 ], [ 127.945385721213668, 34.983958934508749 ], [ 127.945377949062575, 34.983879351733364 ], [ 127.94536476468565, 34.983793971408012 ], [ 127.945335097417427, 34.983621676841466 ], [ 127.945301981564597, 34.983462097049077 ], [ 127.945290903134762, 34.983385000209836 ], [ 127.945288164140109, 34.983341595454341 ], [ 127.945293344378442, 34.983283585958389 ], [ 127.945303192661441, 34.983206599038212 ], [ 127.945332314814408, 34.983077628904887 ], [ 127.945352770401783, 34.982945554917713 ], [ 127.945356565264149, 34.982906731659121 ], [ 127.945364484662377, 34.982803409162685 ], [ 127.945371981548945, 34.982732990488586 ], [ 127.94537935899875, 34.982591699321766 ], [ 127.94538003810672, 34.982523456640706 ], [ 127.945371991172735, 34.982308347713534 ], [ 127.945365808002975, 34.982188606528524 ], [ 127.945353188212579, 34.982089125301194 ], [ 127.945333372983725, 34.982004183007923 ], [ 127.945276923801146, 34.981843507905545 ], [ 127.945255808604401, 34.981797554774907 ], [ 127.94520497924006, 34.98170071554005 ], [ 127.945162131906258, 34.981621900185814 ], [ 127.945090607546959, 34.981541068730252 ], [ 127.94502160560441, 34.981475311365401 ], [ 127.944897686569192, 34.981376087493373 ], [ 127.944718957116294, 34.981250464291691 ] ] ] } },
{ "type": "Feature", "properties": { "fid": 353, "UserID": null, "number": "서포206", "UMD": null, "NUM": "206", "GUBUN": "리도", "Opened": "미개설", "차선": null, "도로폭": null, "변경여부": null, "비고": null, "기존": "미개설", "기타": null, "종점": null, "기점": null, "구분": null, "정비사항": null, "연장": "2.2" }, "geometry": { "type": "MultiLineString", "coordinates": [ [ [ 127.944718957116294, 34.981250464291691 ], [ 127.944618717688243, 34.981175755046408 ], [ 127.944451774577345, 34.981000675185612 ], [ 127.944183886014429, 34.980744568949895 ], [ 127.9440315071014, 34.98058002389881 ], [ 127.943952881462593, 34.980008430781993 ], [ 127.94383699407031, 34.979883725837482 ], [ 127.943805641532009, 34.979737429383285 ], [ 127.943631813428041, 34.979735291420667 ], [ 127.943386206953008, 34.97975813429823 ], [ 127.94317174987134, 34.979539990126668 ], [ 127.942939618316245, 34.979411894943823 ], [ 127.942702411347909, 34.979274978030688 ], [ 127.94253942032185, 34.979478608443635 ], [ 127.94256693157017, 34.979659825592449 ], [ 127.942548456467264, 34.979897224559572 ], [ 127.942213992919378, 34.980304550557321 ], [ 127.941887767825705, 34.980321037905398 ], [ 127.941753245797941, 34.980419774848123 ], [ 127.941462042675269, 34.980903522374931 ], [ 127.94130400291705, 34.981169915666833 ], [ 127.941209777249554, 34.981826587850868 ], [ 127.941154026481826, 34.98214103464764 ], [ 127.940145017943266, 34.982134895746064 ], [ 127.938127159907864, 34.982136547756575 ], [ 127.937065723452307, 34.982737883482017 ], [ 127.935080433785799, 34.984113920344647 ], [ 127.934223376062434, 34.985544051514296 ], [ 127.934289936671789, 34.9861785467047 ], [ 127.934409038470193, 34.987705834402185 ], [ 127.93450452700904, 34.988647142977683 ], [ 127.934774903016759, 34.990054637429481 ], [ 127.936674924431529, 34.990725620863408 ] ] ] } },
{ "type": "Feature", "properties": { "fid": 354, "UserID": null, "number": "서포206", "UMD": null, "NUM": "206", "GUBUN": "리도", "Opened": "미확장", "차선": "1", "도로폭": "3", "변경여부": null, "비고": null, "기존": "미확장", "기타": null, "종점": null, "기점": null, "구분": null, "정비사항": null, "연장": "0.4" }, "geometry": { "type": "MultiLineString", "coordinates": [ [ [ 127.936674924431529, 34.990725620863408 ], [ 127.93707397837494, 34.990585596133954 ], [ 127.937374849392114, 34.990572806230738 ], [ 127.937587291786414, 34.990613034274972 ], [ 127.937822562470231, 34.990796136550756 ], [ 127.938186302535513, 34.990998307625155 ], [ 127.938439338531495, 34.99106613282332 ], [ 127.938688602252, 34.99098919120145 ], [ 127.938930490558349, 34.990823335410795 ], [ 127.939021464284707, 34.990622011552787 ], [ 127.939078120914914, 34.990478522365471 ], [ 127.93919215715033, 34.990347673185113 ], [ 127.939296777384371, 34.990274029902288 ], [ 127.939363127555083, 34.990236881524865 ], [ 127.939451293656845, 34.990207414649014 ], [ 127.939549212351878, 34.990196625861721 ], [ 127.939677254523531, 34.990224855616965 ], [ 127.93981087502786, 34.990277465382796 ], [ 127.939951926646117, 34.990306475005397 ], [ 127.940090965410462, 34.99034769449586 ], [ 127.940214952494813, 34.990364691266898 ], [ 127.940374899676158, 34.990383449049645 ], [ 127.940469052809576, 34.990383847924356 ], [ 127.940569531276438, 34.990376524940238 ], [ 127.940682789549172, 34.990333095968367 ] ] ] } },
{ "type": "Feature", "properties": { "fid": 355, "UserID": null, "number": "서포206", "UMD": null, "NUM": "206", "GUBUN": "리도", "Opened": "미개설", "차선": null, "도로폭": null, "변경여부": null, "비고": null, "기존": "미개설", "기타": null, "종점": null, "기점": null, "구분": null, "정비사항": null, "연장": "0.5" }, "geometry": { "type": "MultiLineString", "coordinates": [ [ [ 127.940682789549172, 34.990333095968367 ], [ 127.946265263939978, 34.99154954181644 ] ] ] } },
{ "type": "Feature", "properties": { "fid": 356, "UserID": null, "number": "서포206", "UMD": null, "NUM": "206", "GUBUN": "리도", "Opened": "미확장", "차선": "1", "도로폭": "3", "변경여부": null, "비고": null, "기존": "미확장", "기타": null, "종점": null, "기점": null, "구분": null, "정비사항": null, "연장": "0.4" }, "geometry": { "type": "MultiLineString", "coordinates": [ [ [ 127.946265263939978, 34.99154954181644 ], [ 127.946475157685072, 34.991558071751051 ], [ 127.94649484458013, 34.991559369478423 ], [ 127.946520878140163, 34.991569654502783 ], [ 127.946539760684615, 34.991581571881781 ], [ 127.946581481301791, 34.991613814329327 ], [ 127.946692775675942, 34.991679090975815 ], [ 127.946776213584911, 34.991718239415185 ], [ 127.946800553047339, 34.991727401030786 ], [ 127.946835084795737, 34.99173776882396 ], [ 127.94685984857729, 34.991741174632608 ], [ 127.946950279968107, 34.991738039347233 ], [ 127.946989079223201, 34.991733346931305 ], [ 127.947029547263327, 34.991730904287913 ], [ 127.947090149449707, 34.99172136277631 ], [ 127.947177121313189, 34.99172323569681 ], [ 127.947207640034094, 34.991727971293763 ], [ 127.947237454792244, 34.991735503898191 ], [ 127.947267916093466, 34.991744718578019 ], [ 127.947295632821962, 34.991756144711374 ], [ 127.947447691263548, 34.991823288840422 ], [ 127.947492900388255, 34.991848296565479 ], [ 127.9475483053386, 34.991873383768166 ], [ 127.947599014742153, 34.991893959603722 ], [ 127.947705200942721, 34.991934025931023 ], [ 127.94774309916798, 34.991946657978133 ], [ 127.947778317277141, 34.99195647263857 ], [ 127.947859951659325, 34.991976595693082 ], [ 127.948024330256288, 34.992063585089092 ], [ 127.948185560487502, 34.992103966355273 ], [ 127.948325303726861, 34.992151047165251 ], [ 127.94845926492178, 34.992198068653174 ], [ 127.948838811977183, 34.992306166314599 ], [ 127.948917317822932, 34.992332021019216 ], [ 127.948977318081447, 34.992342996573917 ], [ 127.949246840813828, 34.992366027245417 ], [ 127.949273271684717, 34.992371844543094 ], [ 127.949299630939791, 34.992383258457437 ], [ 127.949322595153177, 34.992394651957461 ], [ 127.949340123792084, 34.992405430512214 ], [ 127.949355586874546, 34.992418426456517 ], [ 127.949405267527979, 34.992466392980326 ], [ 127.949445773028344, 34.992514117741173 ], [ 127.949466414246061, 34.992547853017449 ], [ 127.949483577979507, 34.992587155401338 ], [ 127.949492880177772, 34.992604009705694 ], [ 127.949506971045949, 34.99261811138684 ], [ 127.94952174794139, 34.992631669200755 ], [ 127.949589765329804, 34.992680353350757 ], [ 127.949675444020457, 34.992730317128554 ], [ 127.949747671440207, 34.992768411013756 ], [ 127.949814980219813, 34.992792879246821 ], [ 127.949896188633787, 34.992819865365945 ], [ 127.950010360887944, 34.99284714593383 ], [ 127.950077055245373, 34.992866570281151 ], [ 127.950264802939174, 34.992933632401289 ], [ 127.950440780432203, 34.993022548532593 ] ] ] } },
{ "type": "Feature", "properties": { "fid": 357, "UserID": null, "number": "서포206", "UMD": null, "NUM": "206", "GUBUN": "리도", "Opened": "현황도로", "차선": "2", "도로폭": "8", "변경여부": null, "비고": null, "기존": "현황도로", "기타": null, "종점": null, "기점": null, "구분": null, "정비사항": null, "연장": "0.1" }, "geometry": { "type": "MultiLineString", "coordinates": [ [ [ 127.950440780432203, 34.993022548532593 ], [ 127.950598391294278, 34.993453083378959 ], [ 127.950621602016625, 34.993993703058599 ], [ 127.950627334158042, 34.994122752700214 ] ] ] } },
{ "type": "Feature", "properties": { "fid": 358, "UserID": null, "number": "서포206", "UMD": null, "NUM": "206", "GUBUN": "리도", "Opened": "미개설", "차선": null, "도로폭": null, "변경여부": null, "비고": null, "기존": "미개설", "기타": null, "종점": null, "기점": null, "구분": null, "정비사항": null, "연장": "1.5" }, "geometry": { "type": "MultiLineString", "coordinates": [ [ [ 127.950627334158042, 34.994122752700214 ], [ 127.950797881222314, 34.994205154034198 ], [ 127.950927728826457, 34.994434413670099 ], [ 127.950937253055059, 34.995257752686719 ], [ 127.951015650455716, 34.996078807519837 ], [ 127.951459958461399, 34.997101103521139 ], [ 127.9516764665333, 34.998222876868645 ], [ 127.951738892127779, 34.998487554368417 ], [ 127.951826512784947, 34.998547925521095 ], [ 127.952092463489521, 34.998629576773887 ], [ 127.952223409093747, 34.998586681184939 ], [ 127.952805757097209, 34.998346601498056 ], [ 127.953142747003227, 34.99815554785264 ], [ 127.953395630028567, 34.998024467538336 ], [ 127.953446586938284, 34.998031045384018 ], [ 127.953566552227002, 34.998138263236292 ], [ 127.953745589915954, 34.998220593583376 ], [ 127.95414852092172, 34.998231383241858 ], [ 127.954578172010699, 34.997987261691414 ], [ 127.954782243084537, 34.998034503268094 ], [ 127.956024465628602, 34.998753934933603 ], [ 127.956306112326331, 34.998908723059159 ], [ 127.956697586561759, 34.999027754609877 ], [ 127.957041775047628, 34.999091333127403 ], [ 127.959721019833964, 35.00013782448849 ], [ 127.959985107762094, 35.000240407251468 ], [ 127.960298524666328, 35.000210015882132 ], [ 127.960665346761004, 35.000395521185638 ], [ 127.961031109849429, 35.000490318860024 ], [ 127.961337108673732, 35.00055069841838 ], [ 127.961542332606555, 35.000695612339129 ], [ 127.961551935925044, 35.000882199570896 ] ] ] } },
{ "type": "Feature", "properties": { "fid": 359, "UserID": null, "number": "서포206", "UMD": null, "NUM": "206", "GUBUN": "리도", "Opened": "미확장", "차선": "1", "도로폭": "4", "변경여부": null, "비고": null, "기존": "미확장", "기타": null, "종점": null, "기점": null, "구분": null, "정비사항": null, "연장": "0.7" }, "geometry": { "type": "MultiLineString", "coordinates": [ [ [ 127.961551935925044, 35.000882199570896 ], [ 127.960985007138063, 35.001171045469462 ], [ 127.961012730524388, 35.001366211866682 ], [ 127.961110331403532, 35.00173527665055 ], [ 127.961291320600083, 35.001801879588349 ], [ 127.961915885075797, 35.001908580787898 ], [ 127.961982783503601, 35.001827802862742 ], [ 127.962101540141759, 35.001830350665301 ], [ 127.962297177469182, 35.001518275913028 ], [ 127.962849535625665, 35.001433647926781 ], [ 127.963151824757347, 35.001357980006546 ], [ 127.963437697064236, 35.001155169122896 ], [ 127.963526731899023, 35.001132710314778 ], [ 127.963551056209695, 35.001126960512288 ], [ 127.963780218182194, 35.001102272594956 ], [ 127.963987871463601, 35.001112754098521 ], [ 127.964119266351545, 35.001156972190273 ], [ 127.964195918786075, 35.001205012574424 ], [ 127.964437052697235, 35.001341976046675 ], [ 127.964543396534566, 35.00140254217623 ], [ 127.964610181192398, 35.001456768510245 ], [ 127.964685173236447, 35.001563568239959 ], [ 127.964758397406499, 35.001672233048851 ], [ 127.964820944896488, 35.001722879502331 ], [ 127.964936388663858, 35.001746851809187 ], [ 127.965055773926295, 35.001779232431431 ], [ 127.965241220066488, 35.00189405456414 ], [ 127.965614863625461, 35.001983856853776 ], [ 127.966030370411318, 35.002094164209105 ], [ 127.966216096270458, 35.002156203785603 ], [ 127.966431563809309, 35.002210438429628 ], [ 127.966770729943491, 35.002316127567056 ], [ 127.966910007602905, 35.002312485713482 ] ] ] } },
{ "type": "Feature", "properties": { "fid": 364, "UserID": null, "number": "서포208", "UMD": null, "NUM": "208", "GUBUN": "리도", "Opened": "미개설", "차선": null, "도로폭": null, "변경여부": null, "비고": null, "기존": "미개설", "기타": null, "종점": null, "기점": "선전리 684-4", "구분": null, "정비사항": null, "연장": "0.2" }, "geometry": { "type": "MultiLineString", "coordinates": [ [ [ 127.995266068868048, 34.993999620673158 ], [ 127.99681511574957, 34.995173179013925 ] ] ] } },
{ "type": "Feature", "properties": { "fid": 365, "UserID": null, "number": "서포208", "UMD": null, "NUM": "208", "GUBUN": "리도", "Opened": "미확장", "차선": "1", "도로폭": "3", "변경여부": null, "비고": null, "기존": "미확장", "기타": null, "종점": null, "기점": "선전리 684-4", "구분": null, "정비사항": null, "연장": "1" }, "geometry": { "type": "MultiLineString", "coordinates": [ [ [ 127.99681511574957, 34.995173179013925 ], [ 127.997087262576713, 34.995656391217146 ], [ 127.997282458394125, 34.99595088184234 ], [ 127.99746827373076, 34.996064492913199 ], [ 127.997590158166375, 34.996150716909661 ], [ 127.997639780544432, 34.996221834079421 ], [ 127.997794118182853, 34.996361871005142 ], [ 127.997890822514037, 34.996294784641897 ], [ 127.997917977034021, 34.996261415694001 ], [ 127.998055168318487, 34.996211441476888 ], [ 127.998388924689138, 34.996112748779886 ], [ 127.99873783640578, 34.996040098153649 ], [ 127.999018894272325, 34.995966260459213 ], [ 127.999761566960359, 34.995674046278978 ], [ 128.000343837969723, 34.995615169517073 ], [ 128.000381377677911, 34.995564269330146 ], [ 128.000370945751456, 34.995403860253262 ], [ 128.000390593439448, 34.995276349005174 ], [ 128.000380225229009, 34.995121172930844 ], [ 128.000319638800079, 34.994846039384235 ], [ 128.000518203200357, 34.99426522512254 ], [ 128.000426076272078, 34.99401128568195 ], [ 128.000408078531535, 34.993925952925949 ], [ 128.000626849654509, 34.993786333400273 ], [ 128.000820417354532, 34.993666110902815 ], [ 128.000754149944555, 34.99240188603418 ], [ 128.000627260882425, 34.992078452731796 ], [ 128.000767366338977, 34.991920291708226 ], [ 128.000878217073932, 34.991622810736203 ], [ 128.000944898661345, 34.991528057283901 ], [ 128.001269644110664, 34.991387562784865 ], [ 128.001527447550302, 34.991146437994956 ] ] ] } },
{ "type": "Feature", "properties": { "fid": 366, "UserID": null, "number": "서포208", "UMD": null, "NUM": "208", "GUBUN": "리도", "Opened": "미확장", "차선": "1", "도로폭": "3", "변경여부": "변경", "비고": "미개설-미확장", "기존": "미개설", "기타": null, "종점": null, "기점": "선전리 684-4", "구분": null, "정비사항": null, "연장": "0.9" }, "geometry": { "type": "MultiLineString", "coordinates": [ [ [ 128.001527447550302, 34.991146437994956 ], [ 128.001698955834684, 34.990782164361541 ], [ 128.001781110716166, 34.990739618148119 ], [ 128.001950148369815, 34.990694610320368 ], [ 128.002019691658035, 34.990660890596516 ], [ 128.00205330780588, 34.990636189951687 ], [ 128.002420780222906, 34.99052325191181 ], [ 128.002609694297888, 34.990369919277761 ], [ 128.00269091227176, 34.990250621645849 ], [ 128.002811240163538, 34.990209503958937 ], [ 128.002784996521882, 34.990143429268741 ], [ 128.002659592273318, 34.989942101624251 ], [ 128.002618844521322, 34.989729607631048 ], [ 128.002489117095166, 34.989521337441623 ], [ 128.002440657323405, 34.989371709509129 ], [ 128.002500714142769, 34.989081624475418 ], [ 128.00248065251435, 34.988827091268945 ], [ 128.002667301768696, 34.988836016932744 ], [ 128.002756748926146, 34.988870168401448 ], [ 128.002817883814743, 34.989016202491385 ], [ 128.002818990103179, 34.989106908013888 ], [ 128.002935574669152, 34.989280396189272 ], [ 128.00313163967914, 34.989366001894943 ], [ 128.003463741377885, 34.989481884136666 ], [ 128.003626873532738, 34.989648008811557 ], [ 128.003798143965895, 34.989786153768563 ], [ 128.003776617339156, 34.989932870794156 ], [ 128.003836540926301, 34.9899794771407 ], [ 128.003953672319, 34.990023865859015 ], [ 128.004030382422201, 34.990056377187145 ], [ 128.00405630750052, 34.990096286552422 ], [ 128.004055061280525, 34.990167821858996 ], [ 128.0041084346731, 34.990198781631754 ], [ 128.004161658976244, 34.99021753102874 ], [ 128.004263271876624, 34.990206223415697 ], [ 128.004472089194167, 34.990120759234657 ], [ 128.004758234646147, 34.990118391297479 ], [ 128.005196193562426, 34.99022292549494 ], [ 128.005359658575713, 34.990242506022831 ], [ 128.005513923475405, 34.990374865083062 ], [ 128.005684277191506, 34.990265984957333 ], [ 128.006140603660839, 34.99048550133984 ], [ 128.006954314879778, 34.990980301707452 ] ] ] } },
{ "type": "Feature", "properties": { "fid": 367, "UserID": null, "number": "서포208", "UMD": null, "NUM": "208", "GUBUN": "리도", "Opened": "미개설", "차선": null, "도로폭": null, "변경여부": "변경", "비고": "미확장-미개설", "기존": "미확장", "기타": null, "종점": null, "기점": "선전리 684-4", "구분": null, "정비사항": null, "연장": "0.3" }, "geometry": { "type": "MultiLineString", "coordinates": [ [ [ 128.015163430372809, 34.995449400971076 ], [ 128.015617274735092, 34.998208905677011 ] ] ] } },
{ "type": "Feature", "properties": { "fid": 368, "UserID": null, "number": "서포208", "UMD": null, "NUM": "208", "GUBUN": "리도", "Opened": "미개설", "차선": null, "도로폭": null, "변경여부": null, "비고": null, "기존": "미개설", "기타": null, "종점": null, "기점": "선전리 684-4", "구분": null, "정비사항": null, "연장": "0.4" }, "geometry": { "type": "MultiLineString", "coordinates": [ [ [ 128.015617274735092, 34.998208905677011 ], [ 128.016225594551173, 34.998713210688194 ], [ 128.016414122342894, 34.998872126901908 ], [ 128.016522604331811, 34.999415504783279 ], [ 128.016482969116993, 34.999639133626246 ], [ 128.015370426785182, 35.001024886358955 ] ] ] } },
{ "type": "Feature", "properties": { "fid": 369, "UserID": null, "number": "서포208", "UMD": null, "NUM": "208", "GUBUN": "리도", "Opened": "미확장", "차선": "1", "도로폭": "4", "변경여부": null, "비고": null, "기존": "미확장", "기타": null, "종점": null, "기점": "선전리 684-4", "구분": null, "정비사항": null, "연장": "0.5" }, "geometry": { "type": "MultiLineString", "coordinates": [ [ [ 128.015370426785182, 35.001024886358955 ], [ 128.015240060868422, 35.001310306347698 ], [ 128.014703264256383, 35.00171270038377 ], [ 128.01453536162515, 35.001930264890362 ], [ 128.013691136289111, 35.002411824130988 ], [ 128.013598128544345, 35.002606241109731 ], [ 128.013608382414702, 35.00292191123043 ], [ 128.013439367471761, 35.003314092040036 ], [ 128.013926358788495, 35.003801576519066 ], [ 128.014379578698566, 35.004424466843282 ] ] ] } },
{ "type": "Feature", "properties": { "fid": 370, "UserID": null, "number": "서포301", "UMD": null, "NUM": "301", "GUBUN": "농도", "Opened": "현황도로", "차선": "1", "도로폭": "3", "변경여부": null, "비고": null, "기존": "현황도로", "기타": null, "종점": null, "기점": null, "구분": null, "정비사항": null, "연장": "1.2" }, "geometry": { "type": "MultiLineString", "coordinates": [ [ [ 127.960911208439271, 35.017997986069531 ], [ 127.961138363118891, 35.018244628683746 ], [ 127.961212591605928, 35.018321144113834 ], [ 127.961322482085592, 35.018452793367395 ], [ 127.96134703405788, 35.018520332741446 ], [ 127.961401967193439, 35.018644382954967 ], [ 127.961416821192628, 35.01867957030759 ], [ 127.961438153204327, 35.018756373024047 ], [ 127.961425747790045, 35.018855523613446 ], [ 127.961387883431755, 35.018982205771806 ], [ 127.961379357591127, 35.019069062775074 ], [ 127.961377976367444, 35.019220320381784 ], [ 127.961379650487061, 35.019227445932252 ], [ 127.961418221631902, 35.019354626277199 ], [ 127.961498814331534, 35.01942660170684 ], [ 127.961638158369155, 35.019484386707077 ], [ 127.961854817409503, 35.019477292542398 ], [ 127.961973307129654, 35.019456286789904 ], [ 127.962283913852289, 35.019397275891578 ], [ 127.962553848629724, 35.019410793646955 ], [ 127.963318957820348, 35.019499000583579 ], [ 127.963613964062759, 35.019542812386092 ], [ 127.96442732137632, 35.019488113464476 ], [ 127.964536466300203, 35.019530293688803 ], [ 127.964522573559492, 35.019765133382094 ], [ 127.964463312688821, 35.019891988882534 ], [ 127.964070173757605, 35.020087840299965 ], [ 127.963806233705597, 35.020187942644938 ], [ 127.963642699625822, 35.020313274158909 ], [ 127.963581620145007, 35.020470949744833 ], [ 127.963415042121909, 35.020555379363707 ], [ 127.963244713916112, 35.020497418085633 ], [ 127.962903874145312, 35.020365795659053 ], [ 127.962607999125126, 35.020451879502524 ], [ 127.962359263005169, 35.020579457085809 ], [ 127.962172631150921, 35.02075887711009 ], [ 127.96203550371736, 35.021000706810533 ], [ 127.962071008689279, 35.021316181841591 ], [ 127.962186048215656, 35.021542056193525 ], [ 127.962286020474536, 35.021748860283338 ], [ 127.962492888797343, 35.021848401330004 ], [ 127.962768280302498, 35.02182353813226 ], [ 127.963142309392722, 35.021710665951403 ], [ 127.963561541950398, 35.02165500256006 ], [ 127.963717295841903, 35.021735757741645 ], [ 127.963677944315606, 35.021993142769794 ], [ 127.96357853720734, 35.022196295364097 ], [ 127.963593838860646, 35.022415982182778 ], [ 127.963662635025401, 35.022495683363672 ], [ 127.964144438786278, 35.022711664641761 ], [ 127.964375865951482, 35.022915677909161 ] ] ] } },
{ "type": "Feature", "properties": { "fid": 371, "UserID": null, "number": "서포301", "UMD": null, "NUM": "301", "GUBUN": "농도", "Opened": "미확장", "차선": "1", "도로폭": "2.5", "변경여부": null, "비고": null, "기존": "미확장", "기타": null, "종점": null, "기점": null, "구분": null, "정비사항": null, "연장": "0.8" }, "geometry": { "type": "MultiLineString", "coordinates": [ [ [ 127.964375865951482, 35.022915677909161 ], [ 127.964420610709297, 35.023114196468207 ], [ 127.964550195585545, 35.023674898755132 ], [ 127.964565049431528, 35.023856209717579 ], [ 127.964820372359199, 35.024649676397544 ], [ 127.965090263085543, 35.024877805486327 ], [ 127.96516774991602, 35.024974881729264 ], [ 127.965285662003467, 35.02526353238553 ], [ 127.965756650598962, 35.025640087871963 ], [ 127.965878437498105, 35.025897305894169 ], [ 127.966060298375496, 35.026213358832685 ], [ 127.966266732863943, 35.026815315235481 ], [ 127.966304521394406, 35.027142981953872 ], [ 127.966444385745319, 35.027494258815196 ], [ 127.966824838924595, 35.028105295027935 ], [ 127.966929544873238, 35.028352180881704 ], [ 127.96695674981234, 35.028861360465328 ], [ 127.967167735056307, 35.029128333188069 ], [ 127.967357174404611, 35.029267716161378 ] ] ] } },
{ "type": "Feature", "properties": { "fid": 372, "UserID": null, "number": "서포301", "UMD": null, "NUM": "301", "GUBUN": "농도", "Opened": "미개설", "차선": null, "도로폭": null, "변경여부": null, "비고": null, "기존": "미개설", "기타": null, "종점": null, "기점": null, "구분": null, "정비사항": null, "연장": "0.4" }, "geometry": { "type": "MultiLineString", "coordinates": [ [ [ 127.967357174404611, 35.029267716161378 ], [ 127.967946470760054, 35.029701300202554 ], [ 127.968565776215954, 35.030422073419913 ], [ 127.970154175030274, 35.032410022024578 ] ] ] } },
{ "type": "Feature", "properties": { "fid": 373, "UserID": null, "number": "서포301", "UMD": null, "NUM": "301", "GUBUN": "농도", "Opened": "현황도로", "차선": "2", "도로폭": "8", "변경여부": null, "비고": null, "기존": "현황도로", "기타": null, "종점": null, "기점": null, "구분": null, "정비사항": null, "연장": "0.3" }, "geometry": { "type": "MultiLineString", "coordinates": [ [ [ 127.970154175030274, 35.032410022024578 ], [ 127.970288950400985, 35.0322762235593 ], [ 127.970396214406279, 35.032198091655843 ], [ 127.970676177866039, 35.031980176236928 ], [ 127.971014771868752, 35.031720991545221 ], [ 127.971203790885482, 35.031579242301866 ], [ 127.971330751681521, 35.031499534483196 ], [ 127.971681139155024, 35.03131709622479 ], [ 127.972445694215835, 35.030941618815746 ], [ 127.972553271929513, 35.030893468525775 ] ] ] } },
{ "type": "Feature", "properties": { "fid": 374, "UserID": null, "number": "서포301", "UMD": null, "NUM": "301", "GUBUN": "농도", "Opened": "미확장", "차선": "1", "도로폭": "2.5", "변경여부": null, "비고": null, "기존": "미확장", "기타": null, "종점": null, "기점": null, "구분": null, "정비사항": null, "연장": "0.5" }, "geometry": { "type": "MultiLineString", "coordinates": [ [ [ 127.972553271929513, 35.030893468525775 ], [ 127.972719622328285, 35.031150322023635 ], [ 127.973072596515237, 35.031048054979827 ], [ 127.973485114020079, 35.030959265267583 ], [ 127.973781883614322, 35.030946416903724 ], [ 127.974179069700952, 35.030995563869638 ], [ 127.974794851058277, 35.031056909638338 ], [ 127.975062925806384, 35.031128024950597 ], [ 127.975835155975474, 35.031325924064028 ], [ 127.975851226026151, 35.032677786660038 ], [ 127.975809521445527, 35.032916247051361 ] ] ] } },
{ "type": "Feature", "properties": { "fid": 375, "UserID": null, "number": "서포301", "UMD": null, "NUM": "301", "GUBUN": "농도", "Opened": "미개설", "차선": null, "도로폭": null, "변경여부": null, "비고": null, "기존": "미개설", "기타": null, "종점": null, "기점": null, "구분": null, "정비사항": null, "연장": "1.6" }, "geometry": { "type": "MultiLineString", "coordinates": [ [ [ 127.975809521445527, 35.032916247051361 ], [ 127.97539924953503, 35.033373117277719 ], [ 127.974006524515261, 35.034685706337463 ], [ 127.973281964295381, 35.035469569976314 ], [ 127.97319042833692, 35.035620331654016 ], [ 127.97292961847991, 35.036163219882177 ], [ 127.972786950862371, 35.036652825207661 ], [ 127.972782040823219, 35.037312287370668 ], [ 127.972988347418053, 35.037896786599937 ], [ 127.973577220392741, 35.039619121752928 ], [ 127.973751425657099, 35.040357393290712 ], [ 127.973724175129149, 35.04056346342847 ], [ 127.973458925809766, 35.041448310768956 ], [ 127.97298299976913, 35.042812841112564 ], [ 127.972429023328246, 35.044394313408361 ], [ 127.971745917035065, 35.046179179640831 ], [ 127.971699997327278, 35.04624234953986 ], [ 127.971385931012463, 35.046040876183767 ] ] ] } },
{ "type": "Feature", "properties": { "fid": 376, "UserID": null, "number": "서포301", "UMD": null, "NUM": "301", "GUBUN": "농도", "Opened": "현황도로", "차선": "1", "도로폭": "3", "변경여부": null, "비고": null, "기존": "현황도로", "기타": null, "종점": null, "기점": null, "구분": null, "정비사항": null, "연장": "1.4" }, "geometry": { "type": "MultiLineString", "coordinates": [ [ [ 127.971385931012463, 35.046040876183767 ], [ 127.97139477708663, 35.044548155562772 ], [ 127.971401810667786, 35.04304306884417 ], [ 127.971403102916568, 35.042766523371704 ], [ 127.971400544660739, 35.040952708705099 ], [ 127.971410052823046, 35.039390612241775 ], [ 127.971403945721661, 35.038695006375718 ], [ 127.971418095146689, 35.03677930185281 ], [ 127.971415073563108, 35.036184657578282 ], [ 127.967975002945536, 35.036167959061331 ], [ 127.967743359419259, 35.036309367368879 ] ] ] } },
{ "type": "Feature", "properties": { "fid": 380, "UserID": null, "number": "서포302", "UMD": null, "NUM": "302", "GUBUN": "농도", "Opened": "미개설", "차선": null, "도로폭": null, "변경여부": null, "비고": null, "기존": "미개설", "기타": null, "종점": null, "기점": null, "구분": null, "정비사항": null, "연장": "0.7" }, "geometry": { "type": "MultiLineString", "coordinates": [ [ [ 127.940109276529256, 35.03654756758889 ], [ 127.94083051351285, 35.037480523595121 ], [ 127.941078773192459, 35.037673983370588 ], [ 127.941513430302848, 35.037845062189611 ], [ 127.94272672647736, 35.037849596944604 ], [ 127.943525215041475, 35.037934104507741 ], [ 127.944247996000371, 35.03807502032965 ], [ 127.944768621106107, 35.038343110833246 ], [ 127.945440265355344, 35.038463483574006 ], [ 127.946170652714756, 35.038527570194525 ], [ 127.946702503038381, 35.038664726600153 ], [ 127.946927699281048, 35.038696114869985 ] ] ] } },
{ "type": "Feature", "properties": { "fid": 381, "UserID": null, "number": "서포303", "UMD": null, "NUM": "303", "GUBUN": "농도", "Opened": "미확장", "차선": "1", "도로폭": "2.5", "변경여부": null, "비고": null, "기존": "미확장", "기타": null, "종점": null, "기점": null, "구분": null, "정비사항": null, "연장": "1.3" }, "geometry": { "type": "MultiLineString", "coordinates": [ [ [ 127.939159876004183, 35.023270456697801 ], [ 127.938954886320076, 35.023333100997498 ], [ 127.938878728023568, 35.023349390883645 ], [ 127.93861716945996, 35.023286867225586 ], [ 127.937952367750796, 35.023011140628263 ], [ 127.937660745705131, 35.022915701473693 ], [ 127.937427830952586, 35.022947157701459 ], [ 127.937098667522235, 35.023092750243357 ], [ 127.936984778114393, 35.023147709632589 ], [ 127.936760742355929, 35.023213986326006 ], [ 127.936479194276316, 35.023258027758871 ], [ 127.93631775829914, 35.023234850267798 ], [ 127.936126317346947, 35.023183991790212 ], [ 127.935941695366466, 35.023173204261795 ], [ 127.935765913190082, 35.023193749557599 ], [ 127.935653248834072, 35.023170195078784 ], [ 127.935585373217307, 35.023168973888424 ], [ 127.935498671507929, 35.02319057648954 ], [ 127.935255316769684, 35.023422728278803 ], [ 127.935179852887345, 35.023500068525621 ], [ 127.935091626119686, 35.023574018043703 ], [ 127.934107227298199, 35.024284639180209 ], [ 127.933917848437005, 35.024415190928543 ], [ 127.933742420072946, 35.02446713186189 ], [ 127.933576741346172, 35.024443983387435 ], [ 127.933455891185545, 35.024446657584093 ], [ 127.933259197694312, 35.024493527852911 ], [ 127.933059531462405, 35.024652069630832 ], [ 127.932931487037422, 35.024768192108127 ], [ 127.932369701248305, 35.02515979221198 ], [ 127.93225346734161, 35.025195575537545 ], [ 127.93198211659589, 35.025204637949244 ], [ 127.931797569642569, 35.025200821634378 ], [ 127.931565655202292, 35.025321229260172 ], [ 127.931250203860358, 35.025555671046277 ], [ 127.931188470345262, 35.025535210608211 ], [ 127.930853473701788, 35.02507461201467 ], [ 127.93078883665477, 35.025078596856311 ], [ 127.929651117576128, 35.025270492445379 ], [ 127.929026808542773, 35.025386050454308 ], [ 127.9294304999096, 35.026951278417812 ] ] ] } },
{ "type": "Feature", "properties": { "fid": 382, "UserID": null, "number": "서포303", "UMD": null, "NUM": "303", "GUBUN": "농도", "Opened": "현황도로", "차선": "1", "도로폭": "5", "변경여부": null, "비고": null, "기존": "현황도로", "기타": null, "종점": null, "기점": null, "구분": null, "정비사항": null, "연장": "0.2" }, "geometry": { "type": "MultiLineString", "coordinates": [ [ [ 127.9294304999096, 35.026951278417812 ], [ 127.929745792587681, 35.02857475085969 ] ] ] } },
{ "type": "Feature", "properties": { "fid": 383, "UserID": null, "number": "서포303", "UMD": null, "NUM": "303", "GUBUN": "농도", "Opened": "현황도로", "차선": "1", "도로폭": "5", "변경여부": "변경", "비고": "미확장-현황도로", "기존": "미확장", "기타": null, "종점": null, "기점": null, "구분": null, "정비사항": null, "연장": "0.4" }, "geometry": { "type": "MultiLineString", "coordinates": [ [ [ 127.929745792587681, 35.02857475085969 ], [ 127.930379444067626, 35.031340182440893 ], [ 127.93058662080864, 35.032029421078839 ], [ 127.930644884126025, 35.032304607339903 ] ] ] } },
{ "type": "Feature", "properties": { "fid": 384, "UserID": null, "number": "서포304", "UMD": null, "NUM": "304", "GUBUN": "농도", "Opened": "미개설", "차선": null, "도로폭": null, "변경여부": null, "비고": null, "기존": "미개설", "기타": null, "종점": null, "기점": null, "구분": null, "정비사항": null, "연장": "0.8" }, "geometry": { "type": "MultiLineString", "coordinates": [ [ [ 127.947155337285835, 34.999956528120954 ], [ 127.945827380744291, 35.002098685596579 ], [ 127.945630610333211, 35.002686377147597 ], [ 127.943415347643352, 35.003635188412431 ], [ 127.941031391214366, 35.004669004412285 ] ] ] } },
{ "type": "Feature", "properties": { "fid": 385, "UserID": null, "number": "서포304", "UMD": null, "NUM": "304", "GUBUN": "농도", "Opened": "미확장", "차선": "1", "도로폭": "2.5", "변경여부": null, "비고": null, "기존": "미확장", "기타": null, "종점": null, "기점": null, "구분": null, "정비사항": null, "연장": "1" }, "geometry": { "type": "MultiLineString", "coordinates": [ [ [ 127.941031391214366, 35.004669004412285 ], [ 127.941100629971984, 35.004790583947241 ], [ 127.940877985590987, 35.00497374001246 ], [ 127.940667101885097, 35.00507306760219 ], [ 127.939719442534354, 35.006748168550352 ], [ 127.937604011398321, 35.010515243801599 ], [ 127.93766076815804, 35.010657855830736 ], [ 127.937637237319436, 35.010825511370747 ], [ 127.937533219311049, 35.011000766736863 ], [ 127.937551653805087, 35.011129718679513 ], [ 127.937604051110029, 35.01126189728577 ], [ 127.937408933645656, 35.011629753258262 ], [ 127.937423306099447, 35.012146019563517 ], [ 127.937560611728784, 35.012657847186588 ], [ 127.937702073225935, 35.012931553377911 ] ] ] } },
{ "type": "Feature", "properties": { "fid": 387, "UserID": null, "number": "서포305", "UMD": null, "NUM": "305", "GUBUN": "농도", "Opened": "미확장", "차선": "1", "도로폭": "2.5", "변경여부": null, "비고": null, "기존": "미확장", "기타": null, "종점": "다평리 1372", "기점": null, "구분": "노선단축", "정비사항": "시도 중복구간 폐지", "연장": "2" }, "geometry": { "type": "MultiLineString", "coordinates": [ [ [ 127.952388846846688, 34.989081865032858 ], [ 127.952574128199714, 34.988969005264167 ], [ 127.952711093677905, 34.98889814962881 ], [ 127.952729462630458, 34.988836947215013 ], [ 127.952748778831051, 34.988674555100566 ], [ 127.952809256518449, 34.988588598898588 ], [ 127.952836103684788, 34.988527329926804 ], [ 127.952835477048438, 34.988473254668101 ], [ 127.952980778296805, 34.988390121654838 ], [ 127.952824370914911, 34.988246553990415 ], [ 127.952416413182419, 34.987956389289295 ], [ 127.95265731940367, 34.987792806370706 ], [ 127.952821451683278, 34.987701057684866 ], [ 127.953000345859323, 34.987605423645064 ], [ 127.953198427332126, 34.987514977215902 ], [ 127.953346049174769, 34.987449610146527 ], [ 127.953673506053406, 34.987333669107699 ], [ 127.953997330278597, 34.987288911964086 ], [ 127.954064637173971, 34.987259418546337 ], [ 127.954127884895485, 34.987207972404676 ], [ 127.954230469227852, 34.987148420712671 ], [ 127.954306967059765, 34.987127161524747 ], [ 127.954394217252045, 34.987137597737842 ], [ 127.954470455630172, 34.987152060289979 ], [ 127.954602535555949, 34.98714606165148 ], [ 127.954678115105366, 34.98714824156631 ], [ 127.954704831643753, 34.987142864678667 ], [ 127.95472086291575, 34.987134635658386 ], [ 127.954742834696916, 34.98707595028737 ], [ 127.954752678381269, 34.987021045084447 ], [ 127.954741895449729, 34.986960425673189 ], [ 127.954729918462363, 34.98687876817425 ], [ 127.954741004578722, 34.986794674883129 ], [ 127.954754950254554, 34.986729326160194 ], [ 127.954761716648946, 34.986693651738022 ], [ 127.954762760318275, 34.986647792114617 ], [ 127.954758018808775, 34.986556717541987 ], [ 127.954738114092692, 34.986445352839723 ], [ 127.954727626347804, 34.986346528228232 ], [ 127.95473182911131, 34.98629365517256 ], [ 127.954735226591723, 34.986269523387854 ], [ 127.954740401665575, 34.98623894986158 ], [ 127.954753714097805, 34.986196028041547 ], [ 127.954778884087759, 34.986148483608098 ], [ 127.954806839776452, 34.986107173857448 ], [ 127.954826369082681, 34.986088551273703 ], [ 127.954859167019833, 34.986064715833656 ], [ 127.954866249419993, 34.986059819574066 ], [ 127.95488727576894, 34.986045273101588 ], [ 127.954917482537581, 34.986027921502867 ], [ 127.954948799537604, 34.986013689050303 ], [ 127.954992870556595, 34.985998971636846 ], [ 127.955045592334599, 34.985985203051541 ], [ 127.955089768641059, 34.985975119340438 ], [ 127.955149377835042, 34.985963167656266 ], [ 127.955232858712876, 34.985945436817872 ], [ 127.955425955138978, 34.98587522856235 ], [ 127.95552349040274, 34.985832255205722 ], [ 127.95562709518704, 34.985786512889781 ], [ 127.955716978771932, 34.985732044615631 ], [ 127.955764125002545, 34.985695946841119 ], [ 127.955795138067643, 34.98566425280648 ], [ 127.955833959872592, 34.985614455217927 ], [ 127.955873821307222, 34.98555954702001 ], [ 127.955909809366247, 34.985499188466335 ], [ 127.955933996613382, 34.985459098322018 ], [ 127.955953069755907, 34.985432763483978 ], [ 127.955986132299756, 34.985397490742237 ], [ 127.956156152120002, 34.985298807904435 ], [ 127.956196524997196, 34.985278596154757 ], [ 127.956253070121406, 34.985256062979381 ], [ 127.956310567448028, 34.985233574026843 ], [ 127.956389515477355, 34.985213090363096 ], [ 127.956493135381308, 34.985189330839965 ], [ 127.956553462123566, 34.985176870875534 ], [ 127.956612440443564, 34.985167103264807 ], [ 127.95665473801634, 34.985161752814626 ], [ 127.956706008726968, 34.985163005183047 ], [ 127.956744111408554, 34.985166307419703 ], [ 127.956791319755808, 34.985176988754873 ], [ 127.956846793270998, 34.985193969365191 ], [ 127.956892235339353, 34.985214378833781 ], [ 127.95699148305296, 34.985301298459916 ], [ 127.957057796651441, 34.985353111387809 ], [ 127.957380084668955, 34.985816357698923 ], [ 127.95785555439366, 34.986236526116215 ], [ 127.958593234337911, 34.986874432216823 ], [ 127.959801421766798, 34.98795870121269 ], [ 127.959909558761325, 34.988142765444614 ], [ 127.959978198151148, 34.98839343368234 ], [ 127.96000083993664, 34.988517115605319 ], [ 127.960067554522979, 34.988693656871789 ], [ 127.960121440437362, 34.988769989624736 ], [ 127.960260395313114, 34.988870072795187 ], [ 127.9603791936796, 34.989059285795051 ], [ 127.960413330788967, 34.989259635577582 ], [ 127.960404342422862, 34.989397523786209 ], [ 127.960353858323018, 34.989612499142808 ], [ 127.960333762408112, 34.989706862201949 ], [ 127.96031309523535, 34.989933813306138 ], [ 127.960152308620138, 34.990142682960233 ], [ 127.959389252902326, 34.990876180438171 ], [ 127.959028885970554, 34.991240143442305 ], [ 127.95878944241251, 34.991430442927886 ], [ 127.958689199740391, 34.991741759140297 ], [ 127.958622489058172, 34.991838234535756 ], [ 127.958508962403343, 34.991919378865092 ], [ 127.95849560928427, 34.992046834245691 ], [ 127.958665707861215, 34.992272278683814 ], [ 127.958726218406909, 34.992371238445642 ], [ 127.958742317412657, 34.992479271525028 ], [ 127.958680008321551, 34.992589668340379 ], [ 127.958444880816131, 34.99278691113846 ], [ 127.958191290092344, 34.992855204762733 ], [ 127.958042234950071, 34.992980242073678 ], [ 127.95782016244236, 34.993388467516056 ], [ 127.957634752934155, 34.993850483434272 ], [ 127.957536345069968, 34.993955930864381 ], [ 127.957429193940399, 34.9940387684196 ], [ 127.957419346978881, 34.99410339330192 ], [ 127.957407888156339, 34.994211643881279 ], [ 127.957377493902499, 34.994332255430017 ], [ 127.95733753791788, 34.994392742266911 ] ] ] } },
{ "type": "Feature", "properties": { "fid": 388, "UserID": null, "number": "서포306", "UMD": null, "NUM": "306", "GUBUN": "농도", "Opened": "현황도로", "차선": "1~2", "도로폭": "6~8", "변경여부": null, "비고": null, "기존": "현황도로", "기타": null, "종점": null, "기점": null, "구분": null, "정비사항": null, "연장": "0.5" }, "geometry": { "type": "MultiLineString", "coordinates": [ [ [ 127.977161398046647, 35.006113705354309 ], [ 127.977236472655022, 35.006085208502647 ], [ 127.977316956372135, 35.006055531294741 ], [ 127.977357639847668, 35.006041898650096 ], [ 127.977398229649907, 35.006028321512083 ], [ 127.977433340619598, 35.00601146543864 ], [ 127.977490465089716, 35.005910126601442 ], [ 127.977514743282924, 35.005812238370446 ], [ 127.977534836491216, 35.005765676687254 ], [ 127.977565511238339, 35.005713264531195 ], [ 127.977760421076511, 35.005591062932702 ], [ 127.97789043171494, 35.005522162123512 ], [ 127.978041478356715, 35.00543487508827 ], [ 127.978093013613375, 35.005405554733983 ], [ 127.978131899514878, 35.005379875083946 ], [ 127.978163196354842, 35.005353468612483 ], [ 127.978196638106255, 35.005319756857546 ], [ 127.978229972843025, 35.005287157394434 ], [ 127.97825995686371, 35.005242598484251 ], [ 127.97834374470888, 35.005126233862967 ], [ 127.978368779289525, 35.005089982178276 ], [ 127.978398067739818, 35.005064630593829 ], [ 127.97842863994633, 35.005047607656294 ], [ 127.978495794229289, 35.005020526391476 ], [ 127.978633705706599, 35.004989973323454 ], [ 127.978712276117761, 35.004969944547682 ], [ 127.978778426333662, 35.004944664343185 ], [ 127.978809767101808, 35.00493846585443 ], [ 127.978888889145296, 35.004926663800553 ], [ 127.979221012020588, 35.004916217495541 ], [ 127.9793328579225, 35.004915643190088 ], [ 127.979376156258766, 35.004911349403464 ], [ 127.979428581346369, 35.00490119366534 ], [ 127.97944749537578, 35.004895573887083 ], [ 127.979506812580226, 35.004875114181509 ], [ 127.979560873132144, 35.004835044482867 ], [ 127.979590585276554, 35.004816040968031 ], [ 127.979615152526236, 35.004796039988882 ], [ 127.979640582484734, 35.00477977776692 ], [ 127.979711359232709, 35.004738465516944 ], [ 127.979772924088778, 35.00471912912132 ], [ 127.980015690211161, 35.004680585316933 ], [ 127.980065699889479, 35.00467943067914 ], [ 127.980161915434707, 35.004679987844767 ], [ 127.980205771434257, 35.004680822983453 ], [ 127.980262425606526, 35.004670344530282 ], [ 127.980307115298459, 35.004656158444853 ], [ 127.98036083104293, 35.004633867860861 ], [ 127.980534398780776, 35.004547682542992 ], [ 127.980595979880292, 35.004514836776927 ], [ 127.980641253030058, 35.004501383671098 ], [ 127.980677354890602, 35.004493171141185 ], [ 127.980731855475213, 35.004482513574601 ], [ 127.980784955092631, 35.004475992789459 ], [ 127.980864836725246, 35.004472063634061 ], [ 127.980937510357137, 35.004470935057313 ], [ 127.981014596080996, 35.004471167135293 ], [ 127.981083523600574, 35.004479434348674 ], [ 127.981144854329585, 35.004488632122211 ], [ 127.981165231239331, 35.004491119808982 ], [ 127.981236026865162, 35.004502290913408 ], [ 127.981282247266563, 35.004501940275581 ], [ 127.981392034986669, 35.004492667265055 ], [ 127.981606026940057, 35.004455938996408 ], [ 127.98175803432845, 35.004435157604554 ], [ 127.981888749903177, 35.004419391710655 ] ] ] } },
{ "type": "Feature", "properties": { "fid": 389, "UserID": null, "number": "서포306", "UMD": null, "NUM": "306", "GUBUN": "농도", "Opened": "미확장", "차선": "1", "도로폭": "2.5", "변경여부": null, "비고": null, "기존": "미확장", "기타": null, "종점": null, "기점": null, "구분": null, "정비사항": null, "연장": "1.7" }, "geometry": { "type": "MultiLineString", "coordinates": [ [ [ 127.981888749903177, 35.004419391710655 ], [ 127.981916862618277, 35.004415029466173 ], [ 127.982070251828688, 35.004300716271665 ], [ 127.982548717719411, 35.00394620730281 ], [ 127.982892920260667, 35.003697061415217 ], [ 127.983693790289323, 35.003110924696081 ], [ 127.984431400340654, 35.002572941064656 ], [ 127.985232283902775, 35.001983929976028 ], [ 127.985285196826098, 35.001927092312528 ], [ 127.985314278540898, 35.001827094691073 ], [ 127.98532254913458, 35.001721194800901 ], [ 127.985351489111878, 35.001632652101165 ], [ 127.985373008189526, 35.00158127967407 ], [ 127.985422546651847, 35.001515821607903 ], [ 127.985524749663043, 35.001413571877592 ], [ 127.986124498552982, 35.000760945061693 ], [ 127.986105990726372, 35.000632001492981 ], [ 127.986117370514989, 35.000520260241949 ], [ 127.98620447963664, 35.000359057384422 ], [ 127.986369835112697, 35.000181518044883 ], [ 127.986210955556203, 35.000015335781228 ], [ 127.9867577428831, 34.99964628894049 ], [ 127.986774124627914, 34.999244917840393 ], [ 127.986704111815655, 34.999064057636446 ], [ 127.986669273047625, 34.998987582256845 ], [ 127.986637962082384, 34.998851764752295 ], [ 127.986635114375176, 34.998614534135932 ], [ 127.986626810322988, 34.998418420796092 ], [ 127.986656774627392, 34.998376812345214 ], [ 127.986654940620937, 34.998308500860468 ], [ 127.986623740668989, 34.99823333458945 ], [ 127.986576396906486, 34.998164642656619 ], [ 127.986529298005479, 34.998076124836082 ], [ 127.986549070815656, 34.997992572270427 ], [ 127.986595613961171, 34.997909243494121 ], [ 127.986661032228156, 34.997815056969237 ], [ 127.986942923756715, 34.997535415944775 ], [ 127.987301631555283, 34.997322509034618 ], [ 127.987371168140797, 34.997278349985358 ], [ 127.987470847943797, 34.997211394827062 ], [ 127.987537224422013, 34.997172971245845 ], [ 127.987688384973112, 34.997106445852609 ], [ 127.988037942471053, 34.996983956982028 ], [ 127.988656598224537, 34.996750167837156 ], [ 127.989211247575128, 34.996529399389225 ], [ 127.989327156115152, 34.996492511644796 ], [ 127.989423451431051, 34.996461865673574 ], [ 127.989533571640166, 34.996443962366776 ], [ 127.989605665373233, 34.996442868573958 ], [ 127.989638696398885, 34.996436365094723 ], [ 127.989719298135057, 34.996413311112072 ], [ 127.989866274576016, 34.996351832185134 ], [ 127.989959481697923, 34.996308546738163 ], [ 127.990715764591542, 34.995935233890002 ], [ 127.991098947384003, 34.995757091099257 ], [ 127.991169376967989, 34.995723783314041 ], [ 127.991221398569223, 34.995680154138796 ], [ 127.991281948443799, 34.995612870169836 ], [ 127.991348904853339, 34.995526997825358 ], [ 127.991438179238756, 34.995468426242951 ], [ 127.991483814758283, 34.995441690774676 ], [ 127.991562480719864, 34.995408451275125 ], [ 127.991718453146575, 34.995356296355531 ], [ 127.991881095860677, 34.995289083181547 ], [ 127.992203953297008, 34.995159581335031 ], [ 127.992243327612698, 34.995139572307657 ], [ 127.992569096192582, 34.995108386021691 ], [ 127.992647719824262, 34.995078534849782 ], [ 127.993702059812676, 34.994580577247184 ], [ 127.994097454146157, 34.994392988961529 ] ] ] } },
{ "type": "Feature", "properties": { "fid": 390, "UserID": null, "number": "서포306", "UMD": null, "NUM": "306", "GUBUN": "농도", "Opened": "미확장", "차선": "1", "도로폭": "2.5", "변경여부": "변경", "비고": "미개설-미확장", "기존": "미개설", "기타": null, "종점": null, "기점": null, "구분": null, "정비사항": null, "연장": "0.1" }, "geometry": { "type": "MultiLineString", "coordinates": [ [ [ 127.994097454146157, 34.994392988961529 ], [ 127.99460506274302, 34.995172117218829 ], [ 127.99474710593681, 34.99517269783987 ] ] ] } },
{ "type": "Feature", "properties": { "fid": 392, "UserID": null, "number": "서포309", "UMD": null, "NUM": "309", "GUBUN": "농도", "Opened": "현황도로", "차선": "1", "도로폭": "5", "변경여부": null, "비고": null, "기존": "현황도로", "기타": null, "종점": null, "기점": null, "구분": null, "정비사항": null, "연장": "1" }, "geometry": { "type": "MultiLineString", "coordinates": [ [ [ 127.944574722816398, 34.981142963461991 ], [ 127.944860136041342, 34.98100427345193 ], [ 127.945006278386316, 34.980900561230783 ], [ 127.945112194971372, 34.980816231158229 ], [ 127.945246133844904, 34.98066435607447 ], [ 127.945321527215668, 34.98058131234886 ], [ 127.945368866893475, 34.98049924390304 ], [ 127.945441613143942, 34.980342580403097 ], [ 127.945503953099077, 34.980175760381933 ], [ 127.945555839749701, 34.980006790565014 ], [ 127.945578058646078, 34.979914107311238 ], [ 127.945601583979013, 34.979785651203322 ], [ 127.945628188145307, 34.979681586342693 ], [ 127.945654148885012, 34.979561565197407 ], [ 127.945708689842263, 34.979442465835461 ], [ 127.945737556955706, 34.979391731483965 ], [ 127.94579291675106, 34.979339949829779 ], [ 127.94592478075343, 34.979267613486812 ], [ 127.946122357238494, 34.97922285554003 ], [ 127.94648655670791, 34.979184954686076 ], [ 127.946589098975963, 34.979175266381326 ], [ 127.946953368648238, 34.979031190589737 ], [ 127.947244942514246, 34.978915232766219 ], [ 127.947511023187531, 34.97879168161213 ], [ 127.947586810388714, 34.978732590170637 ], [ 127.947714226886475, 34.978547026915678 ], [ 127.947830593898999, 34.978367875139512 ], [ 127.947926384550001, 34.978217313397153 ], [ 127.947975429659436, 34.978167865428176 ], [ 127.948106429918369, 34.978064952308934 ], [ 127.948254752565134, 34.977990010671725 ], [ 127.948516655511057, 34.977878679589892 ], [ 127.948955847420947, 34.977677179553069 ], [ 127.949238283727993, 34.977541363993772 ], [ 127.949475557435377, 34.977425401034573 ], [ 127.949669150861638, 34.977312179989582 ], [ 127.949859457689769, 34.977203766252892 ], [ 127.949980112933261, 34.97711390979503 ], [ 127.950119023598049, 34.977042125421924 ], [ 127.950314709352796, 34.976982645420549 ], [ 127.950446570944152, 34.976958912387701 ], [ 127.95062710896137, 34.976956933185384 ], [ 127.950730014361312, 34.976990130634633 ], [ 127.950840696538677, 34.977039136189866 ], [ 127.95099007398197, 34.97710457918599 ], [ 127.951166204879584, 34.977171377915191 ], [ 127.951242350305279, 34.977195065672888 ], [ 127.951348262483847, 34.977211600703811 ], [ 127.951463098691178, 34.977209561186804 ], [ 127.951580475556383, 34.977202300737403 ], [ 127.951678642349066, 34.97718965697392 ], [ 127.951818896048351, 34.977147629353425 ], [ 127.951925748247461, 34.97709366479004 ], [ 127.951981567745861, 34.977041375823696 ], [ 127.952034608227677, 34.976944280122922 ], [ 127.952065282318372, 34.976849895111592 ], [ 127.952094904830375, 34.976684556158119 ], [ 127.952137898879258, 34.97655124229491 ] ] ] } },
{ "type": "Feature", "properties": { "fid": 393, "UserID": null, "number": "서포310", "UMD": null, "NUM": "310", "GUBUN": "농도", "Opened": "현황도로", "차선": "2", "도로폭": "6", "변경여부": null, "비고": null, "기존": "현황도로", "기타": null, "종점": null, "기점": null, "구분": null, "정비사항": null, "연장": "3" }, "geometry": { "type": "MultiLineString", "coordinates": [ [ [ 127.965086876154032, 34.981137499168476 ], [ 127.964561884414351, 34.981057134173078 ], [ 127.964417173108671, 34.981054780691011 ], [ 127.964186425031329, 34.981138778652557 ], [ 127.964140072041076, 34.981150685834933 ], [ 127.964099227845708, 34.981156483975212 ], [ 127.964010809877621, 34.981162443481793 ], [ 127.96393199210047, 34.981161770041957 ], [ 127.963843128053995, 34.981149266366891 ], [ 127.96376888927, 34.981136328789418 ], [ 127.963734394925268, 34.981123172012765 ], [ 127.963694645886946, 34.981095981668432 ], [ 127.963668080581726, 34.981074113680073 ], [ 127.963644685397668, 34.981043151316626 ], [ 127.963631618684644, 34.981001650540883 ], [ 127.963627555730554, 34.980946977161885 ], [ 127.963633759393915, 34.980831984362894 ], [ 127.96365119770357, 34.98074225273028 ], [ 127.963678344038655, 34.980637335525799 ], [ 127.963698990050261, 34.980563296422275 ], [ 127.963721829456077, 34.980422162986756 ], [ 127.963724490934823, 34.980373522895597 ], [ 127.963723064217689, 34.980324289040539 ], [ 127.963712236623365, 34.98026676372114 ], [ 127.963698406393178, 34.980231971335797 ], [ 127.963680354799223, 34.980208878194873 ], [ 127.963649513218101, 34.980176175714099 ], [ 127.963450251918545, 34.979999758583944 ], [ 127.963409221252505, 34.979966572355949 ], [ 127.963369005647309, 34.979922604155128 ], [ 127.96334365680741, 34.979885081369815 ], [ 127.96332242566622, 34.979844078594034 ], [ 127.963310636337894, 34.979809853424563 ], [ 127.963306466006088, 34.979762840418928 ], [ 127.963305595274676, 34.979724237997793 ], [ 127.963310754661876, 34.979692014472306 ], [ 127.963315828315814, 34.979667451523731 ], [ 127.963336742193235, 34.979625123572802 ], [ 127.963362417025792, 34.979583007572629 ], [ 127.963475105126065, 34.979430888903771 ], [ 127.963679282705939, 34.979162829740503 ], [ 127.963790084158731, 34.978997841657652 ], [ 127.963831001995132, 34.978959208759179 ], [ 127.964051497989388, 34.978798501672728 ], [ 127.964129891516976, 34.978724955809788 ], [ 127.964174805846525, 34.978665500135904 ], [ 127.964214131027248, 34.978591611461333 ], [ 127.964233811177621, 34.97853937619039 ], [ 127.964256018402978, 34.978449126337509 ], [ 127.96426658911264, 34.978365492000982 ], [ 127.964280317524725, 34.97797668496397 ], [ 127.964286002193091, 34.977903626563922 ], [ 127.96429495026149, 34.977840114091393 ], [ 127.964314204037095, 34.977768694833699 ], [ 127.964339445796256, 34.977706988982952 ], [ 127.964458986419601, 34.977467850249099 ], [ 127.964523527031346, 34.977361188068478 ], [ 127.964587214474093, 34.977268335970905 ], [ 127.964652540550873, 34.977180130670178 ], [ 127.965077645702522, 34.976715743348137 ], [ 127.965099793679173, 34.976683105888483 ], [ 127.965120646409162, 34.976646365326587 ], [ 127.965135397390767, 34.976608067464305 ], [ 127.965146091321529, 34.976568455086337 ], [ 127.965153464685656, 34.976522090438102 ], [ 127.965155261423462, 34.976433351681806 ], [ 127.965120330562527, 34.976240267828885 ], [ 127.965117975421606, 34.976210774196026 ], [ 127.965118320659087, 34.976183367657477 ], [ 127.965119323522629, 34.976157652220721 ], [ 127.965125986607134, 34.976114643474986 ], [ 127.965140913561157, 34.976062367460848 ], [ 127.965174405980633, 34.975992349439238 ], [ 127.965197040088213, 34.975948918154977 ], [ 127.965233077835634, 34.975893289057694 ], [ 127.965250292493991, 34.975874985701381 ], [ 127.965277090491796, 34.975851329088734 ], [ 127.965311347742883, 34.97582925035406 ], [ 127.965380127336104, 34.975790124545966 ], [ 127.965717795555136, 34.97565783241366 ], [ 127.965774687873861, 34.975619163812922 ], [ 127.965821118404946, 34.975573862296258 ], [ 127.965855818849278, 34.975516554137172 ], [ 127.965875342329952, 34.975476620396933 ], [ 127.965884621777619, 34.975441466483666 ], [ 127.96588781374102, 34.975403628768412 ], [ 127.965888334656796, 34.975362244068407 ], [ 127.96587267766607, 34.975202881322616 ], [ 127.965859222381624, 34.975029548682038 ], [ 127.965831797719176, 34.974833347293185 ], [ 127.965808736176669, 34.97472201643302 ], [ 127.965644316816309, 34.974073232650092 ], [ 127.965600134976867, 34.973832137133158 ], [ 127.965560989178002, 34.973703336404185 ], [ 127.965550572433557, 34.973667059077052 ], [ 127.965530826125359, 34.97361600144216 ], [ 127.96551294925483, 34.973579101646223 ], [ 127.965484054392689, 34.973553680953181 ], [ 127.965403566052146, 34.973496679076362 ], [ 127.96522111928634, 34.973389414186592 ], [ 127.965192825888806, 34.973370154652841 ], [ 127.965167947782533, 34.973349247780234 ], [ 127.965151226518387, 34.973328419524179 ], [ 127.965137857312413, 34.973310963812359 ], [ 127.965123858544999, 34.973289590946798 ], [ 127.965114623530155, 34.973267312335231 ], [ 127.965108131143964, 34.973243759210959 ], [ 127.965103662037905, 34.973220403619464 ], [ 127.965101949632583, 34.973194655984692 ], [ 127.965101070896338, 34.973156621299424 ], [ 127.965107038642927, 34.97311489550227 ], [ 127.965123296681824, 34.973064694869535 ], [ 127.965159489074864, 34.972995817500127 ], [ 127.965196883047767, 34.972940208962555 ], [ 127.965314742504972, 34.972807709366478 ], [ 127.965380007744045, 34.972723982672228 ], [ 127.96539181932404, 34.972703388866215 ], [ 127.965402266207022, 34.972683342241652 ], [ 127.965410721940216, 34.972658808022686 ], [ 127.965417913348915, 34.972627719347287 ], [ 127.965423696091335, 34.972599800354821 ], [ 127.965424076245611, 34.972569608980947 ], [ 127.965423805829104, 34.972537167740292 ], [ 127.965418140095807, 34.972501877327822 ], [ 127.965403541034959, 34.972473396875827 ], [ 127.96538462499754, 34.972438173681951 ], [ 127.965363883507422, 34.972412263695475 ], [ 127.965338446430763, 34.972381852049764 ], [ 127.965312288443116, 34.972354778189072 ], [ 127.965282771532486, 34.972324881533915 ], [ 127.965232832717689, 34.972297613757178 ], [ 127.965147742311814, 34.972256616150176 ], [ 127.96506483166651, 34.972230346822933 ], [ 127.965026342154133, 34.972212126898519 ], [ 127.964998681883387, 34.972195666852265 ], [ 127.964976523378269, 34.972175341977191 ], [ 127.964952352659793, 34.972152205794664 ], [ 127.964933687922397, 34.972123131759332 ], [ 127.964921470927067, 34.972095068167576 ], [ 127.964913031676815, 34.97206439591713 ], [ 127.964907277585041, 34.972035269836333 ], [ 127.964905600451587, 34.972006728366864 ], [ 127.964907294153036, 34.971980063399641 ], [ 127.964913745556515, 34.971953835627765 ], [ 127.964922894366509, 34.971928180691449 ], [ 127.964946559740653, 34.971883640567363 ], [ 127.964963856019637, 34.971858794259852 ], [ 127.964979737367656, 34.971839352878163 ], [ 127.965002819946861, 34.971813258032412 ], [ 127.965119026651763, 34.971704070955802 ], [ 127.965253726285098, 34.971609751296562 ], [ 127.965422866995311, 34.971532499103134 ], [ 127.96565912475964, 34.971440000773676 ], [ 127.965703887642945, 34.97141912915221 ], [ 127.965923420250249, 34.971279104624124 ], [ 127.966120435657089, 34.971146332724807 ], [ 127.966246424355177, 34.971041869791705 ], [ 127.966338585618416, 34.970953333360391 ], [ 127.966368267769155, 34.970916117978348 ], [ 127.966394017815318, 34.970867674528598 ], [ 127.966441284411658, 34.970729542620546 ], [ 127.966467473220362, 34.970672323916411 ], [ 127.966495991374501, 34.970620560090673 ], [ 127.966617886181979, 34.970463649390339 ], [ 127.96672736005857, 34.970348815081081 ], [ 127.966826352200599, 34.970283825179976 ], [ 127.966881706758414, 34.970259131565712 ], [ 127.966935573297704, 34.970243925292777 ], [ 127.966981800194787, 34.970241524945273 ], [ 127.967018128183199, 34.970243510870205 ], [ 127.967064872222394, 34.970253976908737 ], [ 127.967233878054643, 34.970295129019931 ], [ 127.967351957821535, 34.970333602942112 ], [ 127.967370958271999, 34.970336000038429 ], [ 127.967398811322909, 34.970336237206503 ], [ 127.967417856999532, 34.970334164072035 ], [ 127.967433501610756, 34.97033262080204 ], [ 127.967451228702515, 34.970328301130827 ], [ 127.9674635074675, 34.970324484881026 ], [ 127.967496308877259, 34.970309108014959 ], [ 127.967581311714142, 34.970276833924949 ], [ 127.967740989450078, 34.970195027270087 ], [ 127.967973468829584, 34.970050638539981 ], [ 127.968181527525388, 34.969903806271624 ], [ 127.96824091781599, 34.969854143403289 ], [ 127.96831883081947, 34.969763807718813 ], [ 127.968378538406512, 34.969662690403503 ], [ 127.968404332037693, 34.969609776264626 ], [ 127.968458550974987, 34.969458281803668 ], [ 127.96852643399076, 34.969246658459433 ], [ 127.968586334839273, 34.969035003232676 ], [ 127.968603089632566, 34.96899907439601 ], [ 127.968656166884116, 34.968911438551025 ], [ 127.968751231971396, 34.968767357745222 ], [ 127.968879902617047, 34.968584724164707 ], [ 127.968932189091916, 34.968478036302706 ], [ 127.968947030807271, 34.968433113873203 ], [ 127.968953813533133, 34.968379479143742 ], [ 127.96905780677298, 34.967807286785586 ], [ 127.969133056482178, 34.967496092298973 ], [ 127.969156106079737, 34.967445362912216 ], [ 127.96918000898728, 34.967408656501206 ], [ 127.96921815627168, 34.967373747636167 ], [ 127.969276192359587, 34.967337574677259 ], [ 127.969565616064187, 34.967216127914554 ], [ 127.97001876517453, 34.967042117271532 ], [ 127.970060165664108, 34.967032400984962 ], [ 127.970098973110211, 34.967026024635928 ], [ 127.970134694190236, 34.967021289531424 ], [ 127.970166300895173, 34.967020719690716 ], [ 127.970198841192612, 34.967026034461362 ], [ 127.97022829558118, 34.967033828726386 ], [ 127.970268887533877, 34.967048441497568 ], [ 127.970306917758535, 34.967063023491484 ], [ 127.970348453958238, 34.967082673692353 ], [ 127.970570632079671, 34.967204527271782 ], [ 127.970662889911623, 34.967243058190384 ], [ 127.970740063801571, 34.967265525452653 ], [ 127.970862500367176, 34.967294253466086 ], [ 127.970962138127362, 34.967313558255107 ], [ 127.971015578704211, 34.96731904113576 ], [ 127.971077731281568, 34.967319568468795 ], [ 127.971164457992089, 34.967311912835839 ], [ 127.971258709614872, 34.967294415321057 ], [ 127.971276818035903, 34.967291053729305 ], [ 127.971579090676784, 34.967202177152515 ], [ 127.972075920878382, 34.967038849469269 ], [ 127.97215575027181, 34.967011846129424 ], [ 127.972258788274658, 34.966962379899329 ], [ 127.972304646158591, 34.966921911071239 ], [ 127.972351116039576, 34.966873650877453 ], [ 127.972427606305175, 34.96678704993807 ], [ 127.972462431311854, 34.966691956894408 ], [ 127.972472865207422, 34.966672747749747 ], [ 127.972414007787705, 34.966547080885235 ], [ 127.972398200526513, 34.966507405449867 ], [ 127.972385975926102, 34.966452663034708 ], [ 127.972386360539204, 34.966421903783719 ], [ 127.972388116679625, 34.966390038500542 ], [ 127.972393229628011, 34.966361167047417 ], [ 127.972402533121894, 34.966323777447023 ], [ 127.972413796083345, 34.966292551542608 ], [ 127.972428348006503, 34.966269744918783 ], [ 127.972459292427402, 34.966239803422532 ], [ 127.972497574473579, 34.966221109634162 ], [ 127.972874961305394, 34.966086889120838 ], [ 127.973093904592673, 34.966046236329909 ], [ 127.973138232430529, 34.96603263198395 ], [ 127.973589209412651, 34.965772800527517 ], [ 127.973621649506796, 34.965759816458217 ], [ 127.973653699414555, 34.965750019799216 ], [ 127.973689084232674, 34.965745848635585 ], [ 127.973722719303936, 34.965745015615987 ], [ 127.973754259232777, 34.965749753126694 ], [ 127.974402122889899, 34.965827385400537 ], [ 127.974456454572731, 34.965828962508759 ], [ 127.974489082464146, 34.965828120760143 ], [ 127.974603308596059, 34.965820695183204 ], [ 127.974655362285347, 34.965814420351627 ], [ 127.974694598957853, 34.965800772389599 ], [ 127.975000196693443, 34.965675447337595 ], [ 127.975094071777349, 34.965638763250716 ], [ 127.975191614213344, 34.96560826619011 ], [ 127.975304961171958, 34.965589655980736 ], [ 127.975445698802545, 34.965581894779369 ], [ 127.975873872031656, 34.965597814471856 ], [ 127.975972126613584, 34.965618221120245 ], [ 127.976112470080835, 34.965696587285919 ], [ 127.976228060607227, 34.965771220122015 ], [ 127.976297134193317, 34.965789144861965 ], [ 127.976442712146536, 34.965801559164568 ], [ 127.976566070747865, 34.965797561777926 ], [ 127.97688612494278, 34.965766705588742 ], [ 127.97709975799998, 34.965733743206798 ], [ 127.977587125527464, 34.965644745107987 ], [ 127.977736450433468, 34.965645342959725 ], [ 127.977971196895666, 34.96578301460633 ], [ 127.978483611280055, 34.966103368287001 ], [ 127.978624585051563, 34.966196436571153 ] ] ] } },
{ "type": "Feature", "properties": { "fid": 394, "UserID": null, "number": "서포311", "UMD": null, "NUM": "311", "GUBUN": "농도", "Opened": "현황도로", "차선": "2", "도로폭": "6", "변경여부": null, "비고": null, "기존": "현황도로", "기타": null, "종점": null, "기점": null, "구분": null, "정비사항": null, "연장": "1.2" }, "geometry": { "type": "MultiLineString", "coordinates": [ [ [ 128.01615527957037, 35.003668801810733 ], [ 128.015337941215165, 35.002629555131477 ], [ 128.014704263679903, 35.001814126426176 ], [ 128.014703264256383, 35.00171270038377 ], [ 128.014895072654156, 35.001567845457288 ], [ 128.015183581644663, 35.001380224792385 ], [ 128.015347601054486, 35.001198265421031 ], [ 128.015359029156713, 35.001121521282769 ], [ 128.015370426785182, 35.001024886358955 ], [ 128.015362638149895, 35.001022025758374 ], [ 128.015241698757677, 35.00099295325716 ], [ 128.015125480384199, 35.00094800401618 ], [ 128.015029489490104, 35.000919869490133 ], [ 128.014885888410703, 35.000879396016607 ], [ 128.014732060265857, 35.000837716648533 ], [ 128.014620068264662, 35.000815917053295 ], [ 128.014482305885593, 35.000801321916093 ], [ 128.014349868755431, 35.000798000461657 ], [ 128.014234772341069, 35.000794317623779 ], [ 128.014149977339628, 35.000804298553895 ], [ 128.014067717827174, 35.000830584557328 ], [ 128.014002502731387, 35.00085925507674 ], [ 128.013933743147334, 35.000887606900193 ], [ 128.013854587123774, 35.000939749380095 ], [ 128.013751116502817, 35.001026509445047 ], [ 128.013642479958975, 35.001140307773056 ], [ 128.013588607778672, 35.001190970418278 ], [ 128.013555444110978, 35.001218336011355 ], [ 128.013516883167028, 35.001244976752922 ], [ 128.013477527408412, 35.001270661674553 ], [ 128.013406747125373, 35.001307709409382 ], [ 128.013353292614397, 35.001323560150915 ], [ 128.013290057508584, 35.001336090821873 ], [ 128.013198960530502, 35.001358935556226 ], [ 128.013106538539034, 35.001378399230219 ], [ 128.013009670123637, 35.001403543567655 ], [ 128.012921941188864, 35.001430346013372 ], [ 128.012853276109041, 35.001461795671645 ], [ 128.012784469339238, 35.001505036434907 ], [ 128.012725871337068, 35.001551168014409 ], [ 128.012677432408537, 35.001592537683663 ], [ 128.01263246346619, 35.001641026193084 ], [ 128.012579766877195, 35.001707421464936 ], [ 128.012544944975929, 35.001767411698239 ], [ 128.012513382421076, 35.001836786686134 ], [ 128.012486066656436, 35.001890645363197 ], [ 128.012460235647495, 35.001937605085836 ], [ 128.012430235612783, 35.001979698850278 ], [ 128.012382614580446, 35.002021427327975 ], [ 128.012330986713494, 35.002055823124778 ], [ 128.012263471303442, 35.002087496767224 ], [ 128.01217230755168, 35.002115955124481 ], [ 128.012080528102246, 35.002126440147904 ], [ 128.01201366632759, 35.002121403706774 ], [ 128.011949611523931, 35.002110212732255 ], [ 128.01186513716334, 35.002093240546287 ], [ 128.011728016686874, 35.002054881221014 ], [ 128.011572131332883, 35.002013742109838 ], [ 128.011474712494618, 35.00199441743213 ], [ 128.011405133711776, 35.001971763358647 ], [ 128.011350103076097, 35.001948291569072 ], [ 128.01128016566264, 35.001915152155831 ], [ 128.011203461907371, 35.00187690433701 ], [ 128.011123388368134, 35.001818241974547 ], [ 128.011046838376245, 35.001767078916664 ], [ 128.010994714528664, 35.001729031228066 ], [ 128.010934989640305, 35.001689144935909 ], [ 128.010883428794585, 35.001661208972905 ], [ 128.010820271674987, 35.001632055774778 ], [ 128.010739787590268, 35.001607693221509 ], [ 128.010659576164301, 35.001577278234748 ], [ 128.010579295399111, 35.001552476885507 ], [ 128.010498721760342, 35.001530889365284 ], [ 128.010392570431065, 35.001499701036821 ], [ 128.010311307311014, 35.00148380524216 ], [ 128.010234325360386, 35.001468577431879 ], [ 128.010147129758678, 35.001451020164609 ], [ 128.010059089164201, 35.001446932652442 ], [ 128.009974948417636, 35.001449086822298 ], [ 128.009899608848286, 35.001467564661134 ], [ 128.009822080851876, 35.001497816893988 ], [ 128.009775161815014, 35.0015378656541 ], [ 128.00974660855357, 35.001573721778776 ], [ 128.009728355456076, 35.001615127089494 ], [ 128.009699690624757, 35.001670485863691 ], [ 128.009685063526661, 35.001748086785469 ], [ 128.00967602334461, 35.001818205775052 ], [ 128.009666781978183, 35.001905169352554 ], [ 128.009649867766399, 35.002003028384983 ], [ 128.009636170265679, 35.002063002185629 ], [ 128.0096212223404, 35.002113418914028 ], [ 128.009586067109751, 35.002193189975841 ], [ 128.00954993939726, 35.002244557280406 ], [ 128.009504094244306, 35.002308760974337 ], [ 128.009453563426348, 35.002357939349281 ], [ 128.009401073640532, 35.002406926963033 ], [ 128.009369311093792, 35.002431489457202 ], [ 128.009330119670153, 35.002453631465883 ], [ 128.009276001255188, 35.002467789868433 ], [ 128.009205203895277, 35.002484172641118 ], [ 128.009132082443756, 35.002488629688507 ], [ 128.009037353935213, 35.002472694540565 ], [ 128.008935140775407, 35.002454452090063 ], [ 128.00882032696174, 35.002434850109381 ], [ 128.008714539550851, 35.002430055685181 ], [ 128.008620277169285, 35.002432093652679 ], [ 128.008532073047292, 35.002441481087388 ], [ 128.008448296808865, 35.00245833921511 ], [ 128.008381684158593, 35.002489241379337 ], [ 128.008322501933634, 35.002526942565098 ], [ 128.008242306758262, 35.002596152065763 ], [ 128.008231869398003, 35.002606331381891 ], [ 128.008202411955978, 35.002633352233765 ] ] ] } },
{ "type": "Feature", "properties": { "fid": 395, "UserID": null, "number": "읍301", "UMD": null, "NUM": "301", "GUBUN": "농도", "Opened": "미확장", "차선": "1", "도로폭": "2.5", "변경여부": null, "비고": null, "기존": "미확장", "기타": null, "종점": null, "기점": null, "구분": null, "정비사항": null, "연장": "1" }, "geometry": { "type": "MultiLineString", "coordinates": [ [ [ 128.114795072175184, 35.083226131368541 ], [ 128.11483188578336, 35.083247238420732 ], [ 128.114848705048587, 35.083258303292716 ], [ 128.114935129510428, 35.083303135345233 ], [ 128.114982479935435, 35.083293667250146 ], [ 128.115101551683324, 35.08319520026145 ], [ 128.115144689599163, 35.083107716249522 ], [ 128.115135311791363, 35.082983396702772 ], [ 128.115079044944622, 35.082796149620449 ], [ 128.115343499124378, 35.082670294782609 ], [ 128.115431650517621, 35.082598158385572 ], [ 128.115493544049059, 35.082171477966689 ], [ 128.115457908379426, 35.082090132165902 ], [ 128.115373508109315, 35.082019530084388 ], [ 128.115559188703571, 35.081882930231437 ], [ 128.115652966781482, 35.081717168304948 ], [ 128.115778629405895, 35.081651170407149 ], [ 128.115998070108219, 35.08155754539073 ], [ 128.116059963639628, 35.081448571875683 ], [ 128.116402253624074, 35.081277437118089 ], [ 128.116571991945108, 35.08113699890982 ], [ 128.116677023392384, 35.081019583173074 ], [ 128.116715472404337, 35.080902934692119 ], [ 128.116777365935775, 35.080910608939412 ], [ 128.116941477572141, 35.080998862731406 ], [ 128.11699117995343, 35.080950515013704 ], [ 128.117114967016249, 35.080768635247622 ], [ 128.117295958706649, 35.0806420098546 ], [ 128.117326905472368, 35.080578313370495 ], [ 128.117260323037044, 35.080479315121757 ], [ 128.11733065659547, 35.080428664808501 ], [ 128.117655128745042, 35.080272109096015 ], [ 128.117764849096233, 35.080198435715602 ], [ 128.117859564954927, 35.080114785650927 ], [ 128.118003983194939, 35.079979717475545 ], [ 128.117994605387139, 35.079843881641835 ], [ 128.118021801029698, 35.079784021711106 ], [ 128.118207481623983, 35.079522325857248 ], [ 128.118194352693052, 35.079439442537875 ], [ 128.118636985220832, 35.079078745630468 ], [ 128.119060862133011, 35.07886079183266 ], [ 128.11935344973611, 35.078578371961008 ], [ 128.119440667047257, 35.078473878706767 ], [ 128.11961613960284, 35.078173881238207 ], [ 128.119748000389535, 35.078037608635626 ], [ 128.119667047502105, 35.077984962272865 ], [ 128.11986355085017, 35.077546574371077 ], [ 128.120168689633147, 35.077229674484208 ], [ 128.120478420386121, 35.077248798670794 ], [ 128.120533452331586, 35.077233757554922 ] ] ] } },
{ "type": "Feature", "properties": { "fid": 396, "UserID": null, "number": "읍301", "UMD": null, "NUM": "301", "GUBUN": "농도", "Opened": "현황도로", "차선": "1", "도로폭": "3", "변경여부": "변경", "비고": "미확장-현황도로", "기존": "미확장", "기타": null, "종점": null, "기점": null, "구분": null, "정비사항": null, "연장": "0.6" }, "geometry": { "type": "MultiLineString", "coordinates": [ [ [ 128.111759057370477, 35.087049675955782 ], [ 128.111764044681763, 35.086912521325047 ], [ 128.111799673814772, 35.086775961037922 ], [ 128.111800017136147, 35.086774638603643 ], [ 128.111871897483212, 35.086584570970196 ], [ 128.111912931469021, 35.086534938370249 ], [ 128.1119489649804, 35.086480275716148 ], [ 128.1119545978612, 35.086427048509833 ], [ 128.11193249470017, 35.086318699900616 ], [ 128.111934402220982, 35.086251069175042 ], [ 128.11193577699504, 35.086202209217632 ], [ 128.112018225812903, 35.086068822438165 ], [ 128.112047149021691, 35.086016595265555 ], [ 128.112066906425639, 35.085951123436985 ], [ 128.112069420432249, 35.085902361963072 ], [ 128.112071881739041, 35.085875628577014 ], [ 128.112074268257459, 35.085849723864719 ], [ 128.112160147108511, 35.085587156649851 ], [ 128.112224866118396, 35.085501076626961 ], [ 128.112324047260813, 35.0854110851051 ], [ 128.1124244645641, 35.085301129113809 ], [ 128.112528695046365, 35.085119635472211 ], [ 128.112541503625266, 35.085106380679449 ], [ 128.112601398588993, 35.08504442971067 ], [ 128.11276198170836, 35.084894967501135 ], [ 128.1128207495629, 35.08483199848618 ], [ 128.112996566084405, 35.084660345232074 ], [ 128.113267864440587, 35.084396139765964 ], [ 128.113386329080782, 35.084263201715657 ], [ 128.113426630925915, 35.084205881632961 ], [ 128.113517846084193, 35.084060048501328 ], [ 128.113649783892441, 35.08393354163718 ], [ 128.113717465192082, 35.083861861942879 ], [ 128.113834022481683, 35.083734159097965 ], [ 128.113892314854752, 35.08366224606695 ], [ 128.113957028438506, 35.083577631497185 ], [ 128.113973570915761, 35.083551272106526 ], [ 128.11398591635367, 35.08352985669935 ], [ 128.113989766474901, 35.083499070558524 ], [ 128.113987236143373, 35.083480114133764 ], [ 128.113976868306708, 35.083458114369755 ], [ 128.11397354700415, 35.083409418283658 ], [ 128.113973868139965, 35.08337976690057 ], [ 128.113993717699458, 35.083338991810294 ], [ 128.114067169167129, 35.083279500768754 ], [ 128.11414410755728, 35.083222018118477 ], [ 128.114221339451802, 35.083188053247504 ], [ 128.114552358153759, 35.083067623345123 ], [ 128.114635900861487, 35.083047260353318 ] ], [ [ 128.114635900861487, 35.083047260353318 ], [ 128.114643483815797, 35.083060871797997 ], [ 128.114649224165106, 35.083070476879108 ], [ 128.114657027591846, 35.083081953784522 ], [ 128.114663692199542, 35.083090249682641 ], [ 128.114714092325073, 35.083161997536671 ], [ 128.114745012665907, 35.083194105225964 ], [ 128.114795072175184, 35.083226131368541 ] ], [ [ 128.114635900861487, 35.083047260353318 ], [ 128.114637450984873, 35.083046884117074 ] ] ] } },
{ "type": "Feature", "properties": { "fid": 399, "UserID": null, "number": "정동104", "UMD": null, "NUM": "104", "GUBUN": "면도", "Opened": "미확장", "차선": "1", "도로폭": "4", "변경여부": null, "비고": null, "기존": "미확장", "기타": null, "종점": null, "기점": null, "구분": null, "정비사항": null, "연장": "0.5" }, "geometry": { "type": "MultiLineString", "coordinates": [ [ [ 128.161111378079369, 35.029677432268429 ], [ 128.161297873952776, 35.029519661293612 ], [ 128.161499264738467, 35.029450205900019 ], [ 128.161673241493475, 35.029332329871529 ], [ 128.161952032762599, 35.029335942029284 ], [ 128.162115333052355, 35.029273132030923 ], [ 128.16224651493684, 35.029234185652371 ], [ 128.162380647476539, 35.029133964803393 ], [ 128.162611311503014, 35.028974713664304 ], [ 128.162754012844118, 35.02894036760042 ], [ 128.16300452094552, 35.028834319557767 ], [ 128.163242422489304, 35.028781785862556 ], [ 128.163442635155121, 35.028764162151269 ], [ 128.163732427497592, 35.028601201107364 ], [ 128.163982549158334, 35.028333402358832 ], [ 128.164060719065219, 35.028191315391197 ], [ 128.16426770774828, 35.028044503088182 ], [ 128.164270900733129, 35.028046228650346 ], [ 128.164274758409306, 35.02804831933431 ], [ 128.164330733118362, 35.02808884219575 ], [ 128.164397345765678, 35.028137081782191 ], [ 128.164447325907247, 35.028173390031768 ], [ 128.164466227944075, 35.028189501182545 ], [ 128.164477449728395, 35.028199060689566 ], [ 128.164550047244489, 35.02826432274211 ], [ 128.164610251446618, 35.028325317067015 ], [ 128.16471200966933, 35.028454883507635 ], [ 128.164722860372819, 35.028471831433393 ], [ 128.164774924631558, 35.028554203452714 ], [ 128.164836831289136, 35.028621293457164 ], [ 128.164897898314592, 35.02868476326293 ], [ 128.164950323169904, 35.028725315449698 ], [ 128.165004510755836, 35.028753107755364 ], [ 128.165055338336828, 35.028782661535693 ], [ 128.165122330557978, 35.028812020238831 ], [ 128.165213646248617, 35.0288480992673 ], [ 128.165333458781703, 35.028885672499626 ], [ 128.16543442650979, 35.028907946218069 ], [ 128.165522257946691, 35.028925721807944 ], [ 128.165588053794096, 35.028935927521893 ], [ 128.165645677325671, 35.028938388473399 ], [ 128.165693193036333, 35.028933785377397 ], [ 128.16575562883051, 35.028925301078694 ], [ 128.165780554435145, 35.028913773309341 ] ] ] } },
{ "type": "Feature", "properties": { "fid": 406, "UserID": null, "number": "정동303", "UMD": null, "NUM": "303", "GUBUN": "농도", "Opened": "현황도로", "차선": "1", "도로폭": "4", "변경여부": "변경", "비고": "미확장-현황도로", "기존": "미확장", "기타": null, "종점": null, "기점": null, "구분": null, "정비사항": null, "연장": "1.3" }, "geometry": { "type": "MultiLineString", "coordinates": [ [ [ 128.113119803715733, 35.064685756336985 ], [ 128.113263795317351, 35.064599632454865 ], [ 128.11389107649785, 35.064377156108662 ], [ 128.114336363071914, 35.064116852697126 ], [ 128.11532830006152, 35.063429140708223 ], [ 128.115544115167495, 35.063281943148645 ], [ 128.115805773505429, 35.063105317915607 ], [ 128.115896084209879, 35.063028832210421 ], [ 128.115959580339563, 35.062988970126327 ], [ 128.116081360947334, 35.062905593474262 ], [ 128.116297693882444, 35.06274469806602 ], [ 128.116799395344145, 35.062396621942405 ], [ 128.117381804953993, 35.0619578136331 ], [ 128.117431313773267, 35.061928512723462 ], [ 128.117520725991653, 35.061848268688259 ], [ 128.117627086474869, 35.061716914186796 ], [ 128.118004265772811, 35.061104855057998 ], [ 128.118087089007759, 35.061027259117608 ], [ 128.118967904957742, 35.060491640732458 ], [ 128.11915878099785, 35.060371718751377 ], [ 128.119351261105521, 35.060258541085879 ], [ 128.119494038334977, 35.06017912622967 ], [ 128.119553710049729, 35.060145913288636 ], [ 128.119628126772739, 35.060113591664781 ], [ 128.119681926225297, 35.060090259650096 ], [ 128.119767965808336, 35.060054561304575 ], [ 128.119886701554407, 35.06000791496605 ], [ 128.120095059196444, 35.059927777185649 ], [ 128.120347153244921, 35.059832408726479 ], [ 128.120537706168506, 35.059753465812875 ], [ 128.120801972764411, 35.059645286711721 ], [ 128.121066806153607, 35.059538363994328 ], [ 128.121313178415591, 35.059438670644333 ], [ 128.121542669816478, 35.059344009971227 ], [ 128.121672040042967, 35.059285784758927 ], [ 128.12171960993075, 35.059255502434965 ], [ 128.121769106755551, 35.059240764040801 ], [ 128.121814944328321, 35.059235039466955 ], [ 128.121993514018612, 35.059225545221864 ], [ 128.122081078512366, 35.059233516865255 ], [ 128.122132001055832, 35.059233020713222 ], [ 128.122165065379932, 35.05923369301901 ], [ 128.122180666450731, 35.059246749248736 ], [ 128.122237781004884, 35.059261719749287 ], [ 128.122998908418225, 35.059236173857464 ], [ 128.123088718256895, 35.059214642359279 ], [ 128.1231589361403, 35.059207750818011 ], [ 128.123382759628299, 35.059135425715354 ], [ 128.123451243131996, 35.059122608701628 ], [ 128.123555589325662, 35.059120407510832 ], [ 128.124709738834184, 35.058733270675077 ] ] ] } },
{ "type": "Feature", "properties": { "fid": 407, "UserID": null, "number": "정동303", "UMD": null, "NUM": "304", "GUBUN": "농도", "Opened": "현황도로", "차선": "2", "도로폭": "3", "변경여부": "변경", "비고": "미확장-현황도로", "기존": "미확장", "기타": null, "종점": null, "기점": null, "구분": null, "정비사항": null, "연장": "0.3" }, "geometry": { "type": "MultiLineString", "coordinates": [ [ [ 128.110277193032999, 35.066451446069408 ], [ 128.110669329352675, 35.066673531369219 ], [ 128.110830779956956, 35.066761243293982 ], [ 128.110888039966966, 35.066782359622358 ], [ 128.110909810696, 35.066780455412236 ], [ 128.110954000900847, 35.066776493449872 ], [ 128.111005968968357, 35.066759738358073 ], [ 128.111085432790475, 35.066735578647979 ], [ 128.111190184916637, 35.06670901915215 ], [ 128.111229632170478, 35.066716496002307 ], [ 128.11131130203097, 35.066750511094568 ], [ 128.111441694794053, 35.066842288038728 ], [ 128.111501539810803, 35.066895020751566 ], [ 128.111588078550369, 35.066957694331649 ], [ 128.111660016206059, 35.067002134932778 ], [ 128.111736899536567, 35.067028996912818 ], [ 128.111910430774458, 35.067085094616267 ], [ 128.111977928811655, 35.067100227224799 ], [ 128.112107873043129, 35.067118689994189 ], [ 128.11217250900043, 35.067125815712963 ], [ 128.112438280026254, 35.067147836394206 ], [ 128.112564639820619, 35.067147557836272 ], [ 128.112646899660092, 35.067155082852473 ], [ 128.112891864135776, 35.06720536561896 ], [ 128.11307625287003, 35.067257215002314 ] ] ] } },
{ "type": "Feature", "properties": { "fid": 408, "UserID": null, "number": "정동304", "UMD": null, "NUM": "304", "GUBUN": "농도", "Opened": "미확장", "차선": "1", "도로폭": "2.5", "변경여부": null, "비고": null, "기존": "미확장", "기타": null, "종점": null, "기점": null, "구분": null, "정비사항": null, "연장": "0.4" }, "geometry": { "type": "MultiLineString", "coordinates": [ [ [ 128.121905941040126, 35.073243064798241 ], [ 128.121955384478412, 35.073305167827506 ], [ 128.121989411110803, 35.073382396787515 ], [ 128.121990680019906, 35.0734351149163 ], [ 128.121979408047423, 35.073517024097995 ], [ 128.121959468195342, 35.07360787320119 ], [ 128.121942835821528, 35.073675152409685 ], [ 128.121924090992394, 35.07371366959562 ], [ 128.121907908076849, 35.073741162060848 ], [ 128.121883138648798, 35.073771604018084 ], [ 128.121859613036094, 35.07380004707624 ], [ 128.121830343415724, 35.07384381354457 ], [ 128.121814733960832, 35.073874823882164 ], [ 128.121802876508667, 35.07389782941982 ], [ 128.121796459342079, 35.073926396352391 ], [ 128.121795494919155, 35.07395813453612 ], [ 128.121804810883475, 35.074057769890857 ], [ 128.121811847465921, 35.074142813741929 ], [ 128.121811958467362, 35.074189499780644 ], [ 128.121809283561845, 35.074211065977906 ], [ 128.121790453763907, 35.074254284395252 ], [ 128.121757889622245, 35.074327841377666 ], [ 128.121742152973326, 35.074368538430157 ], [ 128.121732042866086, 35.074399588579269 ], [ 128.121726047074191, 35.074430428161527 ], [ 128.121724928409179, 35.07443618205486 ], [ 128.121719521946005, 35.074484500709588 ], [ 128.121703777851081, 35.074528059886369 ], [ 128.121685054217636, 35.074564569648707 ], [ 128.121654639719225, 35.074608524267617 ], [ 128.121623383230798, 35.074669854867352 ], [ 128.121615824289734, 35.074690883616519 ], [ 128.121621070965034, 35.074714515082874 ], [ 128.12162935095887, 35.074740176418707 ], [ 128.121646116379679, 35.074772425345358 ], [ 128.121654908213458, 35.074808305443121 ], [ 128.121659516841476, 35.074834442252808 ], [ 128.12165744664901, 35.074856514890435 ], [ 128.121647331065503, 35.074888067056449 ], [ 128.121595391758746, 35.074997785245237 ], [ 128.121567171288405, 35.075061536864496 ], [ 128.121543542969249, 35.075099516906434 ], [ 128.121514467879223, 35.075132437922456 ], [ 128.121481824606008, 35.0751562969837 ], [ 128.121444302699871, 35.075179116559568 ], [ 128.121427036385484, 35.075187742198466 ], [ 128.121418926372087, 35.075203244941349 ], [ 128.121414920352606, 35.075234841346827 ], [ 128.121418162313574, 35.075274521859612 ], [ 128.121368705248756, 35.075300330294915 ], [ 128.121331299801824, 35.075358781280627 ], [ 128.121345583005706, 35.075425391547071 ], [ 128.121340357819605, 35.075462344452731 ], [ 128.12128639582977, 35.075567275556431 ], [ 128.121243777614808, 35.075803230815744 ], [ 128.121096882218751, 35.076236451126491 ], [ 128.120955758431904, 35.076672758707879 ] ] ] } },
{ "type": "Feature", "properties": { "fid": 410, "UserID": null, "number": "정동307", "UMD": null, "NUM": "307", "GUBUN": "농도", "Opened": "미개설", "차선": null, "도로폭": null, "변경여부": null, "비고": null, "기존": "미개설", "기타": null, "종점": null, "기점": "예수리 757-1", "구분": null, "정비사항": null, "연장": "0.3" }, "geometry": { "type": "MultiLineString", "coordinates": [ [ [ 128.079834389782008, 35.064115671740197 ], [ 128.079977267687156, 35.064133693191224 ], [ 128.080033692912707, 35.064137411671595 ], [ 128.080348252216169, 35.064274390205654 ], [ 128.080451392463488, 35.064372906620605 ], [ 128.080506942456509, 35.064462951413361 ], [ 128.08054377941815, 35.06449584117501 ], [ 128.08068162090737, 35.064586596883458 ], [ 128.080749847741913, 35.064642528483738 ], [ 128.080807951045841, 35.064707720980508 ], [ 128.080875949604263, 35.064786932110074 ], [ 128.080904625498761, 35.064816388854624 ], [ 128.080928249601271, 35.06483493722537 ], [ 128.080956093609046, 35.064842800811192 ], [ 128.080975741550276, 35.064847393463467 ], [ 128.081030924576936, 35.064874906160696 ], [ 128.081172508993149, 35.06496339132692 ], [ 128.081243881150726, 35.065004808074534 ], [ 128.081436778168381, 35.065100415124014 ], [ 128.081471624398489, 35.065115380095875 ], [ 128.081496824682915, 35.065125368670657 ], [ 128.081604925116721, 35.065145936600395 ], [ 128.081637094743627, 35.065163017377607 ], [ 128.081709125155328, 35.065212244355564 ], [ 128.081760553603232, 35.065241260513645 ], [ 128.08181317116933, 35.06526493177013 ], [ 128.081901710556707, 35.065302494412229 ], [ 128.081948365110406, 35.065326120405437 ], [ 128.082007876007765, 35.065362696786849 ], [ 128.082028894998928, 35.065380927759371 ], [ 128.082127179450026, 35.065479187504344 ], [ 128.082206663229357, 35.065564749177177 ], [ 128.082297734101502, 35.065638618229322 ] ] ] } },
{ "type": "Feature", "properties": { "fid": 411, "UserID": null, "number": "정동307", "UMD": null, "NUM": "307", "GUBUN": "농도", "Opened": "미확장", "차선": "1", "도로폭": "2.5", "변경여부": null, "비고": null, "기존": "미확장", "기타": null, "종점": null, "기점": "예수리 757-1", "구분": null, "정비사항": null, "연장": "0.6" }, "geometry": { "type": "MultiLineString", "coordinates": [ [ [ 128.082297734101502, 35.065638618229322 ], [ 128.082409817394534, 35.06570590447852 ], [ 128.082452604408076, 35.065739145197888 ], [ 128.082501542396955, 35.065791865158864 ], [ 128.082521369788935, 35.065816666721808 ], [ 128.082585669976055, 35.065923853177345 ], [ 128.082591902895729, 35.065933084937498 ], [ 128.082603687827771, 35.065944810370048 ], [ 128.082649456981386, 35.065980975890291 ], [ 128.08272805728069, 35.066038832685742 ], [ 128.082777239076194, 35.066069823336647 ], [ 128.082828352390806, 35.066093780201811 ], [ 128.082883696310063, 35.066107061293103 ], [ 128.082939412280865, 35.066119425820851 ], [ 128.082959749503772, 35.066129070816778 ], [ 128.083002312132948, 35.066152043505248 ], [ 128.083128011313136, 35.066227246716196 ], [ 128.083146165108957, 35.066239020314008 ], [ 128.083195250915281, 35.066275670416942 ], [ 128.083318209726855, 35.066394936695374 ], [ 128.083381274413512, 35.066450070634325 ], [ 128.083414482791028, 35.066477262705156 ], [ 128.083481357579814, 35.066521095721825 ], [ 128.083660509609416, 35.066612160697304 ], [ 128.083756074708191, 35.066657887117664 ], [ 128.08388537193116, 35.066717343510632 ], [ 128.083919363293404, 35.066738268116318 ], [ 128.083961772314808, 35.066775020631056 ], [ 128.084001759811059, 35.066825382912072 ], [ 128.084016738331911, 35.06685152658995 ], [ 128.084041157129093, 35.066865790042435 ], [ 128.084059668156101, 35.066876033946755 ], [ 128.084184814497803, 35.0669371441141 ], [ 128.084263588835228, 35.066985501228025 ], [ 128.08436592677117, 35.067055010380535 ], [ 128.084436088418499, 35.06710498775017 ], [ 128.084457458924021, 35.067125203885972 ], [ 128.084467004656489, 35.067137218662218 ], [ 128.084476133820289, 35.067154133519068 ], [ 128.084482342375878, 35.06716459080603 ], [ 128.08448703691829, 35.067178092152908 ], [ 128.084493187219664, 35.067193758681313 ], [ 128.084497517630439, 35.067206491145264 ], [ 128.084501000864208, 35.067227338180174 ], [ 128.084499171776912, 35.067258555407136 ], [ 128.084494707387421, 35.067291131745392 ], [ 128.084478493042241, 35.06734214156949 ], [ 128.084458161319105, 35.067362348888018 ], [ 128.084454956053435, 35.067377421918607 ], [ 128.084450686253177, 35.067397498290994 ], [ 128.084460078680252, 35.067424203572763 ], [ 128.084479036664675, 35.0674601747249 ], [ 128.084515673301269, 35.067514179913395 ], [ 128.084576688069603, 35.06761552690589 ], [ 128.084597428214011, 35.067659776698186 ], [ 128.084614056057404, 35.067704139615643 ], [ 128.084629343867306, 35.067769322116511 ], [ 128.084631571153096, 35.067803472283103 ], [ 128.084639814811482, 35.067898606781483 ], [ 128.084640649698827, 35.067990611746616 ], [ 128.084635867180111, 35.068016344594525 ], [ 128.084633907965753, 35.068026848295283 ], [ 128.084639939313234, 35.068054141060024 ], [ 128.084668431161134, 35.068100279127613 ], [ 128.084723426114579, 35.068174333365739 ], [ 128.084792377034262, 35.068235631084505 ], [ 128.084838421889032, 35.068280675957041 ], [ 128.084898891732479, 35.068331805626073 ], [ 128.08491108411917, 35.068344408203195 ], [ 128.084926495344774, 35.068360333965586 ], [ 128.084973154489973, 35.068330878427055 ], [ 128.085085548574739, 35.068165892233822 ], [ 128.085096926033458, 35.067983492800529 ], [ 128.085200117438148, 35.067764510108908 ], [ 128.085260084365558, 35.067690668602289 ], [ 128.085792543910969, 35.067340918145192 ] ] ] } },
{ "type": "Feature", "properties": { "fid": 412, "UserID": null, "number": "사남101", "UMD": null, "NUM": "101", "GUBUN": "면도", "Opened": "현황도로", "차선": "2", "도로폭": "8", "변경여부": null, "비고": null, "기존": "현황도로", "기타": null, "종점": null, "기점": null, "구분": null, "정비사항": null, "연장": "1.7" }, "geometry": { "type": "MultiLineString", "coordinates": [ [ [ 128.076487047957926, 35.055827794333219 ], [ 128.076574953549624, 35.05580611298511 ], [ 128.076867744116072, 35.055732753319987 ], [ 128.077228791949864, 35.055631910456249 ], [ 128.078465696592133, 35.055288585795978 ], [ 128.080379953768414, 35.054755649467829 ], [ 128.084112405299351, 35.053714257753427 ], [ 128.085289326556676, 35.053385247892493 ], [ 128.086304420844129, 35.053101266295627 ], [ 128.089805340222995, 35.052120953915164 ], [ 128.09145833543613, 35.05165884630793 ], [ 128.092807745892344, 35.051282066938967 ], [ 128.093493771468559, 35.051091612077428 ], [ 128.093900957393032, 35.050990736112475 ], [ 128.094442032571493, 35.050852554472705 ] ] ] } },
{ "type": "Feature", "properties": { "fid": 414, "UserID": null, "number": "사남203", "UMD": null, "NUM": "203", "GUBUN": "리도", "Opened": "미확장", "차선": "1", "도로폭": "3", "변경여부": null, "비고": null, "기존": "미확장", "기타": null, "종점": null, "기점": null, "구분": null, "정비사항": null, "연장": "0.4" }, "geometry": { "type": "MultiLineString", "coordinates": [ [ [ 128.050401710383511, 35.052643026591696 ], [ 128.052857977648273, 35.054108624535139 ], [ 128.053129698061213, 35.054953429673212 ] ] ] } },
{ "type": "Feature", "properties": { "fid": 417, "UserID": null, "number": "사남203", "UMD": null, "NUM": "203", "GUBUN": "리도", "Opened": "현황도로", "차선": "1", "도로폭": "5", "변경여부": "변경", "비고": "미확장-현황도로", "기존": "미확장", "기타": null, "종점": null, "기점": null, "구분": null, "정비사항": null, "연장": "0.2" }, "geometry": { "type": "MultiLineString", "coordinates": [ [ [ 128.053129698061213, 35.054953429673212 ], [ 128.053631446078242, 35.056513364270351 ] ] ] } },
{ "type": "Feature", "properties": { "fid": 419, "UserID": null, "number": "사남302", "UMD": null, "NUM": "302", "GUBUN": "농도", "Opened": "미개설", "차선": null, "도로폭": null, "변경여부": null, "비고": null, "기존": "미개설", "기타": null, "종점": null, "기점": null, "구분": null, "정비사항": null, "연장": "0.1" }, "geometry": { "type": "MultiLineString", "coordinates": [ [ [ 128.062447592987041, 35.047238668698867 ], [ 128.062949014600036, 35.047728065199415 ], [ 128.063371553835452, 35.047962402786482 ] ] ] } },
{ "type": "Feature", "properties": { "fid": 421, "UserID": null, "number": "사남304", "UMD": null, "NUM": "304", "GUBUN": "농도", "Opened": "미확장", "차선": "1", "도로폭": "2.5", "변경여부": null, "비고": null, "기존": "미확장", "기타": null, "종점": null, "기점": null, "구분": null, "정비사항": null, "연장": "0.1" }, "geometry": { "type": "MultiLineString", "coordinates": [ [ [ 128.122714143819934, 35.035077255571444 ], [ 128.123050403944319, 35.035129341080129 ], [ 128.123260181602944, 35.034827262266639 ], [ 128.123499400340847, 35.03422477359404 ] ] ] } },
{ "type": "Feature", "properties": { "fid": 423, "UserID": null, "number": "사남308", "UMD": null, "NUM": "308", "GUBUN": "농도", "Opened": "미확장", "차선": "1", "도로폭": "2.5", "변경여부": null, "비고": null, "기존": "미확장", "기타": null, "종점": null, "기점": null, "구분": null, "정비사항": null, "연장": "1.9" }, "geometry": { "type": "MultiLineString", "coordinates": [ [ [ 128.09685255344283, 35.046110097461494 ], [ 128.096742644607701, 35.046003957160124 ], [ 128.096645743536584, 35.045923836110823 ], [ 128.096603859966137, 35.045887578585948 ], [ 128.096541734273359, 35.045837334609722 ], [ 128.096480755523714, 35.045785458730194 ], [ 128.096452421698217, 35.045764814163803 ], [ 128.096433521645281, 35.04574640315974 ], [ 128.096410863885126, 35.04570897303001 ], [ 128.096379275300364, 35.045652530249413 ], [ 128.096342971067031, 35.045569526042712 ], [ 128.096291914885398, 35.045462679664269 ], [ 128.096258394485375, 35.045383662066044 ], [ 128.096217066843309, 35.045302017408744 ], [ 128.096132420563606, 35.045152323328111 ], [ 128.096122498281375, 35.045134772437414 ], [ 128.096093993454616, 35.045074026190512 ], [ 128.096026293692631, 35.044897310325297 ], [ 128.095980614997899, 35.04470347118697 ], [ 128.095971199460251, 35.044643976008118 ], [ 128.09595042152614, 35.044534561304957 ], [ 128.095904755312461, 35.044333664781846 ], [ 128.095894265250564, 35.044271241254165 ], [ 128.095810048478114, 35.043863300069205 ], [ 128.095777472340359, 35.043718681307062 ], [ 128.095716243734017, 35.04335002048434 ], [ 128.095687893857189, 35.043196870568295 ], [ 128.095663514383489, 35.043079199734265 ], [ 128.095645605943758, 35.042985913211005 ], [ 128.095627437600342, 35.042897311678573 ], [ 128.095622554834534, 35.042866062041746 ], [ 128.095619654574335, 35.042852790784856 ], [ 128.095617722706777, 35.042830224994326 ], [ 128.095604161798718, 35.042796828487255 ], [ 128.095581304026439, 35.042737908906375 ], [ 128.095539122185642, 35.042638218966914 ], [ 128.095515766352548, 35.04258302113 ], [ 128.095461310486911, 35.042468694959844 ], [ 128.095408508351937, 35.042342573641818 ], [ 128.095393774384149, 35.042297315811986 ], [ 128.095374042370395, 35.042231262941328 ], [ 128.095367863233605, 35.042199318597469 ], [ 128.095361513141597, 35.042144145606422 ], [ 128.095360178606114, 35.042107189970928 ], [ 128.09536519749912, 35.042046684863514 ], [ 128.095422442346404, 35.041672076366822 ], [ 128.095431293827403, 35.041618801527498 ], [ 128.095442198687749, 35.041578070559616 ], [ 128.095450508946584, 35.041535102935548 ], [ 128.095470907110979, 35.041381956386729 ], [ 128.095474348446913, 35.041307486839365 ], [ 128.09548094781826, 35.04122193643768 ], [ 128.095500270420303, 35.041049060658672 ], [ 128.095516929148971, 35.040959646529316 ], [ 128.095541305715187, 35.040801491199538 ], [ 128.095558427067772, 35.040748593552451 ], [ 128.095573939337811, 35.040684597481508 ], [ 128.095567691191945, 35.040492098004279 ], [ 128.095564763898295, 35.04047135448107 ], [ 128.095556113216929, 35.040445890303957 ], [ 128.095548037272579, 35.040427929515957 ], [ 128.095537554704407, 35.040391698745879 ], [ 128.095534397471056, 35.040362994725747 ], [ 128.095538227674638, 35.04033072852512 ], [ 128.095546426328013, 35.040297854992119 ], [ 128.095567608394134, 35.040232504179649 ], [ 128.095592465238809, 35.040149956303672 ], [ 128.095611315410224, 35.040078422947467 ], [ 128.095638049411519, 35.039943945190927 ], [ 128.095663093461894, 35.039843426091295 ], [ 128.095679336298986, 35.039713205419268 ], [ 128.095698081665972, 35.039513113973882 ], [ 128.095698917485038, 35.039447304793818 ], [ 128.095714156056744, 35.039308766310192 ], [ 128.095729450022588, 35.039254584101023 ], [ 128.095751495941556, 35.039199298579881 ], [ 128.095775940067114, 35.039123318294351 ], [ 128.095791122178127, 35.039079266236818 ], [ 128.095800770692193, 35.039033162900125 ], [ 128.095798858279551, 35.038970100297362 ], [ 128.095788411771139, 35.038930606980209 ], [ 128.09578561821445, 35.038907674213164 ], [ 128.09578116526265, 35.038877211932757 ], [ 128.095781553101887, 35.038842062792149 ], [ 128.095788455441351, 35.038808458489854 ], [ 128.095802371436292, 35.038769895117042 ], [ 128.09585752986456, 35.038662444122416 ], [ 128.095866949684506, 35.038637060744968 ], [ 128.095878901251496, 35.038579870147686 ], [ 128.095886574829592, 35.038515094440356 ], [ 128.095892446008747, 35.038417009990958 ], [ 128.095883362784861, 35.038372154900301 ], [ 128.095872842168006, 35.038341367923408 ], [ 128.095838686500002, 35.038298362722678 ], [ 128.09576303996289, 35.03823156807033 ], [ 128.095711005550015, 35.038193972590825 ], [ 128.09559578670607, 35.038123204998072 ], [ 128.095547757982757, 35.038092056853543 ], [ 128.095507630253735, 35.038064915524672 ], [ 128.095493980110035, 35.038039675395474 ], [ 128.095489448224043, 35.038016378119984 ], [ 128.095502190047654, 35.037967035064526 ], [ 128.095514719069172, 35.03793597849252 ], [ 128.095528026821825, 35.037912805395216 ], [ 128.095542061004778, 35.037903247868591 ], [ 128.095587103316888, 35.037884250516548 ], [ 128.09564774435438, 35.037871814133226 ], [ 128.095700033462123, 35.03786644493141 ], [ 128.095760587556072, 35.037861885504938 ], [ 128.09582956297146, 35.037859858556921 ], [ 128.095912899699726, 35.037845437237607 ], [ 128.095951418820363, 35.037825679013729 ], [ 128.09599783209984, 35.037800607731363 ], [ 128.096009999826236, 35.037793343638334 ], [ 128.096042311043703, 35.037774052822371 ], [ 128.096076276847555, 35.03775279140747 ], [ 128.096126944596676, 35.037697683302184 ], [ 128.09616726150395, 35.037633151112793 ], [ 128.09619356708393, 35.037577104096499 ], [ 128.096222773685639, 35.037533255744698 ], [ 128.096265191743555, 35.037475931843986 ], [ 128.096274293445049, 35.037459496306333 ], [ 128.096318635443453, 35.037425459194559 ], [ 128.096398250929894, 35.037369809778021 ], [ 128.096439569616535, 35.037352541932719 ], [ 128.096524014745768, 35.037313071354461 ], [ 128.096680192663001, 35.03718242481461 ], [ 128.09672378226216, 35.037117195764218 ], [ 128.09681438956477, 35.03695308930935 ], [ 128.096852617871605, 35.036899997269316 ], [ 128.096862701715423, 35.03689287077971 ], [ 128.09690175583691, 35.036865274622819 ], [ 128.097019467868535, 35.036769384766039 ], [ 128.097085120619823, 35.036696847959881 ], [ 128.097174031168322, 35.036587178199127 ], [ 128.097225901407086, 35.036521262557827 ], [ 128.097292874028795, 35.03644725727986 ], [ 128.097361010913232, 35.036347130943525 ], [ 128.097377043586988, 35.036314279571947 ], [ 128.097420586561441, 35.03613477868435 ], [ 128.097447163991347, 35.036052928182464 ], [ 128.097476100981652, 35.035934933698641 ], [ 128.097560064011986, 35.035780827019011 ], [ 128.097616078497737, 35.035674850691699 ], [ 128.097701465176527, 35.035529740816514 ], [ 128.097747380829219, 35.035391430430387 ], [ 128.097829324620534, 35.035262374629227 ], [ 128.097873041138996, 35.035205348223712 ], [ 128.098026270551173, 35.035045321421983 ], [ 128.098145211634773, 35.034896134611301 ], [ 128.098193723620682, 35.034838467780176 ], [ 128.098243096473709, 35.034782231445639 ], [ 128.098291596523268, 35.034725637073109 ], [ 128.09834405043182, 35.034666241914429 ], [ 128.098404898341528, 35.034574974897531 ], [ 128.0984204841061, 35.034542832101536 ], [ 128.098447783029144, 35.034474948397573 ], [ 128.098478944176748, 35.034400639866917 ], [ 128.098520834431184, 35.034289384314505 ], [ 128.098538495569983, 35.034220978203912 ], [ 128.098547205895159, 35.034181267094752 ], [ 128.098577130905483, 35.034091797891726 ], [ 128.098590283081393, 35.034063701984806 ], [ 128.098602039078116, 35.034042986636884 ], [ 128.098638732696628, 35.033991703267994 ], [ 128.098689894584993, 35.033932145107528 ], [ 128.098750830319858, 35.033865692311238 ], [ 128.098805115233972, 35.033803137858861 ], [ 128.09884256832288, 35.033761495347647 ], [ 128.098874378849871, 35.033718765306325 ], [ 128.098914255430458, 35.033660015427586 ], [ 128.098962052230121, 35.033582558638997 ], [ 128.098996063590846, 35.033536987698675 ], [ 128.099014157167403, 35.033514922370117 ], [ 128.099043059409553, 35.033478552106978 ], [ 128.099081392382942, 35.033436591580355 ], [ 128.099103695889198, 35.033407364887807 ], [ 128.099169268112234, 35.033301855433372 ], [ 128.09920862192476, 35.033225822964845 ], [ 128.09926761146582, 35.033125978974773 ], [ 128.099324813097354, 35.033041237056196 ], [ 128.099344393520397, 35.033010493855265 ], [ 128.099430141924046, 35.032890766950032 ], [ 128.099484023981148, 35.032819889854267 ], [ 128.099510105917858, 35.032782849547772 ], [ 128.099527581751772, 35.032757138150814 ], [ 128.099572014296683, 35.032714501726261 ], [ 128.099607171550076, 35.032683261339834 ], [ 128.099629583321132, 35.032664094252524 ], [ 128.099714485745608, 35.032602361785713 ], [ 128.099759251405288, 35.032568290452701 ], [ 128.099817027875417, 35.032518929977769 ], [ 128.099848711606484, 35.032487654697015 ], [ 128.099883700978069, 35.032451726035674 ], [ 128.099931348217183, 35.032393727560645 ], [ 128.099960351485123, 35.032348083073842 ], [ 128.099981142705218, 35.032317808439579 ], [ 128.100020816645156, 35.032232467267647 ], [ 128.100039149815615, 35.032188528142456 ], [ 128.100057905843784, 35.032144997756035 ], [ 128.100078416709692, 35.032100326691449 ], [ 128.10010781535351, 35.032038614288723 ], [ 128.100149151651124, 35.031980496738747 ], [ 128.100177405675652, 35.031944184467186 ], [ 128.100210447855488, 35.031907916762741 ], [ 128.100238846673591, 35.031878374582092 ], [ 128.10028383914883, 35.031823583024547 ], [ 128.100326959520999, 35.031766632368608 ], [ 128.10037626442741, 35.031708294495445 ], [ 128.100405194268006, 35.031675286074559 ], [ 128.100442713093543, 35.031628487889044 ], [ 128.100477565792175, 35.031583986329224 ], [ 128.100517764292988, 35.031522660456083 ], [ 128.100652766640877, 35.031321934715741 ], [ 128.10068594371711, 35.031268335189097 ], [ 128.100720093555594, 35.031214959193484 ], [ 128.100756666706758, 35.031174418168817 ], [ 128.100853430772958, 35.031082028346148 ], [ 128.100913304743074, 35.031020109255586 ], [ 128.100943336343221, 35.030980520110269 ], [ 128.10102285355353, 35.030939964173662 ], [ 128.10106843493233, 35.030903320569166 ], [ 128.101119366849787, 35.030859397796711 ], [ 128.101149134279865, 35.030831893552325 ], [ 128.101186591613043, 35.030790628870164 ], [ 128.10123183511655, 35.03074780854481 ], [ 128.101264236610973, 35.030709922394898 ], [ 128.101284857983046, 35.030675067475855 ] ] ] } },
{ "type": "Feature", "properties": { "fid": 424, "UserID": null, "number": "사남309", "UMD": null, "NUM": "309", "GUBUN": "농도", "Opened": "미개설", "차선": null, "도로폭": null, "변경여부": null, "비고": null, "기존": "미개설", "기타": null, "종점": null, "기점": null, "구분": null, "정비사항": null, "연장": "0.5" }, "geometry": { "type": "MultiLineString", "coordinates": [ [ [ 128.099927615806564, 35.052072993233665 ], [ 128.100207080926197, 35.052265375274018 ], [ 128.100405806244595, 35.052380867529173 ], [ 128.101364463663856, 35.052499827446141 ], [ 128.102188647538213, 35.052954621011303 ], [ 128.104023045350687, 35.053366323519128 ], [ 128.105524440235371, 35.05332986277746 ] ] ] } },
{ "type": "Feature", "properties": { "fid": 425, "UserID": null, "number": "사남309", "UMD": null, "NUM": "309", "GUBUN": "농도", "Opened": "미확장", "차선": "1", "도로폭": "2.5", "변경여부": null, "비고": null, "기존": "미확장", "기타": null, "종점": null, "기점": null, "구분": null, "정비사항": null, "연장": "0.6" }, "geometry": { "type": "MultiLineString", "coordinates": [ [ [ 128.094607384769375, 35.051875002846273 ], [ 128.094637855841171, 35.051894548803631 ], [ 128.09469912532299, 35.051898855844804 ], [ 128.094768361317279, 35.051895591180063 ], [ 128.095030673313914, 35.051878217558567 ], [ 128.095521947970752, 35.051829002489882 ], [ 128.096360512784258, 35.051755744243998 ], [ 128.096544595075301, 35.051735681865736 ], [ 128.096923802185501, 35.051700685746766 ], [ 128.097145600821506, 35.051677062710667 ], [ 128.097219813772597, 35.051666065686902 ], [ 128.097338265294098, 35.051632219328184 ], [ 128.097433235544429, 35.051592328740391 ], [ 128.097536491634912, 35.051540191596118 ], [ 128.098649367985047, 35.050916803067928 ], [ 128.098719619348287, 35.050993788407524 ], [ 128.098701482592389, 35.051049150280591 ], [ 128.098765857954817, 35.051157237460508 ], [ 128.098827396847014, 35.051210152700122 ], [ 128.09894547678465, 35.051412624151212 ], [ 128.099453161299124, 35.051730584649349 ], [ 128.099459241171218, 35.051732337882463 ], [ 128.099806926386123, 35.05183259811146 ], [ 128.099894721615726, 35.051966346184741 ], [ 128.099927615806564, 35.052072993233665 ] ] ] } },
{ "type": "Feature", "properties": { "fid": 426, "UserID": null, "number": "사남310", "UMD": null, "NUM": "310", "GUBUN": "농도", "Opened": "미확장", "차선": "1", "도로폭": "2.5", "변경여부": null, "비고": null, "기존": "미확장", "기타": null, "종점": null, "기점": null, "구분": null, "정비사항": null, "연장": "1.8" }, "geometry": { "type": "MultiLineString", "coordinates": [ [ [ 128.126210750702285, 35.029501511720561 ], [ 128.126416417265659, 35.029338842928645 ], [ 128.126466386806072, 35.029297266598718 ], [ 128.126705859239706, 35.029106084496597 ], [ 128.126957072216015, 35.028906599184602 ], [ 128.12702372638563, 35.028875285673024 ], [ 128.127077576331743, 35.028843018189832 ], [ 128.127211035930969, 35.028781724262231 ], [ 128.127244551550632, 35.028767679489938 ], [ 128.127293530764746, 35.028752385076977 ], [ 128.127429936711167, 35.02872721073139 ], [ 128.127556623873858, 35.028706085362465 ], [ 128.127699258017856, 35.028713448812383 ], [ 128.127732918485606, 35.028712555474634 ], [ 128.127768555589, 35.028707142625805 ], [ 128.127808131475774, 35.028694051678443 ], [ 128.127835922078702, 35.028674296108044 ], [ 128.127898289492066, 35.028602529827097 ], [ 128.12793543363955, 35.028569781168123 ], [ 128.127961784185459, 35.028552511910007 ], [ 128.12798395867398, 35.028543595036282 ], [ 128.128064389894661, 35.028533087456353 ], [ 128.128162097472369, 35.028533240793507 ], [ 128.128279750276221, 35.028540387734772 ], [ 128.128393145731764, 35.028544989199553 ], [ 128.128455555194165, 35.028543419171719 ], [ 128.128526487045434, 35.028533852448213 ], [ 128.12858525189344, 35.028514355554478 ], [ 128.128688917661293, 35.028468375749156 ], [ 128.128808725817436, 35.028417058833071 ], [ 128.129042033071926, 35.028297699191562 ], [ 128.129023164182485, 35.02807885077938 ] ], [ [ 128.129026072875092, 35.028067119731894 ], [ 128.128999900675979, 35.027872660639105 ], [ 128.128993411384272, 35.027758585388789 ], [ 128.128990027445496, 35.027593853082848 ], [ 128.12900681981057, 35.027463052075767 ], [ 128.129023410217542, 35.027351254379113 ], [ 128.129059885230248, 35.02730083720779 ], [ 128.129124326922806, 35.027275960745094 ], [ 128.129211668816225, 35.027270253609835 ], [ 128.129334723045673, 35.027285919466912 ], [ 128.130265365664968, 35.027400297498723 ], [ 128.130413954981606, 35.027428815415796 ], [ 128.130601048008259, 35.027457609456718 ], [ 128.130864767846418, 35.027522850834629 ], [ 128.130992643264193, 35.027568112577086 ], [ 128.131082283711464, 35.027587760277832 ], [ 128.131241499345094, 35.027582567136918 ], [ 128.13151881524908, 35.027576108787812 ], [ 128.131803720046577, 35.027580262393421 ], [ 128.132008670555024, 35.027619740441587 ], [ 128.132437054548859, 35.027650260104771 ], [ 128.13279892245933, 35.027659185751254 ], [ 128.133173736682465, 35.027657644739186 ], [ 128.133348085998989, 35.027677896809386 ], [ 128.133675892544204, 35.027752037076958 ], [ 128.134283627863454, 35.027815507191654 ], [ 128.13458862332584, 35.027862030658163 ], [ 128.134806744870133, 35.027869923447355 ], [ 128.135030557293902, 35.02782506542826 ], [ 128.135313185925526, 35.027801743204897 ], [ 128.135487758816708, 35.027800877382219 ], [ 128.13562148361396, 35.027778603462053 ], [ 128.135716904900136, 35.02773705137318 ], [ 128.135913148096932, 35.027628645780354 ], [ 128.135980399767817, 35.027580557641528 ], [ 128.136226859692613, 35.027335252901828 ], [ 128.136354284249052, 35.027179899781423 ], [ 128.136419101851089, 35.027119124185859 ], [ 128.136558759720288, 35.027020872383297 ], [ 128.136670314837147, 35.026909750308533 ], [ 128.136735665622382, 35.026798298916432 ], [ 128.136886501571922, 35.026613549023693 ], [ 128.136935828115469, 35.026561109351199 ], [ 128.13696196374741, 35.026516951032519 ], [ 128.136967675449142, 35.026462089009158 ], [ 128.136959163982596, 35.026295208603209 ], [ 128.136979799447374, 35.026041958459743 ], [ 128.137026558715519, 35.025989500455211 ], [ 128.137186993266369, 35.025868167805953 ], [ 128.137352383316795, 35.025763763366562 ], [ 128.137463358041799, 35.025707539106392 ], [ 128.137571410366178, 35.025685080229984 ], [ 128.137666495097022, 35.02567519881913 ], [ 128.137810194623768, 35.025680444804287 ], [ 128.138007576149874, 35.025707188994645 ], [ 128.138207546865374, 35.025731839638659 ], [ 128.13834334623283, 35.025756033587626 ], [ 128.138404551413686, 35.025794478438002 ], [ 128.138448864953915, 35.025852591110585 ], [ 128.138454623810674, 35.025915198176911 ], [ 128.13843862349384, 35.025972098762253 ], [ 128.138401600008393, 35.026075305989053 ], [ 128.138259674287156, 35.026633881993128 ], [ 128.138225705468187, 35.02669065473544 ], [ 128.138074805749994, 35.026881740786841 ], [ 128.138009412294053, 35.026997415893639 ], [ 128.138005579874175, 35.027117752260317 ], [ 128.138056052064201, 35.027200465416179 ], [ 128.138168307697612, 35.027266724923379 ], [ 128.138278196363387, 35.027313962708114 ], [ 128.138390984953759, 35.027329546377267 ], [ 128.138577111187232, 35.02729098975378 ], [ 128.138728985766733, 35.027248742971999 ], [ 128.13888383904802, 35.027236304166379 ], [ 128.13901545115047, 35.027242655362102 ], [ 128.13914011018133, 35.027284159824582 ], [ 128.139204340219862, 35.027369114271778 ], [ 128.139277849481374, 35.02745832553083 ], [ 128.139368728787787, 35.027604674492409 ], [ 128.139466865876841, 35.027793307790738 ], [ 128.139555378420397, 35.027920635014716 ], [ 128.139581474928605, 35.027960072559004 ] ] ] } },
{ "type": "Feature", "properties": { "fid": 427, "UserID": null, "number": "사남312", "UMD": null, "NUM": "312", "GUBUN": "농도", "Opened": "미확장", "차선": "1", "도로폭": "2.5", "변경여부": null, "비고": null, "기존": "미확장", "기타": null, "종점": null, "기점": null, "구분": null, "정비사항": null, "연장": "0.1" }, "geometry": { "type": "MultiLineString", "coordinates": [ [ [ 128.146825039905707, 35.002625361122689 ], [ 128.146892318809506, 35.002731940939029 ], [ 128.147053498057971, 35.002974401230283 ], [ 128.147238694362727, 35.003313180544865 ] ] ] } },
{ "type": "Feature", "properties": { "fid": 432, "UserID": null, "number": "용현102", "UMD": null, "NUM": "102", "GUBUN": "면도", "Opened": "미확장", "차선": "1", "도로폭": "4", "변경여부": null, "비고": null, "기존": "미확장", "기타": null, "종점": null, "기점": "구월리 318", "구분": null, "정비사항": null, "연장": "1.1" }, "geometry": { "type": "MultiLineString", "coordinates": [ [ [ 128.059831060896101, 35.034835161272902 ], [ 128.059776272677311, 35.034793752558066 ], [ 128.059737624662091, 35.03476489844229 ], [ 128.059710230319439, 35.034751382185384 ], [ 128.059671437592385, 35.034736100980759 ], [ 128.059575541506803, 35.034710245573393 ], [ 128.059452640156564, 35.034678997794629 ], [ 128.05928734437552, 35.034637902671356 ], [ 128.058977027552629, 35.034559420472796 ], [ 128.058875208477332, 35.034535988159796 ], [ 128.058673067672771, 35.034486620196773 ], [ 128.058491967711717, 35.034445788777326 ], [ 128.058352334826026, 35.034421958102854 ], [ 128.058074498289642, 35.034370268125912 ], [ 128.057831563429659, 35.034324174765644 ], [ 128.057692648519804, 35.034298062996513 ], [ 128.057607282559076, 35.034288877693491 ], [ 128.057484975010823, 35.034282600464152 ], [ 128.057448754339504, 35.034279123188483 ] ], [ [ 128.061929050045734, 35.041940508622538 ], [ 128.061043939570055, 35.038155489166499 ], [ 128.060395464617613, 35.03521786977263 ], [ 128.06001287553957, 35.035030741915165 ], [ 128.059890909092559, 35.034941606210012 ], [ 128.059844740431032, 35.034842683360125 ] ] ] } },
{ "type": "Feature", "properties": { "fid": 433, "UserID": null, "number": "용현202", "UMD": null, "NUM": "202", "GUBUN": "리도", "Opened": "현황도로", "차선": "1", "도로폭": "6", "변경여부": null, "비고": null, "기존": "현황도로", "기타": "기점 지번 변경", "종점": "통양리 105-3", "기점": "신복리 442-11", "구분": null, "정비사항": null, "연장": "1.7" }, "geometry": { "type": "MultiLineString", "coordinates": [ [ [ 128.055160280390737, 35.036993682888522 ], [ 128.055209213686709, 35.036965566541753 ], [ 128.055335692481975, 35.036892905028978 ], [ 128.056786201065222, 35.036040938237328 ], [ 128.056981736267858, 35.035920789636265 ], [ 128.057399111014149, 35.03569048457728 ], [ 128.057751998991336, 35.035513017344435 ], [ 128.05794848598498, 35.03543186615294 ], [ 128.058299930285017, 35.035306410927888 ], [ 128.058958382556767, 35.035106753488037 ], [ 128.059693991880891, 35.034869664101748 ], [ 128.059831060896101, 35.034835161272902 ], [ 128.059913739742115, 35.03481434211642 ], [ 128.060617735073777, 35.034674237443504 ], [ 128.061417792412584, 35.03449843202489 ], [ 128.061491629263315, 35.034482212187662 ], [ 128.06252498786526, 35.034290073732848 ] ], [ [ 128.062547585616358, 35.034285965119487 ], [ 128.062826053527601, 35.034235625854322 ], [ 128.063611593498479, 35.034126941977192 ], [ 128.064551433676314, 35.034029917911013 ], [ 128.064896303118729, 35.033994309559311 ], [ 128.06492075404978, 35.033992127766858 ], [ 128.065279268199305, 35.033960192906633 ], [ 128.065300445171431, 35.033956823060549 ], [ 128.065656066320884, 35.033916211975011 ], [ 128.065607462867632, 35.03474609035311 ], [ 128.065900673614721, 35.034758860854666 ], [ 128.065933168369753, 35.034758588607609 ], [ 128.066110886813959, 35.034757092377518 ], [ 128.066356038926983, 35.034764633146743 ], [ 128.06635654286643, 35.03476464604347 ], [ 128.066641833134554, 35.034769521141058 ], [ 128.066941519888502, 35.034774650653425 ], [ 128.067493138027061, 35.034863785048429 ], [ 128.067646438972474, 35.034913555697749 ], [ 128.067773806501123, 35.034948434896393 ], [ 128.067885041044974, 35.034952679742496 ], [ 128.068017004051399, 35.034945790245935 ], [ 128.068093962152631, 35.034944119872286 ], [ 128.068148990906963, 35.034937765110236 ], [ 128.068194437625351, 35.034927938605186 ], [ 128.068221637549897, 35.034925912491516 ], [ 128.068235687177634, 35.034924866837322 ], [ 128.068392715065443, 35.034888786256204 ], [ 128.068525949262778, 35.034853919606761 ], [ 128.068724849304715, 35.034797556048105 ], [ 128.068897076956574, 35.034753677943591 ], [ 128.069016233212579, 35.03472521018017 ], [ 128.069069930566457, 35.034715455757379 ], [ 128.069112523974013, 35.034714656360585 ], [ 128.069153734906848, 35.034714972992887 ], [ 128.069229337836447, 35.034711029140517 ], [ 128.069319959282012, 35.034716249987845 ], [ 128.069398274049945, 35.034715715871883 ], [ 128.069477984077821, 35.034712939090106 ], [ 128.06959063936273, 35.034712677606201 ], [ 128.069693646612563, 35.034715721931953 ], [ 128.069764783183757, 35.034742262571399 ], [ 128.06982862634851, 35.034806035303269 ], [ 128.069899492035091, 35.034857423523704 ], [ 128.069981503781861, 35.034894214555663 ], [ 128.070082771631974, 35.034928890987729 ], [ 128.070372604199378, 35.034993262106553 ], [ 128.070552812946374, 35.035100767619092 ], [ 128.071013359534135, 35.035339944249564 ], [ 128.071217598315485, 35.035449697087799 ], [ 128.071287482507472, 35.035487250537116 ], [ 128.071317316314662, 35.035506172863563 ], [ 128.071335682259843, 35.035517823659731 ], [ 128.071393881077483, 35.035554737664796 ], [ 128.071577689308754, 35.035716195983973 ] ] ] } },
{ "type": "Feature", "properties": { "fid": 434, "UserID": null, "number": "용현302", "UMD": null, "NUM": "302", "GUBUN": "농도", "Opened": "미개설", "차선": null, "도로폭": null, "변경여부": null, "비고": null, "기존": "미개설", "기타": "용현204와 종점부 겹침, 노선단축", "종점": null, "기점": null, "구분": null, "정비사항": null, "연장": "0.5" }, "geometry": { "type": "MultiLineString", "coordinates": [ [ [ 128.084667158616099, 35.007661898738704 ], [ 128.084334472062267, 35.007711444818177 ], [ 128.083986056192771, 35.007749211008132 ], [ 128.083626601667561, 35.007743698385397 ], [ 128.082878210627513, 35.007667514530361 ], [ 128.082701768567148, 35.007666510130321 ], [ 128.081263108991095, 35.007311923058637 ], [ 128.079637093495705, 35.007057307150014 ], [ 128.079352186459772, 35.007340429498484 ] ] ] } },
{ "type": "Feature", "properties": { "fid": 437, "UserID": null, "number": "축동103", "UMD": null, "NUM": "103", "GUBUN": "면도", "Opened": "현황도로", "차선": "2", "도로폭": "6~8", "변경여부": null, "비고": null, "기존": "현황도로", "기타": null, "종점": null, "기점": null, "구분": null, "정비사항": null, "연장": "3.1" }, "geometry": { "type": "MultiLineString", "coordinates": [ [ [ 128.069512093905018, 35.10120323851546 ], [ 128.06968471861606, 35.101348039790089 ], [ 128.070098343471756, 35.101162964636018 ], [ 128.07188782664582, 35.099060770941406 ], [ 128.072306817899744, 35.098638393103762 ], [ 128.072628593330307, 35.098572745678702 ], [ 128.0750644271113, 35.098826795734887 ], [ 128.076726905644506, 35.099670320041014 ], [ 128.077144406255854, 35.099781746113507 ], [ 128.07781023698675, 35.099730472169959 ], [ 128.085720782138026, 35.097932863165475 ], [ 128.086521864624217, 35.097838462997608 ], [ 128.087103520401854, 35.097843715467519 ], [ 128.087463119712112, 35.097910269046849 ], [ 128.088170870994787, 35.098299912243128 ], [ 128.091754624888523, 35.098998622816346 ], [ 128.091854764903331, 35.099186123185966 ], [ 128.091089916284687, 35.100494499110773 ], [ 128.090728663621519, 35.10109920457289 ], [ 128.090634080307069, 35.101319074197988 ], [ 128.090590171630367, 35.10148500248151 ], [ 128.090558169960133, 35.101660896921331 ], [ 128.090497835326858, 35.101862916393827 ], [ 128.09046978405982, 35.102043778838116 ], [ 128.090488624775048, 35.10269084554978 ], [ 128.090469024138457, 35.102832264585494 ], [ 128.090437918944986, 35.102927505814442 ], [ 128.090386308766284, 35.103065392065275 ], [ 128.09034057884233, 35.103214845317233 ], [ 128.090222671681545, 35.103370340573953 ], [ 128.090042381432596, 35.103551704682403 ], [ 128.089777070914607, 35.103813089080845 ], [ 128.089463744093337, 35.104069173338587 ], [ 128.089095068711288, 35.104429513202263 ], [ 128.088322379049544, 35.105112452484413 ], [ 128.088024533619773, 35.10541638693855 ] ] ] } },
{ "type": "Feature", "properties": { "fid": 439, "UserID": null, "number": "축동301", "UMD": null, "NUM": "301", "GUBUN": "농도", "Opened": "현황도로", "차선": "1", "도로폭": "4", "변경여부": "변경", "비고": "미확장-현황도로", "기존": "미확장", "기타": null, "종점": null, "기점": null, "구분": null, "정비사항": null, "연장": "0.7" }, "geometry": { "type": "MultiLineString", "coordinates": [ [ [ 128.037547007385683, 35.115371343799048 ], [ 128.037503056952175, 35.115306829490066 ], [ 128.037370489178215, 35.11522722538529 ], [ 128.037261237378459, 35.115175017381588 ], [ 128.037183326603156, 35.115117975155464 ], [ 128.037119769784681, 35.115078090990067 ], [ 128.037050490885321, 35.115061162902826 ], [ 128.036968202715713, 35.11501071941445 ], [ 128.036896637317341, 35.114913240288836 ], [ 128.03687536985845, 35.114889835086622 ], [ 128.036822236874769, 35.114829231290869 ], [ 128.036780795222768, 35.114785530090479 ], [ 128.036727633269294, 35.114731118077252 ], [ 128.036666237096966, 35.114685716778524 ], [ 128.036609508437721, 35.114654728620557 ], [ 128.036484169805135, 35.114601292273498 ], [ 128.036420880691509, 35.114587142503147 ], [ 128.036310723754923, 35.114562515786112 ], [ 128.036262402234826, 35.114549737932201 ], [ 128.036192211318053, 35.114519976342017 ], [ 128.036149426492187, 35.114494407762656 ], [ 128.036072169391161, 35.114422984998356 ], [ 128.036021766226639, 35.114363511214897 ], [ 128.035963580155197, 35.114228291753854 ], [ 128.035954089169763, 35.114185755072377 ], [ 128.035951818392419, 35.114175543080137 ], [ 128.035944145030726, 35.114095156505748 ], [ 128.035905147398182, 35.113886190778238 ], [ 128.035891611824496, 35.113709514765297 ], [ 128.035893524662072, 35.113592926485389 ], [ 128.035920918784257, 35.113279161511429 ], [ 128.035909992163198, 35.113201191584665 ], [ 128.035838563552289, 35.113052373838201 ], [ 128.035757517683749, 35.112845731982581 ], [ 128.03568306260604, 35.112720126013876 ], [ 128.035609117078451, 35.112602482698016 ], [ 128.035496289132311, 35.112440085518884 ], [ 128.035483130683787, 35.112421152131652 ], [ 128.035431724876787, 35.112351043566377 ], [ 128.035364987902881, 35.112255584905078 ], [ 128.035288647514477, 35.112157841439178 ], [ 128.035225351983371, 35.112095164032624 ], [ 128.035143261174937, 35.112023702147006 ], [ 128.035039870324169, 35.111936360428636 ], [ 128.034982852250891, 35.11188457579771 ], [ 128.034880087316765, 35.111811137261 ], [ 128.034865425215798, 35.111800664209127 ], [ 128.034711737590243, 35.111685043394928 ], [ 128.034598466700373, 35.111608690700422 ], [ 128.034449139237836, 35.111535367141947 ], [ 128.034333444226547, 35.111485980332581 ], [ 128.034159511320297, 35.11139808409618 ], [ 128.034022467763435, 35.111333258316151 ], [ 128.033885298723561, 35.111279066935687 ], [ 128.033628488278765, 35.111186515595321 ], [ 128.033606036954836, 35.111061200099044 ], [ 128.033656814767568, 35.110843427061106 ], [ 128.03368611905583, 35.110615783264798 ] ] ] } },
{ "type": "Feature", "properties": { "fid": 441, "UserID": null, "number": "곤양103", "UMD": null, "NUM": "103", "GUBUN": "면도", "Opened": "미확장", "차선": "1", "도로폭": "4", "변경여부": "변경", "비고": "미개설-미확장", "기존": "미개설", "기타": null, "종점": "검정리 509-7", "기점": "검정리 53-4", "구분": "노선연장", "정비사항": "지방도 1002호선에서 분기, 이전 지방도 구간 면도로 통합", "연장": "0.4" }, "geometry": { "type": "MultiLineString", "coordinates": [ [ [ 128.039624386143004, 35.075887895817004 ], [ 128.039577800422222, 35.075916232215235 ], [ 128.039468860132672, 35.075943333289878 ], [ 128.038952115797343, 35.075940783629456 ], [ 128.038596329224987, 35.075997037974716 ], [ 128.037998050129289, 35.076007393899808 ], [ 128.037671172592866, 35.076000596735192 ], [ 128.037232327003068, 35.075949399896622 ], [ 128.036929998716829, 35.075953857652323 ], [ 128.03668945464085, 35.075978532162083 ], [ 128.036453574977486, 35.075999445058315 ], [ 128.036277529422563, 35.076039824920215 ], [ 128.036129650007098, 35.07604244623051 ], [ 128.036028013660399, 35.076041637225849 ], [ 128.035958224047079, 35.076082862395445 ], [ 128.035865609335644, 35.076190481470995 ] ] ] } },
{ "type": "Feature", "properties": { "fid": 442, "UserID": null, "number": "곤양103", "UMD": null, "NUM": "103", "GUBUN": "면도", "Opened": "미개설", "차선": null, "도로폭": null, "변경여부": null, "비고": null, "기존": "미개설", "기타": null, "종점": "검정리 509-7", "기점": "검정리 53-4", "구분": "노선연장", "정비사항": "지방도 1002호선에서 분기, 이전 지방도 구간 면도로 통합", "연장": "0.6" }, "geometry": { "type": "MultiLineString", "coordinates": [ [ [ 128.039888807229772, 35.071115436855585 ], [ 128.040734866374862, 35.071804335600042 ], [ 128.040980269844823, 35.072293834521858 ], [ 128.04110341540482, 35.073068995967489 ], [ 128.040842046498085, 35.073800884878587 ], [ 128.040434927744968, 35.074456401891162 ], [ 128.040277328080066, 35.074933834519456 ], [ 128.0402372764745, 35.075249840207498 ], [ 128.039991229825574, 35.075702157150175 ], [ 128.039624386143004, 35.075887895817004 ] ] ] } },
{ "type": "Feature", "properties": { "fid": 443, "UserID": null, "number": "곤양103", "UMD": null, "NUM": "103", "GUBUN": "면도", "Opened": "미확장", "차선": "1", "도로폭": "6", "변경여부": "변경", "비고": "미개설-미확장", "기존": "미개설", "기타": null, "종점": null, "기점": null, "구분": "노선연장", "정비사항": "지방도 1002호선에서 분기, 이전 지방도 구간 면도로 통합", "연장": "0.3" }, "geometry": { "type": "MultiLineString", "coordinates": [ [ [ 128.037301910226745, 35.071806530727443 ], [ 128.037393363405471, 35.071823193292268 ], [ 128.037702731854154, 35.07178914582596 ], [ 128.038119732384956, 35.071541349341118 ], [ 128.038206103296829, 35.071324294059664 ], [ 128.038356433068373, 35.07113111387978 ], [ 128.038471997689669, 35.0710411557193 ], [ 128.038852791802555, 35.070950670249729 ], [ 128.03923424847352, 35.070912512405407 ], [ 128.039546773950093, 35.070960423914634 ], [ 128.039836780197277, 35.071073073569309 ], [ 128.039888807229772, 35.071115436855585 ] ] ] } },
{ "type": "Feature", "properties": { "fid": 444, "UserID": null, "number": "곤양103", "UMD": null, "NUM": "103", "GUBUN": "면도", "Opened": "미확장", "차선": "1", "도로폭": "3", "변경여부": "변경", "비고": "미개설-미확장", "기존": "미개설", "기타": null, "종점": "검정리 509-7", "기점": "검정리 53-4", "구분": "노선연장", "정비사항": "지방도 1002호선에서 분기, 이전 지방도 구간 면도로 통합", "연장": "0.1" }, "geometry": { "type": "MultiLineString", "coordinates": [ [ [ 128.036555997089351, 35.070856914440874 ], [ 128.037304321461846, 35.071661717996001 ], [ 128.037301910226745, 35.071806530727443 ] ] ] } },
{ "type": "Feature", "properties": { "fid": 445, "UserID": null, "number": "곤양103", "UMD": null, "NUM": "103", "GUBUN": "면도", "Opened": "미개설", "차선": null, "도로폭": null, "변경여부": null, "비고": null, "기존": "미개설", "기타": null, "종점": "검정리 509-7", "기점": "검정리 53-4", "구분": "노선연장", "정비사항": "지방도 1002호선에서 분기, 이전 지방도 구간 면도로 통합", "연장": "0.3" }, "geometry": { "type": "MultiLineString", "coordinates": [ [ [ 128.033529774721245, 35.06961970510892 ], [ 128.036555997089351, 35.070856914440874 ] ] ] } },
{ "type": "Feature", "properties": { "fid": 449, "UserID": null, "number": "곤양203", "UMD": null, "NUM": "203", "GUBUN": "리도", "Opened": "현황도로", "차선": "1", "도로폭": "5", "변경여부": "변경", "비고": "미확장-현황도로", "기존": "미확장", "기타": null, "종점": null, "기점": null, "구분": null, "정비사항": null, "연장": "0.5" }, "geometry": { "type": "MultiLineString", "coordinates": [ [ [ 128.006262076836862, 35.081680304694103 ], [ 128.007341205775759, 35.08138414336527 ], [ 128.007565740233389, 35.08121409683298 ], [ 128.00796095670006, 35.081102141462843 ], [ 128.008320470128922, 35.080841203087061 ], [ 128.008495710728909, 35.080768221857845 ], [ 128.009305578490597, 35.080640749346649 ], [ 128.009530903620259, 35.080535377643237 ], [ 128.00984822146907, 35.080232597006741 ], [ 128.010254583423716, 35.0800041083602 ], [ 128.010560491740904, 35.079901903612168 ], [ 128.010779770378463, 35.079712530344523 ], [ 128.01115516612046, 35.079525695227979 ], [ 128.011312078055624, 35.079488163103804 ] ] ] } },
{ "type": "Feature", "properties": { "fid": 450, "UserID": null, "number": "곤양205", "UMD": null, "NUM": "205", "GUBUN": "리도", "Opened": "미확장", "차선": "1", "도로폭": "4", "변경여부": null, "비고": null, "기존": "미확장", "기타": null, "종점": "중항리 529-4", "기점": "묵곡리 226-2", "구분": null, "정비사항": null, "연장": "0.2" }, "geometry": { "type": "MultiLineString", "coordinates": [ [ [ 128.018125999620764, 35.064971757141251 ], [ 128.01829456132208, 35.064874500688582 ], [ 128.018416379149642, 35.0647967907965 ], [ 128.018670577041917, 35.064650454776505 ], [ 128.018845526932751, 35.064566653057554 ], [ 128.018915436754014, 35.06453599085556 ], [ 128.019132320072458, 35.064447072230209 ], [ 128.01919223938188, 35.064428827958729 ], [ 128.019255173003643, 35.064415168467661 ], [ 128.019766142775978, 35.064394122530373 ], [ 128.019998933854964, 35.064380530830256 ], [ 128.020253241922774, 35.064352498155863 ], [ 128.020446075172032, 35.064318909254624 ] ] ] } },
{ "type": "Feature", "properties": { "fid": 452, "UserID": null, "number": "곤양302", "UMD": null, "NUM": "302", "GUBUN": "농도", "Opened": "현황도로", "차선": "1", "도로폭": "5", "변경여부": "변경", "비고": "미확장-현황도로", "기존": "미확장", "기타": null, "종점": null, "기점": null, "구분": null, "정비사항": null, "연장": "0.2" }, "geometry": { "type": "MultiLineString", "coordinates": [ [ [ 128.036052133782277, 35.072768003925333 ], [ 128.036079580281012, 35.072540929293886 ], [ 128.03607957532472, 35.07251646237026 ], [ 128.036089298365056, 35.07248503268999 ], [ 128.036578708941391, 35.072123278846348 ], [ 128.036989459921983, 35.071884262050744 ], [ 128.03720719902816, 35.071819598616905 ], [ 128.037301910226745, 35.071806530727443 ] ] ] } },
{ "type": "Feature", "properties": { "fid": 453, "UserID": null, "number": "곤양303", "UMD": null, "NUM": "303", "GUBUN": "농도", "Opened": "미개설", "차선": null, "도로폭": null, "변경여부": null, "비고": null, "기존": "미개설", "기타": null, "종점": null, "기점": null, "구분": null, "정비사항": null, "연장": "1" }, "geometry": { "type": "MultiLineString", "coordinates": [ [ [ 127.997864286147561, 35.060571221437129 ], [ 127.99825658086661, 35.060728486821127 ], [ 127.998929075427867, 35.060897399530774 ], [ 127.999746935845309, 35.06115582403185 ], [ 128.000332536523018, 35.061157973757034 ], [ 128.000689022407954, 35.061162011136609 ], [ 128.000960991661373, 35.061194656861218 ], [ 128.002025033397473, 35.061458011994795 ], [ 128.003101529647978, 35.061351422326602 ], [ 128.005213025295518, 35.06121531595587 ], [ 128.008652410447326, 35.060974467725636 ] ] ] } },
{ "type": "Feature", "properties": { "fid": 454, "UserID": null, "number": "곤양303", "UMD": null, "NUM": "303", "GUBUN": "농도", "Opened": "미확장", "차선": "1", "도로폭": "2.5", "변경여부": "변경", "비고": "미개설-미확장", "기존": "미개설", "기타": null, "종점": null, "기점": null, "구분": null, "정비사항": null, "연장": "0.6" }, "geometry": { "type": "MultiLineString", "coordinates": [ [ [ 128.008652410447326, 35.060974467725636 ], [ 128.009034815255291, 35.060852266251082 ], [ 128.009278519957405, 35.060710518521653 ], [ 128.009544818160379, 35.060562660645928 ], [ 128.009726915910846, 35.060533232997095 ], [ 128.010176430934877, 35.060542624258886 ], [ 128.010427945375142, 35.060519544853094 ], [ 128.010759404970969, 35.060386818557397 ], [ 128.011026184511024, 35.060297502538766 ], [ 128.011180553883548, 35.060301317190593 ], [ 128.011326366487879, 35.060270419631962 ], [ 128.011718094643498, 35.060105812879598 ], [ 128.012084356292092, 35.059984657086467 ], [ 128.012237605146595, 35.059908343412523 ], [ 128.012397577740757, 35.059866903439818 ], [ 128.013013191518922, 35.060028651354258 ], [ 128.013073676808204, 35.060085069157687 ], [ 128.01413759625737, 35.060619533932353 ] ] ] } },
{ "type": "Feature", "properties": { "fid": 455, "UserID": null, "number": "곤양303", "UMD": null, "NUM": "303", "GUBUN": "농도", "Opened": "미확장", "차선": "1", "도로폭": "2.5", "변경여부": "변경", "비고": "미개설-미확장", "기존": "미개설", "기타": null, "종점": null, "기점": null, "구분": null, "정비사항": null, "연장": "0.1" }, "geometry": { "type": "MultiLineString", "coordinates": [ [ [ 128.015659253399264, 35.047421360271464 ], [ 128.016587742102871, 35.048210506109982 ], [ 128.016640610368938, 35.048414468614176 ] ] ] } },
{ "type": "Feature", "properties": { "fid": 456, "UserID": null, "number": "곤양305", "UMD": null, "NUM": "305", "GUBUN": "농도", "Opened": "미확장", "차선": "1", "도로폭": "2.5", "변경여부": null, "비고": null, "기존": "현황도로", "기타": null, "종점": null, "기점": null, "구분": null, "정비사항": null, "연장": "0.2" }, "geometry": { "type": "MultiLineString", "coordinates": [ [ [ 127.978985368001716, 35.044815903526597 ], [ 127.979026427576159, 35.04481817322079 ], [ 127.979073376016402, 35.044846790056695 ], [ 127.979115662123036, 35.044874937057806 ], [ 127.979173676155895, 35.044911061549456 ], [ 127.979192107998671, 35.044920785319036 ], [ 127.979230304231208, 35.044936089444704 ], [ 127.979260702093271, 35.044941037829481 ], [ 127.979287911610228, 35.044943943997716 ], [ 127.979387439307473, 35.044954089912764 ], [ 127.97953433738293, 35.044956287847256 ], [ 127.979613068530924, 35.044947456727385 ], [ 127.979766896979086, 35.044957454034723 ], [ 127.979897941389154, 35.044951767139814 ], [ 127.980182814294366, 35.044956076883757 ], [ 127.980256400185226, 35.04495938221234 ], [ 127.980349043939952, 35.04496629094438 ], [ 127.980468067577362, 35.044978928574658 ], [ 127.980561647699773, 35.044992513733881 ], [ 127.980652118808692, 35.045024307503745 ], [ 127.981008253841111, 35.045142800070238 ], [ 127.981208570590994, 35.045187401250615 ], [ 127.981358377199513, 35.045232643568845 ], [ 127.981397884365578, 35.045242547781164 ], [ 127.981455801831956, 35.045257198489075 ], [ 127.98150410722215, 35.045262609291761 ] ] ] } },
{ "type": "Feature", "properties": { "fid": 457, "UserID": null, "number": "곤양307", "UMD": null, "NUM": "307", "GUBUN": "농도", "Opened": "미확장", "차선": "1", "도로폭": "2.5", "변경여부": null, "비고": null, "기존": "미확장", "기타": null, "종점": null, "기점": null, "구분": null, "정비사항": null, "연장": "1.3" }, "geometry": { "type": "MultiLineString", "coordinates": [ [ [ 127.948047326007426, 35.047834038762446 ], [ 127.948252568125938, 35.047761280302865 ], [ 127.948411744023403, 35.047650070190379 ], [ 127.948542228854791, 35.047642581427695 ], [ 127.948680698358316, 35.0476453798058 ], [ 127.948982627859081, 35.047499415922054 ], [ 127.949145097900868, 35.047401116237914 ], [ 127.949475593035629, 35.04741276088901 ], [ 127.949697821342724, 35.047312699033554 ], [ 127.949900229158402, 35.047267128008194 ], [ 127.950001904927021, 35.047217170656516 ], [ 127.950100464536106, 35.047169825055533 ], [ 127.950287606273008, 35.047164478115221 ], [ 127.950942526483416, 35.047071373531615 ], [ 127.951323174344182, 35.046931255358651 ], [ 127.951428534823407, 35.046927841664399 ], [ 127.951633671432802, 35.047117702482311 ], [ 127.951760606549044, 35.047211147874769 ], [ 127.951979226201018, 35.047342685137657 ], [ 127.952223791857477, 35.047405451458076 ], [ 127.952493390747946, 35.047456377302296 ], [ 127.952693166197989, 35.047590648642 ], [ 127.95297596606423, 35.047694512035079 ], [ 127.953223534324465, 35.047880155620597 ], [ 127.953296088167733, 35.047896403790247 ], [ 127.953565283337227, 35.047912400109254 ], [ 127.953981346514965, 35.04811224213956 ], [ 127.954096423789338, 35.048267876576801 ], [ 127.954246838366487, 35.048350784933255 ], [ 127.954575185080301, 35.048447817691894 ], [ 127.954744582097106, 35.048539632051323 ], [ 127.955267347875932, 35.048985729177012 ], [ 127.955537083246, 35.049182836794699 ], [ 127.955621282780001, 35.049253327813204 ], [ 127.955746245764971, 35.049311854196503 ], [ 127.955932436780415, 35.049359548272072 ], [ 127.956192183834219, 35.049374319450486 ], [ 127.95645229292559, 35.049420136349674 ], [ 127.956532196682758, 35.049526884580871 ], [ 127.956583619978474, 35.049619626489211 ], [ 127.956817531481292, 35.049712222867157 ], [ 127.956978102590995, 35.049721305982217 ], [ 127.957151318448496, 35.049735463970798 ], [ 127.957208581943632, 35.049789348113933 ], [ 127.957276612130343, 35.049956994067593 ], [ 127.95755803391765, 35.050076382059615 ], [ 127.957719451507671, 35.050157905462299 ], [ 127.957928393312585, 35.050267515072171 ], [ 127.958025507592595, 35.050334944536623 ], [ 127.95824283578601, 35.050416091929158 ], [ 127.958440400369568, 35.050530540645042 ], [ 127.958676106690419, 35.050550484426346 ], [ 127.958822029707704, 35.050602538491212 ], [ 127.958953471626828, 35.050686107914423 ], [ 127.959198572940522, 35.050723215081284 ], [ 127.959546855562152, 35.050909342785701 ], [ 127.959861261009692, 35.051426928067038 ] ] ] } },
{ "type": "Feature", "properties": { "fid": 458, "UserID": null, "number": "곤양307", "UMD": null, "NUM": "307", "GUBUN": "농도", "Opened": "미개설", "차선": null, "도로폭": null, "변경여부": "변경", "비고": "미확장-미개설", "기존": "미확장", "기타": null, "종점": null, "기점": null, "구분": null, "정비사항": null, "연장": "0.6" }, "geometry": { "type": "MultiLineString", "coordinates": [ [ [ 127.941963986313851, 35.047883217048046 ], [ 127.943446166837646, 35.047644913331297 ], [ 127.945690420909401, 35.04763703389974 ], [ 127.946591787336018, 35.047804454623254 ], [ 127.946916694283459, 35.048018237742639 ], [ 127.947314982744601, 35.047973260060438 ], [ 127.947679171558519, 35.047914591411889 ], [ 127.948047326007426, 35.047834038762446 ] ] ] } },
{ "type": "Feature", "properties": { "fid": 462, "UserID": null, "number": "곤양310", "UMD": null, "NUM": "310", "GUBUN": "농도", "Opened": "미개설", "차선": null, "도로폭": null, "변경여부": null, "비고": null, "기존": "미개설", "기타": null, "종점": null, "기점": null, "구분": null, "정비사항": null, "연장": "0.8" }, "geometry": { "type": "MultiLineString", "coordinates": [ [ [ 128.036025143712237, 35.083541301955051 ], [ 128.036376610648887, 35.084203258198862 ], [ 128.036223681804387, 35.085053229647421 ], [ 128.035735963235936, 35.085316135807133 ], [ 128.03482228816091, 35.085748269106965 ], [ 128.03420984039829, 35.086105379699013 ], [ 128.034130465082114, 35.086799477606014 ], [ 128.034097218522874, 35.088155554060634 ], [ 128.034863949712928, 35.090042982030496 ] ] ] } },
{ "type": "Feature", "properties": { "fid": 463, "UserID": null, "number": "곤명312", "UMD": null, "NUM": "312", "GUBUN": "농도", "Opened": "미확장", "차선": "1", "도로폭": "3", "변경여부": null, "비고": null, "기존": "미확장", "기타": null, "종점": "용산리 산 57-2", "기점": "초량리 636-1", "구분": "농도전환", "정비사항": "면도개설 효과 없음, 해당 구간 분리하여 농도로 변경", "연장": "1.8" }, "geometry": { "type": "MultiLineString", "coordinates": [ [ [ 127.909750173648987, 35.095092014002397 ], [ 127.909980428967145, 35.095182572249371 ], [ 127.910336012498547, 35.095183748154454 ], [ 127.911134551913094, 35.095469989361106 ], [ 127.911989395265806, 35.096190315823385 ], [ 127.91229562135382, 35.09638027480738 ], [ 127.912629575541033, 35.096539262226841 ], [ 127.91284507469986, 35.096564556666664 ], [ 127.913191822084841, 35.096611933754836 ], [ 127.913343584258499, 35.096795362877465 ], [ 127.91366170315284, 35.097212098864475 ], [ 127.914357093561293, 35.097476024265021 ], [ 127.914348509709683, 35.097545303602949 ], [ 127.913782607216618, 35.097564951203246 ], [ 127.913453192744541, 35.097813529952504 ], [ 127.913351684983397, 35.097941188148077 ], [ 127.913398854174602, 35.097975440087353 ], [ 127.913914799952209, 35.098090754791691 ], [ 127.914295676401153, 35.09826091954298 ], [ 127.914474312010796, 35.098336477352028 ], [ 127.914512855165285, 35.09843616324931 ], [ 127.914419588734461, 35.098463783525084 ], [ 127.91435980054591, 35.09855652057734 ], [ 127.914472639264631, 35.098605657814879 ], [ 127.914832443288461, 35.09856449077536 ], [ 127.914926354065798, 35.098594544140617 ], [ 127.914908456836784, 35.098667739041765 ], [ 127.914723040351348, 35.098822948328774 ], [ 127.915178088398306, 35.098931026531481 ], [ 127.915277279757987, 35.099014873317472 ], [ 127.91537655728213, 35.099106409877415 ], [ 127.91558785846253, 35.099174028862443 ], [ 127.915861431534381, 35.099316251231485 ], [ 127.916198046108661, 35.099575036964275 ], [ 127.916643434112061, 35.099988244363146 ], [ 127.916738580002274, 35.100331651346167 ], [ 127.917033870910458, 35.100554523304375 ], [ 127.9171466615757, 35.100786537549318 ], [ 127.917392687280511, 35.101108103096102 ], [ 127.917658560435498, 35.101514902602453 ], [ 127.917929456310787, 35.101807817160669 ], [ 127.917767493962316, 35.101964288321447 ], [ 127.917590544178395, 35.102188145511562 ], [ 127.917498767302462, 35.102426882359879 ], [ 127.917653763844754, 35.102772422876065 ], [ 127.917845176631815, 35.102996078946425 ], [ 127.918084212249497, 35.103114583745779 ], [ 127.918303670457504, 35.103312152520516 ], [ 127.918472657161544, 35.103501047331356 ], [ 127.918510864016582, 35.103679289475203 ], [ 127.918609859289958, 35.10394374938037 ], [ 127.918709630952279, 35.104137049406951 ], [ 127.918804840460211, 35.104344614698114 ], [ 127.919237413522026, 35.104734622340928 ], [ 127.919377767725805, 35.104750091093734 ], [ 127.919577873074743, 35.104772145154776 ], [ 127.920047192494494, 35.104789283497979 ], [ 127.920271718096643, 35.104841705456735 ], [ 127.920405887969977, 35.104850167920354 ] ] ] } },
{ "type": "Feature", "properties": { "fid": 468, "UserID": null, "number": "곤명203", "UMD": null, "NUM": "203", "GUBUN": "리도", "Opened": "현황도로", "차선": "1", "도로폭": "5", "변경여부": "변경", "비고": "미확장-현황도로", "기존": "미확장", "기타": null, "종점": null, "기점": null, "구분": null, "정비사항": null, "연장": "0.8" }, "geometry": { "type": "MultiLineString", "coordinates": [ [ [ 127.94659065769109, 35.143079161383532 ], [ 127.946675103596831, 35.143109350263423 ], [ 127.946772345634884, 35.1431369006389 ], [ 127.946904986981082, 35.143186708758606 ], [ 127.947067531464924, 35.143253062727752 ], [ 127.947134225243644, 35.143248232753436 ], [ 127.947207027838687, 35.143253438803839 ], [ 127.947256512545977, 35.143262999535956 ], [ 127.947362969036348, 35.143304451451463 ], [ 127.947455868321782, 35.143330559165854 ], [ 127.947572946736656, 35.143357029094091 ], [ 127.947670734164745, 35.143369118793082 ], [ 127.947812190241862, 35.14337418200104 ], [ 127.947947764116847, 35.143374657729922 ], [ 127.948153679016883, 35.143380436774336 ], [ 127.948330494996455, 35.143392944590083 ], [ 127.948463465611084, 35.14340198860954 ], [ 127.948555299276222, 35.143390040124366 ], [ 127.948610976279227, 35.14337776535136 ], [ 127.948727576101945, 35.14337530109303 ], [ 127.94887747932539, 35.143392060674316 ], [ 127.949057418140626, 35.143419330367237 ], [ 127.949406153008695, 35.143462522171696 ], [ 127.949473077672494, 35.143472244650049 ], [ 127.949610538532397, 35.143525641536478 ], [ 127.949661920406328, 35.143540106133536 ], [ 127.949725490447875, 35.143541263941579 ], [ 127.949807707342927, 35.1435298379076 ], [ 127.949876328876854, 35.143549263720772 ], [ 127.949942622522485, 35.143568653371972 ], [ 127.950011093109012, 35.143600261544911 ], [ 127.950171007440758, 35.143664118579167 ], [ 127.950495872863186, 35.143810685782221 ], [ 127.95064629011263, 35.143878031279492 ], [ 127.950800287619714, 35.143942602205883 ], [ 127.951088085669852, 35.144030185469433 ], [ 127.951455141593158, 35.144130149908655 ], [ 127.951549646573184, 35.144164695621214 ], [ 127.952068818971654, 35.144354103022565 ], [ 127.952386360571182, 35.14446846738354 ], [ 127.95350774734689, 35.144861847358925 ], [ 127.953921150384375, 35.145001585974775 ], [ 127.954033000298921, 35.14502320363205 ], [ 127.954093900161581, 35.145023729346754 ], [ 127.954136344458192, 35.145020200844449 ], [ 127.954168462424249, 35.145016783083257 ], [ 127.954371679144685, 35.144936891499306 ], [ 127.954539560615288, 35.144882545969907 ], [ 127.954621776480508, 35.144940309318052 ] ] ] } },
{ "type": "Feature", "properties": { "fid": 469, "UserID": null, "number": "곤명204", "UMD": null, "NUM": "204", "GUBUN": "리도", "Opened": "미확장", "차선": "1", "도로폭": "5", "변경여부": null, "비고": null, "기존": "미확장", "기타": null, "종점": null, "기점": null, "구분": null, "정비사항": null, "연장": "1.1" }, "geometry": { "type": "MultiLineString", "coordinates": [ [ [ 127.959840953379953, 35.116194882055744 ], [ 127.959978978009204, 35.116210477657994 ], [ 127.960239379026177, 35.116216220769779 ], [ 127.960370130064675, 35.116224240799461 ], [ 127.960591454136775, 35.116223112566537 ], [ 127.960740154135152, 35.116216070216495 ], [ 127.96089821074851, 35.116202651508068 ], [ 127.960962382487139, 35.116183508713156 ], [ 127.96099929088777, 35.116155959481169 ], [ 127.961049871574446, 35.116116123060685 ], [ 127.961083752158061, 35.116075335716459 ], [ 127.961113787343493, 35.116033179016782 ], [ 127.961144693704853, 35.115973878447548 ], [ 127.961202653462948, 35.115882767394865 ], [ 127.96128215423019, 35.115715017676415 ], [ 127.961382053381385, 35.115595140038309 ], [ 127.961608556078431, 35.115390812960044 ], [ 127.961641516500947, 35.115376024892477 ], [ 127.961697396452323, 35.115356565447001 ], [ 127.961780124018858, 35.115343701269644 ], [ 127.961877113557861, 35.115340161730117 ], [ 127.96193760279148, 35.115337132940205 ], [ 127.961993489033532, 35.115340676634887 ], [ 127.962076131694545, 35.115353862297916 ], [ 127.962147689707606, 35.11535345695679 ], [ 127.9622188019692, 35.115350702829907 ], [ 127.962358333522474, 35.115339338717007 ], [ 127.962638469248887, 35.115313712379624 ], [ 127.962782449414959, 35.115291980454998 ], [ 127.962874584952147, 35.115257070015247 ], [ 127.963042939743701, 35.115178491290528 ], [ 127.963154959974531, 35.115139604157037 ], [ 127.963231551461021, 35.115106298771593 ], [ 127.963313833986646, 35.115062522287211 ], [ 127.963539343149137, 35.114936146536763 ], [ 127.963742435670085, 35.114840990978024 ], [ 127.963815144727178, 35.11480167580617 ], [ 127.963876454218081, 35.114763014194885 ], [ 127.963996075858958, 35.114675608661805 ], [ 127.964086640171359, 35.114599028071964 ], [ 127.964118548752012, 35.114560959353852 ], [ 127.964164245323133, 35.114497082907953 ], [ 127.964178424142446, 35.114466145587379 ], [ 127.964188191730301, 35.11443601861955 ], [ 127.964193378332396, 35.114404994803543 ], [ 127.964194570576367, 35.114259829436385 ], [ 127.964211217015134, 35.114222295582785 ], [ 127.964229922244229, 35.114202032548306 ], [ 127.964261494461297, 35.114167353715942 ], [ 127.964289516281724, 35.114141680774125 ], [ 127.964467060816034, 35.113944801546296 ], [ 127.96464391379368, 35.113752721997429 ], [ 127.964782815633228, 35.11359713657945 ], [ 127.964933848606861, 35.113443292678355 ], [ 127.965000277659016, 35.113367433289476 ], [ 127.965115616190303, 35.113287334152055 ], [ 127.965157516390832, 35.113256831514377 ], [ 127.965189068416564, 35.11321669378605 ], [ 127.965230939195706, 35.113153102704736 ], [ 127.965252497099428, 35.113108261231822 ], [ 127.965286525546929, 35.113043513039884 ], [ 127.965345810279914, 35.112992965234788 ], [ 127.965392270949195, 35.112973687806978 ], [ 127.96546428354867, 35.112958763898177 ], [ 127.965570472295241, 35.11293091361874 ], [ 127.965651724544799, 35.112902866515199 ], [ 127.965757348398995, 35.112853057603047 ], [ 127.965830373504758, 35.112809431168486 ], [ 127.965882011553944, 35.112781547318832 ], [ 127.965957736372317, 35.112742329882515 ], [ 127.965996479857992, 35.112718978715819 ], [ 127.966142629251593, 35.112639387108679 ], [ 127.966228235564245, 35.112579321531555 ], [ 127.966314509967091, 35.112501692246092 ], [ 127.966454122956478, 35.112384744184745 ], [ 127.966557957676443, 35.112300442276712 ], [ 127.966711219588092, 35.112214425687775 ], [ 127.966871317098196, 35.112128195131838 ], [ 127.966966866496904, 35.112069920551342 ], [ 127.967051846114288, 35.112030867432821 ], [ 127.96710055588899, 35.112015392932129 ], [ 127.967189998785244, 35.112001016281667 ], [ 127.967265862607405, 35.111982402476862 ], [ 127.967362772903115, 35.111976352010167 ], [ 127.96746119435501, 35.111967859733831 ], [ 127.967494012062517, 35.111964191799778 ], [ 127.967550859002714, 35.111945770297694 ], [ 127.96762933475722, 35.111914740195317 ], [ 127.967655051909603, 35.111901362462177 ], [ 127.967696651839489, 35.111897336840336 ], [ 127.967753643362826, 35.111915269187712 ], [ 127.967805688048145, 35.111927538179629 ], [ 127.967938359006453, 35.11196154886121 ], [ 127.968033125806542, 35.111971702472303 ], [ 127.968069817523016, 35.111972731110519 ], [ 127.968094719796795, 35.111972943109151 ], [ 127.968128408779833, 35.11196964215835 ], [ 127.96826230525717, 35.111961810956664 ], [ 127.968356978418356, 35.111973383198318 ], [ 127.968436725705899, 35.111985838432851 ], [ 127.968521821330498, 35.111995315283195 ], [ 127.968577989956756, 35.112005453104871 ], [ 127.968677611460706, 35.112040745675117 ], [ 127.968752858557025, 35.112078053463584 ], [ 127.968846822264908, 35.112145953624676 ], [ 127.968891446469087, 35.112185207424567 ], [ 127.968970270555133, 35.112206688125312 ], [ 127.96903009046369, 35.112209708676382 ], [ 127.969072710790897, 35.112215497810517 ], [ 127.969229455925145, 35.112209791803458 ] ] ] } },
{ "type": "Feature", "properties": { "fid": 470, "UserID": null, "number": "곤명204", "UMD": null, "NUM": "204", "GUBUN": "리도", "Opened": "미확장", "차선": "1", "도로폭": "3", "변경여부": null, "비고": null, "기존": "미확장", "기타": null, "종점": null, "기점": null, "구분": null, "정비사항": null, "연장": "0.8" }, "geometry": { "type": "MultiLineString", "coordinates": [ [ [ 127.95145759, 35.118823469573123 ], [ 127.952816695801857, 35.118578633322926 ], [ 127.952899075092333, 35.118621971495166 ], [ 127.952990222733533, 35.118607024172867 ], [ 127.953128119203228, 35.118550310773969 ], [ 127.953274889014168, 35.118444366834829 ], [ 127.953435052184602, 35.118406883459407 ], [ 127.954009417616632, 35.118513622179591 ], [ 127.954288834640849, 35.118576107553729 ], [ 127.954427077152801, 35.118549145053585 ], [ 127.954604980531869, 35.118547744031574 ], [ 127.954753715174405, 35.118475419034496 ], [ 127.954945002646596, 35.118406639701291 ], [ 127.955208906741603, 35.118354105902533 ], [ 127.955425987459435, 35.118336870524416 ], [ 127.955604570128116, 35.11839367916722 ], [ 127.955787102580132, 35.118519022475361 ], [ 127.955938906552404, 35.118574748084136 ], [ 127.95626523870358, 35.118609691171557 ], [ 127.956451709483702, 35.118667730018707 ], [ 127.956645311320116, 35.118662321020778 ], [ 127.956809574932919, 35.118706303894228 ], [ 127.957095701400462, 35.118669114954898 ], [ 127.957174734068687, 35.118570938089633 ], [ 127.957277126340742, 35.118339857467042 ], [ 127.95743979254803, 35.118068708237764 ], [ 127.957592399079289, 35.117923902023577 ], [ 127.95725055558222, 35.117235766704667 ], [ 127.95726236342017, 35.117168401068163 ], [ 127.957845152877667, 35.117259022805534 ], [ 127.958053861605208, 35.117223355843997 ], [ 127.95822118075381, 35.117164705910646 ] ] ] } },
{ "type": "Feature", "properties": { "fid": 471, "UserID": null, "number": "곤명207", "UMD": null, "NUM": "207", "GUBUN": "리도", "Opened": "현황도로", "차선": "1", "도로폭": "5", "변경여부": "변경", "비고": "미확장-현황도로", "기존": "미확장", "기타": null, "종점": null, "기점": null, "구분": null, "정비사항": null, "연장": "1.8" }, "geometry": { "type": "MultiLineString", "coordinates": [ [ [ 127.985073814226368, 35.137975851178652 ], [ 127.985183172241051, 35.137902515388468 ], [ 127.985489760273566, 35.137729255073431 ], [ 127.985967439901174, 35.137507211689275 ], [ 127.986087453898335, 35.13738985499802 ], [ 127.986332283860264, 35.137161837667499 ], [ 127.986441699268568, 35.137082808413055 ], [ 127.986512146729424, 35.137036259912833 ], [ 127.986652060040569, 35.136973120118959 ], [ 127.987004838938333, 35.136845569974035 ], [ 127.987174952913037, 35.136778863822819 ], [ 127.987369897189751, 35.136689125224933 ], [ 127.987548184279973, 35.136604749148574 ], [ 127.987805928153136, 35.136478934412089 ], [ 127.988010317475229, 35.136351098469952 ], [ 127.988361694718719, 35.136069623327309 ], [ 127.988949481700629, 35.135605684217268 ], [ 127.989169059568837, 35.135414472017516 ], [ 127.989251277838108, 35.135317945878782 ], [ 127.989305070961308, 35.135233184349438 ], [ 127.989377439073138, 35.135123378177887 ], [ 127.989496453376134, 35.134961694465915 ], [ 127.989609250859345, 35.13479875096732 ], [ 127.989704800088376, 35.13465179682381 ], [ 127.989744961810658, 35.134559272165177 ], [ 127.989817835949324, 35.134388496265913 ], [ 127.989848976280555, 35.134207962372102 ], [ 127.989856942296214, 35.134160899324094 ], [ 127.989861983579431, 35.134057425840986 ], [ 127.989892985658457, 35.133731659846212 ], [ 127.990061416903558, 35.13198956067577 ], [ 127.990105882523224, 35.131609884876916 ], [ 127.990104522815543, 35.131480217765947 ], [ 127.990092397046027, 35.131311832762165 ], [ 127.990069647970259, 35.131228648768186 ], [ 127.989617571883997, 35.129256665748663 ], [ 127.989542824526637, 35.129054634630712 ], [ 127.989442688170598, 35.128830320051129 ], [ 127.989325536498953, 35.128520327127106 ], [ 127.98928388522279, 35.128387659428007 ], [ 127.989264532380247, 35.128299016049574 ], [ 127.989264404522686, 35.128228175164985 ], [ 127.989261749322992, 35.128167017024644 ], [ 127.989260854677482, 35.128092547637998 ], [ 127.98927123747491, 35.127914120360046 ], [ 127.989377056952932, 35.127241505703815 ], [ 127.989409702368818, 35.126977951511563 ], [ 127.989527774765776, 35.126730332280403 ], [ 127.990522271446665, 35.125146353541552 ], [ 127.990768580470657, 35.124770016806643 ], [ 127.990959659391478, 35.124541980755183 ], [ 127.991321346147842, 35.124158969621469 ], [ 127.991556569993136, 35.123825897843425 ] ] ] } },
{ "type": "Feature", "properties": { "fid": 472, "UserID": null, "number": "곤명207", "UMD": null, "NUM": "207", "GUBUN": "리도", "Opened": "미확장", "차선": "1", "도로폭": "3", "변경여부": null, "비고": null, "기존": "미확장", "기타": null, "종점": null, "기점": null, "구분": null, "정비사항": null, "연장": "3.7" }, "geometry": { "type": "MultiLineString", "coordinates": [ [ [ 127.995625198226378, 35.14737328568404 ], [ 127.995524283192253, 35.147400334478249 ], [ 127.995415304057204, 35.147438374274351 ], [ 127.995275884650539, 35.147499440367099 ], [ 127.995205112435201, 35.147530995730932 ], [ 127.995104125968425, 35.14756067300587 ], [ 127.994873460427058, 35.147601244692275 ], [ 127.994720982556814, 35.147600456680237 ], [ 127.994156445651967, 35.14766705323332 ], [ 127.994016904129509, 35.147688267792404 ], [ 127.993975763964087, 35.147700345610268 ], [ 127.99389827498058, 35.147721963950545 ], [ 127.993833968171444, 35.147744478742588 ], [ 127.993753390592332, 35.147780151814828 ], [ 127.993723432692349, 35.147798875230222 ], [ 127.993660489480646, 35.147835542056484 ], [ 127.993577137791647, 35.147903705237823 ], [ 127.993495635499457, 35.147988693346825 ], [ 127.99346600528618, 35.148031556480881 ], [ 127.993422305855319, 35.14808826071404 ], [ 127.993361938967254, 35.148204964736742 ], [ 127.993274353490733, 35.148370794147986 ], [ 127.993200143435899, 35.148514875155534 ], [ 127.993141421811828, 35.148614221542367 ], [ 127.993110848756189, 35.148660145346746 ], [ 127.993081818454982, 35.14870207790505 ], [ 127.993052768519604, 35.14873344505547 ], [ 127.992982235660364, 35.148799303696137 ], [ 127.992937222315945, 35.148834855226639 ], [ 127.992854349607242, 35.148910495641076 ], [ 127.992702106256715, 35.149025034847178 ], [ 127.99256468283393, 35.149138014434108 ], [ 127.992424772604153, 35.149244013551851 ], [ 127.992271729301322, 35.149366173241511 ], [ 127.992210972868534, 35.149407906236121 ], [ 127.992182817262844, 35.14943611702455 ], [ 127.992130690064158, 35.149475371633002 ], [ 127.992094245431275, 35.149511003229087 ], [ 127.992018255287462, 35.149585923673975 ], [ 127.991946131423362, 35.149668053931315 ], [ 127.991846713850151, 35.14978613138635 ], [ 127.991729784323837, 35.149940182137819 ], [ 127.991674363982227, 35.150056731997473 ], [ 127.99165237924737, 35.150216813363478 ], [ 127.99167370386003, 35.150579815789833 ], [ 127.991615130113587, 35.15077505078753 ], [ 127.991544443298437, 35.150946248711691 ], [ 127.991455973852339, 35.151103806117419 ], [ 127.991356487732105, 35.151223789770668 ], [ 127.991229086312885, 35.151359633068893 ], [ 127.991106303620811, 35.15145240187298 ], [ 127.99096791323926, 35.151544527773176 ], [ 127.990786951092034, 35.151639525045034 ], [ 127.990448309471532, 35.151797953563062 ], [ 127.99026827411862, 35.15187102080678 ], [ 127.99011735079587, 35.151902109231706 ], [ 127.989797706574237, 35.151913745660927 ], [ 127.989492264557569, 35.151915835290538 ], [ 127.989255232911702, 35.151886620641619 ], [ 127.989014397426232, 35.151841190440791 ], [ 127.988562244620041, 35.151740966045928 ], [ 127.988313687614166, 35.151677864029175 ], [ 127.988117832691117, 35.151577185901218 ], [ 127.987992566485843, 35.151483348075836 ], [ 127.98787831961576, 35.151405039841968 ], [ 127.987788605752243, 35.151354286115506 ], [ 127.987634798576963, 35.151312137879522 ], [ 127.987493761829654, 35.151285584193893 ], [ 127.987434244221859, 35.151275790260122 ], [ 127.987362517208979, 35.15123870464911 ], [ 127.987320238305315, 35.151196396709537 ], [ 127.987295837314647, 35.151102414966992 ], [ 127.98731512881379, 35.151016629808431 ], [ 127.987371615948859, 35.150921132663214 ], [ 127.987644206891474, 35.15053343900113 ], [ 127.98786009524305, 35.150221522147987 ], [ 127.987884286860563, 35.150144341592402 ], [ 127.987864260953188, 35.150064507600192 ], [ 127.987799109297214, 35.149963978684141 ], [ 127.987733707946887, 35.149929833757362 ], [ 127.987546875063202, 35.149918248267362 ], [ 127.987413041584531, 35.149964861300163 ], [ 127.987297676275489, 35.150021142767898 ], [ 127.987160892563864, 35.15008876492432 ], [ 127.986877335213507, 35.150277901290664 ], [ 127.986523581663263, 35.150556188460484 ], [ 127.986391646082026, 35.150643958460307 ], [ 127.986302812777353, 35.150659302476804 ], [ 127.98621343800059, 35.150642482845427 ], [ 127.986167071403713, 35.150610422147111 ], [ 127.986090100565391, 35.150507391324879 ], [ 127.985966411222037, 35.15031066112234 ], [ 127.985912063673396, 35.15027871290161 ], [ 127.985841910656234, 35.150276348122524 ], [ 127.985770031946018, 35.150296439635817 ], [ 127.985702221353222, 35.150339115956996 ], [ 127.985589686468472, 35.150411230319662 ], [ 127.985445700162359, 35.150460441332882 ], [ 127.985274056336621, 35.150476630219799 ], [ 127.985053713960994, 35.150473690743198 ], [ 127.984892869678163, 35.150458659418028 ], [ 127.984829075861384, 35.150453563524565 ], [ 127.984710298746833, 35.150404679923007 ], [ 127.984633106645404, 35.150360705852634 ], [ 127.984578435496445, 35.150291837085206 ], [ 127.98452881217203, 35.150206220396619 ], [ 127.984475780423509, 35.150062942317689 ], [ 127.984426973860138, 35.149969039049545 ], [ 127.984355618223901, 35.149902310470566 ], [ 127.984384805319436, 35.149811044049208 ], [ 127.98442451400129, 35.14972046218994 ], [ 127.984521680853831, 35.149497805153203 ], [ 127.984558932856601, 35.149404624163331 ], [ 127.984618506796366, 35.149302509154822 ], [ 127.984771392381376, 35.149064357135877 ], [ 127.984887110822143, 35.148912545737808 ], [ 127.985050673805347, 35.148708687908844 ], [ 127.985141293406343, 35.14856578704466 ], [ 127.985200467872829, 35.148452265833832 ], [ 127.985293809256433, 35.148133802904397 ], [ 127.985321004301028, 35.147956164981565 ], [ 127.985369361599865, 35.147416131513125 ], [ 127.985395792344733, 35.147076583465626 ], [ 127.98539109055433, 35.147008134035318 ], [ 127.985375454847699, 35.146925910918512 ], [ 127.985335062010435, 35.146825237527203 ], [ 127.985261244091021, 35.146733405148005 ], [ 127.985076077425902, 35.14644224977966 ], [ 127.98508321685874, 35.146314610978607 ], [ 127.985148027927636, 35.146237623232167 ], [ 127.985251730721146, 35.14615868127968 ], [ 127.985579918646181, 35.145887793052694 ], [ 127.985790268228541, 35.145716250964568 ], [ 127.98591535592611, 35.145703617358066 ], [ 127.985987304042979, 35.145722462991536 ], [ 127.986039310765619, 35.145782187493992 ], [ 127.986062510175756, 35.145926042945064 ], [ 127.986101317623351, 35.146154401532414 ], [ 127.986183067458342, 35.146278224546272 ], [ 127.986273966585429, 35.146335994472309 ], [ 127.986373533505542, 35.146366472934147 ], [ 127.98647377992107, 35.146342228990356 ], [ 127.986569068771203, 35.146270056426182 ], [ 127.986682145380371, 35.146106819384755 ], [ 127.986914132095649, 35.145757590458807 ], [ 127.986973502288123, 35.145671434818503 ], [ 127.987035195617935, 35.145621783945664 ], [ 127.987230049434359, 35.145580088659777 ], [ 127.987369412435712, 35.145535648346929 ], [ 127.987668135088171, 35.145401327842229 ], [ 127.987729771250898, 35.145356236799152 ], [ 127.987884850760807, 35.145163705606841 ], [ 127.988029475905151, 35.14491863906904 ], [ 127.988089239978635, 35.144800561459562 ], [ 127.988173930608554, 35.144687252926339 ], [ 127.988219842990347, 35.144566779080698 ], [ 127.988292038207078, 35.144341629551413 ], [ 127.988378253769469, 35.144105195506121 ], [ 127.988475233367424, 35.143896215392907 ], [ 127.988531994139151, 35.1437963551111 ], [ 127.988619430724725, 35.143685349522649 ], [ 127.988757030605157, 35.143558800748579 ], [ 127.989031551454374, 35.143360425098074 ], [ 127.989188694150101, 35.143224917748526 ], [ 127.98928731736558, 35.143107164094225 ], [ 127.989375147323955, 35.142964236515347 ], [ 127.989463033414651, 35.142816748663606 ], [ 127.989571111153097, 35.142642727247264 ], [ 127.989638578894613, 35.142540013546565 ], [ 127.989753890553601, 35.142380958547385 ], [ 127.989849380585142, 35.142249243920674 ], [ 127.989935208800389, 35.142193071727768 ], [ 127.989979138622644, 35.142164320819973 ], [ 127.990182987095793, 35.142067967679012 ], [ 127.99031996147572, 35.14199157923634 ], [ 127.990437758572213, 35.141894507610523 ], [ 127.990507915361619, 35.141833523823877 ], [ 127.990509381335201, 35.141714958547652 ], [ 127.990490852758398, 35.14164183319852 ], [ 127.990408311343387, 35.141581855806592 ], [ 127.990303563557831, 35.141521693068086 ], [ 127.990172809075347, 35.141450536180415 ], [ 127.989965110904535, 35.141349142246604 ], [ 127.989506179678401, 35.141125099413117 ], [ 127.988973867142519, 35.140844732350757 ], [ 127.988863089780807, 35.140823283721808 ], [ 127.988641394024796, 35.140791786665403 ], [ 127.98844737154522, 35.140767361548598 ], [ 127.988114560028663, 35.140741775631142 ], [ 127.987823187614168, 35.140732497781094 ], [ 127.987687259080388, 35.140724519718532 ], [ 127.987537621309258, 35.140702744782956 ], [ 127.987424153598297, 35.140674431323795 ], [ 127.987349575156088, 35.140644162870657 ], [ 127.987250495551635, 35.1405749236012 ], [ 127.987080490570236, 35.140404755784182 ], [ 127.986651344559832, 35.13986528376897 ], [ 127.986462902645783, 35.139615148919276 ], [ 127.985595220860915, 35.139161807579846 ], [ 127.984482925309408, 35.138604212669058 ], [ 127.98437715494768, 35.138452416334403 ], [ 127.9844227461831, 35.138314914638769 ], [ 127.984670248204779, 35.137942907850629 ], [ 127.985073814226368, 35.137975851178652 ] ] ] } },
{ "type": "Feature", "properties": { "fid": 473, "UserID": null, "number": "곤명301", "UMD": null, "NUM": "301", "GUBUN": "농도", "Opened": "미확장", "차선": "1", "도로폭": "2.5", "변경여부": null, "비고": null, "기존": "미확장", "기타": null, "종점": null, "기점": null, "구분": null, "정비사항": null, "연장": "0.1" }, "geometry": { "type": "MultiLineString", "coordinates": [ [ [ 127.919863105736951, 35.123799008502068 ], [ 127.919824113799578, 35.123799892532425 ], [ 127.919756639878045, 35.123800521991392 ], [ 127.919672571529375, 35.123809005095779 ], [ 127.919609570294313, 35.123811520973021 ], [ 127.919528767442756, 35.123816767678562 ], [ 127.919467306374116, 35.123816219725775 ], [ 127.919410309862911, 35.123818173954199 ], [ 127.919333801127394, 35.123821800108004 ], [ 127.919298621646718, 35.123826124141246 ], [ 127.919130476315644, 35.123838443748106 ], [ 127.918906357477994, 35.123853740422845 ], [ 127.918737007736922, 35.123834758957869 ], [ 127.918394882586341, 35.123805506415536 ], [ 127.918137481121377, 35.123790086347611 ], [ 127.917918642004651, 35.123757003395944 ], [ 127.917735361526326, 35.123752601269942 ], [ 127.917480769494162, 35.12367346748848 ], [ 127.917286659440393, 35.123645986282369 ], [ 127.91711760251161, 35.123653055758638 ], [ 127.916917224521924, 35.123695102530448 ], [ 127.916819673023895, 35.123794272124769 ], [ 127.916763947741259, 35.123852594602674 ] ] ] } },
{ "type": "Feature", "properties": { "fid": 474, "UserID": null, "number": "곤명301", "UMD": null, "NUM": "301", "GUBUN": "농도", "Opened": "현황도로", "차선": "1", "도로폭": "5", "변경여부": null, "비고": null, "기존": "현황도로", "기타": null, "종점": null, "기점": null, "구분": null, "정비사항": null, "연장": "1.4" }, "geometry": { "type": "MultiLineString", "coordinates": [ [ [ 127.934773308706411, 35.124738334343974 ], [ 127.934715991943605, 35.124722156588689 ], [ 127.934659119675672, 35.12470007401042 ], [ 127.934556428044118, 35.124663833506901 ], [ 127.934496616382816, 35.124643095944954 ], [ 127.93436288608271, 35.124585307617785 ], [ 127.934225935814723, 35.124528948441117 ], [ 127.934051862551669, 35.124457378585589 ], [ 127.93397548074114, 35.124427587775415 ], [ 127.933876569600741, 35.124381716851808 ], [ 127.933753283704377, 35.124333356918378 ], [ 127.933659674811082, 35.124299216255878 ], [ 127.933562425919973, 35.124269926703718 ], [ 127.933473721104775, 35.124245064992941 ], [ 127.933394547136672, 35.12423751702682 ], [ 127.933286289855161, 35.124220462526651 ], [ 127.933222120503174, 35.124204773761655 ], [ 127.933156056014681, 35.124183637943688 ], [ 127.9330924254173, 35.124168003780703 ], [ 127.933046878730252, 35.124159308563435 ], [ 127.932991011974892, 35.124156076239565 ], [ 127.932925164339224, 35.124150358093047 ], [ 127.932854100362732, 35.12414662090783 ], [ 127.932780640097548, 35.124148714528332 ], [ 127.932703821104369, 35.124152492018446 ], [ 127.932602195011484, 35.124157451035337 ], [ 127.932537096583616, 35.124158247913819 ], [ 127.932441073949818, 35.12416288307854 ], [ 127.932368655165064, 35.124163295707426 ], [ 127.932308976148974, 35.12416448276398 ], [ 127.932250153577812, 35.124163964537416 ], [ 127.932219690355041, 35.124164381265039 ], [ 127.932183404842945, 35.124163376446809 ], [ 127.932152170120332, 35.124158990522211 ], [ 127.932117524428335, 35.124150395859239 ], [ 127.932083014429182, 35.124141184526152 ], [ 127.932033235372344, 35.1241191632257 ], [ 127.931992552382496, 35.124103388833511 ], [ 127.931853413436954, 35.124037608806567 ], [ 127.931705437396062, 35.123962993259312 ], [ 127.931539787610404, 35.123884972950307 ], [ 127.931485203985872, 35.123872981298732 ], [ 127.931427133688615, 35.123872469306953 ], [ 127.931350946995451, 35.123878922650675 ], [ 127.931300771841364, 35.12388725016185 ], [ 127.9311573521111, 35.123911243287587 ], [ 127.931019527989775, 35.123934693399612 ], [ 127.930943113679461, 35.123944488943735 ], [ 127.930855616625152, 35.123948102420719 ], [ 127.930768772215416, 35.123952817228954 ], [ 127.930637133211789, 35.12394375245723 ], [ 127.930486478319665, 35.123967335789807 ], [ 127.930412250909214, 35.12397709482179 ], [ 127.930322048583363, 35.123983424516005 ], [ 127.930184121729752, 35.12398774697585 ], [ 127.930116032073357, 35.123987694422667 ], [ 127.930048645233725, 35.123984906864365 ], [ 127.930009371211682, 35.123976338003942 ], [ 127.929939578700797, 35.123953249469459 ], [ 127.929871216415094, 35.12392304703247 ], [ 127.929763199529361, 35.123881319585877 ], [ 127.92965098333201, 35.123835382523602 ], [ 127.929597886080316, 35.123811892727645 ], [ 127.929533885964929, 35.123805297988262 ], [ 127.92946653516077, 35.123799769947937 ], [ 127.92934464569062, 35.123778961358411 ], [ 127.929147498025088, 35.123725595668922 ], [ 127.929069696318521, 35.123702435175254 ], [ 127.92900376000442, 35.123690890603577 ], [ 127.928905087847028, 35.123681248654286 ], [ 127.928793852905272, 35.123687381620996 ], [ 127.928679699230244, 35.123687468232291 ], [ 127.9285287848205, 35.123691067244707 ], [ 127.928467666582662, 35.123689980457847 ], [ 127.928328149960237, 35.123689843184607 ], [ 127.928206667941609, 35.123688768912352 ], [ 127.928076955518677, 35.123682669170186 ], [ 127.927962019983951, 35.123691518827961 ], [ 127.927832450816965, 35.123696402111456 ], [ 127.927699565326336, 35.123699611073029 ], [ 127.927582318008461, 35.123696917012374 ], [ 127.927511702958824, 35.123685877354411 ], [ 127.927445808496017, 35.12367104331824 ], [ 127.927370548908101, 35.123657770508927 ], [ 127.927268059030297, 35.123633842541125 ], [ 127.927205409099102, 35.123626162195734 ], [ 127.927141955651166, 35.123628889489943 ], [ 127.927058995598571, 35.123642953787645 ], [ 127.926934828683997, 35.123663782450571 ], [ 127.926809823480099, 35.123676927174969 ], [ 127.926720309820666, 35.123681615445413 ], [ 127.926617496539109, 35.123682349053183 ], [ 127.926492462895638, 35.123673570073578 ], [ 127.926381661538088, 35.123672588577392 ], [ 127.926201268292587, 35.123669338632993 ], [ 127.926075833437622, 35.123664390395462 ], [ 127.925962257192239, 35.123657882169894 ], [ 127.925872175776831, 35.123654891169025 ], [ 127.925756709864558, 35.123653319942342 ], [ 127.925638522688701, 35.123655560595395 ], [ 127.925422425773959, 35.123663029781575 ], [ 127.925209319788962, 35.123674843160359 ], [ 127.925024721944993, 35.123672658133991 ], [ 127.92488656100727, 35.123670884081704 ], [ 127.924726380718056, 35.123668366694147 ], [ 127.924583770354729, 35.123674256943268 ], [ 127.924416851020069, 35.123676612482861 ], [ 127.924298642183516, 35.123680496476517 ], [ 127.924192763929128, 35.123689451376144 ], [ 127.924039607662195, 35.123711113286987 ], [ 127.92387175138596, 35.123714574808631 ], [ 127.923750786584577, 35.123725011077703 ], [ 127.923617145984494, 35.123734786829111 ], [ 127.923465861902301, 35.123740019008928 ], [ 127.923272815747112, 35.123749266684214 ], [ 127.923134858520868, 35.1237634096722 ], [ 127.922949751320104, 35.123778208324701 ], [ 127.922809508515115, 35.123782442864339 ], [ 127.922673466216992, 35.123796660594692 ], [ 127.922570638409226, 35.123798486966407 ], [ 127.922455221461959, 35.123793075528923 ], [ 127.922355825370886, 35.123787807131251 ], [ 127.922294431882293, 35.123786164884635 ], [ 127.922171735949433, 35.123796614691635 ], [ 127.921988679987663, 35.123807593311021 ], [ 127.921827644864763, 35.123819315375286 ], [ 127.921680169855847, 35.123835151398161 ], [ 127.921607478706207, 35.123839767128985 ], [ 127.921547650482353, 35.123840988470626 ], [ 127.921422548172544, 35.123851276029022 ], [ 127.921220540238181, 35.12386175612918 ], [ 127.921132759009936, 35.123876760207594 ], [ 127.921070081354017, 35.123881584026329 ], [ 127.920998516028135, 35.12388182409827 ], [ 127.920897036579646, 35.123882674287387 ], [ 127.920791377439429, 35.123876471638667 ], [ 127.9206496040985, 35.123855038309891 ], [ 127.920611332163475, 35.123841542203813 ], [ 127.920538837663955, 35.123831250082091 ], [ 127.920401336699484, 35.12380985451729 ], [ 127.920315909867412, 35.123808216304219 ], [ 127.920241049383009, 35.123815442106945 ], [ 127.920181092335298, 35.123826308764336 ], [ 127.920113183306384, 35.123831927313489 ], [ 127.920059761904, 35.123833205007195 ], [ 127.919993560063631, 35.123831738568825 ], [ 127.919946759685331, 35.123821912216798 ], [ 127.919884010335409, 35.123805349784952 ], [ 127.919863105736951, 35.123799008502068 ] ] ] } },
{ "type": "Feature", "properties": { "fid": 475, "UserID": null, "number": "곤명303", "UMD": null, "NUM": "303", "GUBUN": "농도", "Opened": "미확장", "차선": "1", "도로폭": "2", "변경여부": null, "비고": null, "기존": "미확장", "기타": null, "종점": null, "기점": null, "구분": "선형변경", "정비사항": "초량마을 내 미개설 구간 삭제(지방도와 중용구간)", "연장": "0.6" }, "geometry": { "type": "MultiLineString", "coordinates": [ [ [ 127.909647610644328, 35.107699044272216 ], [ 127.909276658180119, 35.108129613286884 ], [ 127.909084340403439, 35.108579540972904 ], [ 127.908897657825648, 35.10867917341303 ], [ 127.908417513982911, 35.109208969401209 ], [ 127.908068532822881, 35.109729067107914 ], [ 127.907681000758927, 35.110180454749106 ], [ 127.90704716446588, 35.110947624066597 ], [ 127.906786398923359, 35.111284213976298 ], [ 127.906549830738257, 35.111910412759826 ], [ 127.906222540745546, 35.112306147001505 ], [ 127.906145222091141, 35.112527517689038 ] ] ] } },
{ "type": "Feature", "properties": { "fid": 476, "UserID": null, "number": "곤명303", "UMD": null, "NUM": "303", "GUBUN": "농도", "Opened": "미개설", "차선": null, "도로폭": null, "변경여부": null, "비고": null, "기존": "미개설", "기타": null, "종점": null, "기점": null, "구분": "선형변경", "정비사항": "초량마을 내 미개설 구간 삭제(지방도와 중용구간)", "연장": "0.7" }, "geometry": { "type": "MultiLineString", "coordinates": [ [ [ 127.931609716197087, 35.112946048502842 ], [ 127.930302885037051, 35.112748490865719 ], [ 127.927796568430352, 35.111988555463988 ], [ 127.926157280722038, 35.111076523929917 ], [ 127.925612568165192, 35.110234440159402 ], [ 127.925657057460015, 35.109664535283358 ], [ 127.925827043955081, 35.109378550851162 ] ] ] } },
{ "type": "Feature", "properties": { "fid": 477, "UserID": null, "number": "곤명309", "UMD": null, "NUM": "309", "GUBUN": "농도", "Opened": "현황도로", "차선": "1", "도로폭": "5", "변경여부": "변경", "비고": "미확장- 현황도로", "기존": "미확장", "기타": null, "종점": null, "기점": null, "구분": null, "정비사항": null, "연장": "0.4" }, "geometry": { "type": "MultiLineString", "coordinates": [ [ [ 127.963975854490215, 35.127383891497253 ], [ 127.96402741445192, 35.127357883803462 ], [ 127.964180911691443, 35.1273318792529 ], [ 127.964260249685964, 35.127323018192506 ], [ 127.964337195226577, 35.12733005091868 ], [ 127.964394409360594, 35.127350197114815 ], [ 127.964516557260993, 35.127400403089887 ], [ 127.964553747651834, 35.127406177928286 ], [ 127.964636365502258, 35.127396260856592 ], [ 127.964708510510846, 35.127361909588423 ], [ 127.964774178721299, 35.127327946035273 ], [ 127.964820080592617, 35.12732214118757 ], [ 127.964858570658478, 35.127328036766528 ], [ 127.964931752029599, 35.12734740086082 ], [ 127.964938868762957, 35.127348747759363 ], [ 127.965023575836469, 35.127364779213082 ], [ 127.965203180705402, 35.127386990970564 ], [ 127.96561667130031, 35.127453265680082 ], [ 127.965920139895204, 35.127517126275734 ], [ 127.966024824607516, 35.127545274225611 ], [ 127.966081729182136, 35.127567726615432 ], [ 127.966112750938862, 35.127603304003024 ], [ 127.966128586610552, 35.127637030205932 ], [ 127.966153426283029, 35.127664807530344 ], [ 127.966201970373945, 35.127694683436872 ], [ 127.966382947570054, 35.127786767767574 ], [ 127.96655426789107, 35.12788814133576 ], [ 127.966616123792306, 35.127933890583677 ], [ 127.966642020120702, 35.127948875724208 ], [ 127.966724907693319, 35.127967681683522 ], [ 127.966798574100409, 35.127989545425322 ], [ 127.966841734390542, 35.127998685839678 ], [ 127.966888950319088, 35.128023547081774 ], [ 127.967205162888675, 35.128282809773438 ], [ 127.967469579825448, 35.128510323962551 ], [ 127.967505652016214, 35.12853317422757 ], [ 127.967958993354799, 35.129002340534186 ], [ 127.968024504873028, 35.129057217526864 ] ] ] } },
{ "type": "Feature", "properties": { "fid": 478, "UserID": null, "number": "곤명309", "UMD": null, "NUM": "309", "GUBUN": "농도", "Opened": "미확장", "차선": "1", "도로폭": "2.5", "변경여부": null, "비고": null, "기존": "미확장", "기타": null, "종점": null, "기점": null, "구분": null, "정비사항": null, "연장": "0.1" }, "geometry": { "type": "MultiLineString", "coordinates": [ [ [ 127.968024504873028, 35.129057217526864 ], [ 127.967662406427863, 35.129231940584781 ], [ 127.96751111412182, 35.129456441935325 ], [ 127.967488742435648, 35.129608769603443 ] ] ] } },
{ "type": "Feature", "properties": { "fid": 479, "UserID": null, "number": "곤명309", "UMD": null, "NUM": "309", "GUBUN": "농도", "Opened": "미개설", "차선": null, "도로폭": null, "변경여부": null, "비고": null, "기존": "미개설", "기타": null, "종점": null, "기점": null, "구분": null, "정비사항": null, "연장": "0.1" }, "geometry": { "type": "MultiLineString", "coordinates": [ [ [ 127.967488742435648, 35.129608769603443 ], [ 127.967378655793368, 35.130106445800408 ] ] ] } },
{ "type": "Feature", "properties": { "fid": 480, "UserID": null, "number": "서포101", "UMD": null, "NUM": "101", "GUBUN": "면도", "Opened": "현황도로", "차선": "2", "도로폭": "8", "변경여부": null, "비고": null, "기존": "현황도로", "기타": null, "종점": null, "기점": null, "구분": null, "정비사항": null, "연장": "1" }, "geometry": { "type": "MultiLineString", "coordinates": [ [ [ 127.949307316679111, 35.027687533196165 ], [ 127.949325092767623, 35.02759598242806 ], [ 127.949310598054552, 35.027457548627758 ], [ 127.949272960657098, 35.027271067100379 ], [ 127.949199064682318, 35.026913602616496 ], [ 127.94919319614992, 35.026849463827553 ], [ 127.949191956417508, 35.026768253085692 ], [ 127.949205656809781, 35.026707160034348 ], [ 127.949227749994563, 35.026667215936456 ], [ 127.949263701537859, 35.026622724477484 ], [ 127.949309404866469, 35.0265633827252 ], [ 127.949393426957883, 35.026498870501825 ], [ 127.94949570347184, 35.026427442751526 ], [ 127.949590053220163, 35.026368347287303 ], [ 127.949642073173791, 35.026325107734394 ], [ 127.949700262303921, 35.026261116401088 ], [ 127.949770954949088, 35.026143140129143 ], [ 127.949883372671749, 35.025917082087709 ], [ 127.949999095244721, 35.025751397469058 ], [ 127.950218374636748, 35.025466737702068 ], [ 127.95027299197568, 35.025374959938176 ], [ 127.950289865304612, 35.025309213652903 ], [ 127.950269472060299, 35.025232162016707 ], [ 127.950240286447439, 35.025116918793429 ], [ 127.950238442979057, 35.02510121021816 ], [ 127.950226077698261, 35.025041765128954 ], [ 127.950218301576911, 35.024965577067285 ], [ 127.950223847840533, 35.024786224052789 ], [ 127.950224871703426, 35.024753114632972 ], [ 127.950244175429063, 35.024544675972024 ], [ 127.95024848572497, 35.024388101086743 ], [ 127.95023507352505, 35.024198600102693 ], [ 127.950232280505062, 35.023974080704015 ], [ 127.950241151880945, 35.023912831308273 ], [ 127.950274396873425, 35.023843665266604 ], [ 127.950330282809716, 35.023719500078656 ], [ 127.950355199649991, 35.023628596279856 ], [ 127.950366696404046, 35.023525488816404 ], [ 127.950383969965173, 35.02329723696851 ], [ 127.950429996965696, 35.022639699024587 ], [ 127.950482100444518, 35.022004132334651 ], [ 127.950506505425707, 35.021828555511853 ], [ 127.950560680104147, 35.021631767361903 ], [ 127.950613935288629, 35.021501563177104 ], [ 127.95067567187256, 35.02136226260604 ], [ 127.950712812907227, 35.021251911522263 ], [ 127.950749309697571, 35.021091436321598 ], [ 127.950757684396109, 35.020907702870588 ], [ 127.950737709314481, 35.02074689955429 ], [ 127.95070915336801, 35.020629882515316 ], [ 127.9506558442759, 35.020526125143647 ], [ 127.950596959687914, 35.020451395052589 ], [ 127.950499897059203, 35.020348783363765 ], [ 127.950411659684249, 35.020259944231192 ], [ 127.950374521768168, 35.020207590646535 ], [ 127.95025900665658, 35.020009180120859 ], [ 127.95015262742649, 35.019815952726695 ], [ 127.950130904884105, 35.019732822145151 ], [ 127.950140434336191, 35.019608779411776 ], [ 127.950164282033214, 35.019507297324957 ], [ 127.950221992079548, 35.01926376215404 ], [ 127.950227398440546, 35.019136062730105 ], [ 127.950219807834202, 35.019072543481506 ], [ 127.950420301134287, 35.018809962139471 ], [ 127.950413902217733, 35.018765480480454 ] ] ] } },
{ "type": "Feature", "properties": { "fid": 481, "UserID": null, "number": "서포101", "UMD": null, "NUM": "101", "GUBUN": "면도", "Opened": "미확장", "차선": "1", "도로폭": "3", "변경여부": "변경", "비고": "현황도로-미확장", "기존": "현황도로", "기타": null, "종점": null, "기점": null, "구분": null, "정비사항": null, "연장": "0.3" }, "geometry": { "type": "MultiLineString", "coordinates": [ [ [ 127.950413902217733, 35.018765480480454 ], [ 127.950380573079926, 35.018661070931216 ], [ 127.9503696775148, 35.018609655873824 ], [ 127.950362281653042, 35.018582033776291 ], [ 127.950333881552481, 35.018556263312931 ], [ 127.950216449530132, 35.018499245616709 ], [ 127.950151358622648, 35.018464932087852 ], [ 127.950118050120722, 35.01842206351553 ], [ 127.950103567991832, 35.018399666355059 ], [ 127.95010539435053, 35.018363197484391 ], [ 127.950112212486133, 35.018335643192813 ], [ 127.950127506184103, 35.018299202674314 ], [ 127.950186783034937, 35.018193915149368 ], [ 127.950248172950538, 35.018067584421544 ], [ 127.950317491791679, 35.017868584262665 ], [ 127.950366573570619, 35.017731336808019 ], [ 127.950407535102059, 35.017650758661894 ], [ 127.950529674555412, 35.017492820903627 ], [ 127.950565547514245, 35.017453141144408 ], [ 127.95062515030763, 35.017349176580204 ], [ 127.950795811147799, 35.017058046082141 ], [ 127.950867513503297, 35.01691258751994 ], [ 127.950915095217553, 35.016675894937968 ], [ 127.950930589645168, 35.016565375973549 ], [ 127.951001777411165, 35.01637164241226 ] ] ] } },
{ "type": "Feature", "properties": { "fid": 483, "UserID": null, "number": "서포102", "UMD": null, "NUM": "102", "GUBUN": "면도", "Opened": "미개설", "차선": null, "도로폭": null, "변경여부": null, "비고": null, "기존": "미개설", "기타": null, "종점": null, "기점": null, "구분": null, "정비사항": null, "연장": "0.4" }, "geometry": { "type": "MultiLineString", "coordinates": [ [ [ 127.965361317174356, 35.010673432242591 ], [ 127.965986791024804, 35.010820510354982 ], [ 127.966300384035108, 35.011100907587462 ], [ 127.967115410973079, 35.011232412673031 ], [ 127.968288852612872, 35.01247424735822 ] ] ] } },
{ "type": "Feature", "properties": { "fid": 484, "UserID": null, "number": "서포208", "UMD": null, "NUM": "208", "GUBUN": "리도", "Opened": "미확장", "차선": "1", "도로폭": "3", "변경여부": null, "비고": null, "기존": "미확장", "기타": null, "종점": null, "기점": "선전리 684-4", "구분": null, "정비사항": null, "연장": "2.5" }, "geometry": { "type": "MultiLineString", "coordinates": [ [ [ 127.975581407608431, 34.997602123356806 ], [ 127.975629958189728, 34.99761494958895 ], [ 127.975752251572686, 34.997564277581695 ], [ 127.975863282162152, 34.997526263594068 ], [ 127.97599927013141, 34.997513167813885 ], [ 127.97609494660135, 34.997501463459052 ], [ 127.976157703050973, 34.997470791842005 ], [ 127.976262286987534, 34.997385423160488 ], [ 127.97641092046284, 34.997282928965831 ], [ 127.976517441687619, 34.997196992369673 ], [ 127.976597568554965, 34.997130749551388 ], [ 127.976690742228357, 34.997029247477066 ], [ 127.976769085176173, 34.99695639241893 ], [ 127.976875237167761, 34.996858414345759 ], [ 127.976970111516508, 34.996770418381686 ], [ 127.977065853733677, 34.996704491862324 ], [ 127.977358552277693, 34.996548931825323 ], [ 127.977396897814515, 34.996530628278734 ], [ 127.977482375096145, 34.996516763025966 ], [ 127.977620577567293, 34.996507107155331 ], [ 127.977725826042686, 34.996491338148111 ], [ 127.977815968543297, 34.996466021178414 ], [ 127.977890725217051, 34.996427966689936 ], [ 127.977944649010951, 34.996397474754403 ], [ 127.978004500857537, 34.996367245909056 ], [ 127.978101787708994, 34.996341507826401 ], [ 127.978212307639012, 34.99632283548172 ], [ 127.978307707551863, 34.996319699328126 ], [ 127.978375509879527, 34.996346131935496 ], [ 127.978548958557667, 34.99646632719098 ], [ 127.978615156793992, 34.996498972470384 ], [ 127.978668266052594, 34.996510641473229 ], [ 127.978764306132135, 34.996508865803342 ], [ 127.978888697509333, 34.996515371067858 ], [ 127.978967621274307, 34.996530204019976 ], [ 127.979026158417796, 34.996549318499291 ], [ 127.97904204232789, 34.996562412707092 ], [ 127.979068542890388, 34.996598139263085 ], [ 127.979101041605432, 34.996633582997028 ], [ 127.979157776788483, 34.996687509618702 ], [ 127.979205646904688, 34.99672700509629 ], [ 127.979256513792109, 34.996741971854924 ], [ 127.979396678210236, 34.996737670163476 ], [ 127.979592603030824, 34.996730287311081 ], [ 127.979619764502246, 34.996729588396242 ], [ 127.979648205333575, 34.996731297005077 ], [ 127.9797151950726, 34.996732626897305 ], [ 127.979792087785086, 34.996750158168609 ], [ 127.979943066479279, 34.996791325335707 ], [ 127.980001079390718, 34.996820141462869 ], [ 127.980034904384837, 34.996851765293997 ], [ 127.980089967426906, 34.996935384900361 ], [ 127.980112280184841, 34.996960872945721 ], [ 127.980139348564492, 34.996991290375718 ], [ 127.980183856360043, 34.997014181048122 ], [ 127.98038626285387, 34.997083759227223 ], [ 127.980376716700121, 34.997140907423002 ], [ 127.980378329317602, 34.997243780079778 ], [ 127.980394942346308, 34.997327806567036 ], [ 127.98041497563274, 34.99737660697275 ], [ 127.980440800327671, 34.997408614069101 ], [ 127.980486568358415, 34.997438800784444 ], [ 127.980531870658666, 34.997458787259966 ], [ 127.980624490152124, 34.997483110780685 ], [ 127.980755438467995, 34.997525258906684 ], [ 127.981021694356329, 34.997618560268933 ], [ 127.981200016022456, 34.997680676340089 ], [ 127.981261483061658, 34.997690524678212 ], [ 127.981385152894646, 34.997700421353919 ], [ 127.981511633804217, 34.997690370197802 ], [ 127.98165366223833, 34.997675663913434 ], [ 127.981735018347138, 34.99766473323119 ], [ 127.981813974622426, 34.997639645420506 ], [ 127.981908011981702, 34.997602225002247 ], [ 127.98201998035934, 34.997559787071097 ], [ 127.982159638181898, 34.997518546244208 ], [ 127.982222107559934, 34.99749212898756 ], [ 127.982301723016946, 34.997426624433523 ], [ 127.982355073783509, 34.997363800162809 ], [ 127.982414494401937, 34.997405344973181 ], [ 127.982435718580135, 34.997424171644496 ], [ 127.982451156593058, 34.997452945493372 ], [ 127.982448605701208, 34.997495259547833 ], [ 127.982359673532955, 34.997693337397308 ], [ 127.982350061199426, 34.997738016747086 ], [ 127.982340590005961, 34.997820787480258 ], [ 127.982336335225611, 34.997954590231025 ], [ 127.98232052605934, 34.998025545399202 ], [ 127.982277487506664, 34.998152091324222 ], [ 127.982274871361341, 34.998204959393298 ], [ 127.982288696356022, 34.998291395811179 ], [ 127.982322330146715, 34.998402172185919 ], [ 127.982360908566463, 34.998479893229856 ], [ 127.982419633199683, 34.998555629194939 ], [ 127.982492802809901, 34.998719951891609 ], [ 127.98255555500117, 34.998824257695425 ], [ 127.986191189045158, 34.996159249899392 ], [ 127.986207644883436, 34.9961172478788 ], [ 127.986018092754122, 34.995867577706569 ], [ 127.987076010089069, 34.995342603921031 ], [ 127.988396046894024, 34.994756173584975 ], [ 127.988681842741698, 34.994723317268949 ], [ 127.991136035864486, 34.993611238901636 ], [ 127.992184527807666, 34.993013028305704 ], [ 127.992173017608607, 34.992761912423148 ], [ 127.992212968943889, 34.992559222309303 ], [ 127.992353400529211, 34.99225104002015 ], [ 127.992565197923767, 34.992235352390615 ], [ 127.992887301694537, 34.992225740313827 ], [ 127.993140564879724, 34.992132953931652 ], [ 127.993333465563765, 34.991956924304048 ], [ 127.993459885770676, 34.991893087310345 ], [ 127.995266068868048, 34.993999620673158 ] ] ] } },
{ "type": "Feature", "properties": { "fid": 489, "UserID": null, "number": "서포208", "UMD": null, "NUM": "208", "GUBUN": "리도", "Opened": "미개설", "차선": null, "도로폭": null, "변경여부": null, "비고": null, "기존": "미개설", "기타": null, "종점": null, "기점": "선전리 684-4", "구분": null, "정비사항": null, "연장": "1.6" }, "geometry": { "type": "MultiLineString", "coordinates": [ [ [ 128.006954314879778, 34.990980301707452 ], [ 128.006983087681562, 34.99107950019296 ], [ 128.007134700360922, 34.991256182641216 ], [ 128.007315552261872, 34.991310506488816 ], [ 128.007509360684821, 34.991211205547806 ], [ 128.007614523075205, 34.991489454522885 ], [ 128.007975088457584, 34.993579874188711 ], [ 128.008073834484094, 34.993680235834027 ], [ 128.008067066927595, 34.993819852867311 ], [ 128.0080343924771, 34.993921305798963 ], [ 128.007912648010688, 34.994020009269398 ], [ 128.007832741177111, 34.994073008010794 ], [ 128.007753988949901, 34.994220200675116 ], [ 128.007663116914699, 34.994416340181793 ], [ 128.007397829706036, 34.994565080871517 ], [ 128.007257365729942, 34.994866302230108 ], [ 128.00725740102385, 34.995215203981694 ], [ 128.007412971312647, 34.995454655418222 ], [ 128.007373312874677, 34.995678281820126 ], [ 128.007294088099798, 34.995787098870188 ], [ 128.007397503060474, 34.995922312470903 ], [ 128.007453557053481, 34.995998605712707 ], [ 128.008959218005174, 34.996729261517508 ], [ 128.009277738175598, 34.996426558011301 ], [ 128.009472624182763, 34.995896351122383 ], [ 128.009689584890197, 34.995610191640495 ], [ 128.010039915414751, 34.99530896605912 ], [ 128.010243296830538, 34.994953138189501 ], [ 128.010367759814642, 34.994903256052687 ], [ 128.010561854766252, 34.994999332948048 ], [ 128.0106091319021, 34.995051274654386 ], [ 128.010677863658429, 34.995123971831944 ], [ 128.010957151960724, 34.995079777992579 ], [ 128.011164412435107, 34.995039672528193 ], [ 128.012083927765758, 34.994651706650345 ], [ 128.012243307231302, 34.994510816996559 ], [ 128.012410133795328, 34.994286128572384 ], [ 128.012711932128497, 34.994004489699421 ], [ 128.013090896855005, 34.993791986493491 ], [ 128.013090896855005, 34.993791986493491 ], [ 128.013320854897557, 34.993873803611457 ], [ 128.01341695958746, 34.994103276585278 ], [ 128.013520081217735, 34.994214064254166 ], [ 128.014318980675256, 34.994360908344063 ], [ 128.015163430372809, 34.995449400971076 ] ] ] } },
{ "type": "Feature", "properties": { "fid": 490, "UserID": null, "number": "서포302", "UMD": null, "NUM": "302", "GUBUN": "농도", "Opened": "미개설", "차선": null, "도로폭": null, "변경여부": "변경", "비고": "미확장-미개설", "기존": "미확장", "기타": null, "종점": null, "기점": null, "구분": null, "정비사항": null, "연장": "0.5" }, "geometry": { "type": "MultiLineString", "coordinates": [ [ [ 127.938100535436789, 35.028184223819395 ], [ 127.937522850926371, 35.028417016290916 ], [ 127.937160930551698, 35.028667532932438 ], [ 127.936883395625941, 35.028879017696482 ], [ 127.936560644938979, 35.029588909352455 ], [ 127.936478929503537, 35.030300632584392 ], [ 127.936540571429106, 35.031242193745186 ], [ 127.936868571382263, 35.031735103222651 ] ] ] } },
{ "type": "Feature", "properties": { "fid": 493, "UserID": null, "number": "서포303", "UMD": null, "NUM": "303", "GUBUN": "농도", "Opened": "미확장", "차선": "1", "도로폭": "2.5", "변경여부": null, "비고": null, "기존": "미확장", "기타": null, "종점": null, "기점": null, "구분": null, "정비사항": null, "연장": "0.4" }, "geometry": { "type": "MultiLineString", "coordinates": [ [ [ 127.930644884126025, 35.032304607339903 ], [ 127.930959590696872, 35.033872254956137 ], [ 127.931132648673653, 35.034544308943907 ], [ 127.931215059243428, 35.034704171645977 ], [ 127.931208080052855, 35.034836808167753 ], [ 127.9312937201842, 35.03509433871946 ], [ 127.931334733298669, 35.03543769286491 ], [ 127.931365216380755, 35.03550723937034 ] ] ] } },
{ "type": "Feature", "properties": { "fid": 494, "UserID": null, "number": "서포306", "UMD": null, "NUM": "306", "GUBUN": "농도", "Opened": "미개설", "차선": null, "도로폭": null, "변경여부": null, "비고": null, "기존": "미개설", "기타": null, "종점": null, "기점": null, "구분": null, "정비사항": null, "연장": "0.6" }, "geometry": { "type": "MultiLineString", "coordinates": [ [ [ 127.99474710593681, 34.99517269783987 ], [ 127.994818323704791, 34.995276784971431 ], [ 127.994930471159563, 34.995434616487181 ], [ 127.995050549030267, 34.995547025565592 ], [ 127.995264352868901, 34.995871496604956 ], [ 127.995871492557967, 34.996989982922429 ], [ 127.996179423695821, 34.997908558392908 ], [ 127.996180437633086, 34.997992218277751 ], [ 127.996181942323688, 34.998028909012831 ], [ 127.995705318529289, 34.998760280808369 ], [ 127.995690912947239, 34.99879616145499 ], [ 127.99519202312355, 34.999265164922029 ], [ 127.99511832777614, 34.999482088492222 ], [ 127.995070746042941, 34.999754622302966 ], [ 127.995167571386091, 35.00008777848052 ] ] ] } },
{ "type": "Feature", "properties": { "fid": 495, "UserID": null, "number": "서포306", "UMD": null, "NUM": "306", "GUBUN": "농도", "Opened": "미확장", "차선": "1", "도로폭": "2.5", "변경여부": "변경", "비고": "미개설-미확장", "기존": "미개설", "기타": null, "종점": null, "기점": null, "구분": null, "정비사항": null, "연장": "0.4" }, "geometry": { "type": "MultiLineString", "coordinates": [ [ [ 127.995167571386091, 35.00008777848052 ], [ 127.994829926098731, 35.00025919083788 ], [ 127.994739120954037, 35.000288657048038 ], [ 127.994676310482077, 35.000292539652229 ], [ 127.994517661647564, 35.00028930949761 ], [ 127.994431087871945, 35.000301214724153 ], [ 127.994346871493775, 35.000323741719775 ], [ 127.994303216522383, 35.000347194996841 ], [ 127.994275507356647, 35.000361835284686 ], [ 127.994224876500027, 35.000409399743397 ], [ 127.994181982956448, 35.000476978596033 ], [ 127.994098212226177, 35.000575519700178 ], [ 127.994048133448118, 35.000609213470618 ], [ 127.993973322986008, 35.000629922469329 ], [ 127.993912979781214, 35.000633369579724 ], [ 127.993808737892522, 35.000640645549076 ], [ 127.993740305353896, 35.000648665268791 ], [ 127.993683303148799, 35.000663553623326 ], [ 127.993633498498141, 35.000695669333425 ], [ 127.993594071607248, 35.000734179113529 ], [ 127.993560232068617, 35.000770418479817 ], [ 127.993518066901288, 35.000836769217408 ], [ 127.993491850931846, 35.000882202558621 ], [ 127.99345857881643, 35.000984861285652 ], [ 127.993435530150037, 35.001078088422304 ], [ 127.993411005586353, 35.00115750997076 ], [ 127.993388333050447, 35.001188786637989 ], [ 127.99335817151001, 35.001224546512205 ], [ 127.993313757181724, 35.001261075832758 ], [ 127.993225859917899, 35.001309098828003 ], [ 127.993121702296989, 35.001352095309336 ], [ 127.993043907295871, 35.001374869058587 ], [ 127.992953722644344, 35.001403495467684 ], [ 127.992771588080558, 35.00148823827616 ], [ 127.992707158770429, 35.001512898033205 ], [ 127.992650927046824, 35.001523121060494 ], [ 127.992502200390689, 35.001543404548599 ], [ 127.992462111585908, 35.001554699499628 ], [ 127.992423126994851, 35.001574735398457 ], [ 127.992370867498082, 35.001613541153375 ], [ 127.992268047865423, 35.001692942020163 ], [ 127.9922203248057, 35.001730948075057 ], [ 127.992206188857296, 35.001783741144891 ] ] ] } },
{ "type": "Feature", "properties": { "fid": 496, "UserID": null, "number": "곤명202", "UMD": null, "NUM": "202", "GUBUN": "리도", "Opened": "미확장", "차선": "1", "도로폭": "4", "변경여부": null, "비고": null, "기존": "미확장", "기타": null, "종점": null, "기점": "은사리 232", "구분": "시점변경", "정비사항": "마을 주진입로를 시점으로 변경", "연장": "3" }, "geometry": { "type": "MultiLineString", "coordinates": [ [ [ 127.898042438883905, 35.13655103634715 ], [ 127.898199816209939, 35.13648071155108 ], [ 127.89805808279759, 35.136492800992542 ], [ 127.897903172637669, 35.136489312942018 ], [ 127.897832032792877, 35.136477795934049 ], [ 127.897784298451271, 35.136464798093705 ], [ 127.897663722503125, 35.13641302106155 ], [ 127.897551332297269, 35.136354203141607 ], [ 127.897455640779327, 35.136296420194398 ], [ 127.897385409357739, 35.136238791089035 ], [ 127.897295563881173, 35.136149891258427 ], [ 127.897245660759097, 35.136079661675211 ], [ 127.897209123463327, 35.135982995166543 ], [ 127.897184252474531, 35.135886969222092 ], [ 127.897151520982149, 35.135720474305408 ], [ 127.89714880897651, 35.135638557349928 ], [ 127.897144514616201, 35.135498231499383 ], [ 127.897150892432279, 35.13528044746424 ], [ 127.897155170859861, 35.13517833642608 ], [ 127.897155583479375, 35.135055356492053 ], [ 127.897153431974914, 35.134999371495539 ], [ 127.897141005504679, 35.134946460497666 ], [ 127.897083086006447, 35.134866050350041 ], [ 127.89703138553854, 35.134810092819357 ], [ 127.896940967443072, 35.134719166413426 ], [ 127.896889420759933, 35.134667881146001 ], [ 127.89680844368759, 35.134612398817858 ], [ 127.896669170625103, 35.134526930468937 ], [ 127.896617175582762, 35.134493694150677 ], [ 127.896574092185503, 35.134456573551759 ], [ 127.89646051134325, 35.134332582433927 ], [ 127.896400905758412, 35.134276783833386 ], [ 127.896329800758039, 35.134231097407714 ], [ 127.896270879314329, 35.134204701348594 ], [ 127.896175361038985, 35.134170607486944 ], [ 127.896037676135862, 35.134121410087261 ], [ 127.895829294712897, 35.134057632666519 ], [ 127.895746954119701, 35.134017954616525 ], [ 127.89570155953858, 35.133985904756862 ], [ 127.895655833965364, 35.133946002858686 ], [ 127.895617106678017, 35.133901224335489 ], [ 127.895580819336502, 35.133875265617633 ], [ 127.895533501506279, 35.133852194965975 ], [ 127.895464710742232, 35.133839072611046 ], [ 127.89542214257834, 35.133839801736912 ], [ 127.895226755628485, 35.133856807273986 ], [ 127.895034123882169, 35.133864517971503 ], [ 127.89497162158186, 35.133852011247946 ], [ 127.894890195062786, 35.13381393933112 ], [ 127.894875415276417, 35.133805711475368 ], [ 127.894836314490675, 35.133784561476702 ], [ 127.894853790871451, 35.133766602357504 ], [ 127.894869483306806, 35.133740033721068 ], [ 127.894888722509634, 35.133710500503433 ], [ 127.894927627451381, 35.133647608320608 ], [ 127.894959281115263, 35.13357808071828 ], [ 127.894992325504816, 35.133486761808868 ], [ 127.895024298662634, 35.133442924046179 ], [ 127.895051732921146, 35.133409623526404 ], [ 127.895084761033061, 35.133375141207871 ], [ 127.895136385869179, 35.133334631110998 ], [ 127.895215573336046, 35.133278353250269 ], [ 127.895287711780455, 35.133214880461779 ], [ 127.895356937902207, 35.133142408004687 ], [ 127.895424250558733, 35.13306367732244 ], [ 127.895459443629363, 35.133015111446348 ], [ 127.895472267150126, 35.132973113894508 ], [ 127.895486137465127, 35.13287384072666 ], [ 127.895498267140255, 35.132701994820884 ], [ 127.895498768591693, 35.132636853744152 ], [ 127.895493923669747, 35.132588985696636 ], [ 127.895472339407675, 35.132552805056022 ], [ 127.895420091010692, 35.132516874433449 ], [ 127.895228659510579, 35.132369561639429 ], [ 127.89513067995199, 35.132296264505335 ], [ 127.895028344223491, 35.132228652919352 ], [ 127.894961209075518, 35.132179694638815 ], [ 127.89494597859985, 35.132161250398305 ], [ 127.894930435879758, 35.132140071166013 ], [ 127.894921204785433, 35.132098131118177 ], [ 127.894924597933937, 35.131933575205558 ], [ 127.894923928966492, 35.131874077333535 ], [ 127.894945237401373, 35.131842793990437 ], [ 127.894975243743403, 35.131825140398426 ], [ 127.895060433198793, 35.131784000699412 ], [ 127.895164385857228, 35.13174860852277 ], [ 127.895301696551982, 35.131705348087962 ], [ 127.895387620172045, 35.131677669208116 ], [ 127.895449054851085, 35.131650214046559 ], [ 127.895484451079156, 35.131624548722783 ], [ 127.895510462362211, 35.13159482404 ], [ 127.895592539269728, 35.131546642868152 ] ], [ [ 127.896717751264404, 35.130886104319003 ], [ 127.897491162887391, 35.130761358294897 ], [ 127.898673348841456, 35.130576653792303 ], [ 127.898754689061462, 35.130526889829191 ], [ 127.898789103294973, 35.130505935336295 ], [ 127.898867919648637, 35.130513112999211 ], [ 127.899117790533339, 35.130609580940835 ], [ 127.899341870599969, 35.130651904186969 ], [ 127.899495927646484, 35.130627474156832 ], [ 127.899722329508776, 35.130553158412255 ], [ 127.899819578815993, 35.130514057580129 ], [ 127.899936244732146, 35.130502724340893 ], [ 127.900595128352094, 35.130629660226766 ], [ 127.900787136651658, 35.130639450954945 ], [ 127.90092233638876, 35.130598766701056 ], [ 127.901284304102276, 35.130471772395943 ], [ 127.901480009159528, 35.130617906319408 ], [ 127.901689941378919, 35.130805225276397 ], [ 127.90175498015023, 35.130991034681934 ], [ 127.901780602095357, 35.131029655138626 ], [ 127.90184355054862, 35.131170603309236 ], [ 127.90201315097427, 35.131270171790021 ], [ 127.902271404774083, 35.131297302219323 ], [ 127.90272749537921, 35.131343466509378 ], [ 127.902861910179794, 35.131270687385637 ], [ 127.903263295328074, 35.131260860373665 ], [ 127.903433905593303, 35.131075017164704 ], [ 127.90359560603622, 35.131024250754386 ], [ 127.903668805917377, 35.131034930584072 ], [ 127.903758832746263, 35.131111016808312 ], [ 127.904081248106152, 35.131165170796272 ], [ 127.904241746105384, 35.13115362372011 ], [ 127.904413717313304, 35.131188122262635 ], [ 127.904679053041846, 35.131275110779946 ], [ 127.904990764402953, 35.131331223827821 ], [ 127.905255551348873, 35.131407383027522 ], [ 127.90554588583997, 35.131459549446681 ], [ 127.905837378603266, 35.131559532477148 ], [ 127.906231485347448, 35.131653654780528 ], [ 127.906979614721038, 35.131805889743404 ], [ 127.906972505717903, 35.131666178726491 ], [ 127.907008238441634, 35.131546934928899 ], [ 127.907102473210813, 35.131322413789285 ], [ 127.907245416710126, 35.13119137928696 ], [ 127.907439251264293, 35.131053857848094 ], [ 127.907716491047495, 35.130943941280556 ] ], [ [ 127.897867538286846, 35.144622809992427 ], [ 127.897882133872457, 35.144557495384461 ], [ 127.897907858926473, 35.144468295991039 ], [ 127.897931989140616, 35.144331589945239 ], [ 127.898032358273852, 35.143796769517195 ], [ 127.898013907811716, 35.143684938640021 ], [ 127.89800622893506, 35.143611458263969 ], [ 127.898026015234521, 35.143557623512329 ], [ 127.898137057927485, 35.143428871249441 ], [ 127.8981896095477, 35.143344888868938 ], [ 127.898220943594723, 35.143292657435673 ], [ 127.898272070634235, 35.143123137650363 ], [ 127.89833417525918, 35.142793846404132 ], [ 127.898342782255028, 35.142637265352477 ], [ 127.898338992191185, 35.142543261260414 ], [ 127.89831780504943, 35.142476753037627 ], [ 127.898304811350613, 35.142439329492234 ], [ 127.898280428471523, 35.142406299169821 ], [ 127.898239593739248, 35.142364265531306 ], [ 127.898200141943818, 35.142323291903288 ], [ 127.897949128384809, 35.142145414975005 ], [ 127.897759744846425, 35.141966892834745 ], [ 127.897677867520528, 35.141887905144699 ], [ 127.897642198495305, 35.141830329923344 ], [ 127.897630709337236, 35.141793964038413 ], [ 127.897625465939939, 35.141763886678163 ], [ 127.897627806049215, 35.141734521625942 ], [ 127.897635334651952, 35.141699338584601 ], [ 127.897661937857308, 35.141635997658085 ], [ 127.897722996128309, 35.141559764850975 ], [ 127.897936778446734, 35.141444315710544 ], [ 127.898254072949641, 35.141282707688283 ], [ 127.898448997961808, 35.141186789065088 ], [ 127.898519217922839, 35.141155828956379 ], [ 127.898548649978906, 35.14113357332932 ], [ 127.898638137235665, 35.141042266467153 ], [ 127.898689762019799, 35.140988075870659 ], [ 127.898705581278946, 35.140959008671253 ], [ 127.898729260215674, 35.140904864397726 ], [ 127.898745655507398, 35.140768809017004 ], [ 127.898750880867908, 35.140593183610505 ], [ 127.898757297023664, 35.140417227281347 ], [ 127.898769502980556, 35.140262144697353 ], [ 127.898788888870527, 35.140021341485706 ], [ 127.898781918255324, 35.13993596655498 ], [ 127.898753004211599, 35.139858608903246 ], [ 127.898658723211923, 35.139683079054514 ], [ 127.89860119545223, 35.139497847247313 ], [ 127.898581848190247, 35.13934352166293 ], [ 127.898576071244449, 35.139273641940619 ], [ 127.898586333861104, 35.139148093979529 ], [ 127.898597344492202, 35.139071998582367 ], [ 127.898622361288218, 35.138995507508554 ], [ 127.89868462450336, 35.138871364402291 ], [ 127.898800322784666, 35.138679556801549 ], [ 127.898822507811062, 35.138624191112982 ], [ 127.89883115490656, 35.138579898702453 ], [ 127.89883172421959, 35.138537677924553 ], [ 127.898829100740869, 35.138485682459446 ], [ 127.89880600603712, 35.13841965931281 ], [ 127.898789928372494, 35.138348428648314 ], [ 127.89878867726452, 35.138314275976413 ], [ 127.898814045250035, 35.138235787491652 ], [ 127.898854336030595, 35.138043645166249 ], [ 127.898910811681858, 35.137825268910163 ], [ 127.898920750826349, 35.137723656503617 ], [ 127.898918685295655, 35.137581336055092 ], [ 127.898907865962386, 35.137436150367648 ], [ 127.898887673114231, 35.137321605696869 ], [ 127.898845234958202, 35.137217509805659 ], [ 127.898819745962129, 35.137159434637155 ], [ 127.898770680282809, 35.13704953415612 ], [ 127.89872767164826, 35.136918137466196 ], [ 127.898681313523511, 35.136757268363205 ], [ 127.898525025653981, 35.136289487301518 ], [ 127.898334999751199, 35.136413737343545 ] ] ] } },
{ "type": "Feature", "properties": { "fid": 499, "UserID": null, "number": "곤명306", "UMD": null, "NUM": "306", "GUBUN": "농도", "Opened": "현황도로", "차선": "2", "도로폭": "8", "변경여부": "변경", "비고": "미확장-현황도로", "기존": "미확장", "기타": null, "종점": null, "기점": null, "구분": null, "정비사항": null, "연장": "0.1" }, "geometry": { "type": "MultiLineString", "coordinates": [ [ [ 127.943970957895473, 35.083213597923148 ], [ 127.944027429126749, 35.08321337831358 ], [ 127.944453406017232, 35.083226690672312 ], [ 127.944744176223779, 35.08323820744755 ] ] ] } },
{ "type": "Feature", "properties": { "fid": 500, "UserID": null, "number": "축동102", "UMD": null, "NUM": "102", "GUBUN": "면도", "Opened": "미개설", "차선": null, "도로폭": null, "변경여부": null, "비고": null, "기존": "미개설", "기타": null, "종점": null, "기점": "가산리 399-3", "구분": "선형변경", "정비사항": null, "연장": "0.6" }, "geometry": { "type": "MultiLineString", "coordinates": [ [ [ 128.052693474776476, 35.103671365258705 ], [ 128.052981801872278, 35.1037512774977 ], [ 128.058662214630772, 35.105325478417797 ] ] ] } },
{ "type": "Feature", "properties": { "fid": 501, "UserID": null, "number": "축동102", "UMD": null, "NUM": "102", "GUBUN": "면도", "Opened": "현황도로", "차선": "2", "도로폭": "8", "변경여부": null, "비고": null, "기존": "현황도로", "기타": null, "종점": null, "기점": "가산리 399-3", "구분": "선형변경", "정비사항": null, "연장": "1.1" }, "geometry": { "type": "MultiLineString", "coordinates": [ [ [ 128.03875124204194, 35.101604801412094 ], [ 128.038856026852557, 35.101593339383768 ], [ 128.039244184470334, 35.101543648221543 ], [ 128.039469847169784, 35.101517552076793 ], [ 128.039525712242209, 35.101506548551839 ], [ 128.039733765516445, 35.101431532753615 ], [ 128.039823808580053, 35.101388433783377 ], [ 128.039915423200057, 35.101325437045354 ], [ 128.040018828878601, 35.101289411106727 ], [ 128.040116904280637, 35.101284222046523 ], [ 128.040212466551623, 35.101296922215411 ], [ 128.04032364776333, 35.101320706180374 ], [ 128.040448037564204, 35.101345090465543 ], [ 128.040671477479151, 35.101404608895606 ], [ 128.040759745878745, 35.101419251765556 ], [ 128.041263621448479, 35.101534763644658 ], [ 128.041452937474475, 35.101591027019786 ], [ 128.041567573608319, 35.101630763534807 ], [ 128.041662856394225, 35.101667363366715 ], [ 128.041785586496133, 35.101729570573866 ], [ 128.041844591316021, 35.101761340453898 ], [ 128.041849397573202, 35.101763929230835 ], [ 128.041877134669249, 35.101775099801927 ], [ 128.041988149742821, 35.10180286476843 ], [ 128.042243682176348, 35.101811853890858 ], [ 128.042485959817753, 35.101815762348387 ], [ 128.042675217109434, 35.10181722308036 ], [ 128.042915460705245, 35.10179439945761 ] ], [ [ 128.042914840050258, 35.10179495336935 ], [ 128.043133242283432, 35.101812876582215 ], [ 128.043447897907072, 35.101833281516086 ], [ 128.043631749882167, 35.101848677524693 ], [ 128.043772038930115, 35.101870696370668 ], [ 128.043896448168539, 35.101893581091517 ], [ 128.043915918116767, 35.101901774640041 ], [ 128.04395431223702, 35.101917941100602 ], [ 128.044076903293274, 35.102002542718417 ], [ 128.044174366809813, 35.102060068441716 ], [ 128.044261024594363, 35.102099085786875 ], [ 128.044368961444917, 35.102137910521279 ], [ 128.044408224194768, 35.102152028685346 ], [ 128.044747397910641, 35.102261241626358 ], [ 128.044940105007385, 35.102309225178139 ], [ 128.045119403018532, 35.102350306700238 ], [ 128.045190823960269, 35.10235584532537 ], [ 128.045343530704315, 35.102341123331264 ], [ 128.045408956283467, 35.102341639258938 ], [ 128.045460988633408, 35.102347024835666 ], [ 128.045547020705811, 35.102346711717111 ], [ 128.045721180100713, 35.10236201913483 ], [ 128.045813277325777, 35.102360753172249 ], [ 128.045882425783617, 35.102353330514504 ], [ 128.04596015579628, 35.102337016321151 ], [ 128.0460403441609, 35.10231773807881 ], [ 128.046144531530814, 35.102308599462347 ], [ 128.046316526618625, 35.102312946938973 ], [ 128.046436373979788, 35.102320858240873 ], [ 128.046626199347003, 35.10234425543328 ], [ 128.04677863123726, 35.102364374521578 ], [ 128.046905326995386, 35.102398234229057 ], [ 128.046997052913753, 35.102428826130151 ], [ 128.04702595083927, 35.102443988505236 ], [ 128.047069239418136, 35.102472207119206 ], [ 128.04714329189369, 35.102564400254707 ], [ 128.04724117685069, 35.102679178736274 ], [ 128.047384065947909, 35.102789822716851 ], [ 128.047580518544464, 35.102878994878516 ], [ 128.047664940874313, 35.102902056867968 ], [ 128.047811437144986, 35.102911176924742 ], [ 128.04791930606757, 35.102908041502189 ], [ 128.048036950477808, 35.102898015647582 ], [ 128.048102337713573, 35.102890562148481 ], [ 128.048205567994046, 35.102869471739737 ], [ 128.048294302462438, 35.102845274896907 ], [ 128.048320528271859, 35.102836576024451 ], [ 128.048515878304897, 35.102771792424917 ], [ 128.048605540132712, 35.102743285314595 ], [ 128.048709757055775, 35.10271843470656 ], [ 128.048806323261829, 35.102698841686149 ], [ 128.048941051626741, 35.102685298836228 ], [ 128.049056870329281, 35.102681332546723 ], [ 128.04924020797182, 35.102654453095198 ], [ 128.049459738239335, 35.102614355770513 ], [ 128.04959020555674, 35.102600337091509 ], [ 128.04966306675675, 35.102586749350074 ], [ 128.04976351496569, 35.102556784795325 ], [ 128.049925453594028, 35.102518668107138 ], [ 128.050057519782399, 35.10250200257444 ], [ 128.050137734886562, 35.102503956946869 ], [ 128.050208131516058, 35.102515577511696 ] ] ] } },
{ "type": "Feature", "properties": { "fid": 502, "UserID": null, "number": "읍302", "UMD": null, "NUM": "302", "GUBUN": "농도", "Opened": "미확장", "차선": "1", "도로폭": "2.5", "변경여부": null, "비고": null, "기존": "미확장", "기타": null, "종점": null, "기점": null, "구분": null, "정비사항": null, "연장": "0.4" }, "geometry": { "type": "MultiLineString", "coordinates": [ [ [ 128.100879654581092, 35.095129598860929 ], [ 128.100881222668164, 35.095173496092471 ], [ 128.100989262038752, 35.095401512890184 ], [ 128.101273307910816, 35.095499167877769 ], [ 128.101513080262521, 35.095388779607468 ], [ 128.101841810465999, 35.095148512998925 ], [ 128.102053403032272, 35.094954348237884 ], [ 128.102203460198012, 35.094774111977067 ], [ 128.102942536840146, 35.0945920027727 ], [ 128.103117962502012, 35.094565280233503 ], [ 128.103321501847262, 35.094356134435721 ], [ 128.1034961652162, 35.094272883654725 ], [ 128.104007494102945, 35.09421797551795 ], [ 128.104098434577764, 35.094160612738548 ] ] ] } },
{ "type": "Feature", "properties": { "fid": 503, "UserID": null, "number": "정동104", "UMD": null, "NUM": "104", "GUBUN": "면도", "Opened": "미확장", "차선": "1", "도로폭": "4", "변경여부": null, "비고": null, "기존": "미확장", "기타": null, "종점": null, "기점": null, "구분": null, "정비사항": null, "연장": "1.3" }, "geometry": { "type": "MultiLineString", "coordinates": [ [ [ 128.147144086018614, 35.034606725019074 ], [ 128.147031926321574, 35.034515107394604 ], [ 128.146988073097674, 35.034480124093754 ], [ 128.146925644239673, 35.034452617271548 ], [ 128.146857237787003, 35.034405617421214 ], [ 128.1468041171712, 35.034370316412883 ], [ 128.146788815555794, 35.034360140684562 ], [ 128.146749223429026, 35.034311658208409 ], [ 128.14669315546692, 35.034264745170709 ], [ 128.146627097044245, 35.034239592164951 ], [ 128.1464721843642, 35.034206359040098 ], [ 128.14629870703331, 35.034128009055344 ], [ 128.146173751240951, 35.034081457557107 ], [ 128.146088519296029, 35.034070707720446 ], [ 128.145886833890671, 35.033986227500577 ], [ 128.145775280228634, 35.033936561317923 ], [ 128.145630340817718, 35.033891743133672 ], [ 128.145679215362435, 35.033949539173257 ], [ 128.145691602180136, 35.03397860457995 ], [ 128.145717947993461, 35.034040450979994 ], [ 128.145787742889041, 35.034195964460203 ], [ 128.145822106176553, 35.034281347253462 ], [ 128.145830288448224, 35.034301676063023 ], [ 128.145843670142057, 35.034349901923619 ], [ 128.145874787730548, 35.03444810589729 ], [ 128.145916006510987, 35.034585463140324 ], [ 128.14595206605145, 35.034646909274379 ], [ 128.146021656130642, 35.034727519894297 ], [ 128.146127140252673, 35.034828699664246 ], [ 128.146312898966471, 35.035002412234334 ], [ 128.146462787685067, 35.035319714191488 ], [ 128.146599386160375, 35.035506112726267 ], [ 128.146651731868616, 35.035574578700384 ], [ 128.146731070406958, 35.03571730972336 ], [ 128.146804104601898, 35.035837228458057 ], [ 128.146851967191026, 35.035900820974902 ] ], [ [ 128.147145545105587, 35.034610782304107 ], [ 128.147279103909796, 35.034666884466404 ], [ 128.147455093368279, 35.034752017302182 ], [ 128.147514058675938, 35.034763825192165 ], [ 128.147708568921587, 35.034705439667384 ], [ 128.147772560592557, 35.034684102074785 ], [ 128.147839371192276, 35.034650153555503 ], [ 128.147979444636746, 35.03458987980158 ], [ 128.14823971415521, 35.034520455021934 ], [ 128.148374077070372, 35.034460216766412 ], [ 128.148495554752884, 35.034383668549864 ], [ 128.148612881535684, 35.034335681583649 ], [ 128.148754127499274, 35.034288558001684 ], [ 128.148836589067201, 35.034264191745606 ], [ 128.148978805360684, 35.034243625352993 ], [ 128.149085386494249, 35.034239443717659 ], [ 128.149220444442619, 35.034241593153645 ], [ 128.149355464837441, 35.034235902399402 ], [ 128.149562536031027, 35.034204481325183 ], [ 128.149637232069381, 35.034201217157104 ], [ 128.149839551460047, 35.03420421440542 ], [ 128.149980135996856, 35.03419081609367 ], [ 128.150041778146658, 35.03418014410623 ], [ 128.150130471937416, 35.034144619665419 ], [ 128.150216239219816, 35.03412176848682 ], [ 128.150305331669642, 35.034109585419628 ], [ 128.150420806030439, 35.034116434288499 ], [ 128.150473744238923, 35.034108254279367 ], [ 128.150536026676065, 35.034084797030857 ], [ 128.150627382288292, 35.034030942105375 ], [ 128.150680061777877, 35.03399368954166 ], [ 128.150710409038965, 35.03396057076705 ], [ 128.150802640729921, 35.033840107831786 ], [ 128.15084186228853, 35.033803645988748 ], [ 128.150887952689345, 35.03377390166024 ], [ 128.150952942506024, 35.033749684052516 ], [ 128.151004200316493, 35.033731160229813 ], [ 128.151122451480802, 35.033693073613655 ], [ 128.151273899781984, 35.033654308023571 ], [ 128.151547589699419, 35.033596307868251 ], [ 128.151734805405823, 35.033537704038324 ], [ 128.152077820267749, 35.033398952662594 ], [ 128.152165759095084, 35.033373969556273 ], [ 128.152209896249076, 35.033366833384989 ], [ 128.15234500282267, 35.033374988025948 ], [ 128.152452560123663, 35.03338744351246 ], [ 128.152650828790598, 35.03341351912924 ], [ 128.152753254379775, 35.033415483914027 ], [ 128.152835255351789, 35.033407007938841 ], [ 128.152907765948186, 35.0333954750446 ], [ 128.153087754512029, 35.033343648968611 ], [ 128.153274059856557, 35.0333035404336 ], [ 128.153357332192883, 35.033286153054775 ], [ 128.153416578398151, 35.033271812171449 ], [ 128.153463392371123, 35.033258707528418 ], [ 128.153512982048852, 35.033247094083393 ], [ 128.153621304222895, 35.033221946859548 ], [ 128.153663630770779, 35.033211846481706 ], [ 128.153687355005104, 35.033205522577965 ], [ 128.153765930028328, 35.033187287061558 ], [ 128.154003024422167, 35.033136653314358 ], [ 128.154211370400162, 35.033100442554115 ], [ 128.154328903036145, 35.033080938371327 ], [ 128.15440096515232, 35.033067768738569 ], [ 128.154486892118996, 35.033051597848953 ], [ 128.154580190132464, 35.033025100630837 ], [ 128.154653002079556, 35.032994579491557 ], [ 128.154737327685382, 35.032966775690994 ], [ 128.154817805938364, 35.03295106792347 ], [ 128.154907959659965, 35.032939357530623 ], [ 128.155035273019934, 35.032924242807937 ], [ 128.15516814642865, 35.032917017891343 ], [ 128.155241853894978, 35.032921241683397 ], [ 128.15529598670463, 35.032922394308784 ], [ 128.155550585074053, 35.0329277617613 ], [ 128.155712017277239, 35.032951618757281 ], [ 128.155786420056558, 35.032962619865373 ] ] ] } },
{ "type": "Feature", "properties": { "fid": 504, "UserID": null, "number": "정동104", "UMD": null, "NUM": "104", "GUBUN": "면도", "Opened": "미확장", "차선": "1", "도로폭": "4", "변경여부": null, "비고": null, "기존": "미확장", "기타": null, "종점": null, "기점": null, "구분": null, "정비사항": null, "연장": "3.8" }, "geometry": { "type": "MultiLineString", "coordinates": [ [ [ 128.169483152401369, 35.030668319443969 ], [ 128.169582544424344, 35.030810268718994 ], [ 128.169799367426549, 35.031020183818889 ], [ 128.169954158176779, 35.031298224304713 ], [ 128.169961061001374, 35.031343324598957 ], [ 128.17000731544735, 35.031645531275949 ], [ 128.16998988144411, 35.031694192422158 ], [ 128.169973512440777, 35.031757796089302 ], [ 128.169986697122766, 35.031798708178663 ], [ 128.170043014332833, 35.031855716299233 ], [ 128.170132755643209, 35.031951512753977 ], [ 128.170202460548893, 35.032028333861447 ], [ 128.17031110404227, 35.032151290888905 ], [ 128.170341688540731, 35.032198892888111 ], [ 128.17039125017601, 35.032324681004198 ], [ 128.170421425714238, 35.03241269632727 ], [ 128.170456094623063, 35.032522320523228 ], [ 128.170477515442428, 35.032570202244472 ], [ 128.170507446780249, 35.032610904466836 ], [ 128.170538103711777, 35.032651377301363 ], [ 128.170561162291392, 35.032698774483769 ], [ 128.170603688359648, 35.032822495329881 ], [ 128.170673489266136, 35.032948421894112 ], [ 128.170724057820564, 35.033015945046969 ], [ 128.170767188594624, 35.033063695917811 ], [ 128.170817377055045, 35.033103815655558 ], [ 128.170863207502492, 35.033132773979439 ], [ 128.171034501137626, 35.033230903571102 ], [ 128.171182377239148, 35.033363709541874 ], [ 128.171273412247785, 35.033432645019737 ], [ 128.171337099879224, 35.033484880785821 ], [ 128.171371535705731, 35.03351150761781 ], [ 128.171459603224747, 35.03355315708523 ], [ 128.171541055643104, 35.03359878123026 ], [ 128.171630992472416, 35.03364198465173 ], [ 128.17169708719004, 35.033669693168221 ], [ 128.171740242983986, 35.033684698138337 ], [ 128.17194393097455, 35.033744948247453 ], [ 128.171992163417826, 35.033769433887215 ], [ 128.172047410288712, 35.033799240297164 ], [ 128.172108445084064, 35.033837540820024 ], [ 128.172154031574422, 35.033869038774078 ], [ 128.172191403539841, 35.033897947806814 ], [ 128.172182592190325, 35.033932532640264 ], [ 128.172186203038081, 35.033966700122441 ], [ 128.172188469815353, 35.033993981185652 ], [ 128.172190230797554, 35.034081098836779 ], [ 128.172195088308797, 35.034167597695173 ], [ 128.172206873682228, 35.03426148081212 ], [ 128.172215793775393, 35.034317902633447 ], [ 128.172232103263752, 35.034400027118863 ], [ 128.172242953824906, 35.034434577565001 ], [ 128.17225771148307, 35.034472886260517 ], [ 128.172257052290632, 35.034473053010956 ], [ 128.172298880087652, 35.034583789169027 ], [ 128.172397529733558, 35.034789824758462 ], [ 128.172423912181046, 35.034881536194995 ], [ 128.172435706301798, 35.034925755445329 ], [ 128.172452751236762, 35.035008876395054 ], [ 128.172458694124543, 35.035072569703786 ], [ 128.172459386942137, 35.035133099491809 ], [ 128.172457353772216, 35.03520855489154 ], [ 128.172460499514386, 35.035428633942509 ], [ 128.172447280539927, 35.035525500891119 ], [ 128.172432461521339, 35.035595244567268 ], [ 128.172409964288562, 35.035678717287048 ], [ 128.172383703685625, 35.035761551377014 ], [ 128.172340189342805, 35.035875237648568 ], [ 128.172334357100141, 35.035875459187693 ], [ 128.172320866658879, 35.035922146607476 ], [ 128.172305492140794, 35.035988281102881 ], [ 128.172308692897275, 35.036083298618863 ], [ 128.172310496597873, 35.036124970921598 ], [ 128.172312183806952, 35.036179210511968 ], [ 128.17236934236837, 35.036274594012994 ], [ 128.172390696628611, 35.036304312908122 ], [ 128.172429810598771, 35.03634640235704 ], [ 128.172461441902442, 35.036383942983214 ], [ 128.172498733792793, 35.036419818736576 ], [ 128.172518278395671, 35.036443179806739 ], [ 128.172540518767391, 35.036477402419678 ], [ 128.172554299592662, 35.036511567242194 ], [ 128.172561513387848, 35.036542748833313 ], [ 128.172567812959159, 35.036572220644722 ], [ 128.172565566975379, 35.036607979522415 ], [ 128.17256145341338, 35.036642022108367 ], [ 128.172552537205121, 35.036686099864909 ], [ 128.172535387583395, 35.036799966280185 ], [ 128.17252540380909, 35.036856430177238 ], [ 128.17252097594627, 35.036921593912169 ], [ 128.17251926567107, 35.036997628354264 ], [ 128.172526085002232, 35.037039659393947 ], [ 128.17253100584449, 35.037056989739362 ], [ 128.172540349687296, 35.037081263582586 ], [ 128.172561131506683, 35.037125372947962 ], [ 128.172562640588751, 35.037124608103298 ], [ 128.172603128075991, 35.037177234537097 ], [ 128.17263022916606, 35.037196780450849 ], [ 128.172667532451356, 35.037232656228589 ], [ 128.172715980375898, 35.03728269606615 ], [ 128.172820903879199, 35.03738113598223 ], [ 128.172864699355614, 35.037426348856748 ], [ 128.172919581641906, 35.037492548522835 ], [ 128.173024310363672, 35.037610338719681 ], [ 128.173079199176044, 35.037675916432839 ], [ 128.173145794648804, 35.037747766244209 ], [ 128.173221278897984, 35.037824949533523 ], [ 128.173251899973337, 35.037869297191961 ], [ 128.173257159043771, 35.03790743275993 ], [ 128.173250832499008, 35.037924046356366 ], [ 128.173245597994878, 35.037937783115652 ], [ 128.173210934716082, 35.038009482525105 ], [ 128.173098741965021, 35.03821206816054 ], [ 128.172970000991626, 35.038466728320138 ], [ 128.172890004473572, 35.038697556239711 ], [ 128.17283671811353, 35.038830347414567 ], [ 128.172788243771691, 35.038891379648902 ], [ 128.172742285632182, 35.038966949643651 ], [ 128.172713270469643, 35.039043572732616 ], [ 128.172696226762326, 35.039145830582534 ], [ 128.172713363424066, 35.039221056329588 ], [ 128.17274191225448, 35.039283975596433 ], [ 128.172786250914186, 35.039368833156949 ], [ 128.172821807931626, 35.039389987079574 ], [ 128.172867698743488, 35.039414465396767 ], [ 128.172906978629015, 35.039440286620021 ], [ 128.172943364087303, 35.039473830582338 ], [ 128.172967476216257, 35.03951054457395 ], [ 128.173001739232063, 35.03956653543198 ], [ 128.17303704172889, 35.039614006696105 ], [ 128.173063895248504, 35.039659257051788 ], [ 128.173180414140035, 35.039822050393198 ], [ 128.173227569763867, 35.039906936032473 ], [ 128.173256214391699, 35.039954992725768 ], [ 128.173305303677324, 35.040041586052197 ], [ 128.173346257980086, 35.040088320646305 ], [ 128.173373289908028, 35.040114833282438 ], [ 128.173392855851034, 35.040135102753702 ], [ 128.173417564608968, 35.0401594272954 ], [ 128.173450219880664, 35.040189078899829 ], [ 128.17347816302842, 35.040218698341711 ], [ 128.173498663723677, 35.040239740313652 ], [ 128.173514463146802, 35.040260759217261 ], [ 128.173554512701941, 35.040303774045107 ], [ 128.173601923570317, 35.040364505355541 ], [ 128.173626547481888, 35.040401601269444 ], [ 128.173669359395944, 35.040445653419923 ], [ 128.173693139781534, 35.040464248060573 ], [ 128.173743094590435, 35.040509646843098 ], [ 128.173795306899848, 35.040560496086236 ], [ 128.173814810615255, 35.04058695727349 ], [ 128.17382495881435, 35.040608703729347 ], [ 128.17384055067464, 35.040649235193996 ], [ 128.173853545669999, 35.040686459051997 ], [ 128.173889484626983, 35.040744813585725 ], [ 128.174351919983593, 35.041292186952461 ], [ 128.174425018227424, 35.041372751268355 ], [ 128.174465085869855, 35.04141407139857 ], [ 128.174511710158868, 35.041459456178529 ], [ 128.174612292483801, 35.041568545828376 ], [ 128.174649556403352, 35.041607521333958 ], [ 128.174679388504728, 35.041637928523002 ], [ 128.174737777968488, 35.041682771457118 ], [ 128.174795679089499, 35.041730405191132 ], [ 128.174848143994325, 35.041756315615949 ], [ 128.174908121944355, 35.041783827502535 ], [ 128.174955948082271, 35.041803505060408 ], [ 128.175099597827568, 35.041843358266533 ], [ 128.175120060321149, 35.041868275467976 ], [ 128.175127171055209, 35.04191092123645 ], [ 128.175135221181989, 35.041952789235658 ], [ 128.175136786483591, 35.041984545100782 ], [ 128.175144945694399, 35.042015579731498 ], [ 128.175153041028977, 35.042052959362174 ], [ 128.17517059829035, 35.042085599283084 ], [ 128.175191092078506, 35.042107416074657 ], [ 128.175210732235655, 35.042121493550404 ], [ 128.175236885312188, 35.042141807579277 ], [ 128.175271038358431, 35.042163257683171 ], [ 128.175307531968173, 35.042185183397301 ], [ 128.175342174966204, 35.042204780056245 ], [ 128.175378734093698, 35.042221289140087 ], [ 128.175419020884675, 35.042240924200826 ], [ 128.175457376072984, 35.042265188001295 ], [ 128.175491863309048, 35.042300268583311 ], [ 128.175501775163497, 35.0423444746882 ], [ 128.175506105571145, 35.042382450591006 ], [ 128.175520614361517, 35.042437062412056 ], [ 128.175548305039456, 35.042493007807266 ], [ 128.175584611854589, 35.042533517802916 ], [ 128.175649925956463, 35.042592810848824 ], [ 128.175699918077413, 35.04264671773258 ], [ 128.175729661354808, 35.042678403962313 ], [ 128.175741566027199, 35.042704290347459 ], [ 128.175743862388288, 35.042749463120252 ], [ 128.175743231845303, 35.04277183009372 ], [ 128.175736705785511, 35.042796302136594 ], [ 128.175682177216117, 35.042868651172519 ], [ 128.175659094388351, 35.042900428558966 ], [ 128.17563550802717, 35.042941946001115 ], [ 128.175611607748522, 35.043001587252704 ], [ 128.175600654943906, 35.043028138293096 ], [ 128.175577143646109, 35.043116643096283 ], [ 128.175570299518512, 35.043141130990122 ], [ 128.175559647988337, 35.043199816853026 ], [ 128.175558260990698, 35.043213489755537 ], [ 128.175555516957587, 35.043235680098718 ], [ 128.175159512855657, 35.043156318936759 ], [ 128.174659335888038, 35.042897334871412 ], [ 128.174169674931363, 35.042839258916146 ], [ 128.173208976190637, 35.043212276022935 ], [ 128.17315357259173, 35.043270088326466 ], [ 128.17284881704461, 35.043470971228395 ], [ 128.172711071814945, 35.043545175179503 ], [ 128.17255204021447, 35.043657594578136 ], [ 128.172170555256685, 35.043862566394694 ], [ 128.171973640755482, 35.043974365558036 ], [ 128.171827430954323, 35.044093217071264 ], [ 128.171739329901072, 35.044180585397378 ], [ 128.171594335630687, 35.044395924330942 ], [ 128.171548242634657, 35.044435637562152 ], [ 128.171485142493282, 35.044478353075355 ], [ 128.171424458349492, 35.044498912127771 ], [ 128.171346265387655, 35.044521145028654 ], [ 128.171137057206266, 35.044551116205653 ], [ 128.171038463203757, 35.044573813192237 ], [ 128.170960251828518, 35.044597848395931 ], [ 128.170900193712242, 35.044628001722174 ], [ 128.170852428350258, 35.044667225526325 ], [ 128.170799566972818, 35.044706414423381 ], [ 128.170729651954076, 35.044774843165946 ], [ 128.170636016220811, 35.044905319895648 ], [ 128.170588226297184, 35.044946940986883 ], [ 128.170522398231469, 35.044971060701911 ], [ 128.170318721476747, 35.045030433976308 ], [ 128.170143390442945, 35.045075372382108 ], [ 128.169997594786508, 35.045103135110608 ], [ 128.169848863173542, 35.045132923580617 ], [ 128.169730038349684, 35.045138103007005 ], [ 128.169422680119652, 35.045145576928206 ], [ 128.169302373383886, 35.045153143335796 ], [ 128.169207416610021, 35.045175863768897 ], [ 128.169121090917315, 35.045208828471225 ], [ 128.169013547542619, 35.045273050203825 ], [ 128.168853086497307, 35.045381858510197 ], [ 128.168754792225769, 35.045446143477392 ], [ 128.168688008896311, 35.045493023462342 ], [ 128.168576385827578, 35.045577947600769 ], [ 128.168477397166356, 35.045659848753274 ], [ 128.168331257182871, 35.045772107651821 ], [ 128.167869976386783, 35.046105238018825 ], [ 128.167725039119091, 35.046170157087808 ], [ 128.167651933524354, 35.046193026437955 ], [ 128.167555675796478, 35.046200161482624 ], [ 128.16745873378099, 35.046223939479731 ], [ 128.167387594563422, 35.046268995126731 ], [ 128.167106247769908, 35.046492377448111 ], [ 128.166914612791089, 35.046677555526983 ], [ 128.166816238729496, 35.046749382545862 ], [ 128.16669912905013, 35.046800115438295 ], [ 128.166253180419062, 35.046985687667714 ], [ 128.166212190171876, 35.047003928006603 ], [ 128.16553998010076, 35.047292919993545 ], [ 128.164802108384009, 35.047642356001639 ], [ 128.164366012252572, 35.047861688386355 ], [ 128.164009712278329, 35.048187041217602 ], [ 128.163916844352059, 35.048236614918146 ], [ 128.163589370012318, 35.048305713631933 ], [ 128.163386003645542, 35.048373621273484 ], [ 128.163080906369999, 35.048404814246688 ], [ 128.162835399746456, 35.048463702561307 ], [ 128.162567759168581, 35.04857776675555 ], [ 128.162391990093511, 35.048706654126164 ], [ 128.162346436086835, 35.048860990516246 ], [ 128.162309781156722, 35.048985628493085 ], [ 128.162128490611821, 35.049215890274461 ], [ 128.161996052826368, 35.049300893279828 ], [ 128.161622661803847, 35.049597539504596 ], [ 128.161451932341464, 35.049748986266891 ], [ 128.161325170994758, 35.049900173764627 ], [ 128.161224309438097, 35.050127277932098 ], [ 128.161005563053322, 35.05032331701689 ], [ 128.160876456506429, 35.050376376066048 ], [ 128.160686770080332, 35.050399391716724 ], [ 128.160456686017653, 35.050401593051767 ], [ 128.16036346912631, 35.050426826090415 ], [ 128.160291733222692, 35.050485617339049 ], [ 128.160194309176745, 35.050618463367648 ], [ 128.160143410031566, 35.050665277183711 ], [ 128.160010461325896, 35.050716801658318 ], [ 128.15991748816171, 35.050759306503629 ], [ 128.159760593569047, 35.050873090754301 ], [ 128.159294681742807, 35.051079341695406 ], [ 128.159011330610184, 35.05116371053893 ], [ 128.158950273214288, 35.051167434725777 ], [ 128.158860064151497, 35.051135318023448 ], [ 128.158765939200691, 35.051094605565162 ], [ 128.158699313422318, 35.051087797356679 ], [ 128.158622947169562, 35.051089661677672 ], [ 128.158413139752867, 35.05109207584119 ], [ 128.158165124171688, 35.051089782154591 ], [ 128.158104567751849, 35.051090330145435 ], [ 128.158042161199262, 35.05110578150898 ], [ 128.157982129895714, 35.051123420936108 ], [ 128.157915288534696, 35.05114931132632 ], [ 128.157802098860174, 35.051207026253529 ], [ 128.157651897908636, 35.051290870018207 ], [ 128.15761520756277, 35.051316758880901 ], [ 128.157589979856141, 35.051344092232057 ], [ 128.157578629417486, 35.051366504147069 ], [ 128.157530182415485, 35.051476408024186 ], [ 128.157517995035931, 35.051496279448259 ], [ 128.157495384616567, 35.051513175469623 ], [ 128.157412358344118, 35.051554486727277 ], [ 128.157344357653869, 35.051578988488352 ], [ 128.15727129954351, 35.051593895094484 ], [ 128.156789814331631, 35.051648492328241 ], [ 128.156638491505504, 35.051682848124493 ], [ 128.156516045496858, 35.051743845188511 ], [ 128.156389294806303, 35.05181769453052 ], [ 128.156359939157142, 35.051863195843637 ] ] ] } },
{ "type": "Feature", "properties": { "fid": 505, "UserID": null, "number": "정동201", "UMD": null, "NUM": "201", "GUBUN": "리도", "Opened": "미확장", "차선": "1", "도로폭": "4", "변경여부": null, "비고": null, "기존": "미확장", "기타": null, "종점": "수청리 142", "기점": "예수리 595-35", "구분": "노선단축", "정비사항": "도시계획도로 노선 제외, 시도 중복구간 제외", "연장": "1.9" }, "geometry": { "type": "MultiLineString", "coordinates": [ [ [ 128.094707903174054, 35.064555838776592 ], [ 128.094772186731888, 35.064505108142036 ], [ 128.09492491687044, 35.064383957141814 ], [ 128.09511874839356, 35.064249562476476 ], [ 128.095741098445984, 35.063742364303849 ], [ 128.097357373431095, 35.062917417027052 ], [ 128.099107012786988, 35.062355069706861 ], [ 128.100867302115404, 35.062018740428954 ], [ 128.104916775428762, 35.061479385038567 ], [ 128.107381351106767, 35.061204591324007 ], [ 128.107676597959227, 35.061052186031468 ], [ 128.107777600163303, 35.060894222167477 ], [ 128.107887048376057, 35.060230507691955 ], [ 128.107984399587394, 35.060085140311763 ], [ 128.10846521107041, 35.059766664293925 ], [ 128.10861902336876, 35.059652313459821 ], [ 128.108757634536715, 35.059583867885422 ], [ 128.109201236292421, 35.059388279551527 ], [ 128.109738376761811, 35.059144885505347 ], [ 128.110452803164662, 35.05882929666015 ], [ 128.110468953812159, 35.058823872088034 ], [ 128.110718474399278, 35.058740068881988 ], [ 128.111120331225322, 35.05862974844181 ], [ 128.112928894196671, 35.058247026062837 ], [ 128.113224380211022, 35.058130114869606 ], [ 128.113254312944605, 35.058118274197462 ], [ 128.113485903533956, 35.058052964522503 ] ] ] } },
{ "type": "Feature", "properties": { "fid": 506, "UserID": null, "number": "정동302", "UMD": null, "NUM": "302", "GUBUN": "농도", "Opened": "미확장", "차선": "2", "도로폭": "10", "변경여부": "변경", "비고": "미개설-현황도로", "기존": "미확장", "기타": null, "종점": null, "기점": "고읍리 350", "구분": "노선단축", "정비사항": "도시계획도로 노선 제외", "연장": "0.1" }, "geometry": { "type": "MultiLineString", "coordinates": [ [ [ 128.092271526303563, 35.066227880788496 ], [ 128.092895670992846, 35.06685427361699 ], [ 128.092935860679631, 35.066896783925642 ] ] ] } },
{ "type": "Feature", "properties": { "fid": 508, "UserID": null, "number": "정동303", "UMD": null, "NUM": "303", "GUBUN": "농도", "Opened": "미확장", "차선": "1", "도로폭": "2.5", "변경여부": null, "비고": null, "기존": "미확장", "기타": null, "종점": null, "기점": null, "구분": null, "정비사항": null, "연장": "2.1" }, "geometry": { "type": "MultiLineString", "coordinates": [ [ [ 128.089166777107806, 35.069409360348153 ], [ 128.089472841414079, 35.069195694480115 ], [ 128.089544887969424, 35.06913381911103 ], [ 128.090733842320248, 35.068311329767347 ], [ 128.091575155753105, 35.067753375318944 ], [ 128.092895670992846, 35.06685427361699 ], [ 128.096196540208211, 35.064606645548679 ], [ 128.096243389411683, 35.064572266907611 ], [ 128.096297566143534, 35.0645324988905 ], [ 128.096487180137302, 35.06441156705143 ], [ 128.097160535401912, 35.064023770843299 ], [ 128.097484130103112, 35.063868882553479 ], [ 128.097983426140132, 35.063660375060948 ], [ 128.098148055823202, 35.063600851433613 ], [ 128.098656090956098, 35.063425701377668 ], [ 128.099136614264893, 35.063266983095538 ], [ 128.099530156837886, 35.063150546588979 ], [ 128.099578372185562, 35.063136276473578 ], [ 128.099956897697041, 35.06304754199526 ], [ 128.100367803969561, 35.062959876093892 ], [ 128.100703554844813, 35.062894959163657 ], [ 128.103352199438802, 35.062553398534845 ], [ 128.103508553134162, 35.062535330638418 ], [ 128.103541711708857, 35.062531502070819 ], [ 128.103648165163264, 35.0625164806588 ], [ 128.104261404548538, 35.062437788930346 ], [ 128.105175580419314, 35.062330528505683 ], [ 128.107260672856967, 35.062056291749961 ], [ 128.107473591702899, 35.062022907440856 ], [ 128.107698075171072, 35.06195131938528 ], [ 128.107893437949258, 35.061857055212471 ], [ 128.108142061384058, 35.061705750081103 ], [ 128.108241065383339, 35.061630740198503 ], [ 128.108336131358385, 35.061544885254989 ], [ 128.108422432806975, 35.061427337970933 ], [ 128.10850801546033, 35.061283159981507 ], [ 128.108673487990359, 35.06095979923478 ], [ 128.108717809658742, 35.060886053948629 ], [ 128.108807012036237, 35.060781849406851 ], [ 128.109062663376278, 35.060691274387963 ] ] ] } },
{ "type": "Feature", "properties": { "fid": 509, "UserID": null, "number": "정동303", "UMD": null, "NUM": "303", "GUBUN": "농도", "Opened": "현황도로", "차선": "2", "도로폭": "5", "변경여부": null, "비고": null, "기존": "현황도로", "기타": null, "종점": null, "기점": null, "구분": null, "정비사항": null, "연장": "0.3" }, "geometry": { "type": "MultiLineString", "coordinates": [ [ [ 128.109062663376278, 35.060691274387963 ], [ 128.109231028383931, 35.060747302331052 ], [ 128.110128936887861, 35.061621860496565 ], [ 128.111342303079908, 35.06285381238191 ] ] ] } },
{ "type": "Feature", "properties": { "fid": 510, "UserID": null, "number": "사남101", "UMD": null, "NUM": "101", "GUBUN": "면도", "Opened": "미확장", "차선": "1", "도로폭": "4", "변경여부": null, "비고": null, "기존": "미확장", "기타": null, "종점": null, "기점": null, "구분": null, "정비사항": null, "연장": "1.4" }, "geometry": { "type": "MultiLineString", "coordinates": [ [ [ 128.053836755938079, 35.061011978336175 ], [ 128.054236076079945, 35.060928434491295 ], [ 128.054784164585101, 35.060814017233106 ], [ 128.055296909068772, 35.060706401820248 ], [ 128.055422429990614, 35.060680056969588 ], [ 128.055998851334095, 35.060562808660329 ], [ 128.056476846720813, 35.060463475414331 ], [ 128.057076861372508, 35.060335193226067 ], [ 128.057675848989362, 35.060212172828301 ], [ 128.057994704104061, 35.060143691607927 ], [ 128.059596061300681, 35.059820454905449 ], [ 128.059817394226911, 35.059774096761856 ], [ 128.059376284463923, 35.058310929674931 ], [ 128.060962343351804, 35.057978019810726 ], [ 128.066118239167508, 35.056891241107181 ], [ 128.06612014693431, 35.056897360053021 ] ] ] } },
{ "type": "Feature", "properties": { "fid": 511, "UserID": null, "number": "사남203", "UMD": null, "NUM": "203", "GUBUN": "리도", "Opened": "미확장", "차선": "1", "도로폭": "4", "변경여부": null, "비고": null, "기존": "미확장", "기타": null, "종점": null, "기점": null, "구분": null, "정비사항": null, "연장": "0.7" }, "geometry": { "type": "MultiLineString", "coordinates": [ [ [ 128.053631446078242, 35.056513364270351 ], [ 128.054067903848306, 35.056523371702077 ], [ 128.054330406462611, 35.057035120015165 ], [ 128.054666053224395, 35.057035651904009 ], [ 128.054826016515307, 35.057403396327409 ], [ 128.055061969781178, 35.057735320668016 ] ], [ [ 128.055061969781178, 35.05773532066803 ], [ 128.055076434881528, 35.057766069651954 ], [ 128.055130036819776, 35.057871492508909 ], [ 128.055260211177426, 35.058088493122185 ], [ 128.056461611142225, 35.06202603714538 ] ] ] } },
{ "type": "Feature", "properties": { "fid": 513, "UserID": null, "number": "사남303", "UMD": null, "NUM": "303", "GUBUN": "농도", "Opened": "미확장", "차선": "1", "도로폭": "2.5", "변경여부": null, "비고": null, "기존": "미확장", "기타": null, "종점": null, "기점": null, "구분": null, "정비사항": null, "연장": "0.9" }, "geometry": { "type": "MultiLineString", "coordinates": [ [ [ 128.059376284463923, 35.058310929674924 ], [ 128.058935239602107, 35.056881298015796 ], [ 128.059162716287176, 35.056753709104051 ], [ 128.058715348837808, 35.055295737522705 ], [ 128.058050984742664, 35.053131396119646 ], [ 128.057227528744221, 35.05047125836812 ] ] ] } },
{ "type": "Feature", "properties": { "fid": 514, "UserID": null, "number": "사남306", "UMD": null, "NUM": "306", "GUBUN": "농도", "Opened": "미확장", "차선": "1", "도로폭": "2.5", "변경여부": null, "비고": null, "기존": "미확장", "기타": null, "종점": null, "기점": null, "구분": null, "정비사항": null, "연장": "1" }, "geometry": { "type": "MultiLineString", "coordinates": [ [ [ 128.078303594032946, 35.058795996181736 ], [ 128.079078388164362, 35.058371673441272 ], [ 128.080040921935591, 35.057548941081549 ], [ 128.080035136968206, 35.05742824771103 ], [ 128.080138467687902, 35.057310032559528 ], [ 128.079818552626648, 35.056506043459763 ], [ 128.07867625134719, 35.053635149454756 ], [ 128.08074933796172, 35.053044020576358 ], [ 128.080424355964169, 35.05224687538449 ] ] ] } },
{ "type": "Feature", "properties": { "fid": 517, "UserID": null, "number": "용현102", "UMD": null, "NUM": "102", "GUBUN": "면도", "Opened": "미확장", "차선": "1", "도로폭": "3~5", "변경여부": null, "비고": null, "기존": "미확장", "기타": null, "종점": null, "기점": "구월리 318", "구분": null, "정비사항": null, "연장": "1" }, "geometry": { "type": "MultiLineString", "coordinates": [ [ [ 128.057413177649721, 35.034286553801834 ], [ 128.056369210683727, 35.033894312984231 ], [ 128.05609305147135, 35.033764733553575 ], [ 128.056384106114081, 35.032030788144702 ], [ 128.056655055193062, 35.030357489175266 ], [ 128.056719182301748, 35.029932457587691 ], [ 128.056768222893425, 35.029767814567862 ], [ 128.056880491663435, 35.029610420133125 ], [ 128.057030342258656, 35.029438188200949 ], [ 128.057111157073592, 35.029495840919054 ], [ 128.05719543195417, 35.029567640095131 ], [ 128.057253796436243, 35.029611060898951 ], [ 128.05727454905292, 35.029622606191452 ], [ 128.057326194090138, 35.029647262852443 ], [ 128.057379573424981, 35.029661180090457 ], [ 128.057460152960374, 35.029668152318784 ], [ 128.057543658423583, 35.029669387739396 ], [ 128.05760072701014, 35.029672175083206 ], [ 128.057647034285509, 35.029680755391965 ], [ 128.057789231995486, 35.029729424538935 ], [ 128.057953338681017, 35.029798697063967 ], [ 128.058021561170449, 35.029824473782931 ], [ 128.0580830611039, 35.029849206236157 ], [ 128.05813902586624, 35.029867329130681 ], [ 128.058207497233639, 35.029875867639497 ], [ 128.058273255517037, 35.029868158596933 ], [ 128.058364611904693, 35.029845953741606 ], [ 128.058478521402691, 35.029810316950822 ], [ 128.058555171413786, 35.029776077938791 ], [ 128.05866502447293, 35.029716749479299 ], [ 128.058742441481144, 35.029679988307393 ], [ 128.05880661062352, 35.0296551052609 ], [ 128.058897240949022, 35.029623966287218 ], [ 128.059012329260298, 35.029594413125665 ], [ 128.059061748617466, 35.029571923763548 ], [ 128.059090530952773, 35.02955218276346 ], [ 128.059126379954819, 35.02951137347457 ], [ 128.059205676100561, 35.02940751405643 ], [ 128.05934390651683, 35.02924143586015 ], [ 128.059415654181038, 35.02918630852254 ], [ 128.059501488896956, 35.029136173427531 ], [ 128.059546274447854, 35.029105461129589 ], [ 128.059598761599489, 35.02905463324467 ], [ 128.05962939090665, 35.028998032934183 ], [ 128.05964247539481, 35.028924765604117 ], [ 128.059654329323791, 35.028844711111397 ], [ 128.059668102777408, 35.028815810539449 ], [ 128.059686374219723, 35.028796439076366 ], [ 128.059769638074243, 35.028759177363369 ], [ 128.059921560452523, 35.028689826835809 ], [ 128.060455349437319, 35.02871257663675 ] ] ] } },
{ "type": "Feature", "properties": { "fid": 519, "UserID": null, "number": "축동203", "UMD": null, "NUM": "203", "GUBUN": "리도", "Opened": "미확장", "차선": "1", "도로폭": "3", "변경여부": null, "비고": null, "기존": "미확장", "기타": null, "종점": null, "기점": null, "구분": null, "정비사항": null, "연장": "0.5" }, "geometry": { "type": "MultiLineString", "coordinates": [ [ [ 128.101682382749317, 35.096942140132192 ], [ 128.101715411931423, 35.09703672348089 ], [ 128.10166311572641, 35.097363260389066 ], [ 128.101571213055479, 35.09763475504576 ], [ 128.101570057010832, 35.097731569756483 ], [ 128.101599884142075, 35.097781724589161 ], [ 128.101720135073066, 35.097910569226428 ], [ 128.101811065977472, 35.09800800130391 ], [ 128.101983933675655, 35.098219013390086 ], [ 128.102136504085507, 35.09843486803031 ], [ 128.102206853415481, 35.098576032719428 ], [ 128.102258847419591, 35.098727895181419 ], [ 128.102365968265303, 35.098840210627934 ], [ 128.102531595677391, 35.098973762360828 ], [ 128.102568380059296, 35.099035622678862 ], [ 128.102596026090822, 35.099100741132787 ], [ 128.102607997002877, 35.099200128964242 ], [ 128.102613561732909, 35.099276665754935 ], [ 128.102615124762593, 35.099298128900756 ], [ 128.102604517107892, 35.099341322923962 ], [ 128.102590855273831, 35.099386999990109 ], [ 128.102568961597797, 35.099444261158176 ], [ 128.102477562492027, 35.099560097929874 ], [ 128.102463063422988, 35.099589121281504 ], [ 128.102464644591379, 35.099629908990451 ], [ 128.102470391019693, 35.09965991167121 ], [ 128.102530839218019, 35.099781038375617 ], [ 128.102623727617072, 35.099898241414067 ], [ 128.102600229331642, 35.100008759047078 ], [ 128.102589367619657, 35.100076088686862 ], [ 128.102601540709827, 35.100166059147767 ], [ 128.102587138875634, 35.100279140880964 ], [ 128.102585508830629, 35.100335723046229 ], [ 128.102589678339541, 35.100416476698882 ], [ 128.102584709192769, 35.100500497505891 ], [ 128.102569816056842, 35.100504461085855 ], [ 128.102563381458168, 35.100506170966632 ], [ 128.102484356281025, 35.100509740177493 ], [ 128.102438690620488, 35.100518559054066 ], [ 128.102416724169956, 35.100535458272333 ], [ 128.102393514537852, 35.100559703086546 ], [ 128.102369467963229, 35.100597245258477 ], [ 128.10235964341183, 35.100631017188249 ], [ 128.102324331614739, 35.100846523702856 ] ] ] } },
{ "type": "Feature", "properties": { "fid": 520, "UserID": null, "number": "곤양103", "UMD": null, "NUM": "103", "GUBUN": "면도", "Opened": "미확장", "차선": "1", "도로폭": "3~6.", "변경여부": null, "비고": null, "기존": "미개설", "기타": null, "종점": "검정리 509-7", "기점": "검정리 53-4", "구분": "노선연장", "정비사항": "지방도 1002호선에서 분기, 이전 지방도 구간 면도로 통합", "연장": "1.6" }, "geometry": { "type": "MultiLineString", "coordinates": [ [ [ 128.023785118172128, 35.059671404316774 ], [ 128.024022568900079, 35.059899936820727 ], [ 128.024380477223701, 35.060266057267128 ], [ 128.024652094345555, 35.060490489484451 ], [ 128.024850931351125, 35.060545776029151 ], [ 128.025290956766952, 35.060644096947016 ], [ 128.025840169644027, 35.060712860916119 ], [ 128.02605350231363, 35.060725374368808 ], [ 128.026163559471001, 35.060726259281054 ], [ 128.026271957059407, 35.060721055822299 ], [ 128.026373932966095, 35.060711077704994 ], [ 128.026613427630167, 35.060663060182684 ], [ 128.026691527841677, 35.060652222942025 ], [ 128.026765517387418, 35.060648761512454 ], [ 128.026881883815577, 35.060663874308418 ], [ 128.026971876156125, 35.060688211995647 ], [ 128.027092971222942, 35.060726977290102 ], [ 128.0271754737756, 35.060767253184004 ], [ 128.02751625694583, 35.060890794354322 ], [ 128.027943703783194, 35.061064359628652 ], [ 128.028002361102722, 35.061101270930678 ], [ 128.028032330126962, 35.061134581038822 ], [ 128.02808860956074, 35.061234232475293 ], [ 128.028089416749566, 35.061237339510207 ], [ 128.028108225117535, 35.061309569387888 ], [ 128.028108235349947, 35.06144724685538 ], [ 128.028090334069191, 35.061572892119464 ], [ 128.028060275020579, 35.061823291341831 ], [ 128.028030461022979, 35.062122291946558 ], [ 128.027965505526168, 35.062685134718386 ], [ 128.027952786084938, 35.062926434440179 ], [ 128.028126233614188, 35.063948414242688 ], [ 128.028191075368738, 35.064364039547286 ], [ 128.028268758078895, 35.064741506595752 ], [ 128.028319567764527, 35.064886603851122 ], [ 128.028386368304496, 35.064997813380664 ], [ 128.028518439673121, 35.065149637342017 ], [ 128.028529021207277, 35.065165107824711 ], [ 128.028552328711044, 35.065199175556629 ], [ 128.028687660668737, 35.065346032149193 ], [ 128.028730288382349, 35.065397298832025 ], [ 128.029029136789006, 35.065761744358738 ], [ 128.029778857896304, 35.066642376546532 ], [ 128.029828257362254, 35.066700580975528 ], [ 128.029860909670134, 35.066745440057211 ], [ 128.029906477248034, 35.066822288395173 ], [ 128.029958829976692, 35.066929890049522 ], [ 128.029958829967825, 35.066929890046339 ], [ 128.029999747182302, 35.06704339277799 ], [ 128.030016087316454, 35.067119575263725 ], [ 128.030029094027611, 35.067176662113667 ], [ 128.030036359385406, 35.067213169210902 ], [ 128.030071618781477, 35.067215616491488 ], [ 128.030445166049958, 35.06714004712736 ], [ 128.030521100935744, 35.067159467177511 ], [ 128.030662497669908, 35.067254516998176 ], [ 128.03071048907384, 35.067312045737296 ], [ 128.030789382844972, 35.067431937065344 ], [ 128.030855714993294, 35.067517555243413 ], [ 128.030971319279303, 35.067641383494752 ], [ 128.031125855575937, 35.067805408414088 ], [ 128.031187282603639, 35.067871287605215 ], [ 128.031282778555124, 35.067959701556539 ], [ 128.031375864965042, 35.068057807125022 ], [ 128.03146058042492, 35.06816480484256 ], [ 128.031517510522974, 35.068250047678177 ], [ 128.031620223668341, 35.068361064898085 ], [ 128.031685025105986, 35.06842872266359 ], [ 128.031720418222335, 35.068468292539031 ], [ 128.031847970423172, 35.068613354431776 ], [ 128.031877995727996, 35.068656471707506 ], [ 128.031893825355326, 35.068698355597029 ], [ 128.031909760481994, 35.068724729536108 ], [ 128.031939501504866, 35.068762973844038 ], [ 128.0321840203286, 35.068828750629578 ], [ 128.032328571041091, 35.068920081452156 ], [ 128.032408295627391, 35.069072814024778 ], [ 128.032464758661007, 35.069238465930766 ], [ 128.032495256819146, 35.06940701480351 ], [ 128.03348110684243, 35.069599807310361 ], [ 128.033529774721245, 35.06961970510892 ] ] ] } },
{ "type": "Feature", "properties": { "fid": 521, "UserID": null, "number": "용현302", "UMD": null, "NUM": "302", "GUBUN": "농도", "Opened": "미확장", "차선": "1", "도로폭": "2.5", "변경여부": "변경", "비고": "미개설-미확장", "기존": "미개설", "기타": "용현204와 종점부 겹침, 노선단축", "종점": "덕곡리 397-4", "기점": null, "구분": "노선단축", "정비사항": "용현204와 중복구간 단축", "연장": "0.7" }, "geometry": { "type": "MultiLineString", "coordinates": [ [ [ 128.058486838728328, 35.008845213243852 ], [ 128.058283486961386, 35.008194957509481 ], [ 128.058080484376347, 35.00732735523885 ], [ 128.057899017798576, 35.00737754489122 ], [ 128.058127992844732, 35.006224180653859 ], [ 128.058399121691167, 35.004887275988381 ], [ 128.05854186292072, 35.004282434937039 ], [ 128.058650166771343, 35.00363777058967 ], [ 128.058687931370514, 35.003042232620821 ] ] ] } },
{ "type": "Feature", "properties": { "fid": 523, "UserID": null, "number": "곤양304", "UMD": null, "NUM": "304", "GUBUN": "농도", "Opened": "미개설", "차선": null, "도로폭": null, "변경여부": null, "비고": null, "기존": "미개설", "기타": null, "종점": null, "기점": "중항리 산 78-2", "구분": "선형변경", "정비사항": "현황도로 및 개설 가능한 선형으로 변경", "연장": "2.2" }, "geometry": { "type": "MultiLineString", "coordinates": [ [ [ 128.022824671577297, 35.032581672070073 ], [ 128.023319319954965, 35.032700581231346 ], [ 128.024038517642396, 35.032971951225903 ], [ 128.024354993395519, 35.033293741556321 ], [ 128.024865864423816, 35.034120956404166 ], [ 128.025688504569445, 35.035004075781323 ], [ 128.025800041346486, 35.03537054576006 ], [ 128.025810147638254, 35.035675775265318 ], [ 128.025654678873707, 35.03703991820926 ], [ 128.025658445084815, 35.037425545727785 ], [ 128.025997993105221, 35.038161136772899 ], [ 128.026084157651582, 35.038747124853167 ], [ 128.026165571813721, 35.039043126441577 ], [ 128.02655980407701, 35.039545395943094 ], [ 128.026336958421126, 35.040225676141567 ], [ 128.026454677512788, 35.040425990428957 ], [ 128.026759186030858, 35.040625231903917 ], [ 128.026981649364814, 35.040804467833759 ], [ 128.027011347690092, 35.041166454149057 ], [ 128.026615854079807, 35.042084994843378 ], [ 128.026416357317459, 35.042392747931814 ], [ 128.026179416456074, 35.042565521514327 ], [ 128.026028614733633, 35.042582321453551 ], [ 128.025920444853966, 35.042661780390297 ], [ 128.026210212155092, 35.043015470663207 ], [ 128.026357092184611, 35.043293389392517 ], [ 128.026892266367554, 35.044220607796539 ], [ 128.026636799850593, 35.045930460979584 ], [ 128.024054898105561, 35.049802349666862 ] ] ] } },
{ "type": "Feature", "properties": { "fid": 525, "UserID": null, "number": "곤명102", "UMD": null, "NUM": "102", "GUBUN": "면도", "Opened": "미확장", "차선": "1", "도로폭": "4~7", "변경여부": null, "비고": null, "기존": "미확장", "기타": null, "종점": null, "기점": null, "구분": null, "정비사항": null, "연장": "1.8" }, "geometry": { "type": "MultiLineString", "coordinates": [ [ [ 127.93797991919898, 35.10662611890438 ], [ 127.939148979092863, 35.106010251920388 ], [ 127.93938181399804, 35.10568836171683 ], [ 127.939706044757116, 35.105167614565396 ], [ 127.939759891613136, 35.104921393310455 ], [ 127.939594848749564, 35.104531973867381 ], [ 127.939586384835607, 35.104343158601864 ], [ 127.93954588798195, 35.104261912072459 ], [ 127.939396247599163, 35.103961695557636 ], [ 127.938710702746249, 35.100737917959975 ], [ 127.938741611862653, 35.100674417143679 ], [ 127.939079911680437, 35.100465946966416 ], [ 127.93942635500018, 35.100274402807635 ], [ 127.939857253758348, 35.100042117117084 ], [ 127.940352173999315, 35.099744568212536 ], [ 127.940770433775015, 35.09943318431003 ], [ 127.941150930947103, 35.099117391433978 ], [ 127.941393292235063, 35.098838656765238 ], [ 127.941706341236738, 35.098957833850307 ], [ 127.941906347996124, 35.098555231425067 ], [ 127.941939993653818, 35.098469585457664 ], [ 127.942039300138717, 35.098344618129715 ], [ 127.942132965237704, 35.098276617603204 ], [ 127.942185885284772, 35.098224458126943 ], [ 127.942213085764067, 35.098125925115447 ], [ 127.942233811661765, 35.098011917949698 ], [ 127.942314765333947, 35.097933666429327 ], [ 127.942403733568412, 35.097731156819663 ], [ 127.942503217125818, 35.097621712200606 ], [ 127.942762738725364, 35.097467037133484 ], [ 127.942767485794818, 35.097332454834309 ], [ 127.943052477123032, 35.09692918960431 ], [ 127.943202384960671, 35.096824526999896 ], [ 127.943314428173039, 35.096712396593936 ], [ 127.943359739362791, 35.096546449704618 ], [ 127.943226812555352, 35.096485386058163 ], [ 127.943233460565864, 35.096379250464196 ], [ 127.943118609006447, 35.095837434343302 ], [ 127.943131768862798, 35.095750006823735 ], [ 127.94325336606471, 35.095647504939308 ], [ 127.943692890508117, 35.095405395891788 ], [ 127.944014032741464, 35.095135098690427 ], [ 127.944230354854625, 35.09478411355267 ], [ 127.944235710929703, 35.094702568361924 ], [ 127.944316420817273, 35.094603618107151 ], [ 127.944358110945245, 35.094533433263543 ], [ 127.944456312783529, 35.094176899164005 ], [ 127.944462168471958, 35.094002203225784 ], [ 127.944427624939181, 35.093873101695934 ], [ 127.944308598343341, 35.093788644192884 ], [ 127.944260128738762, 35.093680350370555 ], [ 127.944279694500381, 35.093602575615101 ], [ 127.94437866350026, 35.093449147440012 ], [ 127.944399892480376, 35.093379121946178 ] ] ] } },
{ "type": "Feature", "properties": { "fid": 526, "UserID": null, "number": "서포101", "UMD": null, "NUM": "101", "GUBUN": "면도", "Opened": "미확장", "차선": "1", "도로폭": "3~6", "변경여부": null, "비고": null, "기존": "미확장", "기타": null, "종점": null, "기점": null, "구분": null, "정비사항": null, "연장": "1.2" }, "geometry": { "type": "MultiLineString", "coordinates": [ [ [ 127.951001777411165, 35.01637164241226 ], [ 127.950992663889394, 35.016182168301526 ], [ 127.950988391589917, 35.016116163412406 ], [ 127.950958930278944, 35.015984324110377 ], [ 127.950930090346802, 35.015904136051525 ], [ 127.950851035702627, 35.015718085443389 ], [ 127.950754368344732, 35.015512044165881 ], [ 127.950682987855814, 35.015380463806501 ], [ 127.950648014560812, 35.015326721509325 ], [ 127.950562123104547, 35.01519475406085 ], [ 127.950400133756432, 35.014989721104449 ], [ 127.950243313247455, 35.01479621467481 ], [ 127.950160199258065, 35.014691092117566 ], [ 127.950051329059534, 35.014593004340313 ], [ 127.949948097027359, 35.014525705795663 ], [ 127.949871900690312, 35.014476950987991 ], [ 127.949798620911139, 35.01444012035774 ], [ 127.949715511448744, 35.014400805510306 ], [ 127.949610191772877, 35.014368471421001 ], [ 127.949500554010044, 35.014346213863249 ], [ 127.949385655578666, 35.01430470636538 ], [ 127.949283588961492, 35.014243484019275 ], [ 127.949211921895042, 35.01418327920711 ], [ 127.949177017817647, 35.014136189767733 ], [ 127.949124701027131, 35.014080926656845 ], [ 127.94904065862832, 35.013981935598089 ], [ 127.949011344779564, 35.013951766467009 ], [ 127.948933978765609, 35.013872112551653 ], [ 127.948874185515521, 35.013816396930039 ], [ 127.948809511412563, 35.013770535489186 ], [ 127.948743479056262, 35.013724662233699 ], [ 127.948690230736744, 35.013689129858477 ], [ 127.94858288009317, 35.013631712692693 ], [ 127.948407069329548, 35.013558036474848 ], [ 127.948279259452747, 35.013506200997966 ], [ 127.948202178046074, 35.013473652294429 ], [ 127.948153629018563, 35.013442468794672 ], [ 127.948111210587669, 35.013410779658848 ], [ 127.948082357568339, 35.013381452536372 ], [ 127.948035222657197, 35.013321159476433 ], [ 127.947836079100597, 35.013024445537248 ], [ 127.947778409608873, 35.012962979340827 ], [ 127.947630058619254, 35.012847178147524 ], [ 127.947534225046482, 35.01278159665361 ], [ 127.947375864781648, 35.012687298601314 ], [ 127.947183965546643, 35.012582412903328 ], [ 127.947011869135494, 35.012490006901864 ], [ 127.946905286581114, 35.012425880072804 ], [ 127.946813199817456, 35.012368756654247 ], [ 127.946747942227461, 35.012315615368088 ], [ 127.946697370190833, 35.012268813006216 ], [ 127.946662117675345, 35.012234562786304 ], [ 127.946644652389338, 35.012210281958858 ], [ 127.946584730648837, 35.012111886398948 ], [ 127.946551534693327, 35.012005530173539 ], [ 127.946518187948016, 35.011873427644773 ], [ 127.946479833641646, 35.011695953457739 ], [ 127.946463991841156, 35.011597520662768 ], [ 127.946443904118411, 35.011521274288768 ], [ 127.946423270439567, 35.011459754773881 ], [ 127.946395430867128, 35.011400349179482 ], [ 127.946367606465287, 35.011343062498305 ], [ 127.946335048911862, 35.011286607529783 ], [ 127.94626111637011, 35.011186293344451 ], [ 127.946196495863262, 35.011130991801295 ], [ 127.946121906338277, 35.011072075709087 ], [ 127.945927204973188, 35.010908919459119 ], [ 127.945751804606317, 35.010765690429146 ], [ 127.94543048146005, 35.010549954757437 ], [ 127.945268934758758, 35.010451395403564 ], [ 127.945208351080581, 35.010405567653898 ], [ 127.945136464685504, 35.010344613533924 ], [ 127.945085739654644, 35.010285478834298 ], [ 127.945035548952816, 35.01022256735034 ], [ 127.944982819576893, 35.010134529890991 ], [ 127.944931088482605, 35.010034131757507 ], [ 127.944889683632567, 35.009974738518487 ], [ 127.944805223439971, 35.0097913949702 ], [ 127.944767006018168, 35.009722050028756 ], [ 127.944621433753596, 35.009532346126655 ], [ 127.944337700951735, 35.009200675740111 ], [ 127.94419978937313, 35.009051909075176 ], [ 127.943967099218284, 35.008829535414463 ], [ 127.943805072806427, 35.008698482130967 ], [ 127.943716714115993, 35.008652751806217 ], [ 127.943539218323536, 35.008587742697493 ], [ 127.943307296090154, 35.008491631064317 ], [ 127.943061118260729, 35.008412638649588 ], [ 127.9429259690246, 35.008363434755474 ], [ 127.942854298415156, 35.008320119673833 ], [ 127.942765436010433, 35.008264063552268 ] ] ] } },
{ "type": "Feature", "properties": { "fid": 527, "UserID": null, "number": "서포103", "UMD": null, "NUM": "103", "GUBUN": "면도", "Opened": "미확장", "차선": "1", "도로폭": "5", "변경여부": null, "비고": null, "기존": "미확장", "기타": null, "종점": null, "기점": null, "구분": null, "정비사항": null, "연장": "0.4" }, "geometry": { "type": "MultiLineString", "coordinates": [ [ [ 127.954576324004407, 34.997935607561999 ], [ 127.954647972625722, 34.996524021466854 ], [ 127.954937075994451, 34.995637812893399 ], [ 127.955037310541798, 34.995495318818769 ], [ 127.955239928160566, 34.995297756532963 ], [ 127.955304950465262, 34.995174195145658 ], [ 127.955263141860428, 34.994912473837886 ], [ 127.955345718521059, 34.994631544088762 ], [ 127.95561074460278, 34.994324112491725 ] ] ] } },
{ "type": "Feature", "properties": { "fid": 528, "UserID": null, "number": "서포104", "UMD": null, "NUM": "104", "GUBUN": "면도", "Opened": "미확장", "차선": "1", "도로폭": "6", "변경여부": null, "비고": null, "기존": "미확장", "기타": null, "종점": null, "기점": null, "구분": null, "정비사항": null, "연장": "0.3" }, "geometry": { "type": "MultiLineString", "coordinates": [ [ [ 127.993725046605334, 35.018235205142545 ], [ 127.99383255096761, 35.018148565335679 ], [ 127.993942627961204, 35.018059329514493 ], [ 127.994045504875572, 35.017964311247169 ], [ 127.994108094502963, 35.017916267192966 ], [ 127.994164140135624, 35.01787372717834 ], [ 127.994217414616401, 35.017840171217379 ], [ 127.994277457114549, 35.017797971895256 ], [ 127.994360194151994, 35.017749298191276 ], [ 127.994416126821392, 35.017726369313941 ], [ 127.994502230072442, 35.017695113599622 ], [ 127.994585191028094, 35.017673183761929 ], [ 127.994641325048576, 35.017662842507143 ], [ 127.99472088132444, 35.017658566754037 ], [ 127.994783211330741, 35.017655793904552 ], [ 127.994841011780764, 35.017659352386929 ], [ 127.99489387275564, 35.017664856116731 ], [ 127.994928354342917, 35.017596926398141 ], [ 127.995227008380311, 35.015941971649305 ] ] ] } },
{ "type": "Feature", "properties": { "fid": 529, "UserID": null, "number": "서포207", "UMD": null, "NUM": "207", "GUBUN": "리도", "Opened": "현황도로", "차선": "1", "도로폭": "5", "변경여부": "변경", "비고": "미확장-현황도로", "기존": "미확장", "기타": null, "종점": null, "기점": "다평리 산 135-5", "구분": "노선단축", "정비사항": "지방도 중복구간 폐지", "연장": "0.2" }, "geometry": { "type": "MultiLineString", "coordinates": [ [ [ 127.963302975133388, 34.99693420753772 ], [ 127.963329978801156, 34.996912211704341 ], [ 127.963408188086376, 34.996854708748309 ], [ 127.963475936849989, 34.996791140497272 ], [ 127.963570275678933, 34.996694071834398 ], [ 127.963600659744969, 34.996655907970883 ], [ 127.963624934721523, 34.996617520621697 ], [ 127.963668180376715, 34.996529695346716 ], [ 127.963698782517667, 34.996447350211142 ], [ 127.963715229899719, 34.996382613198406 ], [ 127.963725408603011, 34.996330296981498 ], [ 127.963734916154721, 34.996223552825775 ], [ 127.963738354639631, 34.995951155742709 ], [ 127.963738033516208, 34.995922797209232 ], [ 127.963734372101399, 34.995889200445873 ], [ 127.963729236417464, 34.995865667930993 ], [ 127.96371672649677, 34.99583368101478 ], [ 127.963639126680462, 34.995681621552137 ], [ 127.963625897687322, 34.99564413037627 ], [ 127.963621201745639, 34.995621340704773 ], [ 127.963618991033272, 34.995580419525702 ], [ 127.963619661528952, 34.995548130662804 ], [ 127.963622016345226, 34.99552297669247 ], [ 127.96363135552005, 34.995498982049398 ], [ 127.963656422846327, 34.995462872804566 ], [ 127.963688421346561, 34.995431266351879 ], [ 127.963733259921554, 34.995392468885072 ], [ 127.963783655973913, 34.995357666721254 ], [ 127.963880705103207, 34.99530170349172 ], [ 127.964016053325778, 34.995239938437351 ], [ 127.964139019991677, 34.995189811747053 ] ] ] } },
{ "type": "Feature", "properties": { "fid": 530, "UserID": null, "number": "서포302", "UMD": null, "NUM": "302", "GUBUN": "농도", "Opened": "미확장", "차선": "1", "도로폭": "2.5", "변경여부": null, "비고": null, "기존": "미확장", "기타": null, "종점": null, "기점": null, "구분": null, "정비사항": null, "연장": "0.4" }, "geometry": { "type": "MultiLineString", "coordinates": [ [ [ 127.940774193114365, 35.025626129925911 ], [ 127.940536360270528, 35.025691648303692 ], [ 127.940490226204773, 35.025829822441636 ], [ 127.940351398089589, 35.025929463358416 ], [ 127.940135317138967, 35.026135245729911 ], [ 127.940065877685754, 35.026182885561198 ], [ 127.939835873941107, 35.026284104452088 ], [ 127.939602906008091, 35.026496994726187 ], [ 127.939564411537347, 35.026654299003162 ], [ 127.939547581854569, 35.026851559329465 ], [ 127.939508687930086, 35.026973976407632 ], [ 127.939374706519132, 35.027550295847526 ], [ 127.939346983613348, 35.027669544584946 ], [ 127.93928928292847, 35.027816530352624 ], [ 127.938991403259237, 35.028048126394445 ], [ 127.938898527511739, 35.028162779561285 ], [ 127.93882363365492, 35.028268473824475 ], [ 127.938521082632036, 35.028331872233359 ], [ 127.938343841107525, 35.028318414611569 ], [ 127.938189840665203, 35.028204467527523 ], [ 127.938100535436789, 35.028184223819395 ] ] ] } },
{ "type": "Feature", "properties": { "fid": 531, "UserID": null, "number": "서포302", "UMD": null, "NUM": "302", "GUBUN": "농도", "Opened": "미확장", "차선": "1", "도로폭": "2.5", "변경여부": null, "비고": null, "기존": "미확장", "기타": null, "종점": null, "기점": null, "구분": null, "정비사항": null, "연장": "0.9" }, "geometry": { "type": "MultiLineString", "coordinates": [ [ [ 127.936868571382263, 35.031735103222651 ], [ 127.936981347420698, 35.031767378142725 ], [ 127.937181650320568, 35.031849567811214 ], [ 127.937415665980964, 35.031912307058562 ], [ 127.937665304067451, 35.03204296110399 ], [ 127.937903243201021, 35.032077756886203 ], [ 127.938024602643793, 35.032118687040551 ], [ 127.938337831382867, 35.032060440755444 ], [ 127.93845793470615, 35.03199147592489 ], [ 127.938764395267171, 35.032083308929685 ], [ 127.938943984557724, 35.032056707762848 ], [ 127.9391437376445, 35.032001232883623 ], [ 127.939257076711542, 35.031979847394183 ], [ 127.939345580517568, 35.031967009258096 ], [ 127.939467551339703, 35.031973660572959 ], [ 127.939749177032397, 35.031971479723062 ], [ 127.939930677913452, 35.032015647639042 ], [ 127.940151492210703, 35.032025330352639 ], [ 127.940198311454978, 35.032162448432992 ], [ 127.940217785228242, 35.032411434109086 ], [ 127.940262861230039, 35.032638194058116 ], [ 127.94032002200214, 35.032710669107843 ], [ 127.940487079495284, 35.032944838760677 ], [ 127.940525850538663, 35.033104805946131 ], [ 127.940509865011094, 35.033160377926002 ], [ 127.940307292925553, 35.033453619996713 ], [ 127.940253357330121, 35.033572059903967 ], [ 127.940195049119808, 35.034036551750546 ], [ 127.940101409342674, 35.034379201515307 ], [ 127.940111850318402, 35.034550082711348 ], [ 127.940372059681067, 35.035046996434254 ], [ 127.940701780848897, 35.035316584215344 ], [ 127.940756460295304, 35.035460954662256 ], [ 127.94068933416834, 35.035526022011013 ], [ 127.940484795012395, 35.035630533776335 ], [ 127.94027132979717, 35.035881653276931 ], [ 127.940143838046012, 35.036046625233723 ], [ 127.940151796024182, 35.036371042554578 ], [ 127.940109276529256, 35.03654756758889 ] ] ] } },
{ "type": "Feature", "properties": { "fid": 532, "UserID": null, "number": "사남204", "UMD": null, "NUM": "204", "GUBUN": "리도", "Opened": "현황도로", "차선": "1~2", "도로폭": "5~10", "변경여부": "변경", "비고": "미확장-현황도로", "기존": "미확장", "기타": null, "종점": null, "기점": "화전리 1421-5", "구분": "노선단축", "정비사항": "도시계획도로 노선 제외", "연장": "0.6" }, "geometry": { "type": "MultiLineString", "coordinates": [ [ [ 128.081653527733692, 35.047755219237835 ], [ 128.081836785017856, 35.047898377034898 ], [ 128.082353331705804, 35.048140613445398 ], [ 128.082880766463632, 35.048298674725693 ], [ 128.08359808881653, 35.048547647431953 ], [ 128.083801812989748, 35.04861835623047 ] ] ] } },
{ "type": "Feature", "properties": { "fid": 533, "UserID": null, "number": "서포312", "UMD": null, "NUM": "312", "GUBUN": "농도", "Opened": "미확장", "차선": "1", "도로폭": "2", "변경여부": null, "비고": "신규", "기존": null, "기타": null, "종점": "비토리 8-1", "기점": "비토리 259-2", "구분": "농도추가", "정비사항": "팀장님 요청사항", "연장": "1.9" }, "geometry": { "type": "MultiLineString", "coordinates": [ [ [ 127.972937891555119, 34.976076108911506 ], [ 127.973147243734033, 34.975960385507143 ], [ 127.973677058584073, 34.975606737251645 ], [ 127.973809043282031, 34.975530734853081 ], [ 127.974205873503436, 34.975169035967383 ], [ 127.974344969776425, 34.97496638141682 ], [ 127.974305516721415, 34.974959608703102 ], [ 127.97424463811241, 34.975013773255831 ], [ 127.974093408959362, 34.975023088604445 ], [ 127.97403640817052, 34.974989112158809 ], [ 127.973987679090428, 34.974822398274654 ], [ 127.97369722030426, 34.974711299116613 ], [ 127.973673469200662, 34.974575780235568 ], [ 127.972964155337067, 34.973692265871506 ], [ 127.97290514405222, 34.973488161891176 ], [ 127.973061211175235, 34.973576033898155 ], [ 127.973410486336661, 34.973563106862628 ], [ 127.973540223228582, 34.973505352392905 ], [ 127.973696162767013, 34.97337446920784 ], [ 127.973763571115512, 34.973248346849161 ], [ 127.973879167503611, 34.973243368754488 ], [ 127.974182784782172, 34.97311535145797 ], [ 127.974807011238283, 34.973047550887287 ], [ 127.975283018263582, 34.973138927677802 ], [ 127.975367876283428, 34.973239521708543 ], [ 127.975707020697669, 34.973409978339348 ], [ 127.975894717017297, 34.973467209835455 ], [ 127.976142568973103, 34.973409516010861 ], [ 127.976370147533771, 34.973302359646816 ], [ 127.976474892089456, 34.973212394818468 ], [ 127.976735017283971, 34.972944960559701 ], [ 127.976935407991832, 34.972827894274765 ], [ 127.977612875987148, 34.972478104727003 ], [ 127.977759326099928, 34.972377675457402 ], [ 127.978083027134005, 34.972283920456135 ], [ 127.978263995322351, 34.972189289075821 ], [ 127.978390206329834, 34.97204243531862 ], [ 127.978470944470658, 34.972003300018159 ], [ 127.978771098575692, 34.971998855478226 ], [ 127.978787288719047, 34.971705025683775 ], [ 127.978601796733031, 34.971212295666696 ], [ 127.978677833060289, 34.970984825448156 ], [ 127.978822375786692, 34.970724394775623 ], [ 127.978943614537457, 34.970573529490878 ], [ 127.979155308268687, 34.970579924725214 ], [ 127.98039593553699, 34.96855250382049 ], [ 127.980790953195239, 34.968043948464391 ], [ 127.980781508165549, 34.967870843369958 ], [ 127.980742937311263, 34.967731394472118 ], [ 127.980779094201466, 34.967668311539789 ], [ 127.98083533211296, 34.967638487371815 ], [ 127.981140689787352, 34.967452711639076 ], [ 127.981181477137014, 34.967365285015774 ], [ 127.981161695029712, 34.967150740436026 ], [ 127.981045477504168, 34.966896464689839 ], [ 127.98105608892493, 34.966754593016312 ], [ 127.981214412846725, 34.966413027566098 ], [ 127.981033552399623, 34.96610255968691 ], [ 127.980722273784707, 34.965453223731991 ] ] ] } },
{ "type": "Feature", "properties": { "fid": 534, "UserID": null, "number": "사남307", "UMD": null, "NUM": "307", "GUBUN": "농도", "Opened": "미확장", "차선": "1", "도로폭": "2.5", "변경여부": null, "비고": null, "기존": "미확장", "기타": null, "종점": null, "기점": null, "구분": null, "정비사항": null, "연장": "0.9" }, "geometry": { "type": "MultiLineString", "coordinates": [ [ [ 128.080040921935591, 35.057548941081549 ], [ 128.080304579483084, 35.057339601894711 ], [ 128.080636862299002, 35.05708480266852 ], [ 128.081161703015113, 35.056797237657058 ], [ 128.081409507797048, 35.056658759393315 ], [ 128.081603868961622, 35.056603553686642 ], [ 128.083063513386577, 35.056575004826804 ], [ 128.083820567542858, 35.056716586324235 ], [ 128.084439075826481, 35.056850777180678 ], [ 128.085125614723893, 35.056735966915802 ], [ 128.085455807729915, 35.056641591441164 ], [ 128.08571965377115, 35.056447763252201 ], [ 128.085915218216968, 35.056325267778334 ], [ 128.086605039922745, 35.055667068101783 ], [ 128.087840665501915, 35.055040194270582 ], [ 128.088391665631889, 35.054504613389732 ] ] ] } },
{ "type": "Feature", "properties": { "fid": 535, "UserID": null, "number": "용현101", "UMD": null, "NUM": "101", "GUBUN": "면도", "Opened": "미확장", "차선": "1", "도로폭": "3~5", "변경여부": null, "비고": null, "기존": "미확장", "기타": "용현102랑 겹침-기점수정", "종점": "신촌리 409-1", "기점": "석계리 287-1", "구분": "노선변경", "정비사항": "기점부 중복구간 삭제 종점부 시도 연결", "연장": "2" }, "geometry": { "type": "MultiLineString", "coordinates": [ [ [ 128.057453290488183, 35.02401943213971 ], [ 128.057447450126972, 35.024024539911409 ], [ 128.057411055649851, 35.024064167974743 ], [ 128.057263243287991, 35.024104407436852 ], [ 128.056942599081054, 35.024172865572098 ], [ 128.056760715304279, 35.024206926482428 ], [ 128.056472548613442, 35.024263810645543 ], [ 128.056353586186816, 35.02429540448334 ], [ 128.055698576329917, 35.024531246921853 ], [ 128.055516282678866, 35.024600779339004 ], [ 128.05536484081739, 35.024643944560786 ], [ 128.055289239033783, 35.024655180693863 ], [ 128.055004970046554, 35.024685484301116 ], [ 128.054715429742714, 35.024705398784072 ], [ 128.054226376316933, 35.02472966828168 ], [ 128.05416706486497, 35.02473068352603 ], [ 128.054039713736358, 35.024710472931666 ], [ 128.053917991827177, 35.024669611487504 ], [ 128.053841121761963, 35.024635012907446 ], [ 128.053731909416058, 35.024600161717245 ], [ 128.053640426301286, 35.024586143561692 ], [ 128.053557773656792, 35.024585498023505 ], [ 128.053465915224848, 35.024603996996206 ], [ 128.053375699976499, 35.02463581244993 ], [ 128.053323319811312, 35.0246590542869 ], [ 128.053281618015347, 35.024691248672923 ], [ 128.053249002580515, 35.02471464489502 ], [ 128.053197975386837, 35.024776330198719 ], [ 128.053159372119154, 35.024851416273172 ], [ 128.05313541630241, 35.024902965745653 ], [ 128.05308177277422, 35.02503558368899 ], [ 128.053046694609321, 35.025116610030956 ], [ 128.05299462567865, 35.0252684567076 ], [ 128.052934805908421, 35.025469023054825 ], [ 128.048248332789939, 35.024980719336291 ] ] ] } },
{ "type": "Feature", "properties": { "fid": 539, "UserID": null, "number": "곤명202", "UMD": null, "NUM": "202", "GUBUN": "리도", "Opened": "현황도로", "차선": "1", "도로폭": "5", "변경여부": "변경", "비고": "미확장-현황도로", "기존": "미확장", "기타": null, "종점": null, "기점": "은사리 232", "구분": "시점변경", "정비사항": "마을 주진입로를 시점으로 변경", "연장": "0.1" }, "geometry": { "type": "MultiLineString", "coordinates": [ [ [ 127.913465112314569, 35.130008029982108 ], [ 127.913524557339059, 35.130327793905934 ], [ 127.913728622752515, 35.130718184656622 ] ] ] } },
{ "type": "Feature", "properties": { "fid": 541, "UserID": null, "number": "곤양207", "UMD": null, "NUM": "207", "GUBUN": "리도", "Opened": "현황도로", "차선": "2", "도로폭": "8", "변경여부": null, "비고": null, "기존": "현황도로", "기타": null, "종점": null, "기점": "외구리 1161-13", "구분": "노선연장", "정비사항": "노선 기점부 지방도까지 연장", "연장": "2.3" }, "geometry": { "type": "MultiLineString", "coordinates": [ [ [ 127.969200221287494, 35.044406186834919 ], [ 127.969681696701969, 35.044891404682716 ], [ 127.970097689812732, 35.045106993863435 ], [ 127.970605506942817, 35.045424317777041 ], [ 127.971092163707553, 35.045867568504832 ], [ 127.971388210435805, 35.046102211350899 ], [ 127.97157626850003, 35.046219331554965 ], [ 127.971658521930877, 35.046322252231072 ], [ 127.971695328660999, 35.046383083185347 ], [ 127.971736585925981, 35.046493454057128 ], [ 127.971764228553525, 35.046603403230655 ], [ 127.971788141186707, 35.046702190660369 ], [ 127.971816267908281, 35.04682828950066 ], [ 127.971830174316466, 35.046992284978444 ], [ 127.971845883815718, 35.047504268174656 ], [ 127.971864663961213, 35.047751135129069 ], [ 127.971894168067209, 35.047985242406661 ], [ 127.971943559128206, 35.048186542770004 ], [ 127.972001142182194, 35.048299327043445 ], [ 127.972048752715324, 35.048370971477802 ], [ 127.972062618395441, 35.048391846560953 ], [ 127.972210746016131, 35.048573615529776 ], [ 127.972293070309661, 35.048680799919929 ], [ 127.972371639744694, 35.04877898036785 ], [ 127.972435027644778, 35.0488450194702 ], [ 127.972558415741105, 35.048943030125685 ], [ 127.972667325909541, 35.049041844579271 ], [ 127.972729989315454, 35.049106216543116 ], [ 127.97278969970148, 35.049168689444386 ], [ 127.972838715641402, 35.049244599722883 ], [ 127.972862239943481, 35.049296768758715 ], [ 127.972871038459076, 35.049368660649456 ], [ 127.972872252634701, 35.049426120845958 ], [ 127.972871546052872, 35.049478829683657 ], [ 127.972867135718175, 35.049533376318202 ], [ 127.972881452999687, 35.049617039344312 ], [ 127.972922636835548, 35.049720555884406 ], [ 127.972942575810066, 35.049758936375234 ], [ 127.972962223519502, 35.049797733576696 ], [ 127.973011751357745, 35.049864099754913 ], [ 127.973076477820811, 35.049958359210862 ], [ 127.973139018207576, 35.050030509226865 ], [ 127.973216027410345, 35.050091109766761 ], [ 127.973261182172749, 35.050126088321669 ], [ 127.973303894348533, 35.050156641040076 ], [ 127.973414266949547, 35.050190853422215 ], [ 127.973806177899945, 35.050275229993645 ], [ 127.974118933096221, 35.050349046793528 ], [ 127.974190159444262, 35.050335626542136 ], [ 127.974803822088646, 35.049815799748082 ], [ 127.975565880139911, 35.049193475570455 ], [ 127.975600558527447, 35.049113001317039 ], [ 127.975633095653407, 35.049033222019474 ], [ 127.975686109670534, 35.04893053884264 ], [ 127.97572738383387, 35.048855705314139 ], [ 127.975789192949591, 35.048739628342936 ], [ 127.975906740424534, 35.048533463244766 ], [ 127.976056692371188, 35.048272115297998 ], [ 127.97624089205739, 35.047953619695946 ], [ 127.97638289369057, 35.047736635523563 ], [ 127.976436953757982, 35.047676611924665 ], [ 127.976485456570273, 35.047633720739498 ], [ 127.976531840237257, 35.047599773262135 ], [ 127.976617411342502, 35.04755381980106 ], [ 127.976803964813968, 35.047461183923026 ], [ 127.977181724022515, 35.047273532516499 ], [ 127.977283035980449, 35.047219763079923 ], [ 127.977330962468344, 35.047183377521733 ], [ 127.977373498717924, 35.047141128187299 ], [ 127.977471060438944, 35.047018676482267 ], [ 127.977700026629435, 35.046689019031021 ], [ 127.977846102474942, 35.046454221510167 ], [ 127.977868478463222, 35.046396912135158 ], [ 127.977881474676281, 35.046363699891494 ], [ 127.977896024596376, 35.046290867994067 ], [ 127.977904813473131, 35.046226943119223 ], [ 127.977906844433519, 35.046159517114042 ], [ 127.977905017234519, 35.046122555572055 ], [ 127.977903850224152, 35.046069633076733 ], [ 127.977909488541655, 35.046029877134586 ], [ 127.977933921433944, 35.045963565266533 ], [ 127.977951731199482, 35.045928753824029 ], [ 127.978038395464324, 35.045801300156562 ], [ 127.978338143141059, 35.045387977941246 ], [ 127.978359455775646, 35.045360171597551 ], [ 127.978387427263257, 35.045319941117469 ], [ 127.978449440579567, 35.045256015589402 ], [ 127.97861452417871, 35.045104767557788 ], [ 127.978919890419576, 35.044834444141578 ], [ 127.978984926974405, 35.04481602840778 ], [ 127.97899975035233, 35.044760191258803 ], [ 127.979072658665061, 35.044254798104078 ], [ 127.979066633373833, 35.044193928717199 ], [ 127.979059174357673, 35.044133346433604 ], [ 127.979045004043982, 35.044050374258966 ], [ 127.979035967763224, 35.044004204461672 ], [ 127.97902499523677, 35.043890375903324 ], [ 127.979018115006483, 35.043856761673702 ], [ 127.979010971817772, 35.043803480269567 ], [ 127.978725497601118, 35.042881742912016 ], [ 127.978680703156542, 35.04277789287277 ], [ 127.978631312618589, 35.042675609808846 ], [ 127.978527551956546, 35.042427343118213 ], [ 127.978431779425676, 35.042202975954616 ], [ 127.978345580950858, 35.041995835350527 ], [ 127.978301110544564, 35.041896491786623 ], [ 127.978261305844015, 35.041847753405591 ], [ 127.978176799006647, 35.041743756005552 ], [ 127.978052489912201, 35.041629489416131 ], [ 127.977915787674576, 35.041525361130574 ], [ 127.977761595366104, 35.041411275051573 ], [ 127.977674476320601, 35.041359763144229 ], [ 127.977534038177112, 35.041260078030447 ], [ 127.977439014476616, 35.04118843003819 ], [ 127.977356401556378, 35.041137815997203 ], [ 127.977263278352524, 35.041065940812807 ], [ 127.977152586351323, 35.040989286540849 ], [ 127.977029125080037, 35.040888590926812 ], [ 127.976906905459529, 35.040770098830997 ], [ 127.976788125415354, 35.040664219446072 ], [ 127.976752084461936, 35.040620165218044 ], [ 127.97665505126561, 35.040495362581922 ], [ 127.976597888873641, 35.040411623328993 ], [ 127.976542619281034, 35.040321045345848 ], [ 127.976531777121266, 35.040280996032294 ], [ 127.976521326775696, 35.04021805776955 ], [ 127.97651958679397, 35.040198048123962 ], [ 127.976517418013557, 35.040167317479813 ], [ 127.976518463430764, 35.040136257701569 ], [ 127.976517861894649, 35.040105883076983 ], [ 127.976534017107383, 35.040040077376275 ], [ 127.976543137219309, 35.040009931188649 ], [ 127.976588266289014, 35.039911380954074 ] ], [ [ 127.978984926974348, 35.044816028407936 ], [ 127.978984926974405, 35.04481602840778 ], [ 127.978985368001716, 35.044815903526597 ] ] ] } },
{ "type": "Feature", "properties": { "fid": 542, "UserID": null, "number": "곤양203", "UMD": null, "NUM": "203", "GUBUN": "리도", "Opened": "현황도로", "차선": "1", "도로폭": "7", "변경여부": "변경", "비고": "미확장-현황도로", "기존": "미확장ㅋ", "기타": null, "종점": null, "기점": null, "구분": null, "정비사항": null, "연장": "0.7" }, "geometry": { "type": "MultiLineString", "coordinates": [ [ [ 127.985294638906765, 35.063842646708075 ], [ 127.985548422249835, 35.064205171386881 ], [ 127.985536396372154, 35.064588084998491 ], [ 127.985449800712303, 35.064761967229792 ], [ 127.985210045462154, 35.065105714890912 ], [ 127.985062756447292, 35.065302876501562 ], [ 127.984894665761885, 35.0656141401425 ], [ 127.984719170570315, 35.065770514396839 ], [ 127.984436711570225, 35.066251327171067 ], [ 127.983885458133045, 35.066966744000439 ], [ 127.983865202264283, 35.067126414902617 ], [ 127.983652435362757, 35.067410695230251 ], [ 127.983565996850118, 35.067598246813638 ], [ 127.983542439162449, 35.067944794978381 ], [ 127.983406390239693, 35.068155535401509 ], [ 127.98316382960644, 35.068266877889648 ], [ 127.983062892529517, 35.068632282514997 ], [ 127.983000534277224, 35.068979145038654 ], [ 127.983050011746229, 35.069407132995714 ], [ 127.982974873713999, 35.069612821845901 ], [ 127.982810670269814, 35.069787331136787 ] ] ] } },
{ "type": "Feature", "properties": { "fid": 543, "UserID": null, "number": "축동201", "UMD": null, "NUM": "201", "GUBUN": "리도", "Opened": "현황도로", "차선": "1", "도로폭": "5", "변경여부": "변경", "비고": "미확장-현황도로", "기존": "미확장", "기타": null, "종점": null, "기점": null, "구분": null, "정비사항": null, "연장": "0.5" }, "geometry": { "type": "MultiLineString", "coordinates": [ [ [ 128.046475517196569, 35.114020059613424 ], [ 128.046755681822304, 35.114216308794951 ], [ 128.046850951661526, 35.114347504318594 ], [ 128.046899297642682, 35.114590615657242 ], [ 128.047118850162889, 35.114804049957591 ], [ 128.047371335051395, 35.115274827174744 ], [ 128.047533933494975, 35.115791241254463 ], [ 128.047682581518927, 35.11594889107397 ], [ 128.047814943668442, 35.116052848807449 ], [ 128.048006016653488, 35.116356248728245 ], [ 128.048300985761273, 35.116733090138773 ], [ 128.048565945160988, 35.11720247498527 ], [ 128.048679757763153, 35.117319409501135 ], [ 128.048811599268419, 35.1176258839604 ], [ 128.048950633686417, 35.118006636344461 ], [ 128.048979957979185, 35.118103794037459 ], [ 128.048967646195052, 35.118360246588004 ] ] ] } },
{ "type": "Feature", "properties": { "fid": 544, "UserID": null, "number": "축동201", "UMD": null, "NUM": "201", "GUBUN": "리도", "Opened": "미개설", "차선": null, "도로폭": null, "변경여부": null, "비고": null, "기존": "미개설", "기타": null, "종점": null, "기점": null, "구분": null, "정비사항": null, "연장": "0.7" }, "geometry": { "type": "MultiLineString", "coordinates": [ [ [ 128.048967646195052, 35.118360246588004 ], [ 128.04913196515065, 35.118522885791101 ], [ 128.049370696883074, 35.118892520750883 ], [ 128.049581285039608, 35.119013743355005 ], [ 128.049666631029908, 35.119100161872026 ], [ 128.049711488646324, 35.119192057914475 ], [ 128.049874236941804, 35.119475192248203 ], [ 128.050124762404835, 35.119790890811672 ], [ 128.050121497572462, 35.1199011478354 ], [ 128.050256564154409, 35.120093518650002 ], [ 128.050269292323406, 35.120234398588991 ], [ 128.050791577577456, 35.120696421032306 ], [ 128.050968811363617, 35.12186382122335 ], [ 128.051050532367697, 35.12239631177264 ], [ 128.051882301673515, 35.123024833042884 ], [ 128.052692967760748, 35.123232592160917 ] ] ] } },
{ "type": "Feature", "properties": { "fid": 545, "UserID": null, "number": "서포205", "UMD": null, "NUM": "205", "GUBUN": "리도", "Opened": "미개설", "차선": null, "도로폭": null, "변경여부": null, "비고": null, "기존": "미개설", "기타": null, "종점": null, "기점": null, "구분": null, "정비사항": null, "연장": "0.6" }, "geometry": { "type": "MultiLineString", "coordinates": [ [ [ 127.996080144904766, 35.021603595804891 ], [ 127.995730053414604, 35.021380210184482 ], [ 127.992926981183842, 35.019961076937598 ] ] ] } },
{ "type": "Feature", "properties": { "fid": 547, "UserID": null, "number": "곤명302", "UMD": null, "NUM": "302", "GUBUN": "농도", "Opened": "미확장", "차선": "1", "도로폭": "2.5", "변경여부": null, "비고": null, "기존": "미확장", "기타": null, "종점": null, "기점": null, "구분": null, "정비사항": null, "연장": "1.6" }, "geometry": { "type": "MultiLineString", "coordinates": [ [ [ 127.964202140720673, 35.114220518222147 ], [ 127.964054626998291, 35.1140674231833 ], [ 127.96378062988785, 35.113817233449602 ], [ 127.963694307356704, 35.11376737213687 ], [ 127.96350502065431, 35.113694300848607 ], [ 127.963351820272706, 35.113561251777931 ], [ 127.963157185268699, 35.113481435647422 ], [ 127.96302470234518, 35.11342894564558 ], [ 127.962908635057104, 35.113367664801103 ], [ 127.96283071958166, 35.113297779395829 ], [ 127.962806889660484, 35.113248452869463 ], [ 127.962744259421953, 35.113044728319124 ], [ 127.962502732107509, 35.112805978106437 ], [ 127.962282545355023, 35.112598670036128 ], [ 127.962096801775772, 35.112460874747711 ], [ 127.961986227247877, 35.112395174453887 ], [ 127.961749627564814, 35.112196656022711 ], [ 127.961532076239607, 35.111996067706109 ], [ 127.961347384954067, 35.111775665434806 ], [ 127.961291463398183, 35.111685872242447 ], [ 127.961222609703867, 35.111544612862964 ], [ 127.961088435748266, 35.111411724216687 ], [ 127.960991703634093, 35.111326046309514 ], [ 127.960828467047151, 35.111128155734662 ], [ 127.960442280434307, 35.110727395495225 ], [ 127.960340286308337, 35.110628274878003 ], [ 127.960160126316268, 35.110479360425899 ], [ 127.960065971180185, 35.11040486809334 ], [ 127.959899652435851, 35.110235976646933 ], [ 127.959819196030637, 35.110152670480971 ], [ 127.959669179760752, 35.109983918796324 ], [ 127.959540785670868, 35.109824284102451 ], [ 127.95946055737825, 35.109723116983098 ], [ 127.959347084374357, 35.109458667103745 ], [ 127.959248122690084, 35.109335010458281 ], [ 127.959011822740578, 35.109114160951009 ], [ 127.958799805303101, 35.108906916843416 ], [ 127.95867164207867, 35.108729420538296 ], [ 127.95857268228221, 35.108605763359947 ], [ 127.95827341493154, 35.108422328921669 ], [ 127.958105803254526, 35.108149819261698 ], [ 127.957865399901678, 35.107696336189548 ], [ 127.95771551211412, 35.107623348249845 ], [ 127.957530186574985, 35.107391945980595 ], [ 127.957487281241555, 35.107312937844583 ], [ 127.957505204650488, 35.10725585268333 ], [ 127.957509541614414, 35.107242039657883 ], [ 127.957770103508807, 35.107086461992019 ], [ 127.957658602115146, 35.106885525433754 ], [ 127.95749158306127, 35.106603955304259 ], [ 127.956656771271469, 35.106296607900994 ], [ 127.956510520528781, 35.10617529151309 ], [ 127.956002082504625, 35.10595506053793 ], [ 127.955914983171269, 35.105866050706254 ], [ 127.955803145695072, 35.105635791083472 ], [ 127.955564972085824, 35.105551421919621 ], [ 127.955356725866096, 35.105513389717359 ], [ 127.955099221007799, 35.105391223371456 ], [ 127.954977314936627, 35.105197265940497 ], [ 127.954935888388206, 35.105064772159004 ], [ 127.954583001382559, 35.104682890556816 ], [ 127.954350102776061, 35.104510505641464 ], [ 127.954109573799684, 35.104403727925302 ], [ 127.953807216026547, 35.104214639227294 ], [ 127.953812186187477, 35.104100754274988 ] ] ] } },
{ "type": "Feature", "properties": { "fid": 548, "UserID": null, "number": "곤양205", "UMD": null, "NUM": "205", "GUBUN": "리도", "Opened": "현황도로", "차선": "2", "도로폭": "10", "변경여부": null, "비고": null, "기존": "미확장", "기타": null, "종점": "중항리 529-4", "기점": "묵곡리 226-2", "구분": null, "정비사항": null, "연장": "0.7" }, "geometry": { "type": "MultiLineString", "coordinates": [ [ [ 128.020446075172032, 35.064318909254624 ], [ 128.020434989028729, 35.063425476517267 ], [ 128.020805846225784, 35.063377386698576 ], [ 128.021079060599845, 35.063338452641524 ], [ 128.021425843489993, 35.06322628668768 ], [ 128.021531803677505, 35.063172161960914 ], [ 128.021596201151084, 35.063134060438969 ], [ 128.021664871307109, 35.063084240127857 ], [ 128.021749603477019, 35.063004841862032 ], [ 128.021836930109004, 35.062892692341443 ], [ 128.021889966464983, 35.062750340789016 ], [ 128.021935631556545, 35.062610175080287 ], [ 128.021985507879521, 35.062384489658463 ], [ 128.022027994397064, 35.062202954493884 ], [ 128.022065564969608, 35.062082399270935 ], [ 128.022120759384961, 35.06198136479275 ], [ 128.022169820541166, 35.061956055108077 ], [ 128.022457528583828, 35.061898223070187 ], [ 128.022556817811449, 35.061871038241968 ], [ 128.022679207529677, 35.061635725829319 ], [ 128.022811859422973, 35.061362784461799 ], [ 128.022873718871693, 35.061273556660325 ], [ 128.023287878683078, 35.060839259117749 ], [ 128.023374011932958, 35.060730289480347 ], [ 128.023449914836362, 35.060605004440532 ], [ 128.023543771988273, 35.060468804457692 ], [ 128.023626383656534, 35.060177053644111 ], [ 128.023668793302619, 35.060001556055894 ], [ 128.023717272739276, 35.059848361078082 ], [ 128.023758169196526, 35.059756548269426 ], [ 128.023785118172128, 35.059671404316774 ] ] ] } },
{ "type": "Feature", "properties": { "fid": 892, "UserID": null, "number": "곤양205", "UMD": null, "NUM": "205", "GUBUN": "리도", "Opened": "현황도로", "차선": "2", "도로폭": "8", "변경여부": null, "비고": null, "기존": "현황도로", "기타": null, "종점": "중항리 529-4", "기점": "묵곡리 226-2", "구분": null, "정비사항": null, "연장": "0.8" }, "geometry": { "type": "MultiLineString", "coordinates": [ [ [ 128.006557914152609, 35.0738034720478 ], [ 128.00662224639629, 35.073733505485215 ], [ 128.006688704222569, 35.073688413917083 ], [ 128.006731402721215, 35.073666534804495 ], [ 128.006832263761538, 35.073641521104598 ], [ 128.006989584933251, 35.073631345107799 ], [ 128.007157946960149, 35.073617070758459 ], [ 128.007241630482213, 35.073597259959236 ], [ 128.007333227442473, 35.073566681879115 ], [ 128.007435025109004, 35.073514256900921 ], [ 128.007543346540018, 35.07344286944948 ], [ 128.007584366225558, 35.073402318565421 ], [ 128.007602388885999, 35.073355708386693 ], [ 128.007601906730514, 35.073338591115842 ], [ 128.007586469987473, 35.073295520599395 ], [ 128.007535903507829, 35.073255069529772 ], [ 128.007476116175837, 35.07321534166649 ], [ 128.00743489514727, 35.073183846481683 ], [ 128.007397116680835, 35.073151906350837 ], [ 128.00735773457032, 35.073109541742227 ], [ 128.007344741548621, 35.073076875312594 ], [ 128.007341577662345, 35.073031353277038 ], [ 128.007364214626051, 35.072975218292761 ], [ 128.007413070634868, 35.072921058231522 ], [ 128.007470746856001, 35.07289029007989 ], [ 128.007729069828514, 35.072792666982473 ], [ 128.007822118583761, 35.072745891380386 ], [ 128.007874347418834, 35.072702342057418 ], [ 128.007923799252609, 35.072654503017084 ], [ 128.007986521147444, 35.072560855916706 ], [ 128.008006926270639, 35.072471060314072 ], [ 128.008015745206734, 35.072346873516565 ], [ 128.00804683447862, 35.072223735498497 ], [ 128.008096009202035, 35.07211913780894 ], [ 128.008147364052178, 35.072043939041471 ], [ 128.008209449687996, 35.071943601596416 ], [ 128.008271103479757, 35.071846611632637 ], [ 128.008295925866634, 35.071759695680015 ], [ 128.008288707424612, 35.071721492113603 ], [ 128.008269023182208, 35.071676138313322 ], [ 128.008244084154569, 35.071635227590697 ], [ 128.00820200895879, 35.071597174151954 ], [ 128.008114762654031, 35.07153661188454 ], [ 128.007820786454147, 35.071390009125309 ], [ 128.007755928390367, 35.071342099911845 ], [ 128.007633422465659, 35.071222342729243 ], [ 128.007611075844494, 35.071182172144695 ], [ 128.007589013106582, 35.071114122426991 ], [ 128.007592988057752, 35.071042924156934 ], [ 128.007618436033937, 35.070928291618323 ], [ 128.007629878717296, 35.070856519143575 ], [ 128.00761977441951, 35.070817739191938 ], [ 128.007595292051207, 35.070775682816027 ], [ 128.007559180895527, 35.070741428490315 ], [ 128.00747697438203, 35.070703637857996 ], [ 128.007389722500562, 35.070680652618577 ], [ 128.007216767510357, 35.070635363167391 ], [ 128.007105434331066, 35.070600852974898 ], [ 128.007045709412637, 35.070573946671111 ], [ 128.006968831664949, 35.070506299591152 ], [ 128.006820571377773, 35.070366686091468 ], [ 128.006647441900128, 35.070190239834197 ], [ 128.006607192040832, 35.070128423605581 ], [ 128.006589496931639, 35.070066897159464 ], [ 128.006576493059185, 35.069971604365449 ], [ 128.006563341521485, 35.069875505728398 ], [ 128.006537276021902, 35.069761306022045 ], [ 128.00652197596213, 35.069727409550538 ], [ 128.006492638449259, 35.069671221039727 ], [ 128.006454218463489, 35.069626046057373 ], [ 128.006426090793326, 35.069606002705385 ], [ 128.006391827109013, 35.069585132035442 ], [ 128.00635091309087, 35.069568014397888 ], [ 128.006268425379517, 35.06954694335397 ], [ 128.006147530287365, 35.069538030773522 ], [ 128.006023914249653, 35.069529432068379 ], [ 128.005964220677782, 35.069524033132012 ], [ 128.005925727317646, 35.069508916484125 ], [ 128.005901249929337, 35.069480389319594 ], [ 128.005891895815751, 35.069455763338645 ], [ 128.005888555976384, 35.069426161635619 ], [ 128.005891793732587, 35.069395458316208 ], [ 128.005903593817436, 35.069361169713822 ], [ 128.005923720335147, 35.069331497617164 ], [ 128.005994000798239, 35.069272460646573 ], [ 128.006048393121375, 35.069235015477453 ], [ 128.006157987429987, 35.069166918018574 ], [ 128.006219577088871, 35.069140735260518 ], [ 128.006286899131368, 35.069115595397982 ], [ 128.006340722401262, 35.069095892523094 ], [ 128.006378619165304, 35.069084072057187 ], [ 128.006419457836898, 35.069057360261567 ], [ 128.006460961367566, 35.069029897159119 ], [ 128.006497877744806, 35.069005035049365 ], [ 128.006532827686982, 35.068990932413115 ], [ 128.006585046711081, 35.068976565782798 ], [ 128.00666750468659, 35.068959510760692 ], [ 128.006725180010051, 35.068953560557055 ], [ 128.006776042203427, 35.068944933009981 ], [ 128.00681020125154, 35.068931472281641 ] ] ] } },
{ "type": "Feature", "properties": { "fid": 893, "UserID": null, "number": "곤양304", "UMD": null, "NUM": "304", "GUBUN": "농도", "Opened": "미개설", "차선": null, "도로폭": null, "변경여부": "신설", "비고": null, "기존": "미개설", "기타": null, "종점": null, "기점": "중항리 산 78-2", "구분": "선형변경", "정비사항": "현황도로 및 개설 가능한 선형으로 변경", "연장": "1.8" }, "geometry": { "type": "MultiLineString", "coordinates": [ [ [ 128.01106073156754, 35.031543931821872 ], [ 128.011263162817755, 35.03176671933651 ], [ 128.012258378964844, 35.032585143661649 ], [ 128.012279392217948, 35.032669830637055 ], [ 128.012333751223508, 35.032759714382259 ], [ 128.012543910301332, 35.032799023161289 ], [ 128.012681667904673, 35.032904635703666 ], [ 128.012829206712496, 35.032993741480382 ], [ 128.012925578637265, 35.032981987009649 ], [ 128.013086560498493, 35.032972746089591 ], [ 128.015697632747077, 35.036542252737824 ], [ 128.017259596237636, 35.037688329339268 ], [ 128.020594529473868, 35.041758786455411 ], [ 128.022109244128615, 35.042128971758522 ], [ 128.022599978478866, 35.042124836361715 ], [ 128.023034894008731, 35.042690400495545 ], [ 128.023679597032952, 35.04292300418637 ], [ 128.023936165088031, 35.043314125659855 ] ] ] } },
{ "type": "Feature", "properties": { "fid": 894, "UserID": null, "number": "축동304", "UMD": null, "NUM": "304", "GUBUN": "농도", "Opened": "현황도로", "차선": "2", "도로폭": "8", "변경여부": null, "비고": null, "기존": "현황도로", "기타": null, "종점": null, "기점": "검정리 47-4", "구분": "노선단축", "정비사항": "곤양103에서 분기", "연장": "0.4" }, "geometry": { "type": "MultiLineString", "coordinates": [ [ [ 128.034013732832761, 35.077712577469072 ], [ 128.034092699453851, 35.077707620547173 ], [ 128.034157822694908, 35.077705527676905 ], [ 128.034235876403187, 35.077712372938542 ], [ 128.034329034886525, 35.077730815587692 ], [ 128.034437017050408, 35.077769015162879 ], [ 128.034872074020512, 35.077991493320283 ], [ 128.035892229275248, 35.078517979368456 ], [ 128.036065030131823, 35.078607946827468 ], [ 128.036112053380322, 35.078630634577586 ], [ 128.036290893918476, 35.078724036436014 ], [ 128.036386832873262, 35.078779241970317 ], [ 128.03649861728374, 35.07885917969358 ], [ 128.036638615575953, 35.078973435902029 ], [ 128.036715818094336, 35.079060205172766 ], [ 128.03679221297179, 35.079154518530515 ], [ 128.036934621812406, 35.079338068949355 ], [ 128.037179779123989, 35.079654002461936 ], [ 128.037256243840375, 35.079756430313438 ], [ 128.037348270551348, 35.079868184922525 ], [ 128.037430531609346, 35.079956008918323 ], [ 128.037526379969393, 35.080044462877431 ], [ 128.037631808428955, 35.080147607936212 ] ] ] } },
{ "type": "Feature", "properties": { "fid": 895, "UserID": null, "number": "정동308", "UMD": null, "NUM": "308", "GUBUN": "농도", "Opened": "미확장", "차선": "1", "도로폭": "2.5", "변경여부": null, "비고": null, "기존": "미확장", "기타": null, "종점": null, "기점": null, "구분": null, "정비사항": null, "연장": "1.2" }, "geometry": { "type": "MultiLineString", "coordinates": [ [ [ 128.143311188999292, 35.058578987700123 ], [ 128.143318189325782, 35.058606627093958 ], [ 128.14329557951956, 35.058676428800048 ], [ 128.143259622392804, 35.058802415453371 ], [ 128.143255613679315, 35.058895341801687 ], [ 128.143273062028356, 35.059027600987285 ], [ 128.143282712125909, 35.059093241394024 ], [ 128.143290845489929, 35.059361464188015 ], [ 128.143298709568626, 35.059539136933353 ], [ 128.143302464614976, 35.059586744981083 ], [ 128.143332935282757, 35.059696004058544 ], [ 128.143369998137786, 35.059783921074192 ], [ 128.143448563484128, 35.059943003610556 ], [ 128.143483655430288, 35.060045400118398 ], [ 128.143503636298618, 35.060110617829928 ], [ 128.143543085396999, 35.060232432852722 ], [ 128.143570943180322, 35.060300202956689 ], [ 128.143606356823398, 35.060342527716884 ], [ 128.14365817098502, 35.060399979168992 ], [ 128.143792831832286, 35.060441902505232 ], [ 128.14389659202979, 35.060458130008577 ], [ 128.144046849373098, 35.060474677062302 ], [ 128.144200111543199, 35.060494255623979 ], [ 128.14435836070794, 35.060502368191784 ], [ 128.144728963638698, 35.060488500687953 ], [ 128.144806672241174, 35.060467552629262 ], [ 128.14488849075812, 35.060455034874025 ], [ 128.144955769456004, 35.060444017892443 ], [ 128.144987344247795, 35.060446737521573 ], [ 128.145029811167575, 35.060454040716515 ], [ 128.145075267970526, 35.060466854135214 ], [ 128.145137287612158, 35.060493376590507 ], [ 128.145180700064799, 35.060526662887675 ], [ 128.145247702848735, 35.060577817010859 ], [ 128.145292444888639, 35.060629707197705 ], [ 128.145339070016064, 35.060712283093878 ], [ 128.145356648428731, 35.060752624726014 ], [ 128.145403012501561, 35.060867574713619 ], [ 128.145457057722382, 35.060988095055301 ], [ 128.145510366916568, 35.061093026093808 ], [ 128.145588594037605, 35.061226209505321 ], [ 128.145626154529083, 35.061296147708056 ], [ 128.145640149422832, 35.061353219834807 ], [ 128.145654375992763, 35.061445869290289 ], [ 128.145674662039198, 35.061598644487255 ], [ 128.145737417191754, 35.061940341655337 ], [ 128.145756880674242, 35.062020688757414 ], [ 128.14577207700404, 35.062078201979595 ], [ 128.145790865457741, 35.062141301774659 ], [ 128.145827850827033, 35.062208630993979 ], [ 128.145889122488455, 35.062278628193297 ], [ 128.145945751552887, 35.062327104793518 ], [ 128.146003399308796, 35.062394579679456 ], [ 128.146037197556836, 35.062445896675882 ], [ 128.14606597541956, 35.062484577598326 ], [ 128.146075514663352, 35.06250223892323 ], [ 128.146090078928552, 35.062620380449346 ], [ 128.146108159705761, 35.062810220921747 ], [ 128.146124466634774, 35.062907382636261 ], [ 128.146166858677589, 35.063039718091446 ], [ 128.146286182911467, 35.063341415934765 ], [ 128.146398355597682, 35.063659359375563 ], [ 128.146460812284317, 35.063819822596734 ], [ 128.146505309959792, 35.063923780716735 ], [ 128.146536857024955, 35.063988178096139 ], [ 128.146585132217837, 35.064079967748945 ], [ 128.146619248859253, 35.064130286339122 ], [ 128.146642703541914, 35.064154940891427 ], [ 128.146690859404714, 35.064200355986358 ], [ 128.146845613842629, 35.06431099460346 ], [ 128.146897383060889, 35.06435894078453 ], [ 128.146975888142265, 35.064437549408474 ], [ 128.147005107462235, 35.064491835318371 ], [ 128.147010768889061, 35.064531353659568 ], [ 128.14700421254031, 35.064575617093048 ], [ 128.146979902692237, 35.06463826888308 ], [ 128.146968216489086, 35.064706669975088 ], [ 128.146975982232107, 35.064777794921781 ], [ 128.146976194774709, 35.06478685483286 ], [ 128.147265194948517, 35.064936574516828 ], [ 128.147335310637914, 35.064986864896554 ], [ 128.147565240755767, 35.065205959388749 ], [ 128.147647622071503, 35.065307045770332 ], [ 128.147707871399035, 35.065355393393155 ], [ 128.1477796064041, 35.065389843472452 ], [ 128.147850765953166, 35.065401659016608 ], [ 128.147927210659589, 35.065396447179168 ], [ 128.148007605417376, 35.065377043451861 ], [ 128.148087730437993, 35.065383596537679 ], [ 128.148173975815354, 35.06542480492466 ], [ 128.148219666942651, 35.065471053063156 ], [ 128.148266489282719, 35.065572749571182 ], [ 128.148305797403282, 35.065609634270366 ], [ 128.148358959092434, 35.065638628974476 ], [ 128.148433373692853, 35.065649135709897 ], [ 128.148511904307924, 35.06567381455379 ], [ 128.148577867029275, 35.06571820788438 ], [ 128.14866934954469, 35.065812859007174 ], [ 128.148855896201326, 35.065945959734627 ], [ 128.148951435517745, 35.066050098668399 ], [ 128.14909674287577, 35.066175999968856 ], [ 128.149289013277411, 35.066342005881225 ], [ 128.14935441629666, 35.066397695993324 ], [ 128.14940615143351, 35.066450357315162 ] ] ] } },
{ "type": "Feature", "properties": { "fid": 900, "UserID": null, "number": "곤양205", "UMD": null, "NUM": "205", "GUBUN": "리도", "Opened": "미확장", "차선": "1", "도로폭": "7", "변경여부": null, "비고": null, "기존": "미확장", "기타": null, "종점": "중항리 529-4", "기점": "묵곡리 226-2", "구분": null, "정비사항": null, "연장": "3.2" }, "geometry": { "type": "MultiLineString", "coordinates": [ [ [ 128.023785118172128, 35.059671404316774 ], [ 128.023659709619608, 35.059511198213876 ], [ 128.023611473790424, 35.059457333796352 ], [ 128.023525952177295, 35.059311062397846 ], [ 128.023436747609964, 35.059071960839084 ], [ 128.023331107872821, 35.058775312296305 ], [ 128.02325878027176, 35.058583494982059 ], [ 128.023186221241019, 35.058411108320627 ], [ 128.023001412588229, 35.058160058974956 ], [ 128.022916011154393, 35.058069147484098 ], [ 128.0227203653956, 35.057943763149652 ], [ 128.022580995640539, 35.057893741737793 ], [ 128.022301533475996, 35.05780836617356 ], [ 128.022119695658006, 35.057710023917622 ], [ 128.02203632057774, 35.05764689799279 ], [ 128.021851776397966, 35.057440221270596 ], [ 128.021741857712925, 35.057298726909757 ], [ 128.021597492663204, 35.057081594439857 ], [ 128.021441526498791, 35.056856607668969 ], [ 128.021373215140159, 35.056716296338621 ], [ 128.0212108157329, 35.05629963559182 ], [ 128.021077045985976, 35.055926289326095 ], [ 128.021037657424728, 35.055804742776687 ], [ 128.021014123173074, 35.055736935166088 ], [ 128.021003043538684, 35.055678070209517 ], [ 128.020998249429795, 35.055618805389351 ], [ 128.02101077613645, 35.055490575957769 ], [ 128.021027184237312, 35.055431942166734 ], [ 128.021056271632318, 35.055364361537585 ], [ 128.021114818480015, 35.055263174208037 ], [ 128.021152935791122, 35.055162732100996 ], [ 128.021170574985518, 35.055066189482197 ], [ 128.021172332255304, 35.054919143456914 ], [ 128.021141691687234, 35.054789276274832 ], [ 128.021129426323313, 35.054758090451614 ], [ 128.0211096723136, 35.054707835161011 ], [ 128.021014536981397, 35.054519311259028 ], [ 128.020919756091217, 35.05435985788629 ], [ 128.020724612890376, 35.054120997562769 ], [ 128.020671379080511, 35.054040033780929 ], [ 128.020537979864031, 35.053826855347658 ], [ 128.020307002872954, 35.053365726192588 ], [ 128.020250026093322, 35.05320464017678 ], [ 128.020231406815157, 35.053120071444077 ], [ 128.020234968658883, 35.053019305030411 ], [ 128.020272139877676, 35.052800015750122 ], [ 128.02029682502058, 35.052640428414456 ], [ 128.020382557807608, 35.052367479326222 ], [ 128.020478884073185, 35.05212793782708 ], [ 128.020631792385785, 35.051826653219415 ], [ 128.020743685663803, 35.051598666141054 ], [ 128.020827793026797, 35.051395457129139 ], [ 128.020844236777748, 35.051333777125478 ], [ 128.02086613893826, 35.051238161257082 ], [ 128.020883183740466, 35.051163786424191 ], [ 128.020947040421845, 35.050942720603899 ], [ 128.020985445660983, 35.050809769968943 ] ] ] } },
{ "type": "Feature", "properties": { "fid": 901, "UserID": null, "number": "곤명202", "UMD": null, "NUM": "202", "GUBUN": "리도", "Opened": "미개설", "차선": null, "도로폭": null, "변경여부": "변경", "비고": "미확장-미개설", "기존": "미확장", "기타": null, "종점": null, "기점": "은사리 232", "구분": "시점변경", "정비사항": "마을 주진입로를 시점으로 변경", "연장": "0.1" }, "geometry": { "type": "MultiLineString", "coordinates": [ [ [ 127.895592539269728, 35.131546642868152 ], [ 127.896717751264404, 35.130886104319003 ] ] ] } },
{ "type": "Feature", "properties": { "fid": 902, "UserID": null, "number": "서포207", "UMD": null, "NUM": "207", "GUBUN": "리도", "Opened": "미확장", "차선": "1", "도로폭": "3", "변경여부": "변경", "비고": "미확장", "기존": "미확장", "기타": null, "종점": null, "기점": "다평리 산 135-5", "구분": "노선단축", "정비사항": "지방도 중복구간 폐지", "연장": "0.4" }, "geometry": { "type": "MultiLineString", "coordinates": [ [ [ 127.964139019991677, 34.995189811747053 ], [ 127.964191856631629, 34.995174237572833 ], [ 127.964308776341355, 34.995148476031623 ], [ 127.964522361508841, 34.995074479646398 ], [ 127.965165338144175, 34.994986613794012 ], [ 127.965237723952342, 34.994928269992478 ], [ 127.965546693445773, 34.99457468003596 ], [ 127.966039823311561, 34.994058058689596 ], [ 127.966249892452709, 34.993971407594373 ], [ 127.966495252967235, 34.993859183465737 ], [ 127.966758347398411, 34.993788180070716 ], [ 127.967096113538929, 34.993757577425903 ], [ 127.967499559704279, 34.993723833623299 ] ] ] } },
{ "type": "Feature", "properties": { "fid": 903, "UserID": null, "number": "곤양305", "UMD": null, "NUM": "305", "GUBUN": "농도", "Opened": "미확장", "차선": "1", "도로폭": "2.5", "변경여부": "변경", "비고": null, "기존": "미확장", "기타": null, "종점": null, "기점": null, "구분": null, "정비사항": null, "연장": "0.3" }, "geometry": { "type": "MultiLineString", "coordinates": [ [ [ 127.98150410722215, 35.045262609291761 ], [ 127.981609714443778, 35.045266612786257 ], [ 127.981711749316318, 35.04526664703549 ], [ 127.981783915387808, 35.04527222886685 ], [ 127.981826697564799, 35.045276140968369 ], [ 127.981877989726243, 35.045283309552715 ], [ 127.981943560501463, 35.045293978777657 ], [ 127.982024939013115, 35.045329005745238 ], [ 127.982233149760745, 35.045430152451409 ], [ 127.982307147493145, 35.04547636892903 ], [ 127.982371961432506, 35.045504281916358 ], [ 127.982418627762101, 35.04551717366725 ], [ 127.982485081607948, 35.045518488802983 ], [ 127.982552794899206, 35.045507574624743 ], [ 127.982651808109821, 35.045471662560864 ], [ 127.983006221009191, 35.045313922477625 ], [ 127.983119162358349, 35.045269351874332 ], [ 127.983189083724412, 35.045247950273932 ], [ 127.983306727481647, 35.045222302198347 ], [ 127.983354103564494, 35.045216385471825 ], [ 127.983459277464789, 35.045215387488554 ], [ 127.9837921553912, 35.045204326771838 ], [ 127.983844342980191, 35.045206296747224 ], [ 127.983888594543288, 35.045209854245044 ], [ 127.983911825638074, 35.045218088883701 ], [ 127.983944802087493, 35.045236605392319 ], [ 127.984325825193565, 35.045578336203576 ], [ 127.984424646480605, 35.045657210680325 ], [ 127.984452027945721, 35.045682050862098 ], [ 127.984483879345376, 35.045699431553466 ], [ 127.984513691569902, 35.045710149188714 ], [ 127.984550308930466, 35.045717128315289 ], [ 127.984585226935266, 35.045720917823019 ], [ 127.984778521713963, 35.045698271413997 ], [ 127.984952205306882, 35.045679912194586 ], [ 127.985015247259469, 35.045683538018153 ], [ 127.985066564689092, 35.045691757254183 ], [ 127.985108416506662, 35.045710948169017 ], [ 127.985466457099378, 35.04592596393119 ], [ 127.98566710855097, 35.046039463794095 ], [ 127.98583063289415, 35.046140198251337 ], [ 127.985870065714522, 35.046172128730262 ], [ 127.985898833870536, 35.046200168129161 ], [ 127.9859179937812, 35.046238075920556 ], [ 127.985927299040796, 35.046273603483101 ], [ 127.985928543163539, 35.04633136145911 ], [ 127.985912384522621, 35.046538140260324 ], [ 127.985857045214999, 35.0470673786009 ], [ 127.985862791618942, 35.047131745116232 ], [ 127.985898731962664, 35.047273311715628 ], [ 127.98599143770916, 35.047619527051161 ], [ 127.986081959388414, 35.047939699586792 ], [ 127.986102967178425, 35.047980543973239 ], [ 127.986139397585191, 35.047996224615424 ], [ 127.986221178710778, 35.048014246226842 ], [ 127.98655186666825, 35.048065558381737 ], [ 127.98662573150105, 35.048081120196919 ], [ 127.986679448523532, 35.048097542896748 ], [ 127.986700217249265, 35.0481126605452 ], [ 127.986725676862804, 35.048144175584468 ], [ 127.986733655546246, 35.048176987380799 ], [ 127.986754594329838, 35.048413181696077 ], [ 127.986773344588968, 35.048567990085196 ], [ 127.986806883431299, 35.048731573821506 ], [ 127.98683031420984, 35.048832800941724 ], [ 127.986861138444183, 35.048905668574186 ], [ 127.986917420185236, 35.048989967866277 ], [ 127.987042291965565, 35.049164508080885 ], [ 127.987092177382848, 35.04922633840097 ], [ 127.987139771459127, 35.049284145685625 ], [ 127.987196742583194, 35.049350719119481 ], [ 127.987227549119368, 35.049373128528806 ], [ 127.987295815714006, 35.04942156288034 ], [ 127.987375846914361, 35.049468577679505 ], [ 127.987468510488895, 35.049520055520055 ], [ 127.987570810189851, 35.049570922631716 ], [ 127.98765765979968, 35.049607690853833 ], [ 127.987726491110735, 35.049629262199012 ], [ 127.98778294940233, 35.049640648959738 ], [ 127.987922029065473, 35.04965899583182 ], [ 127.988071790006074, 35.049662064575173 ], [ 127.988165107478011, 35.0496567439831 ], [ 127.988258520353114, 35.049650270593069 ], [ 127.988368636132066, 35.049644653480222 ], [ 127.988409414618815, 35.049645649318279 ], [ 127.988451058763843, 35.049651659996414 ], [ 127.988554281119391, 35.049657945916373 ], [ 127.988645611736658, 35.049665488124987 ], [ 127.988755125291149, 35.049670467663091 ], [ 127.988818768680716, 35.049665779818021 ], [ 127.988923191068537, 35.049651280298953 ], [ 127.989167371875894, 35.049610246571561 ], [ 127.989383886873284, 35.049570918108692 ], [ 127.989489881514032, 35.049551181924812 ], [ 127.989555390261359, 35.049540224841898 ], [ 127.989639210389058, 35.049533714842525 ], [ 127.99013482055031, 35.049552004634506 ] ] ] } },
{ "type": "Feature", "properties": { "fid": 909, "UserID": null, "number": "읍102", "UMD": null, "NUM": "102", "GUBUN": "면도", "Opened": "미개설", "차선": null, "도로폭": null, "변경여부": null, "비고": null, "기존": null, "기타": null, "종점": null, "기점": null, "구분": null, "정비사항": null, "연장": null }, "geometry": { "type": "MultiLineString", "coordinates": [ [ [ 128.100734887593546, 35.077892329685042 ], [ 128.101049981935347, 35.078174751931428 ], [ 128.101049981935375, 35.078859314841495 ], [ 128.100772398824716, 35.079700429117729 ], [ 128.100254743834597, 35.081305889594162 ] ] ] } },
{ "type": "Feature", "properties": { "fid": 910, "UserID": null, "number": "읍102", "UMD": null, "NUM": "102", "GUBUN": "면도", "Opened": "현황도로", "차선": null, "도로폭": null, "변경여부": null, "비고": null, "기존": null, "기타": null, "종점": null, "기점": null, "구분": null, "정비사항": null, "연장": null }, "geometry": { "type": "MultiLineString", "coordinates": [ [ [ 128.100254743834597, 35.081305889594162 ], [ 128.097561437436809, 35.081419467819408 ], [ 128.096758881426808, 35.081061444823497 ], [ 128.096760695965287, 35.081073869648421 ], [ 128.096813020565634, 35.081433304033737 ], [ 128.096917032722843, 35.081709345463011 ], [ 128.097368997063171, 35.082996468135867 ], [ 128.097371555897553, 35.083069647999665 ], [ 128.097371551522485, 35.083070044551334 ], [ 128.097371528432888, 35.083075118855405 ], [ 128.097332927496097, 35.084089185433491 ], [ 128.097332807364893, 35.084092122866373 ], [ 128.097327837520368, 35.084208636506574 ], [ 128.09730172499485, 35.085238560207003 ], [ 128.097300291079677, 35.08529497262343 ], [ 128.097300193494505, 35.085298847604456 ], [ 128.097298753461558, 35.085345877154552 ], [ 128.09721330821472, 35.087641443736629 ], [ 128.097193373683979, 35.088661714609451 ], [ 128.097191517608053, 35.088756358138774 ], [ 128.097190958261848, 35.088785178407505 ], [ 128.09716650568771, 35.089840152530215 ] ] ] } },
{ "type": "Feature", "properties": { "fid": 911, "UserID": null, "number": "읍303", "UMD": null, "NUM": "303", "GUBUN": "농도", "Opened": "미개설", "차선": null, "도로폭": null, "변경여부": null, "비고": null, "기존": null, "기타": null, "종점": null, "기점": null, "구분": null, "정비사항": null, "연장": null }, "geometry": { "type": "MultiLineString", "coordinates": [ [ [ 128.093813742341865, 35.078896795660611 ], [ 128.089407987072889, 35.073973949831249 ] ] ] } },
{ "type": "Feature", "properties": { "fid": 912, "UserID": null, "number": "정동101", "UMD": null, "NUM": "101", "GUBUN": "면도", "Opened": "현황도로", "차선": null, "도로폭": null, "변경여부": null, "비고": null, "기존": null, "기타": null, "종점": null, "기점": null, "구분": null, "정비사항": null, "연장": null }, "geometry": { "type": "MultiLineString", "coordinates": [ [ [ 128.084752652416057, 35.076761834249481 ], [ 128.085090080150451, 35.076565821699177 ], [ 128.085395308913633, 35.076398894201247 ], [ 128.085420041210114, 35.07638439837384 ], [ 128.085821130600948, 35.076149386402136 ], [ 128.086094329998389, 35.075980556853558 ], [ 128.086105516838728, 35.075974341001064 ], [ 128.086203672000096, 35.075919794301043 ], [ 128.086470753002857, 35.075754802437743 ], [ 128.087222227601899, 35.075304784907111 ], [ 128.087273177006011, 35.075274271420355 ], [ 128.087351964414324, 35.075229916019921 ], [ 128.087475575918944, 35.07515218501316 ] ] ] } },
{ "type": "Feature", "properties": { "fid": 913, "UserID": null, "number": "정동102", "UMD": null, "NUM": "102", "GUBUN": "면도", "Opened": "현황도로", "차선": "2", "도로폭": "10", "변경여부": null, "비고": null, "기존": null, "기타": null, "종점": null, "기점": null, "구분": null, "정비사항": null, "연장": null }, "geometry": { "type": "MultiLineString", "coordinates": [ [ [ 128.082793774185518, 35.073761692443895 ], [ 128.082861518298358, 35.073688202506418 ], [ 128.082959766237934, 35.073615533403029 ], [ 128.08369568903916, 35.073122841052943 ], [ 128.083782712061577, 35.073064579685145 ], [ 128.083786865480562, 35.073061798966265 ], [ 128.084157304760765, 35.072806767207553 ], [ 128.084684967335619, 35.072456778083669 ], [ 128.084878036565129, 35.0723185444104 ] ] ] } },
{ "type": "Feature", "properties": { "fid": 914, "UserID": null, "number": "정동201", "UMD": null, "NUM": "201", "GUBUN": "리도", "Opened": "현황도로", "차선": null, "도로폭": null, "변경여부": null, "비고": null, "기존": null, "기타": null, "종점": null, "기점": null, "구분": null, "정비사항": null, "연장": null }, "geometry": { "type": "MultiLineString", "coordinates": [ [ [ 128.082111911830509, 35.073006022083376 ], [ 128.082212407936964, 35.073000032939404 ], [ 128.082488248793936, 35.072873023307309 ], [ 128.08262001948799, 35.07281141516961 ], [ 128.082745858798916, 35.072743325528883 ], [ 128.082876379623798, 35.072662792985831 ], [ 128.082999990768258, 35.072581089333354 ], [ 128.0832206658296, 35.072423463874316 ], [ 128.083400552757382, 35.072298152585056 ], [ 128.083541333840031, 35.072198088034007 ], [ 128.083731884262676, 35.072059292614497 ], [ 128.083884840588553, 35.071957529907834 ], [ 128.084025197488444, 35.071868990424818 ], [ 128.085141653471538, 35.071105453371374 ], [ 128.085276653858301, 35.071013059601121 ], [ 128.085467070640362, 35.070882284606874 ], [ 128.08590151743104, 35.070585263447114 ], [ 128.08628248977567, 35.070325919878108 ], [ 128.086498887203817, 35.070178474406873 ], [ 128.087201166627864, 35.069698754658923 ], [ 128.087761231291893, 35.069316376272624 ], [ 128.087963585534652, 35.069179399292679 ], [ 128.089566381233539, 35.068081771419479 ], [ 128.089813269003201, 35.067913302603124 ], [ 128.090016763137129, 35.067771826030373 ], [ 128.091744602993828, 35.066594384732504 ], [ 128.092659638829986, 35.065966635308719 ], [ 128.093467607387481, 35.065414909056393 ], [ 128.093711780029253, 35.065250970807767 ], [ 128.09426082102803, 35.06487433329356 ], [ 128.094592328188781, 35.064647046807671 ], [ 128.094707903174054, 35.064555838776592 ] ] ] } },
{ "type": "Feature", "properties": { "fid": 915, "UserID": null, "number": "정동302", "UMD": null, "NUM": "302", "GUBUN": "농도", "Opened": "현황도로", "차선": null, "도로폭": null, "변경여부": null, "비고": null, "기존": null, "기타": null, "종점": null, "기점": null, "구분": null, "정비사항": null, "연장": null }, "geometry": { "type": "MultiLineString", "coordinates": [ [ [ 128.10080693188641, 35.075665701315856 ], [ 128.100756488119913, 35.075605433654488 ], [ 128.100391406425985, 35.075201270201468 ], [ 128.100048915442358, 35.074818514634472 ], [ 128.099901353174005, 35.074656971954397 ], [ 128.098687938697083, 35.073317730403076 ], [ 128.097669350903232, 35.072193046116652 ], [ 128.097473285330153, 35.071981948295232 ], [ 128.097236205820991, 35.071717602582808 ] ] ] } },
{ "type": "Feature", "properties": { "fid": 916, "UserID": null, "number": "정동302", "UMD": null, "NUM": "302", "GUBUN": "농도", "Opened": "미확장", "차선": null, "도로폭": null, "변경여부": null, "비고": null, "기존": null, "기타": null, "종점": null, "기점": null, "구분": null, "정비사항": null, "연장": null }, "geometry": { "type": "MultiLineString", "coordinates": [ [ [ 128.092895670992846, 35.06685427361699 ], [ 128.092935860679631, 35.066896783925642 ], [ 128.09298394456718, 35.066950088185187 ], [ 128.093040223664246, 35.067017694813877 ], [ 128.093091117344613, 35.067078627298336 ], [ 128.093179335537286, 35.067181462669552 ], [ 128.093281216741417, 35.067298857606737 ], [ 128.093370365205828, 35.067399897144426 ], [ 128.093449894023109, 35.067489552915916 ], [ 128.093522871051988, 35.067574905316647 ], [ 128.093600699071771, 35.067660771686292 ], [ 128.093639742689845, 35.067703886088424 ], [ 128.09567595602897, 35.070007958818373 ] ], [ [ 128.097236205820991, 35.071717602582808 ], [ 128.096480784978894, 35.070876949410433 ], [ 128.096095870916031, 35.07046343110698 ], [ 128.095965970308498, 35.070317302276671 ], [ 128.095770063410384, 35.070113391943437 ], [ 128.0957515364058, 35.070093478428191 ] ] ] } },
{ "type": "Feature", "properties": { "fid": 917, "UserID": null, "number": "사남204", "UMD": null, "NUM": "204", "GUBUN": "리도", "Opened": "현황도로", "차선": null, "도로폭": null, "변경여부": null, "비고": null, "기존": null, "기타": null, "종점": null, "기점": null, "구분": null, "정비사항": null, "연장": null }, "geometry": { "type": "MultiLineString", "coordinates": [ [ [ 128.069290838488996, 35.046539749325177 ], [ 128.069636724439562, 35.046453168700083 ], [ 128.069709644960056, 35.04643062761145 ], [ 128.069768530402342, 35.046414432231778 ], [ 128.069836384276414, 35.046397954168981 ], [ 128.069876867346466, 35.046389531116724 ], [ 128.069929427966031, 35.046383066535014 ], [ 128.06998686668706, 35.046378451056313 ], [ 128.070027463746669, 35.046379294510331 ], [ 128.070094104650195, 35.046382771470242 ], [ 128.070159938975536, 35.04639165018785 ], [ 128.070237616070671, 35.046404828981778 ], [ 128.070336928074369, 35.046421878233318 ], [ 128.070541009781692, 35.046459888720307 ], [ 128.070650680868908, 35.046477747276278 ], [ 128.070743855418755, 35.046505429882259 ], [ 128.070825483260563, 35.046539432312798 ], [ 128.071909183151803, 35.047178428899173 ], [ 128.071925344516558, 35.047188261295361 ], [ 128.072175791400326, 35.047268913853479 ], [ 128.072282563919913, 35.04731262719006 ], [ 128.072349778030656, 35.047340430790804 ], [ 128.072430231393213, 35.047373044059256 ], [ 128.072599775062685, 35.047436546871829 ], [ 128.07270969558644, 35.047478891872117 ], [ 128.072795583871226, 35.047510831048939 ], [ 128.072831684743051, 35.047524686157608 ], [ 128.072913080531208, 35.04755472159033 ], [ 128.072979593197431, 35.047579219092867 ], [ 128.073070921477836, 35.047612941895395 ], [ 128.073175278878495, 35.047652067333033 ], [ 128.073340412039215, 35.047713458058332 ], [ 128.073463549159527, 35.047759006839819 ], [ 128.073540395426534, 35.0477869804091 ], [ 128.073674234976977, 35.047834757488054 ], [ 128.073749620948917, 35.04785986966823 ], [ 128.073831970681539, 35.04788402638345 ], [ 128.07393281825324, 35.047910781341365 ], [ 128.074001387838905, 35.047923741097556 ], [ 128.074086798446871, 35.047937541979536 ], [ 128.074165556922736, 35.047947610136589 ], [ 128.074229347009634, 35.047952491197826 ], [ 128.074297011812661, 35.047956191104511 ], [ 128.074385206970334, 35.047957939091901 ], [ 128.074450180865284, 35.04795712529824 ], [ 128.074499980754638, 35.047953881751859 ], [ 128.074553616178122, 35.047950012128432 ], [ 128.07458768647507, 35.047945900764503 ], [ 128.074614786421392, 35.047942917473932 ], [ 128.074616559881349, 35.047943102274836 ], [ 128.074662269631858, 35.047937741269479 ], [ 128.074677075485937, 35.047936172957812 ], [ 128.074684466455579, 35.047934924694161 ], [ 128.074726291136614, 35.047927872434229 ], [ 128.0748035487658, 35.047920526994595 ], [ 128.074895566106619, 35.047898603014183 ], [ 128.07497249979096, 35.047879527292679 ], [ 128.075004961604378, 35.047870013761873 ], [ 128.075142123215301, 35.047829662921615 ], [ 128.075245913809681, 35.047799746959953 ], [ 128.075358696427401, 35.047761131851885 ] ] ] } },
{ "type": "Feature", "properties": { "fid": 918, "UserID": null, "number": "용현102", "UMD": null, "NUM": "102", "GUBUN": "면도", "Opened": "미확장", "차선": null, "도로폭": null, "변경여부": null, "비고": null, "기존": null, "기타": null, "종점": null, "기점": null, "구분": null, "정비사항": null, "연장": null }, "geometry": { "type": "MultiLineString", "coordinates": [ [ [ 128.06888850791276, 35.010912131759909 ], [ 128.070158635486223, 35.012041810908094 ], [ 128.070211779114402, 35.012258684886056 ], [ 128.070208485160123, 35.012327711581001 ], [ 128.069496828362986, 35.012741071160967 ], [ 128.069823398457572, 35.013024533090089 ], [ 128.069982709116971, 35.013343967673777 ], [ 128.070164930864536, 35.013490705907131 ], [ 128.070359237220856, 35.013599388578925 ], [ 128.072990254703711, 35.01695013794702 ], [ 128.073207746339989, 35.017227654938786 ], [ 128.073456484086137, 35.017328951335145 ], [ 128.073663878828825, 35.017475461409624 ], [ 128.073939850577915, 35.017735210238293 ], [ 128.073824746768537, 35.017912172576402 ], [ 128.073742465039203, 35.018033646355057 ], [ 128.073872630260496, 35.018367132730653 ], [ 128.074017268196741, 35.018524547101777 ], [ 128.074067541800275, 35.018841490877222 ], [ 128.074205960484761, 35.019164554147245 ], [ 128.07420028140271, 35.019371597039438 ], [ 128.074032113940035, 35.020301102373999 ], [ 128.073912317564549, 35.020440157644934 ], [ 128.073526143781038, 35.020733364152761 ], [ 128.07343114415886, 35.020844600574463 ], [ 128.073093166312276, 35.020975235186278 ] ] ] } },
{ "type": "Feature", "properties": { "fid": 919, "UserID": null, "number": "용현102", "UMD": null, "NUM": "102", "GUBUN": "면도", "Opened": "미확장", "차선": null, "도로폭": null, "변경여부": null, "비고": null, "기존": null, "기타": null, "종점": null, "기점": null, "구분": null, "정비사항": null, "연장": null }, "geometry": { "type": "MultiLineString", "coordinates": [ [ [ 128.071886805731481, 35.024022956778722 ], [ 128.071852046399556, 35.024040708712619 ], [ 128.071530617981551, 35.024110710337204 ], [ 128.071446312968163, 35.024150705777316 ], [ 128.071377592474846, 35.024166140703748 ], [ 128.071276119074611, 35.024190587198156 ], [ 128.071170152314664, 35.024277002665379 ], [ 128.071024256021161, 35.024354765564212 ], [ 128.070970084705692, 35.024379894052217 ], [ 128.070865348937815, 35.024400957357685 ], [ 128.070546309158885, 35.024431292084508 ], [ 128.070525825631535, 35.024425376504325 ], [ 128.07049538365851, 35.024431955844321 ], [ 128.070299084038453, 35.024457701297685 ], [ 128.069892321664014, 35.024540875859749 ], [ 128.069579516441536, 35.024615686734691 ], [ 128.069487983927729, 35.024653590042696 ], [ 128.069437857926971, 35.024691811278572 ], [ 128.069393098127676, 35.024743699416405 ], [ 128.069364565879113, 35.024825234542647 ], [ 128.069333788607821, 35.024861333384962 ], [ 128.069303191734093, 35.024881536943283 ], [ 128.069264339281318, 35.024899406129869 ], [ 128.069026167402797, 35.024965705001698 ], [ 128.068948642777769, 35.024985547907356 ], [ 128.06876036485238, 35.025034062005531 ], [ 128.068608075767372, 35.025073768641086 ], [ 128.068491904609147, 35.025093314186087 ], [ 128.068436747157392, 35.025088348244445 ], [ 128.068377832019422, 35.025198092054396 ], [ 128.068000424146078, 35.026652087126536 ], [ 128.06796919427228, 35.026714891251842 ], [ 128.067924622751917, 35.026712709677689 ], [ 128.067885475565987, 35.026709524268199 ], [ 128.06766291321884, 35.02671987179744 ], [ 128.067418712813947, 35.026722273872679 ], [ 128.067237398792116, 35.026751442461311 ], [ 128.067036764473357, 35.026779858124982 ], [ 128.066993532886215, 35.026789917621272 ], [ 128.066768919705197, 35.026900512050645 ], [ 128.066700951866125, 35.026929335964446 ], [ 128.066647684779412, 35.02697294678795 ], [ 128.066574810325051, 35.027027547023664 ], [ 128.066673779506488, 35.027172693997954 ], [ 128.067016357460545, 35.027514936710602 ], [ 128.067060754645837, 35.027543066667512 ], [ 128.067094661756386, 35.027567681762065 ], [ 128.067138991665985, 35.027593062105723 ], [ 128.067183899606505, 35.027613868109718 ], [ 128.067239997469642, 35.027638320506071 ], [ 128.067294106983582, 35.027665146104468 ], [ 128.067407506478673, 35.027727688196215 ], [ 128.067498511714035, 35.02778518162463 ], [ 128.067579775594197, 35.027843663595924 ], [ 128.067650156746424, 35.027906180867106 ], [ 128.067678610672857, 35.02793339474534 ], [ 128.067683421642641, 35.027950683284431 ], [ 128.067680757836996, 35.027964272921821 ], [ 128.067663812847712, 35.027987811551448 ], [ 128.067618537331242, 35.028033627441893 ], [ 128.067589576118877, 35.028062934277614 ], [ 128.06758844309519, 35.028089334626031 ], [ 128.067598996621854, 35.028151833172778 ], [ 128.067609140001423, 35.028182953148345 ], [ 128.067664458405574, 35.02821817929911 ], [ 128.067693665094112, 35.028222568191971 ], [ 128.067714779704517, 35.028236106442257 ] ] ] } },
{ "type": "Feature", "properties": { "fid": 920, "UserID": null, "number": "용현102", "UMD": null, "NUM": "102", "GUBUN": "면도", "Opened": "미개설", "차선": null, "도로폭": null, "변경여부": null, "비고": null, "기존": "미확장", "기타": null, "종점": null, "기점": null, "구분": null, "정비사항": null, "연장": null }, "geometry": { "type": "MultiLineString", "coordinates": [ [ [ 128.067714779704517, 35.028236106442257 ], [ 128.067953875980209, 35.028468128389903 ], [ 128.068086089610603, 35.028562563751173 ], [ 128.06851096722562, 35.028983157527236 ], [ 128.0685019780652, 35.029259226591385 ], [ 128.068310948563436, 35.029566222472113 ], [ 128.068107256951265, 35.02970601064316 ], [ 128.067676974448204, 35.029837442898909 ], [ 128.067496514130056, 35.029828681061076 ], [ 128.066933225591043, 35.029730139373804 ], [ 128.0665708697328, 35.029602229692699 ], [ 128.066251035584685, 35.029518793886872 ], [ 128.065473639244061, 35.029396099950702 ] ] ] } },
{ "type": "Feature", "properties": { "fid": 921, "UserID": null, "number": "축동101", "UMD": null, "NUM": "101", "GUBUN": "면도", "Opened": "미확장", "차선": null, "도로폭": null, "변경여부": null, "비고": null, "기존": null, "기타": null, "종점": null, "기점": null, "구분": null, "정비사항": null, "연장": null }, "geometry": { "type": "MultiLineString", "coordinates": [ [ [ 128.036065549023192, 35.078608216983625 ], [ 128.036180039715077, 35.078480703728808 ], [ 128.036236431048678, 35.078434915613173 ], [ 128.03629512487592, 35.078402424235762 ], [ 128.036367273421945, 35.078375356720727 ], [ 128.036428434785137, 35.078359030087981 ], [ 128.036478440068464, 35.078351705190776 ], [ 128.036528700504277, 35.078345137860545 ], [ 128.036586595373763, 35.078343160068236 ], [ 128.036667664871999, 35.078362424876765 ], [ 128.036757100800941, 35.078395215895924 ], [ 128.036838324559739, 35.078428670125007 ], [ 128.036926517113898, 35.078471823882346 ], [ 128.037041042212479, 35.078532896216522 ], [ 128.037127249588195, 35.078591123957871 ], [ 128.037175746373549, 35.078608388907803 ], [ 128.037210877253386, 35.078615892714126 ], [ 128.037260411938036, 35.078619765648199 ], [ 128.03729870986723, 35.078617328055309 ], [ 128.037351514255079, 35.078607657816001 ], [ 128.037423974629007, 35.078583613425181 ], [ 128.03756451170284, 35.078526054380518 ], [ 128.037732276790223, 35.078459867038447 ], [ 128.037897592937611, 35.078391784495217 ], [ 128.037980959387767, 35.078359472181525 ], [ 128.03811955372953, 35.078309452375542 ], [ 128.038247277551733, 35.078274926249428 ], [ 128.038336609866832, 35.078268854158324 ], [ 128.038385709665192, 35.07826953890639 ], [ 128.038453158662151, 35.078275063611144 ], [ 128.038518592480472, 35.078278135314775 ], [ 128.038569809588381, 35.078281579422686 ], [ 128.038661605996111, 35.078287752197134 ], [ 128.038790350203357, 35.078304786902869 ], [ 128.038855671405884, 35.078313830577429 ], [ 128.038906597470827, 35.078320997291137 ], [ 128.038968028822921, 35.078335029641742 ], [ 128.039027706075728, 35.078350041585281 ], [ 128.039074445316231, 35.078369571279509 ], [ 128.039128487944168, 35.078401312090861 ], [ 128.039179071597346, 35.078438886683259 ], [ 128.039231736350985, 35.078478895990983 ], [ 128.03928547714645, 35.07853635811 ], [ 128.03936332142959, 35.07863598609967 ], [ 128.039507026468442, 35.078808606431124 ], [ 128.03955422554634, 35.078885841147681 ], [ 128.039596985921804, 35.078967606695457 ], [ 128.039657154827779, 35.079057558261901 ], [ 128.039751184687901, 35.079159396373171 ], [ 128.0398041380341, 35.079226866927634 ], [ 128.039858267245648, 35.079290187280584 ], [ 128.039902996190648, 35.079344046206593 ], [ 128.039949630776334, 35.079406787789488 ], [ 128.04009006755615, 35.079572529475861 ], [ 128.040139335043648, 35.079660741392161 ], [ 128.040162680713593, 35.079712947670636 ], [ 128.040187443715126, 35.079805962232562 ], [ 128.04022189644823, 35.080060789116828 ], [ 128.040239735448296, 35.080189176699676 ], [ 128.040244611654543, 35.080234377191601 ], [ 128.040280556663163, 35.080650653090245 ], [ 128.040268047408176, 35.080920351832937 ], [ 128.040256984271849, 35.081108881356251 ], [ 128.040244245486349, 35.081278523214799 ], [ 128.040238356165474, 35.081420841760455 ], [ 128.040246995616968, 35.081514377445238 ], [ 128.040278383075162, 35.081609035836188 ], [ 128.040324876507583, 35.08170643307097 ], [ 128.040439280235034, 35.081954320260117 ], [ 128.040579607933921, 35.082263475562407 ], [ 128.040758783327021, 35.082640931090836 ], [ 128.040911608153607, 35.082974271300223 ], [ 128.040963050495577, 35.083155204721102 ], [ 128.04102290940159, 35.083363540881479 ], [ 128.041061860161619, 35.083529764877746 ], [ 128.041083980325539, 35.083630889834531 ], [ 128.041096853029018, 35.08365185216168 ], [ 128.041107474319546, 35.08366914820612 ], [ 128.041139377513076, 35.083714455973031 ], [ 128.042262484901386, 35.084811213479405 ] ] ] } },
{ "type": "Feature", "properties": { "fid": 922, "UserID": null, "number": "축동102", "UMD": null, "NUM": "102", "GUBUN": "면도", "Opened": "미확장", "차선": "1", "도로폭": "5", "변경여부": null, "비고": null, "기존": "미확장", "기타": null, "종점": null, "기점": "가산리 399-3", "구분": "선형변경", "정비사항": "시도17호에서 분기(현황도로)", "연장": "1.5" }, "geometry": { "type": "MultiLineString", "coordinates": [ [ [ 128.040727438951137, 35.093859615735113 ], [ 128.039160663021079, 35.094755869966086 ], [ 128.039061681360948, 35.094804650073044 ], [ 128.03892708507982, 35.094884121705803 ], [ 128.038826883434041, 35.094939307295533 ], [ 128.038792739749596, 35.094964011829404 ], [ 128.038776978580444, 35.094975414591751 ], [ 128.038636376855408, 35.095072542202857 ], [ 128.0385412674392, 35.0951525543136 ], [ 128.038457853732268, 35.095247093484375 ], [ 128.038389615509828, 35.09533167839767 ], [ 128.038322775966606, 35.095383811677607 ], [ 128.038191025673058, 35.095417933631197 ], [ 128.037931145891264, 35.09549310274766 ], [ 128.037745205513232, 35.095633616329259 ], [ 128.037642223773673, 35.095716317588767 ], [ 128.037501218568366, 35.095848798837444 ], [ 128.037323695071706, 35.09604263682396 ], [ 128.037110318125826, 35.096255141978837 ], [ 128.03701152802401, 35.096356704590079 ], [ 128.036939044764267, 35.096430694285068 ], [ 128.036880736327788, 35.096501456403679 ], [ 128.036805269274453, 35.096609917925221 ], [ 128.036759173749601, 35.096692880325101 ], [ 128.036699182129809, 35.096800212076076 ], [ 128.036651446013053, 35.096863366329046 ], [ 128.036578270689063, 35.096967218921826 ], [ 128.036389965562989, 35.097148307196655 ], [ 128.036341237170149, 35.097192327401743 ], [ 128.036340478684764, 35.097193098932365 ], [ 128.036205498262603, 35.097330400581662 ], [ 128.036085555141568, 35.097460650885417 ], [ 128.035915595815624, 35.097624789649963 ], [ 128.035761296418173, 35.097746365719125 ], [ 128.035680726297784, 35.09780889027509 ], [ 128.035626046880338, 35.097874827956197 ], [ 128.035592287012491, 35.097915057369519 ], [ 128.035577281544391, 35.097944330440576 ], [ 128.035563654191435, 35.097971483016089 ], [ 128.035556558107288, 35.098024532278664 ], [ 128.035555167755575, 35.098055941228019 ], [ 128.035560708340455, 35.09808828868497 ], [ 128.035564659893282, 35.098095431581086 ], [ 128.035578640294062, 35.09812073485336 ], [ 128.035611837619228, 35.098136483985343 ], [ 128.035647867613079, 35.098139871531394 ], [ 128.035685707377382, 35.098143890325147 ], [ 128.035724818457709, 35.098142568331106 ], [ 128.035819012458887, 35.098128562947153 ], [ 128.035988450438026, 35.098042952872269 ], [ 128.036254356472227, 35.09787741448315 ], [ 128.03634339679067, 35.09782781599958 ], [ 128.036433735914329, 35.097798696895346 ], [ 128.036474006679782, 35.097784677397563 ], [ 128.036516595139688, 35.097760103842759 ], [ 128.036521663360048, 35.097757178833106 ], [ 128.036631120313928, 35.09769875200476 ], [ 128.036723213848205, 35.097646153663902 ], [ 128.036821083320774, 35.097611537481519 ], [ 128.036872838470117, 35.097606631434608 ], [ 128.036927160177953, 35.097611939717019 ], [ 128.037039523770119, 35.097662397125127 ], [ 128.03708705602341, 35.097695736478727 ], [ 128.037142359445369, 35.097754590909943 ], [ 128.037179402591249, 35.097805116105526 ], [ 128.037294235420887, 35.098022211017785 ], [ 128.037456764107958, 35.09834455367244 ], [ 128.037491858000408, 35.098469413194188 ], [ 128.037491763437004, 35.098568755976508 ], [ 128.037467847171854, 35.098684070037059 ], [ 128.037450524284623, 35.098737696068362 ], [ 128.037402154284536, 35.09886675910942 ], [ 128.037367262835346, 35.09895387369604 ], [ 128.037367354908099, 35.099124917983275 ], [ 128.037378789242496, 35.099159745786686 ], [ 128.03738330785626, 35.099172769741216 ], [ 128.037400661359527, 35.099222759748855 ], [ 128.037427620020935, 35.099265462337911 ], [ 128.037493500469139, 35.099336126878939 ], [ 128.037559156398999, 35.099384878503507 ], [ 128.037603639661626, 35.099402492416765 ], [ 128.03771982508232, 35.099413600901904 ], [ 128.037752634283947, 35.099412086083383 ], [ 128.037874238974211, 35.099373664878058 ], [ 128.037986769141241, 35.099370133655505 ], [ 128.038012518893169, 35.099372997165091 ], [ 128.038104183261623, 35.099408246079719 ], [ 128.038193574625467, 35.099495023376377 ], [ 128.038610157136532, 35.100005252853187 ], [ 128.038651000736166, 35.100058241341799 ], [ 128.038756719046972, 35.100175242959438 ], [ 128.038907040145943, 35.100396818251227 ], [ 128.038957225996313, 35.100520904838454 ], [ 128.038968630641051, 35.100649776008012 ], [ 128.038957732184684, 35.100798821932749 ], [ 128.038922540808102, 35.101089732068679 ], [ 128.038901754912388, 35.10120101528662 ], [ 128.038878095562751, 35.101297367850911 ], [ 128.038866402000764, 35.101334896114096 ], [ 128.038799231633874, 35.101460484529277 ], [ 128.03875124204194, 35.101604801412094 ] ] ] } },
{ "type": "Feature", "properties": { "fid": 923, "UserID": null, "number": "축동202", "UMD": null, "NUM": "202", "GUBUN": "리도", "Opened": "미개설", "차선": null, "도로폭": null, "변경여부": null, "비고": null, "기존": null, "기타": null, "종점": null, "기점": null, "구분": null, "정비사항": null, "연장": null }, "geometry": { "type": "MultiLineString", "coordinates": [ [ [ 128.079469705784732, 35.111308036008971 ], [ 128.077762754487054, 35.111609376023367 ], [ 128.077625181055367, 35.111683045500705 ], [ 128.075959268033898, 35.112339511595167 ], [ 128.075002873898484, 35.112581755693313 ], [ 128.0741799014192, 35.112637896707021 ], [ 128.073502156858552, 35.112660139405911 ], [ 128.071259418646434, 35.112597185497826 ], [ 128.068322416040843, 35.112416117255542 ], [ 128.065793359741917, 35.11198870371615 ] ] ] } },
{ "type": "Feature", "properties": { "fid": 924, "UserID": null, "number": "축동303", "UMD": null, "NUM": "303", "GUBUN": "농도", "Opened": "미확장", "차선": null, "도로폭": null, "변경여부": null, "비고": null, "기존": null, "기타": null, "종점": null, "기점": null, "구분": null, "정비사항": null, "연장": null }, "geometry": { "type": "MultiLineString", "coordinates": [ [ [ 128.07754063099199, 35.111725961567153 ], [ 128.077515109058453, 35.111774292091923 ], [ 128.077478507114591, 35.111814408297285 ], [ 128.077454186390753, 35.11183592850135 ], [ 128.077411209063968, 35.111871971308076 ], [ 128.077355557530097, 35.111905291744769 ], [ 128.077223653308778, 35.111966360099643 ], [ 128.077076859843856, 35.112008361338596 ], [ 128.076919400714047, 35.112074892736977 ], [ 128.07680000891537, 35.112138706071491 ], [ 128.07654827180221, 35.11220687713093 ], [ 128.076462899752414, 35.112244620179261 ], [ 128.076337937995049, 35.112300422866916 ], [ 128.0762198034721, 35.112348834875036 ], [ 128.076045034597797, 35.112418276733067 ], [ 128.075960810897413, 35.112453423671454 ], [ 128.07586809748986, 35.112468383485968 ], [ 128.075782644969365, 35.112487397194414 ], [ 128.07568345987562, 35.112536306026918 ], [ 128.075615712154558, 35.11257760424035 ], [ 128.075433618748633, 35.112678441322814 ], [ 128.075304414696291, 35.112742140494795 ], [ 128.075239205642447, 35.11276564225291 ], [ 128.075175405362046, 35.112777605667389 ], [ 128.075101793351678, 35.112786335810604 ], [ 128.074993533054965, 35.112814620702785 ], [ 128.074956519727635, 35.11283463026794 ], [ 128.074856702531207, 35.112895594405785 ], [ 128.074761412415171, 35.11295886409993 ], [ 128.074715343675592, 35.112986836991752 ], [ 128.074674820839107, 35.11300170545573 ], [ 128.074611610640602, 35.113019807446165 ], [ 128.074449627478884, 35.113040729725718 ], [ 128.074385663575498, 35.113051602143642 ], [ 128.074361337723843, 35.113060041758388 ], [ 128.074327534989948, 35.113073390947861 ], [ 128.074213174565557, 35.113128479330292 ], [ 128.074195947179248, 35.113136774915603 ], [ 128.074140699887181, 35.113151870618118 ], [ 128.074113153446831, 35.113158960604018 ], [ 128.07399047923812, 35.113160583871796 ], [ 128.073900008064953, 35.113160558648495 ], [ 128.073829717870098, 35.113174922311394 ], [ 128.073791581221712, 35.113188091850773 ], [ 128.073677987893291, 35.113239327937237 ], [ 128.073246344603206, 35.113485304318871 ], [ 128.072913394539313, 35.113645713408573 ], [ 128.072850188674892, 35.11367012375397 ], [ 128.072783674216652, 35.113694175230954 ], [ 128.072729997212548, 35.113725625724044 ], [ 128.072632301077874, 35.113791926511709 ], [ 128.072331507656259, 35.114037547908204 ], [ 128.072168793938033, 35.114152462963027 ], [ 128.071921915663751, 35.114337765580849 ], [ 128.071897495308747, 35.114353504670923 ], [ 128.071780674475747, 35.114404723211521 ], [ 128.071719898189684, 35.114420850422015 ], [ 128.071679552719104, 35.114423857845395 ], [ 128.07161901762035, 35.114418751729346 ], [ 128.071516478176818, 35.114413981329889 ], [ 128.071471997033029, 35.114418948878033 ], [ 128.071415129197192, 35.114437884426287 ], [ 128.07134978664439, 35.114465931433848 ], [ 128.071280700514677, 35.114499399216513 ], [ 128.070917337038736, 35.114670918869635 ], [ 128.070790737182534, 35.114735551903131 ], [ 128.070738747607038, 35.114757388344081 ], [ 128.070704621683376, 35.114771596244076 ], [ 128.070639596886849, 35.114789787110823 ], [ 128.070474062416906, 35.114824175151099 ], [ 128.070342102813811, 35.114848380606972 ], [ 128.07027297418864, 35.114867159879495 ], [ 128.070209810936575, 35.114884081257202 ], [ 128.070138641562721, 35.114902168702919 ], [ 128.07009058362442, 35.114919756377489 ], [ 128.070022040606943, 35.114947158164092 ], [ 128.069923744191101, 35.114995524841447 ], [ 128.069783217854223, 35.115069786307217 ], [ 128.069587333399255, 35.115129256654313 ], [ 128.069474170354852, 35.115160992250836 ], [ 128.069344091719586, 35.11520742490913 ], [ 128.069221947223099, 35.115251409373343 ], [ 128.069084570668423, 35.115298387945721 ], [ 128.068976305597573, 35.115321720313915 ], [ 128.068829192505888, 35.115342273413894 ], [ 128.068445214721379, 35.115426895997111 ], [ 128.068180168170784, 35.115472049286851 ], [ 128.068021750848231, 35.115504300126773 ], [ 128.067877781006302, 35.115553803920626 ], [ 128.067748646150676, 35.115613882822309 ], [ 128.067660261672984, 35.115669185960094 ], [ 128.067553225040712, 35.115721397866643 ], [ 128.067463374885307, 35.115743608178391 ], [ 128.067339466252889, 35.115770531268716 ], [ 128.06722924425253, 35.115801552561521 ], [ 128.06714305764487, 35.115850668245947 ], [ 128.067104775321098, 35.115885227244981 ], [ 128.067025035098453, 35.115973018732156 ], [ 128.066908474564542, 35.116096128241679 ], [ 128.066778679679004, 35.116181126773171 ], [ 128.066574841561959, 35.116306900990942 ], [ 128.066329466083317, 35.116465712280529 ], [ 128.066179850589123, 35.116570926405032 ], [ 128.066024975090414, 35.116693055465589 ], [ 128.065888399539915, 35.116795157404859 ], [ 128.065733894352149, 35.116908954952692 ], [ 128.065606661286637, 35.11698609896434 ], [ 128.065424310822436, 35.117084076406819 ], [ 128.06528296231653, 35.11715839478854 ], [ 128.065141442315053, 35.117223782264631 ], [ 128.065008780449062, 35.117311814982138 ], [ 128.064975329310499, 35.117347258952094 ], [ 128.064968838974835, 35.117373634751054 ] ] ] } },
{ "type": "Feature", "properties": { "fid": 926, "UserID": null, "number": "곤양304", "UMD": null, "NUM": "304", "GUBUN": "농도", "Opened": "현황도로", "차선": "1~2", "도로폭": "5~10", "변경여부": "변경", "비고": null, "기존": "미확장", "기타": null, "종점": null, "기점": "중항리 산 78-2", "구분": "선형변경", "정비사항": "현황도로 및 개설 가능한 선형으로 변경", "연장": "1.8" }, "geometry": { "type": "MultiLineString", "coordinates": [ [ [ 128.022824671577297, 35.032581672070073 ], [ 128.022744113680744, 35.032498460664229 ], [ 128.022971481576946, 35.032119717223814 ], [ 128.022074415812256, 35.031753729879739 ], [ 128.020995428661365, 35.031498897370007 ], [ 128.020693083659665, 35.03134405736327 ], [ 128.020647751933893, 35.031040236279402 ], [ 128.020443138076672, 35.030959925144899 ], [ 128.019633430351604, 35.031502307299327 ], [ 128.019499080938118, 35.03153765486001 ], [ 128.01909923967392, 35.031499951413061 ], [ 128.01755275150515, 35.031768082973116 ], [ 128.017178317453954, 35.031854150295111 ], [ 128.017026036580774, 35.031919757862667 ], [ 128.016731745618557, 35.032074155046665 ], [ 128.016557985867053, 35.032152260726534 ], [ 128.016409370637945, 35.032245211734995 ], [ 128.016331133574283, 35.032243129601966 ], [ 128.016230266231162, 35.032160480941869 ], [ 128.01609661247997, 35.032117800399533 ], [ 128.016002210878298, 35.032154178309682 ], [ 128.015766513467355, 35.032202689069749 ], [ 128.015464818538391, 35.032296920355563 ], [ 128.0152735886507, 35.032308101854184 ], [ 128.015179118750495, 35.032339004714544 ], [ 128.015034325613755, 35.032337478586768 ], [ 128.014837460913611, 35.032296694180836 ], [ 128.014409703491083, 35.0322893211981 ], [ 128.01432966721606, 35.032276302845737 ], [ 128.013801568886947, 35.032228704109812 ], [ 128.013547338290493, 35.032124065819986 ], [ 128.01335995131484, 35.032042137438253 ], [ 128.013302263906183, 35.031952281944676 ], [ 128.013253343691474, 35.031763803455227 ], [ 128.013072765387022, 35.031694136476744 ], [ 128.01291391027425, 35.031766637533075 ], [ 128.012774143559312, 35.031767804230405 ], [ 128.012619816438473, 35.031667805028768 ], [ 128.012443936427843, 35.031439323273467 ], [ 128.012300288632275, 35.031125710035184 ], [ 128.012170189161424, 35.030831146041933 ], [ 128.012165612742507, 35.030729896943043 ], [ 128.012138518383296, 35.030691798039506 ], [ 128.012014143661816, 35.03059154817339 ], [ 128.011939820126912, 35.030501830741571 ], [ 128.01187776178034, 35.030327148659197 ], [ 128.011835231423021, 35.030116716270363 ], [ 128.011751431394543, 35.030068140149794 ], [ 128.010560126452646, 35.030620091654505 ], [ 128.010550817128262, 35.030674919075587 ], [ 128.0106668245148, 35.03090663987745 ], [ 128.010762630124788, 35.031119366382299 ], [ 128.010941529201602, 35.031323188033689 ], [ 128.01106073156754, 35.031543931821872 ] ] ] } },
{ "type": "Feature", "properties": { "fid": 927, "UserID": null, "number": "곤양306", "UMD": null, "NUM": "306", "GUBUN": "농도", "Opened": "미확장", "차선": "1", "도로폭": "2.5", "변경여부": null, "비고": null, "기존": "미확장", "기타": null, "종점": "서정리 177", "기점": "서정리 238-3", "구분": "노선단축", "정비사항": "개설 가능한 선형으로 변경", "연장": "1.2" }, "geometry": { "type": "MultiLineString", "coordinates": [ [ [ 127.958984910519845, 35.070768746654316 ], [ 127.95913632804421, 35.070879940558861 ], [ 127.959197062681156, 35.070992852563478 ], [ 127.959305869899651, 35.071059505005302 ], [ 127.959438948265884, 35.071136074816081 ], [ 127.959523126151609, 35.071294688066686 ], [ 127.95959011450023, 35.071397955645473 ], [ 127.95965746998165, 35.071650779275423 ], [ 127.959788993895103, 35.071782269932712 ], [ 127.95988800550559, 35.071893492561159 ], [ 127.959854197969619, 35.07205832614536 ], [ 127.959985220313385, 35.072395782635979 ], [ 127.960080120814126, 35.072664272050943 ], [ 127.96018435832508, 35.072946746718138 ], [ 127.960217652588312, 35.072988748068674 ], [ 127.960240719017776, 35.073003720337852 ] ] ] } },
{ "type": "Feature", "properties": { "fid": 928, "UserID": null, "number": "곤양306", "UMD": null, "NUM": "306", "GUBUN": "농도", "Opened": "미개설", "차선": null, "도로폭": null, "변경여부": null, "비고": null, "기존": null, "기타": null, "종점": null, "기점": null, "구분": null, "정비사항": null, "연장": null }, "geometry": { "type": "MultiLineString", "coordinates": [ [ [ 127.960240719017776, 35.073003720337852 ], [ 127.961936669065736, 35.078278256138361 ], [ 127.96188032897733, 35.079913948659083 ], [ 127.961791277883009, 35.08090822174956 ], [ 127.961672030134437, 35.083620776006185 ], [ 127.961664299177599, 35.084034823245702 ], [ 127.961784811441973, 35.084111489789002 ], [ 127.961930594292554, 35.084195717976911 ] ] ] } },
{ "type": "Feature", "properties": { "fid": 929, "UserID": null, "number": "곤양308", "UMD": null, "NUM": "308", "GUBUN": "농도", "Opened": "미확장", "차선": null, "도로폭": null, "변경여부": null, "비고": null, "기존": null, "기타": null, "종점": null, "기점": null, "구분": null, "정비사항": null, "연장": null }, "geometry": { "type": "MultiLineString", "coordinates": [ [ [ 127.937390319224605, 35.058531789775927 ], [ 127.93660350112286, 35.05796863341277 ], [ 127.936575183331627, 35.057968852066303 ], [ 127.935541137066977, 35.058903131527906 ], [ 127.93437327139614, 35.059970392026621 ], [ 127.933800914495777, 35.060554383824766 ], [ 127.9337144909762, 35.060702532584621 ], [ 127.932607867281746, 35.062731828088523 ], [ 127.932437391481088, 35.062683977627387 ], [ 127.932261388233712, 35.062980297373926 ], [ 127.932130936137909, 35.063131370823889 ], [ 127.93202198062815, 35.063235705242867 ], [ 127.931793569699707, 35.06362816184982 ], [ 127.932092589566835, 35.064187336137273 ], [ 127.931928639350346, 35.064436989038583 ] ] ] } },
{ "type": "Feature", "properties": { "fid": 930, "UserID": null, "number": "곤양308", "UMD": null, "NUM": "308", "GUBUN": "농도", "Opened": "미개설", "차선": null, "도로폭": null, "변경여부": null, "비고": null, "기존": null, "기타": null, "종점": null, "기점": null, "구분": null, "정비사항": null, "연장": null }, "geometry": { "type": "MultiLineString", "coordinates": [ [ [ 127.931928639350346, 35.064436989038583 ], [ 127.931705312755426, 35.064723321834848 ], [ 127.931344881854258, 35.065129728769257 ], [ 127.930759058614015, 35.065641361621275 ], [ 127.928725105904945, 35.066248180552996 ] ] ] } },
{ "type": "Feature", "properties": { "fid": 932, "UserID": null, "number": "곤양309", "UMD": null, "NUM": "309", "GUBUN": "농도", "Opened": "현황도로", "차선": null, "도로폭": null, "변경여부": null, "비고": null, "기존": "미확장", "기타": null, "종점": null, "기점": null, "구분": null, "정비사항": null, "연장": null }, "geometry": { "type": "MultiLineString", "coordinates": [ [ [ 128.020886053934731, 35.048226835367139 ], [ 128.020950012578453, 35.048220541814096 ], [ 128.021029871074973, 35.048044193754301 ], [ 128.021149202853394, 35.047817780448575 ], [ 128.021296477999556, 35.047628411944487 ], [ 128.021363208792366, 35.047574700201096 ], [ 128.021442703054021, 35.047526905073752 ], [ 128.021536264900362, 35.047485037070487 ], [ 128.021688493184882, 35.04747367496838 ], [ 128.022210237840625, 35.047477139135836 ], [ 128.022317287186979, 35.047463149254092 ], [ 128.022447378972174, 35.047426739949138 ], [ 128.022520892390958, 35.047393299042859 ], [ 128.022614293509065, 35.047332690326854 ], [ 128.022717513803457, 35.047244589171875 ], [ 128.022835189231671, 35.047123480773323 ], [ 128.022867230120397, 35.047071615500059 ], [ 128.022910529010147, 35.046996595807151 ], [ 128.022943161885848, 35.046894161852677 ], [ 128.022970175101875, 35.046736341111909 ], [ 128.023268058119044, 35.045179619144143 ], [ 128.023297852867643, 35.044965794223138 ], [ 128.023348216815975, 35.044696964887642 ], [ 128.023390443061317, 35.044494786139509 ], [ 128.023477895413578, 35.044191788951785 ], [ 128.023488056275482, 35.0441677693684 ], [ 128.023540687865363, 35.044043314728285 ], [ 128.02358797949708, 35.043943900956094 ], [ 128.02374914028735, 35.043674359954679 ], [ 128.023805408590363, 35.043589556830078 ], [ 128.023912609932523, 35.043387549865422 ], [ 128.02395440294805, 35.043280448376791 ], [ 128.023965438287149, 35.04323359616172 ], [ 128.02397621228917, 35.043149796437305 ], [ 128.023951208558628, 35.04302049789959 ], [ 128.023862063010284, 35.042704125853021 ], [ 128.023813930243392, 35.04246393089246 ], [ 128.023815332326762, 35.042405112556686 ], [ 128.023818872751406, 35.042342507848687 ], [ 128.023839163487281, 35.042281372068167 ], [ 128.023910222963053, 35.042180247832448 ], [ 128.024064264550702, 35.042038781642404 ], [ 128.024251809979063, 35.041900847894944 ], [ 128.024312581465864, 35.041841759582887 ], [ 128.024351666013047, 35.041792663568671 ], [ 128.024435031987196, 35.041655612053603 ], [ 128.024516294839856, 35.041401524191535 ], [ 128.024670975880355, 35.040854365782025 ], [ 128.024672086248671, 35.040761069285622 ], [ 128.024651475168184, 35.040614401564532 ], [ 128.024589839634359, 35.040378803048327 ], [ 128.024473660246684, 35.040015308575647 ], [ 128.024435653874235, 35.039842263088879 ], [ 128.024421110448628, 35.039714364747411 ], [ 128.024424725344147, 35.039645451294987 ], [ 128.024445880364084, 35.039570532021393 ], [ 128.024537280836199, 35.039403675056775 ], [ 128.024596308334225, 35.039262587740488 ], [ 128.02463260068015, 35.039148717731187 ], [ 128.024656466425199, 35.039020957354865 ], [ 128.024653368457251, 35.038870572896926 ], [ 128.024601847948418, 35.03842328875885 ], [ 128.024568605760891, 35.038178698159037 ], [ 128.024548181671207, 35.03791417421975 ], [ 128.024516245511364, 35.037670369245546 ], [ 128.024482342118631, 35.037525568319381 ], [ 128.024422229451915, 35.037382286896538 ], [ 128.02430708500097, 35.037275615884717 ], [ 128.024220802331229, 35.037218038207165 ], [ 128.024107975415944, 35.037171711562031 ], [ 128.023507693265856, 35.036977533066462 ], [ 128.023233231146463, 35.036883971125839 ], [ 128.022838613463449, 35.036744021651494 ], [ 128.022466753761734, 35.036629248342649 ], [ 128.022190873203726, 35.036558332000254 ], [ 128.02208337394606, 35.036522132340558 ], [ 128.021884690886424, 35.036445321757284 ], [ 128.021639616181346, 35.036308288075375 ], [ 128.021550885140016, 35.036258683523123 ], [ 128.021325453319264, 35.036087350068321 ], [ 128.021106364106004, 35.035902529494535 ], [ 128.021015380250105, 35.035763602773812 ], [ 128.020900558382124, 35.035588286021174 ], [ 128.020896428059217, 35.035580861754667 ], [ 128.020795819205546, 35.035400089547593 ], [ 128.020709601665175, 35.035250295045678 ], [ 128.020691423490177, 35.035193274320115 ], [ 128.020659907465529, 35.035170315132142 ], [ 128.020552752856958, 35.03507645366502 ], [ 128.020435343078987, 35.034964473743727 ], [ 128.020408204301219, 35.034919036153532 ], [ 128.020393293045771, 35.034882249977436 ], [ 128.020397124983731, 35.03483710935938 ], [ 128.020393864339638, 35.034797619481978 ], [ 128.020355090054892, 35.034684952196912 ], [ 128.020278706867828, 35.034549686773339 ], [ 128.020186099592422, 35.034459165728073 ], [ 128.020121292637384, 35.034343654629183 ], [ 128.020117089914606, 35.034277620486847 ], [ 128.020073418805339, 35.034251550451557 ], [ 128.020030911593636, 35.034215036370419 ], [ 128.019992733238894, 35.034184948860876 ], [ 128.019924489317646, 35.034148942010418 ], [ 128.019756799465426, 35.034072864842102 ], [ 128.019742230202326, 35.034057766900105 ], [ 128.019709703802079, 35.034024055461359 ], [ 128.019640071509826, 35.03399411779553 ], [ 128.019521396058423, 35.033995208441119 ], [ 128.019427086393421, 35.034000759700831 ], [ 128.019318427129207, 35.033987210001925 ], [ 128.019228921837026, 35.033971630485752 ], [ 128.019128730856693, 35.033942678439111 ], [ 128.019074406789514, 35.033923807481351 ], [ 128.018951257137218, 35.033858873242387 ], [ 128.018861044967309, 35.033784897148273 ], [ 128.0187837071106, 35.033691054505162 ], [ 128.018729046501392, 35.033619083412155 ], [ 128.018670021905024, 35.033536766466689 ], [ 128.018633949331587, 35.033499555273508 ], [ 128.018567830464264, 35.033456066989388 ], [ 128.018466674612284, 35.033402612828823 ], [ 128.018422459832777, 35.033357872913875 ], [ 128.018389920409533, 35.033300609314935 ], [ 128.018353968992983, 35.033195107509506 ], [ 128.018311462606931, 35.033079083071229 ], [ 128.018225438669731, 35.032930385232888 ], [ 128.018196436191829, 35.032888247439708 ], [ 128.018155573817012, 35.032850110541546 ], [ 128.018089766670812, 35.032794623295793 ], [ 128.01792436128315, 35.032689774252397 ], [ 128.017843203565661, 35.032604794228924 ], [ 128.017799792913678, 35.032530179331253 ], [ 128.017767713259758, 35.032424757851174 ], [ 128.017761787560602, 35.032375679373388 ], [ 128.017754771646253, 35.032317405177793 ], [ 128.017748200333443, 35.032274571689733 ], [ 128.017717136847438, 35.032174607828843 ], [ 128.017675320646589, 35.032064910673178 ], [ 128.017578538466239, 35.031838059340657 ], [ 128.01755275150515, 35.031768082973116 ] ] ] } },
{ "type": "Feature", "properties": { "fid": 933, "UserID": null, "number": "곤명101", "UMD": null, "NUM": "101", "GUBUN": "면도", "Opened": "미확장", "차선": null, "도로폭": null, "변경여부": null, "비고": null, "기존": null, "기타": null, "종점": null, "기점": null, "구분": null, "정비사항": null, "연장": null }, "geometry": { "type": "MultiLineString", "coordinates": [ [ [ 127.921827420859444, 35.089274645631171 ], [ 127.921815295707276, 35.089296416224542 ], [ 127.921804211212844, 35.089314144180669 ], [ 127.921799357675766, 35.089328497607291 ], [ 127.92178546852081, 35.08935165650395 ], [ 127.921773575140435, 35.089378491604194 ], [ 127.921712071528603, 35.089510740524972 ], [ 127.92168303449975, 35.089560675945599 ], [ 127.921649969316647, 35.089617551631392 ], [ 127.921595064277469, 35.089707428080892 ], [ 127.921574942813194, 35.089758975097972 ], [ 127.921543693461786, 35.089878454836743 ], [ 127.921536609842704, 35.089910883993305 ], [ 127.921521249738575, 35.089965562149295 ], [ 127.921511825036262, 35.090054131108992 ], [ 127.921499654567086, 35.090101780328524 ], [ 127.92147305521209, 35.090172233201237 ], [ 127.921450833003718, 35.090222854717389 ], [ 127.92138885858374, 35.090285314427341 ], [ 127.92123818559152, 35.090410630661033 ], [ 127.921188027166465, 35.090459800949191 ], [ 127.921170466412576, 35.090511438042725 ], [ 127.921153868978337, 35.090574587446994 ], [ 127.921138596883807, 35.090675794718223 ], [ 127.921110337266114, 35.090736916113109 ], [ 127.921093476030109, 35.090764048548159 ], [ 127.921036074434909, 35.090828014127176 ], [ 127.920755700249273, 35.090982551805752 ], [ 127.92046118483691, 35.091159466915229 ], [ 127.920371170882547, 35.091192526349836 ], [ 127.920354772113654, 35.09119871635172 ], [ 127.920338388306618, 35.091202941628573 ], [ 127.920319273366886, 35.091206385451351 ], [ 127.920288282933043, 35.091209795489227 ], [ 127.920209718433412, 35.091213547419478 ], [ 127.920124084845995, 35.091213685096136 ], [ 127.920035299511994, 35.091216660769661 ], [ 127.919998741063466, 35.091222364481034 ], [ 127.919964854961918, 35.091233301588957 ], [ 127.919947854983832, 35.091243497003184 ], [ 127.91988496311609, 35.091298546872274 ], [ 127.919862046691932, 35.091325796366561 ], [ 127.919790302013737, 35.091426770084517 ], [ 127.91968201749485, 35.091546128969469 ], [ 127.919606458211376, 35.091602120207362 ], [ 127.919527054206441, 35.091672723379126 ], [ 127.919489109550213, 35.091713619734705 ], [ 127.919386377118386, 35.091870017646102 ], [ 127.919371343777797, 35.091897346403293 ], [ 127.919329932983018, 35.09199225431918 ], [ 127.919254438977347, 35.092141198004136 ], [ 127.919219854857985, 35.092191651108017 ], [ 127.919178174142885, 35.092237245890473 ], [ 127.919133082847935, 35.092277871036401 ], [ 127.919080072441744, 35.092320282173254 ], [ 127.919017878521714, 35.092364729382915 ], [ 127.918953223493773, 35.092401232074273 ], [ 127.918879993900205, 35.092433521162974 ], [ 127.91872171865657, 35.092491882813846 ], [ 127.918690043741549, 35.092502235423922 ], [ 127.918617943597056, 35.092519581707975 ], [ 127.918472434254582, 35.092554577912892 ], [ 127.918380125912776, 35.092574249202762 ], [ 127.91832103031355, 35.092578399123866 ], [ 127.91824151171231, 35.092587026340617 ], [ 127.918207311968771, 35.092594255762343 ], [ 127.918188954733679, 35.092595930433539 ], [ 127.918175971853159, 35.092597526933268 ], [ 127.918163599060449, 35.092599426314507 ], [ 127.918150352311329, 35.092601903737638 ], [ 127.918099686349777, 35.092621216787776 ], [ 127.918072619169209, 35.092673149287137 ], [ 127.918095958564919, 35.092789406430704 ], [ 127.918085136459482, 35.092947320956483 ], [ 127.918100250631355, 35.093172311982919 ], [ 127.918085990700661, 35.0933043783402 ], [ 127.918123139584822, 35.093529202496882 ], [ 127.91807058393843, 35.093614985292135 ], [ 127.917881641145115, 35.093890682251576 ], [ 127.917600598474422, 35.094094628255746 ] ] ] } },
{ "type": "Feature", "properties": { "fid": 934, "UserID": null, "number": "곤명101", "UMD": null, "NUM": "101", "GUBUN": "면도", "Opened": "미개설", "차선": null, "도로폭": null, "변경여부": null, "비고": null, "기존": null, "기타": null, "종점": null, "기점": null, "구분": null, "정비사항": null, "연장": null }, "geometry": { "type": "MultiLineString", "coordinates": [ [ [ 127.917600598474422, 35.094094628255746 ], [ 127.917519682484965, 35.094178038027863 ], [ 127.91746001864972, 35.09419142661983 ], [ 127.917132296746431, 35.09416285705565 ], [ 127.916848295380206, 35.094946405539922 ], [ 127.915895706678072, 35.095841782215402 ], [ 127.915610671585526, 35.096880797786 ], [ 127.915547616538035, 35.097999038564723 ], [ 127.915861431534381, 35.099316251231485 ], [ 127.916198046108661, 35.099575036964275 ], [ 127.916643434112061, 35.099988244363146 ], [ 127.916738580002274, 35.100331651346167 ], [ 127.917033870910458, 35.100554523304375 ], [ 127.9171466615757, 35.100786537549318 ], [ 127.917392687280511, 35.101108103096102 ], [ 127.917658560435498, 35.101514902602453 ], [ 127.917929456310787, 35.101807817160669 ] ] ] } },
{ "type": "Feature", "properties": { "fid": 935, "UserID": null, "number": "곤명302", "UMD": null, "NUM": "302", "GUBUN": "농도", "Opened": "현황도로", "차선": "1", "도로폭": "5", "변경여부": null, "비고": null, "기존": "현황도로", "기타": null, "종점": null, "기점": null, "구분": null, "정비사항": null, "연장": null }, "geometry": { "type": "MultiLineString", "coordinates": [ [ [ 127.968138277370855, 35.131475688585596 ], [ 127.968212804209955, 35.130383351146996 ], [ 127.968229713419589, 35.12926705109286 ] ] ] } },
{ "type": "Feature", "properties": { "fid": 936, "UserID": null, "number": "곤명302", "UMD": null, "NUM": "302", "GUBUN": "농도", "Opened": "미개설", "차선": null, "도로폭": null, "변경여부": null, "비고": null, "기존": "미개설", "기타": null, "종점": null, "기점": null, "구분": null, "정비사항": null, "연장": null }, "geometry": { "type": "MultiLineString", "coordinates": [ [ [ 127.968229713419589, 35.12926705109286 ], [ 127.967730299375518, 35.126452507549487 ], [ 127.967892206781585, 35.125940635758113 ], [ 127.96798709716245, 35.125443098440499 ], [ 127.967844338266289, 35.125088903240659 ], [ 127.967423490297023, 35.12429879596494 ], [ 127.967052870092516, 35.123494486861325 ], [ 127.966521002502446, 35.122546568359496 ], [ 127.966673454897816, 35.121234405745646 ], [ 127.96703492423876, 35.119844678275889 ], [ 127.967909969420859, 35.119278816019552 ], [ 127.968170499508219, 35.11858676299731 ], [ 127.96573455113861, 35.11568071283962 ], [ 127.964210848796498, 35.114223125830719 ], [ 127.964202140720673, 35.114220518222147 ], [ 127.964054626998291, 35.1140674231833 ] ] ] } },
{ "type": "Feature", "properties": { "fid": 938, "UserID": null, "number": "곤명303", "UMD": null, "NUM": "303", "GUBUN": "농도", "Opened": "현황도로", "차선": "1", "도로폭": "3", "변경여부": null, "비고": null, "기존": "현황도로", "기타": null, "종점": null, "기점": null, "구분": null, "정비사항": null, "연장": null }, "geometry": { "type": "MultiLineString", "coordinates": [ [ [ 127.921339370605111, 35.105451981557465 ], [ 127.920405887969977, 35.104850167920354 ] ] ] } },
{ "type": "Feature", "properties": { "fid": 939, "UserID": null, "number": "곤명303", "UMD": null, "NUM": "303", "GUBUN": "농도", "Opened": "미개설", "차선": null, "도로폭": null, "변경여부": null, "비고": null, "기존": "미개설", "기타": null, "종점": null, "기점": null, "구분": null, "정비사항": null, "연장": null }, "geometry": { "type": "MultiLineString", "coordinates": [ [ [ 127.934018438861273, 35.113229540857368 ], [ 127.931609716197087, 35.112946048502842 ], [ 127.930302885037051, 35.112748490865719 ], [ 127.927796568430352, 35.111988555463988 ], [ 127.926157280722038, 35.111076523929917 ], [ 127.925029214746957, 35.109332598327349 ], [ 127.923917521391687, 35.107547137982877 ], [ 127.922268922285966, 35.105796801401858 ], [ 127.922002913505722, 35.105660829512402 ], [ 127.921339370605111, 35.105451981557465 ] ] ] } },
{ "type": "Feature", "properties": { "fid": 940, "UserID": null, "number": "곤명305", "UMD": null, "NUM": "305", "GUBUN": "농도", "Opened": "미개설", "차선": null, "도로폭": null, "변경여부": null, "비고": null, "기존": null, "기타": null, "종점": null, "기점": null, "구분": null, "정비사항": null, "연장": null }, "geometry": { "type": "MultiLineString", "coordinates": [ [ [ 127.973481082864424, 35.092635314686056 ], [ 127.973271761661081, 35.092345665480735 ], [ 127.973199861745755, 35.091691426926971 ], [ 127.972826559572908, 35.091359784895033 ], [ 127.972363733730418, 35.090911563906445 ], [ 127.972195511183415, 35.090529976732377 ], [ 127.972325367249482, 35.089093787146687 ], [ 127.972438536367676, 35.088727192693703 ], [ 127.973167002921002, 35.087865778817381 ], [ 127.973515653548802, 35.086124242104312 ], [ 127.973498274143878, 35.084661633474703 ], [ 127.973836631754295, 35.08186290885881 ] ] ] } },
{ "type": "Feature", "properties": { "fid": 942, "UserID": null, "number": "곤명309", "UMD": null, "NUM": "309", "GUBUN": "농도", "Opened": "미개설", "차선": null, "도로폭": null, "변경여부": null, "비고": null, "기존": "미개설", "기타": null, "종점": null, "기점": null, "구분": null, "정비사항": null, "연장": null }, "geometry": { "type": "MultiLineString", "coordinates": [ [ [ 127.948080292000952, 35.122416068375763 ], [ 127.948264474361707, 35.122571330973678 ], [ 127.948532021569349, 35.123193663061969 ], [ 127.948589522513117, 35.123445053199319 ], [ 127.948533622140317, 35.123693880999198 ], [ 127.948490877129345, 35.123990903922945 ], [ 127.948525267546117, 35.124784103670542 ], [ 127.948693494725205, 35.125169171756653 ], [ 127.948662465612301, 35.125390205950922 ], [ 127.948702293837471, 35.125565837255223 ], [ 127.948801303933109, 35.12577550387477 ], [ 127.949812993936007, 35.126112565748336 ], [ 127.95179590512376, 35.126193605382007 ], [ 127.958325381075127, 35.1272599050126 ], [ 127.959315383543441, 35.127837860013713 ] ] ] } },
{ "type": "Feature", "properties": { "fid": 943, "UserID": null, "number": "곤명309", "UMD": null, "NUM": "309", "GUBUN": "농도", "Opened": "미확장", "차선": "1", "도로폭": "2.5", "변경여부": null, "비고": null, "기존": "미확장", "기타": null, "종점": "정곡리 산 30-1", "기점": null, "구분": "노선단축", "정비사항": "개설 불가능 지역 폐지 후 개설 가능구간으로 변경", "연장": "0.7" }, "geometry": { "type": "MultiLineString", "coordinates": [ [ [ 127.959315383543441, 35.127837860013713 ], [ 127.959372567657482, 35.127900007685952 ], [ 127.959444298313372, 35.128009873278728 ], [ 127.959648007382157, 35.12824186709102 ], [ 127.959748369069402, 35.128313606101763 ], [ 127.959788835650144, 35.128324298316706 ], [ 127.959997336939836, 35.128218241555217 ], [ 127.960324225298365, 35.128039502558757 ], [ 127.960469998594832, 35.127940369899079 ], [ 127.960593146014332, 35.127827465495322 ], [ 127.960852459660245, 35.127687441948233 ], [ 127.961010636447341, 35.127599267415327 ], [ 127.961223979439254, 35.127423547120372 ], [ 127.961449011544047, 35.127260855096452 ], [ 127.961499118645278, 35.127259253507518 ], [ 127.9615345063917, 35.127327550402008 ], [ 127.961603795217499, 35.127460266395886 ], [ 127.961643316570601, 35.127496713259184 ], [ 127.961685202886514, 35.127504457563475 ], [ 127.961750442286387, 35.127483679809018 ], [ 127.96181812982968, 35.127427636434632 ], [ 127.961929910349326, 35.127362942613239 ], [ 127.962047311402614, 35.127327840623614 ], [ 127.962178274497234, 35.127283666383093 ], [ 127.962313727509027, 35.127241947645338 ], [ 127.962378756725215, 35.127231437039825 ], [ 127.962494976067319, 35.127246138531149 ], [ 127.962561657936646, 35.127263351726931 ], [ 127.962612523749655, 35.127288751025617 ], [ 127.962684773450505, 35.127330554796579 ], [ 127.962731189319484, 35.127354426528299 ], [ 127.962809107496611, 35.12737129406262 ], [ 127.96287187916441, 35.127375798918997 ], [ 127.963050899176977, 35.127334493098729 ], [ 127.963111243950806, 35.127327514428032 ], [ 127.963288692698654, 35.127335988048586 ], [ 127.963364807487764, 35.127340807878149 ], [ 127.963401951748736, 35.127358100091293 ], [ 127.96343863906614, 35.127394803656657 ], [ 127.963469751757799, 35.127427261310984 ], [ 127.963533837167901, 35.127463924591524 ], [ 127.963620728549628, 35.127485256199911 ], [ 127.963734076020714, 35.127491647174232 ], [ 127.96380267159094, 35.127484199936532 ], [ 127.963876665943786, 35.127472237974914 ], [ 127.963941561231891, 35.127422621639695 ], [ 127.963975854490215, 35.127383891497253 ] ] ] } },
{ "type": "Feature", "properties": { "fid": 944, "UserID": null, "number": "곤명311", "UMD": null, "NUM": "311", "GUBUN": "농도", "Opened": "미개설", "차선": null, "도로폭": null, "변경여부": null, "비고": null, "기존": "미개설", "기타": null, "종점": null, "기점": null, "구분": null, "정비사항": null, "연장": null }, "geometry": { "type": "MultiLineString", "coordinates": [ [ [ 127.930477424390759, 35.082358497838428 ], [ 127.928215039420607, 35.079740116564594 ], [ 127.926540047225117, 35.078397709058017 ] ] ] } },
{ "type": "Feature", "properties": { "fid": 945, "UserID": null, "number": "서포201", "UMD": null, "NUM": "201", "GUBUN": "리도", "Opened": "미개설", "차선": null, "도로폭": null, "변경여부": null, "비고": null, "기존": "미개설", "기타": null, "종점": null, "기점": null, "구분": null, "정비사항": null, "연장": null }, "geometry": { "type": "MultiLineString", "coordinates": [ [ [ 127.964522003106381, 35.048367199962762 ], [ 127.964343753775324, 35.047478542420485 ], [ 127.963516989641917, 35.045663563106615 ], [ 127.962282790044384, 35.04487298143134 ], [ 127.960110669739379, 35.044945389672904 ], [ 127.958063736418154, 35.044961571992395 ], [ 127.956212350525988, 35.044479392132892 ], [ 127.954436443674879, 35.044714170684962 ], [ 127.953394597006465, 35.04458436641324 ], [ 127.95298487140478, 35.043980401877981 ], [ 127.952780010893221, 35.043678419032865 ], [ 127.952630451419552, 35.043803790198204 ], [ 127.952286823928631, 35.043834087241081 ], [ 127.95215179978652, 35.043766148869622 ], [ 127.952091235838893, 35.043607928401094 ], [ 127.951906038636494, 35.043554183121813 ], [ 127.951355567744471, 35.043834493712914 ], [ 127.951144403852226, 35.043711952724067 ], [ 127.950696191728937, 35.043404974101385 ], [ 127.950417758725649, 35.043269159307727 ], [ 127.950241191926906, 35.043236043312284 ], [ 127.949111411071115, 35.042754999934274 ], [ 127.94824586030029, 35.041906190443456 ], [ 127.947751183263151, 35.041206273981139 ], [ 127.947841807437001, 35.040336188350558 ], [ 127.94781997928709, 35.040262185780946 ] ] ] } },
{ "type": "Feature", "properties": { "fid": 946, "UserID": null, "number": "서포201", "UMD": null, "NUM": "201", "GUBUN": "리도", "Opened": "현황도로", "차선": "1", "도로폭": "10", "변경여부": null, "비고": null, "기존": "미확장", "기타": null, "종점": null, "기점": null, "구분": null, "정비사항": null, "연장": null }, "geometry": { "type": "MultiLineString", "coordinates": [ [ [ 127.956877350928693, 35.035224943511267 ], [ 127.957004550838164, 35.034982446494766 ], [ 127.957011778142231, 35.034702946660353 ], [ 127.957104545652101, 35.034479974068205 ], [ 127.957342401648361, 35.034280546384814 ] ] ] } },
{ "type": "Feature", "properties": { "fid": 947, "UserID": null, "number": "서포201", "UMD": null, "NUM": "201", "GUBUN": "리도", "Opened": "미확장", "차선": "1", "도로폭": "4", "변경여부": null, "비고": null, "기존": "미확장", "기타": null, "종점": null, "기점": null, "구분": null, "정비사항": null, "연장": null }, "geometry": { "type": "MultiLineString", "coordinates": [ [ [ 127.94781997928709, 35.040262185780946 ], [ 127.948012957365648, 35.040264127938357 ], [ 127.948399396137589, 35.040128286144871 ], [ 127.948889294974762, 35.039870887101848 ], [ 127.94908119499587, 35.0397796883898 ], [ 127.949374076509571, 35.039715298524804 ], [ 127.949532082163515, 35.039595040077543 ], [ 127.949756757764618, 35.039255190162102 ], [ 127.950083451002683, 35.03903183798181 ], [ 127.950500538176996, 35.038826751306829 ], [ 127.950848999195173, 35.038853345123449 ], [ 127.951734479358663, 35.038708405831279 ], [ 127.952852990081212, 35.038402934287951 ], [ 127.953134162271851, 35.038414525392035 ], [ 127.953451679782944, 35.03830508335195 ], [ 127.953774152304163, 35.038261149837126 ], [ 127.954029797994963, 35.038241890338419 ], [ 127.954088175913441, 35.038212107042099 ], [ 127.954183088362228, 35.038077676599684 ], [ 127.954304029309583, 35.0378369566034 ], [ 127.954429945967377, 35.037663470602531 ], [ 127.954562765172867, 35.03754254130439 ], [ 127.954679153714181, 35.037361367708293 ], [ 127.954756871130471, 35.037281408209914 ], [ 127.955013812718803, 35.037103440563783 ], [ 127.955110939888954, 35.036979341694497 ], [ 127.955199663747493, 35.036944144112283 ], [ 127.955313130717769, 35.036872527582808 ], [ 127.955400143291172, 35.036780419798731 ], [ 127.955549183900629, 35.036611925415471 ], [ 127.956248409472394, 35.036144128487571 ], [ 127.956628081375158, 35.035970364969273 ], [ 127.956699608103364, 35.035809380135888 ], [ 127.956763255169463, 35.035512185904032 ], [ 127.956836878276448, 35.035351184452253 ], [ 127.956877350928693, 35.035224943511267 ] ] ] } },
{ "type": "Feature", "properties": { "fid": 948, "UserID": null, "number": "서포302", "UMD": null, "NUM": "302", "GUBUN": "농도", "Opened": "미확장", "차선": "1", "도로폭": "2.5", "변경여부": null, "비고": null, "기존": "미개설", "기타": null, "종점": null, "기점": null, "구분": null, "정비사항": null, "연장": "0.7" }, "geometry": { "type": "MultiLineString", "coordinates": [ [ [ 127.946927699281048, 35.038696114869985 ], [ 127.947305237113667, 35.038694912191346 ], [ 127.947783368752994, 35.038588252036952 ], [ 127.948189026445448, 35.038450755267405 ], [ 127.948289579030288, 35.038341809855311 ], [ 127.948429798743788, 35.038361647924482 ], [ 127.948615907781218, 35.038498009121348 ], [ 127.94884524514012, 35.038520638908871 ], [ 127.949092598611031, 35.038633841769801 ], [ 127.949461386141664, 35.038976368974282 ], [ 127.949760188330643, 35.039136269535184 ], [ 127.949824602537376, 35.039203801091062 ] ] ] } },
{ "type": "Feature", "properties": { "fid": 949, "UserID": null, "number": "서포308", "UMD": null, "NUM": "308", "GUBUN": "농도", "Opened": "미개설", "차선": null, "도로폭": null, "변경여부": null, "비고": null, "기존": null, "기타": null, "종점": null, "기점": null, "구분": null, "정비사항": null, "연장": null }, "geometry": { "type": "MultiLineString", "coordinates": [ [ [ 127.989016691976602, 35.033637078869901 ], [ 127.98915015754045, 35.034152363680384 ], [ 127.989290168568687, 35.034154711180165 ], [ 127.989443745102449, 35.034226727996639 ], [ 127.989652082737351, 35.034266896921949 ], [ 127.989880744530936, 35.034233630573304 ], [ 127.994357773577519, 35.031932658920617 ], [ 127.995197744530969, 35.031590827955498 ], [ 127.995943510410953, 35.03117649540318 ], [ 127.999490060359577, 35.028774810598577 ], [ 128.003365452950277, 35.026501652258212 ] ] ] } },
{ "type": "Feature", "properties": { "fid": 951, "UserID": null, "number": "용현101", "UMD": null, "NUM": "101", "GUBUN": "면도", "Opened": "미확장", "차선": "1", "도로폭": "3~5", "변경여부": null, "비고": null, "기존": "미확장", "기타": "용현102랑 겹침-기점수정", "종점": "신촌리 409-1", "기점": "석계리 287-1", "구분": "노선변경", "정비사항": "기점부 중복구간 삭제 종점부 시도 연결", "연장": "2" }, "geometry": { "type": "MultiLineString", "coordinates": [ [ [ 128.059155533765193, 35.024675277507122 ], [ 128.058872275151572, 35.0245331815429 ], [ 128.058593474773403, 35.024400343729518 ], [ 128.058354302869986, 35.024283663432229 ], [ 128.057886825446872, 35.024095074479412 ], [ 128.057786694102731, 35.02406739284924 ], [ 128.057695751549829, 35.024053234133639 ], [ 128.057453357397293, 35.024019539365412 ] ], [ [ 128.064919439172769, 35.024025907549138 ], [ 128.0647553271736, 35.02405517422973 ], [ 128.064604253943884, 35.02407308819199 ], [ 128.064311278681259, 35.024105763186178 ], [ 128.064118945217757, 35.024123066077337 ], [ 128.063931114904392, 35.024143304373759 ], [ 128.063754855609432, 35.024167099402852 ], [ 128.063661792481582, 35.024188688319526 ], [ 128.063497353435281, 35.024239265950577 ], [ 128.063368851686391, 35.024290901603521 ], [ 128.063166073453317, 35.024372891979326 ], [ 128.063025243794442, 35.024431975412597 ], [ 128.062926915661393, 35.024471675167682 ], [ 128.06285072294861, 35.024498970744986 ], [ 128.062643939949965, 35.024564644405629 ], [ 128.062540976555283, 35.024590998992529 ], [ 128.062469840115199, 35.024605492203086 ], [ 128.062403484736478, 35.024616837885233 ], [ 128.062331518683919, 35.024625821008655 ], [ 128.062170213101012, 35.024640718064092 ], [ 128.061995877051061, 35.024656982585469 ], [ 128.061865240015607, 35.024669907044739 ], [ 128.061740491865237, 35.024680245284237 ], [ 128.061647148631067, 35.024688019488046 ], [ 128.061545189707658, 35.024693669936369 ], [ 128.061479802418205, 35.024693532160605 ], [ 128.061429823241212, 35.024691973312478 ], [ 128.061373757265841, 35.024687609061651 ], [ 128.061308389398079, 35.024683447111137 ], [ 128.061141930742821, 35.024676488002591 ], [ 128.061032973571969, 35.024673642782801 ], [ 128.060929712289948, 35.024681193275164 ], [ 128.060848487058735, 35.024690888595416 ], [ 128.060767376245423, 35.024705796834915 ], [ 128.060586505597229, 35.024744880527436 ], [ 128.060404159147538, 35.02477207456198 ], [ 128.060316913251, 35.024784052727455 ], [ 128.060161829189553, 35.024805019994979 ], [ 128.06004954102815, 35.024808004680935 ], [ 128.05995364016465, 35.024806544713421 ], [ 128.059751564511117, 35.024798108859578 ], [ 128.059591853031634, 35.02479434647195 ], [ 128.05949905946855, 35.024781554582887 ], [ 128.059435528721934, 35.024763830073859 ], [ 128.059352543669178, 35.024741355228144 ], [ 128.059152896720036, 35.024674748473473 ] ] ] } },
{ "type": "Feature", "properties": { "fid": 952, "UserID": null, "number": "정동301", "UMD": null, "NUM": "301", "GUBUN": "농도", "Opened": "미확장", "차선": "1", "도로폭": "2.5", "변경여부": null, "비고": null, "기존": "미확장", "기타": null, "종점": null, "기점": null, "구분": null, "정비사항": null, "연장": "0.8" }, "geometry": { "type": "MultiLineString", "coordinates": [ [ [ 128.107235095470372, 35.055668653242606 ], [ 128.107294554961726, 35.055557025218818 ], [ 128.107309828648397, 35.055319276067699 ], [ 128.107280627300185, 35.055232866379221 ], [ 128.107063768704478, 35.054999877625697 ], [ 128.107031885364592, 35.054868949299646 ], [ 128.106915947186138, 35.054711352681885 ], [ 128.106887230001945, 35.054572560997606 ], [ 128.106784470291814, 35.054386851158434 ], [ 128.106737624328389, 35.054311898627112 ], [ 128.106804587823746, 35.054179372687706 ], [ 128.106755543712012, 35.053658442051621 ] ] ] } },
{ "type": "Feature", "properties": { "fid": 953, "UserID": null, "number": "사남204", "UMD": null, "NUM": "204", "GUBUN": "리도", "Opened": "미확장", "차선": "1~2", "도로폭": "4.5", "변경여부": "변경", "비고": "미확장-현황도로", "기존": "미확장", "기타": null, "종점": null, "기점": "화전리 1421-5", "구분": "노선단축", "정비사항": "도시계획도로 노선 제외", "연장": "0.6" }, "geometry": { "type": "MultiLineString", "coordinates": [ [ [ 128.083801812989748, 35.04861835623047 ], [ 128.083971286896997, 35.048749141300945 ], [ 128.084211055824653, 35.048940170836573 ], [ 128.084246928863195, 35.048964687866302 ], [ 128.084357572255641, 35.049040280736349 ], [ 128.084407631571054, 35.049103707285937 ], [ 128.084483998491265, 35.049222791595177 ], [ 128.084657798410802, 35.04937468154457 ], [ 128.084664050527294, 35.049380145793222 ], [ 128.08472253302017, 35.049423491098672 ], [ 128.084780167584341, 35.04946621706388 ], [ 128.084856886566996, 35.049553865347377 ], [ 128.085021300624334, 35.049690514454838 ], [ 128.085204259889849, 35.049803643440967 ], [ 128.085360974545466, 35.049872138331153 ], [ 128.085439392337889, 35.049901960618456 ], [ 128.085574007059193, 35.049953145043453 ], [ 128.085680967380313, 35.049976954441419 ], [ 128.085813443113551, 35.04998903169831 ], [ 128.086158369259095, 35.050041045433829 ], [ 128.086288631272964, 35.050065886356634 ], [ 128.086432107307274, 35.050159913883824 ], [ 128.086554778056353, 35.050308233802539 ], [ 128.086664852617218, 35.050563969471796 ], [ 128.086732008344711, 35.0506868045658 ], [ 128.086785894957131, 35.050796506326748 ] ] ] } }
]
}
