{"type":"FeatureCollection","features":[{"type":"Feature","geometry":{"type":"Polygon","coordinates":[[[128.07099013989327,34.939174312702534],[128.07075565295875,34.94244477551268],[128.0665349989518,34.94628298409424],[128.0643104079082,34.94408506111251],[128.0618641631233,34.9439740208398],[128.06327986723795,34.9389120558732],[128.0666374103407,34.936399514694784],[128.06765760518266,34.93211176713036],[128.069115343142,34.930924849959176],[128.06877716157038,34.92950729638913],[128.07035641592688,34.92731141885029],[128.07203946405883,34.92736185290367],[128.0707892276055,34.930103632810805],[128.0710245036322,34.934458369723],[128.06957469918063,34.93672385467902],[128.06965653232206,34.93886143216975],[128.07099013989327,34.939174312702534]]]},"properties":{"UFID":"100034801023G01110100000000003969","BJCD":"4824010100","NAME":"동동","DIVI":"HJD010","SCLS":"G0018117","FMTA":"R23123969"}},{"type":"Feature","geometry":{"type":"Polygon","coordinates":[[[128.07035641592688,34.92731141885029],[128.06877716157038,34.92950729638913],[128.069115343142,34.930924849959176],[128.06765760518266,34.93211176713036],[128.0666374103407,34.936399514694784],[128.06327986723795,34.9389120558732],[128.0624268572575,34.93507185897795],[128.06519961172566,34.9301651575836],[128.06365322262943,34.930338963809476],[128.06318611744035,34.92716975035628],[128.06441322376128,34.92435209470589],[128.06413484068813,34.92640268199037],[128.0675914798132,34.92676636443331],[128.0694073161992,34.9257413229355],[128.07035641592688,34.92731141885029]]]},"properties":{"UFID":"100034801023G01110100000000003970","BJCD":"4824010200","NAME":"서동","DIVI":"HJD010","SCLS":"G0018117","FMTA":"R23123970"}},{"type":"Feature","geometry":{"type":"Polygon","coordinates":[[[128.07705522226988,34.93848675291604],[128.0760228372403,34.937443792641666],[128.0760264331802,34.938828070785235],[128.07386141715708,34.93743704088293],[128.07099013989327,34.939174312702534],[128.06965653232206,34.93886143216975],[128.06957469918063,34.93672385467902],[128.0710245036322,34.934458369723],[128.0707892276055,34.930103632810805],[128.07203946405883,34.92736185290367],[128.07311068371988,34.92609335349066],[128.07545955454697,34.92792902728112],[128.07548500265608,34.92874336826223],[128.07771181583973,34.92914237681542],[128.07499877782524,34.93285386638947],[128.07644672712044,34.93496544862907],[128.07705522226988,34.93848675291604]]]},"properties":{"UFID":"100034801023G01110100000000003971","BJCD":"4824010300","NAME":"선구동","DIVI":"HJD010","SCLS":"G0018117","FMTA":"R23123971"}},{"type":"Feature","geometry":{"type":"Polygon","coordinates":[[[128.08556432627273,34.93449292204533],[128.08156296849663,34.93559428728903],[128.07908530410208,34.934389485836796],[128.07720635205675,34.935402553840184],[128.07644672712044,34.93496544862907],[128.07499877782524,34.93285386638947],[128.07771181583973,34.92914237681542],[128.07548500265608,34.92874336826223],[128.07545955454697,34.92792902728112],[128.07617878842848,34.92697216849323],[128.07696883726476,34.927407623252435],[128.0761724393923,34.925147572360956],[128.07737875259494,34.924125482121816],[128.07735591664508,34.927024738485535],[128.07843921680973,34.92702998497659],[128.07846291163972,34.92550111678924],[128.08000088802322,34.92565649317254],[128.07901071278246,34.927161725763675],[128.07958780784367,34.92846802235349],[128.08138699157598,34.92770777236961],[128.08139558627232,34.92706037653724],[128.07994085273322,34.926915979006885],[128.0842188498978,34.92695752991405],[128.08696905940528,34.932585425750894],[128.08697482053273,34.93419698975088],[128.08556432627273,34.93449292204533]]]},"properties":{"UFID":"100034801024G01110100000000003972","BJCD":"4824010400","NAME":"동금동","DIVI":"HJD010","SCLS":"G0018117","FMTA":"R23123972"}},{"type":"Feature","geometry":{"type":"MultiPolygon","coordinates":[[[[128.07953750224033,34.92280860622778],[128.07885832921616,34.92367666596042],[128.07807560974572,34.92258921149753],[128.0755060736015,34.92207161743273],[128.07953750224033,34.92280860622778]]],[[[128.0761724393923,34.925147572360956],[128.07696883726476,34.927407623252435],[128.07617878842848,34.92697216849323],[128.07545955454697,34.92792902728112],[128.07311068371988,34.92609335349066],[128.07190472904358,34.924058579957524],[128.0670402044949,34.9231127966229],[128.07238383434947,34.92367350389231],[128.07384471751956,34.92345222394217],[128.07394444238886,34.92261694198664],[128.0754419449293,34.92306861242538],[128.0749544405314,34.92380388758929],[128.07561413403562,34.923429382787916],[128.0761724393923,34.925147572360956]]]]},"properties":{"UFID":"100034801033G01110100000000003973","BJCD":"4824010500","NAME":"서금동","DIVI":"HJD010","SCLS":"G0018117","FMTA":"R23123973"}},{"type":"Feature","geometry":{"type":"Polygon","coordinates":[[[128.07758750180673,34.94670364017092],[128.076143451642,34.95190820360859],[128.07299475547597,34.95667616461356],[128.06575763431965,34.9503470251507],[128.0681390521086,34.94876389059813],[128.0665349989518,34.94628298409424],[128.07075565295875,34.94244477551268],[128.07099013989327,34.939174312702534],[128.07386141715708,34.93743704088293],[128.0760264331802,34.938828070785235],[128.0760228372403,34.937443792641666],[128.07705522226988,34.93848675291604],[128.07863447473324,34.94325014516796],[128.0777092753029,34.94558427508999],[128.07758750180673,34.94670364017092]]]},"properties":{"UFID":"100034801023G01110100000000003974","BJCD":"4824010600","NAME":"동림동","DIVI":"HJD010","SCLS":"G0018117","FMTA":"R23123974"}},{"type":"Feature","geometry":{"type":"Polygon","coordinates":[[[128.08761038996184,34.962483183294225],[128.0840796571573,34.96429772821992],[128.0814284917158,34.96393365938857],[128.07964150313464,34.96319131700358],[128.08003411469917,34.95912365584165],[128.07862524958426,34.957009271065694],[128.08008724579108,34.95710855955766],[128.07986582666473,34.95636159283478],[128.07685947567543,34.95610303080665],[128.07287923933896,34.95827267114352],[128.07299475547597,34.95667616461356],[128.076143451642,34.95190820360859],[128.07758750180673,34.94670364017092],[128.08199627335398,34.95150101252755],[128.08889370326327,34.95559775059494],[128.08804624030284,34.95623770360807],[128.08761038996184,34.962483183294225]]]},"properties":{"UFID":"100034801014G01110100000000003975","BJCD":"4824010700","NAME":"좌룡동","DIVI":"HJD010","SCLS":"G0018117","FMTA":"R23123975"}},{"type":"Feature","geometry":{"type":"Polygon","coordinates":[[[128.09179727087735,34.94202736462302],[128.08906692114462,34.94296187649618],[128.08150924724006,34.943343834634184],[128.08050225568115,34.945477232918314],[128.07849557374104,34.94493515047205],[128.0777092753029,34.94558427508999],[128.07863447473324,34.94325014516796],[128.07705522226988,34.93848675291604],[128.07644672712044,34.93496544862907],[128.07720635205675,34.935402553840184],[128.07908530410208,34.934389485836796],[128.08156296849663,34.93559428728903],[128.08556432627273,34.93449292204533],[128.0866069521788,34.93792319481461],[128.08881806764683,34.93847550126457],[128.08872913975003,34.93754777448631],[128.08948854200528,34.93767845898177],[128.09154767369668,34.939009481348286],[128.09179727087735,34.94202736462302]]]},"properties":{"UFID":"100034801024G01110100000000003976","BJCD":"4824010800","NAME":"벌리동","DIVI":"HJD010","SCLS":"G0018117","FMTA":"R23123976"}},{"type":"Feature","geometry":{"type":"Polygon","coordinates":[[[128.0992026704822,34.954163315431124],[128.09502908569561,34.95530833680678],[128.09401960524036,34.958364087803695],[128.09185144798633,34.9585475528821],[128.09028124859418,34.964487360537255],[128.08761038996184,34.962483183294225],[128.08804624030284,34.95623770360807],[128.08889370326327,34.95559775059494],[128.08199627335398,34.95150101252755],[128.07758750180673,34.94670364017092],[128.0777092753029,34.94558427508999],[128.07849557374104,34.94493515047205],[128.08050225568115,34.945477232918314],[128.08150924724006,34.943343834634184],[128.08906692114462,34.94296187649618],[128.09179727087735,34.94202736462302],[128.0907265957995,34.9456058097148],[128.0927100919326,34.94722513837858],[128.0904982022758,34.94980781565742],[128.09034849788827,34.951742319222085],[128.09767122299655,34.9491045654576],[128.10000337106376,34.94964401268001],[128.09763430612762,34.95186596192203],[128.0992026704822,34.954163315431124]]]},"properties":{"UFID":"100034801014G01110100000000003977","BJCD":"4824010900","NAME":"용강동","DIVI":"HJD010","SCLS":"G0018117","FMTA":"R23123977"}},{"type":"Feature","geometry":{"type":"Polygon","coordinates":[[[128.11362585303152,34.98665239448076],[128.1097706098684,34.98677568618987],[128.1058817906435,34.98434629623453],[128.10345235461813,34.98384034624888],[128.099153496512,34.98048164240654],[128.09028124859418,34.964487360537255],[128.09185144798633,34.9585475528821],[128.09401960524036,34.958364087803695],[128.09502908569561,34.95530833680678],[128.0992026704822,34.954163315431124],[128.1039282531212,34.954667703916115],[128.11083381561036,34.95797807899831],[128.11330036947666,34.95977340700365],[128.11619235634828,34.964173867780524],[128.1212305627798,34.96683084842515],[128.12207517262783,34.97024109234799],[128.11861906624273,34.97929571875391],[128.114728428514,34.98370350232398],[128.11362585303152,34.98665239448076]]]},"properties":{"UFID":"100034801015G01110100000000003978","BJCD":"4824011000","NAME":"와룡동","DIVI":"HJD010","SCLS":"G0018117","FMTA":"R23123978"}},{"type":"Feature","geometry":{"type":"Polygon","coordinates":[[[128.10000337106376,34.94964401268001],[128.09767122299655,34.9491045654576],[128.09034849788827,34.951742319222085],[128.0904982022758,34.94980781565742],[128.0927100919326,34.94722513837858],[128.0907265957995,34.9456058097148],[128.09179727087735,34.94202736462302],[128.09154767369668,34.939009481348286],[128.09788295605878,34.941787802155886],[128.10316339572304,34.942383524275876],[128.10475807142836,34.93661921902576],[128.11076021015762,34.9384328871234],[128.1109862798524,34.93934177369055],[128.112256486018,34.93866824971702],[128.11244682601333,34.94030236453375],[128.1159003697807,34.94002946941182],[128.11656720167016,34.945722418895464],[128.1110346969937,34.944567793337264],[128.10827214847308,34.94654784764884],[128.1006345133679,34.94875441088003],[128.10000337106376,34.94964401268001]]]},"properties":{"UFID":"100034801025G01110100000000003979","BJCD":"4824011100","NAME":"봉남동","DIVI":"HJD010","SCLS":"G0018117","FMTA":"R23123979"}},{"type":"Feature","geometry":{"type":"Polygon","coordinates":[[[128.12016851118662,34.94734813748818],[128.11954424262137,34.9492629125563],[128.12025096248985,34.95076540793795],[128.11559196399926,34.954525712605225],[128.11151304159063,34.95622662060006],[128.11083381561036,34.95797807899831],[128.1039282531212,34.954667703916115],[128.0992026704822,34.954163315431124],[128.09763430612762,34.95186596192203],[128.10000337106376,34.94964401268001],[128.1006345133679,34.94875441088003],[128.10827214847308,34.94654784764884],[128.1110346969937,34.944567793337264],[128.11656720167016,34.945722418895464],[128.12016851118662,34.94734813748818]]]},"properties":{"UFID":"100034801015G01110100000000003980","BJCD":"4824011200","NAME":"이금동","DIVI":"HJD010","SCLS":"G0018117","FMTA":"R23123980"}},{"type":"Feature","geometry":{"type":"Polygon","coordinates":[[[128.13462809661303,34.97084485082759],[128.1338662732407,34.96981078760218],[128.130406405314,34.97133952218215],[128.12207517262783,34.97024109234799],[128.1212305627798,34.96683084842515],[128.11619235634828,34.964173867780524],[128.11330036947666,34.95977340700365],[128.11083381561036,34.95797807899831],[128.11151304159063,34.95622662060006],[128.11559196399926,34.954525712605225],[128.12025096248985,34.95076540793795],[128.11954424262137,34.9492629125563],[128.12016851118662,34.94734813748818],[128.12312685885726,34.94911426396496],[128.126572329955,34.95191523265455],[128.13204363677306,34.95892813269515],[128.1350138617198,34.96906826666537],[128.13462809661303,34.97084485082759]]]},"properties":{"UFID":"100034801015G01110100000000003981","BJCD":"4824011300","NAME":"이홀동","DIVI":"HJD010","SCLS":"G0018117","FMTA":"R23123981"}},{"type":"Feature","geometry":{"type":"Polygon","coordinates":[[[128.12312685885726,34.94911426396496],[128.12016851118662,34.94734813748818],[128.11656720167016,34.945722418895464],[128.1159003697807,34.94002946941182],[128.11244682601333,34.94030236453375],[128.112256486018,34.93866824971702],[128.1109862798524,34.93934177369055],[128.11076021015762,34.9384328871234],[128.11173172865387,34.93459021610164],[128.11110483952928,34.933240393353294],[128.1123308634263,34.93265118208017],[128.11453572986076,34.93177383912778],[128.11532692852145,34.93316022793044],[128.1143500271497,34.933845207791386],[128.11717090386267,34.935238089343486],[128.11738096994654,34.93647587951981],[128.11930701827967,34.93656353428426],[128.120090935436,34.93800493054936],[128.12275085255175,34.93893828701349],[128.12407340181016,34.94204740311097],[128.12312685885726,34.94911426396496]]]},"properties":{"UFID":"100034801025G01110100000000003982","BJCD":"4824011400","NAME":"궁지동","DIVI":"HJD010","SCLS":"G0018117","FMTA":"R23123982"}},{"type":"Feature","geometry":{"type":"Polygon","coordinates":[[[128.11453572986076,34.93177383912778],[128.1123308634263,34.93265118208017],[128.1108936394908,34.929866154582335],[128.1074304708014,34.92882055286132],[128.10343422683238,34.929428018034834],[128.10125795594385,34.92850343562351],[128.10228916849422,34.92572500419419],[128.10292333600364,34.92500027485301],[128.10205571299093,34.92438178070489],[128.10417444843813,34.922876939904015],[128.1026103722204,34.92255588242962],[128.10286130375695,34.92036020929577],[128.11099458972416,34.923837771610046],[128.11965941792573,34.922422462893586],[128.1157509566544,34.92687859681931],[128.11592818183493,34.929551941356145],[128.11453572986076,34.93177383912778]]]},"properties":{"UFID":"100034801025G01110100000000003983","BJCD":"4824011500","NAME":"사등동","DIVI":"HJD010","SCLS":"G0018117","FMTA":"R23123983"}},{"type":"Feature","geometry":{"type":"Polygon","coordinates":[[[128.11076021015762,34.9384328871234],[128.10475807142836,34.93661921902576],[128.10316339572304,34.942383524275876],[128.09788295605878,34.941787802155886],[128.09154767369668,34.939009481348286],[128.08948854200528,34.93767845898177],[128.08872913975003,34.93754777448631],[128.08881806764683,34.93847550126457],[128.0866069521788,34.93792319481461],[128.08556432627273,34.93449292204533],[128.08697482053273,34.93419698975088],[128.08696905940528,34.932585425750894],[128.0842188498978,34.92695752991405],[128.0880107015684,34.92617337144245],[128.0859426379836,34.918992417603896],[128.08251129022105,34.9180266510967],[128.08325065084225,34.91698735143635],[128.08707418310817,34.91897274742618],[128.08259379610718,34.91621559444126],[128.0872163842318,34.91806083241202],[128.0876030505883,34.91913777502384],[128.0892883348597,34.91868860742767],[128.08998527864765,34.92077000226724],[128.0914333339328,34.92104166527513],[128.09177389020886,34.9231055568365],[128.09280278237557,34.923029444930854],[128.09468548109612,34.924216763313105],[128.09379865180182,34.923747008577216],[128.09380471953043,34.92429900799057],[128.09235892290687,34.92456960162899],[128.09391646570143,34.92454196372104],[128.0953441628597,34.92636749861579],[128.09701527773237,34.92618361617626],[128.09685539729895,34.9250848644245],[128.09799699461385,34.92444919155905],[128.09732664369798,34.92049487502126],[128.09908333724525,34.92112749672947],[128.09939901707398,34.92320012629031],[128.1003098454086,34.923577097635004],[128.09939840023756,34.923407838467526],[128.09919025218792,34.924495251468],[128.10228916849422,34.92572500419419],[128.10125795594385,34.92850343562351],[128.10343422683238,34.929428018034834],[128.1074304708014,34.92882055286132],[128.1108936394908,34.929866154582335],[128.1123308634263,34.93265118208017],[128.11110483952928,34.933240393353294],[128.11173172865387,34.93459021610164],[128.11076021015762,34.9384328871234]]]},"properties":{"UFID":"100034801024G01110100000000003984","BJCD":"4824011600","NAME":"향촌동","DIVI":"HJD010","SCLS":"G0018117","FMTA":"R23123984"}},{"type":"Feature","geometry":{"type":"MultiPolygon","coordinates":[[[[128.0490904934784,34.92601028957612],[128.0485158851508,34.92712002502107],[128.04843892609694,34.92574748383581],[128.0490904934784,34.92601028957612]]],[[[128.0618641631233,34.9439740208398],[128.05727294843607,34.94320480433965],[128.05490736321102,34.94161282886047],[128.0528034872058,34.942369880556086],[128.05288282126253,34.939079239243654],[128.0486708093513,34.9398099503261],[128.04690987299443,34.934704810846185],[128.0573477556353,34.92732963214395],[128.05626602726153,34.9285202855609],[128.0573985001944,34.92861694890741],[128.05623834240131,34.92922428619223],[128.05810167947214,34.92894759200769],[128.05764296726036,34.92776765410843],[128.05842345473272,34.928917808841824],[128.06279605782956,34.92803397805529],[128.06318611744035,34.92716975035628],[128.06365322262943,34.930338963809476],[128.06519961172566,34.9301651575836],[128.0624268572575,34.93507185897795],[128.06327986723795,34.9389120558732],[128.0618641631233,34.9439740208398]]]]},"properties":{"UFID":"100034801023G01110100000000003985","BJCD":"4824011700","NAME":"대방동","DIVI":"HJD010","SCLS":"G0018117","FMTA":"R23123985"}},{"type":"Feature","geometry":{"type":"Polygon","coordinates":[[[128.03319167235196,34.958199165801474],[128.03212119330522,34.95874987834246],[128.03275736357642,34.95936300817595],[128.0301133291872,34.95874638859821],[128.02995416911878,34.95711722678981],[128.03263999407284,34.954060282578446],[128.03433692279276,34.949731362217804],[128.03484720988516,34.95098387214988],[128.03573985014194,34.95029769167569],[128.03463013575362,34.94982148393625],[128.0359656121084,34.95005658818999],[128.03940261391168,34.946403744268636],[128.03932185834074,34.94024378083833],[128.04020176146884,34.941273397832994],[128.04083456022917,34.94061715787115],[128.03959978787714,34.93998907680398],[128.0409448386538,34.94055980771727],[128.04690987299443,34.934704810846185],[128.0486708093513,34.9398099503261],[128.05288282126253,34.939079239243654],[128.0528034872058,34.942369880556086],[128.05490736321102,34.94161282886047],[128.05727294843607,34.94320480433965],[128.0618641631233,34.9439740208398],[128.0643104079082,34.94408506111251],[128.0665349989518,34.94628298409424],[128.0681390521086,34.94876389059813],[128.06575763431965,34.9503470251507],[128.06429338502159,34.95305733154087],[128.061808173635,34.953785928506846],[128.05901792126406,34.956473587400076],[128.05345374008394,34.95844516759712],[128.0479017120162,34.959083765037164],[128.04419403047444,34.95604491040572],[128.04393094664852,34.95325666965089],[128.04157833396445,34.95319480866624],[128.0383688127771,34.953430316974014],[128.0367024578835,34.95458686986922],[128.03688878003265,34.9569804837726],[128.03319167235196,34.958199165801474]]]},"properties":{"UFID":"100034801022G01110100000000003986","BJCD":"4824011800","NAME":"실안동","DIVI":"HJD010","SCLS":"G0018117","FMTA":"R23123986"}},{"type":"Feature","geometry":{"type":"MultiPolygon","coordinates":[[[[128.03227673151417,34.93240614307532],[128.03126289936017,34.93231263334617],[128.03191999323192,34.93176836399264],[128.03227673151417,34.93240614307532]]],[[[128.0307849966007,34.93828374191484],[128.0298230137493,34.93870278830138],[128.02811746553013,34.937928337302246],[128.02811286456637,34.935565497486316],[128.0311882101233,34.934072957474235],[128.03321301962302,34.93425258320168],[128.0334972525555,34.93601766692937],[128.0319829969497,34.93776798907716],[128.0305891560208,34.93675663946746],[128.03051921601164,34.93806799379192],[128.03145959498355,34.938077027436314],[128.0307849966007,34.93828374191484]]],[[[128.03057396363275,34.945401467964786],[128.02995522790278,34.946311882600526],[128.0295017616039,34.942374178209285],[128.03194791313786,34.94251929045358],[128.03179606115816,34.944646720457435],[128.0315102343006,34.94404764045917],[128.03083060893368,34.94479180733968],[128.03162341244297,34.94502198905027],[128.03057396363275,34.945401467964786]]]]},"properties":{"UFID":"100034801022G01110100000000003987","BJCD":"4824011900","NAME":"마도동","DIVI":"HJD010","SCLS":"G0018117","FMTA":"R23123987"}},{"type":"Feature","geometry":{"type":"MultiPolygon","coordinates":[[[[128.04503857623507,34.92263219011456],[128.04344039916455,34.92323380866565],[128.04392471594767,34.92211971137707],[128.0458223127007,34.9223632193066],[128.04503857623507,34.92263219011456]]],[[[128.03639083241697,34.927443050569],[128.03489178657193,34.927321196896926],[128.03290084016965,34.92472694626103],[128.03490694329597,34.92364833304062],[128.03453138628652,34.92314416260177],[128.0355304333593,34.92343610399945],[128.0341802758971,34.92186722394075],[128.03714472008434,34.91885611002422],[128.0404297602197,34.921575072228585],[128.04205277921636,34.9218172188315],[128.04011400055685,34.92473255217225],[128.0398300957212,34.92318822515849],[128.03798718784498,34.92431149413765],[128.03799959224656,34.925197124352565],[128.0392946864654,34.925431817195],[128.0379404017709,34.92529421721822],[128.03639083241697,34.927443050569]]],[[[128.04430750562003,34.92746361481003],[128.0421811096706,34.926316107004894],[128.04248975090957,34.92476472916305],[128.04284406601127,34.925464949431664],[128.04346075570842,34.92450386366075],[128.04606666369472,34.92504055638126],[128.04624028461424,34.9260669437576],[128.04430750562003,34.92746361481003]]],[[[128.03044341956596,34.92884127528985],[128.02902748882465,34.92953326163503],[128.02815569048875,34.92883166718234],[128.0284847677817,34.926846518433685],[128.02971288115148,34.926325544767266],[128.03145982135786,34.92740970175288],[128.03044341956596,34.92884127528985]]]]},"properties":{"UFID":"100034801032G01110100000000003988","BJCD":"4824012000","NAME":"늑도동","DIVI":"HJD010","SCLS":"G0018117","FMTA":"R23123988"}},{"type":"Feature","geometry":{"type":"MultiPolygon","coordinates":[[[[128.05977575735005,34.90160324365428],[128.0597967370081,34.90221126228747],[128.05707291858806,34.90166439004725],[128.05641801372056,34.90088991070117],[128.05979553631994,34.90089311042267],[128.05977575735005,34.90160324365428]]],[[[128.0825045958171,34.90872556907731],[128.08161160364702,34.90828603752541],[128.08198249576884,34.90657240360432],[128.08360170079655,34.907230572736665],[128.0825045958171,34.90872556907731]]],[[[128.07609273186918,34.90972555659667],[128.07543468067257,34.91078343239823],[128.07184290492248,34.908898385102674],[128.0745775916676,34.90819416192769],[128.07473143162983,34.9071807402585],[128.07331401422152,34.90689565809886],[128.0730613760209,34.90561063126986],[128.0713470209809,34.90640551164917],[128.07020650312722,34.90401596638486],[128.0705850579441,34.90304837080921],[128.07034733477013,34.904019973012964],[128.0730206443632,34.9042893555993],[128.07496252857433,34.90213293685976],[128.07621576336555,34.90220056071752],[128.07384708667902,34.900208598026694],[128.0707508878354,34.902506598670534],[128.07254315609023,34.900346008547075],[128.07192636228407,34.89849605137466],[128.07369407398656,34.89421087882081],[128.07290521499436,34.89365808340356],[128.072581708553,34.89439964122563],[128.0729804514311,34.89238108059689],[128.07096078236864,34.8898541426162],[128.07143297503703,34.88841680209047],[128.07295106159168,34.8881475535851],[128.07356901035456,34.88647941378972],[128.07474607766403,34.886081866793994],[128.08026772891216,34.88897001857491],[128.0756111296972,34.890817841952305],[128.07554162833864,34.89442733578417],[128.0792297185507,34.89550264603112],[128.07835231157972,34.89709624977265],[128.07900485517214,34.89779636772384],[128.08045061281618,34.897791017822435],[128.08139451995726,34.89672160010626],[128.08356312237296,34.89751243665887],[128.08209267791213,34.897834347233264],[128.08218705151975,34.89889714771241],[128.0792122585026,34.90056666790885],[128.08190792511795,34.9025240600468],[128.0792326794604,34.90270394077387],[128.0779127186551,34.90393485997944],[128.08068597711107,34.90609288722819],[128.07997343302137,34.907504356918174],[128.07692202450633,34.90800497860286],[128.07609273186918,34.90972555659667]]],[[[128.0750216010496,34.91534441847717],[128.07345234368984,34.91522910589759],[128.07442045005033,34.9147507066153],[128.0750216010496,34.91534441847717]]]]},"properties":{"UFID":"100034801044G01110100000000003989","BJCD":"4824012100","NAME":"신수동","DIVI":"HJD010","SCLS":"G0018117","FMTA":"R23123989"}},{"type":"Feature","geometry":{"type":"Polygon","coordinates":[[[128.1098929234143,35.00135675795806],[128.0981306927558,35.00467690399526],[128.09093531969748,35.00200069063766],[128.08576966435882,35.001848321739956],[128.0838815830089,35.00099901826814],[128.08087612019386,35.00178111600297],[128.07968159463798,35.00143478255062],[128.07834655498405,34.997200263131134],[128.0751297621455,34.99680635455529],[128.0684105142384,34.99314846757707],[128.0622275963378,34.992703181118046],[128.0638862029254,34.99220144154243],[128.07322559086234,34.99070763566451],[128.07983463310396,34.992390271952004],[128.08226125831965,34.99170777320366],[128.09039417608116,34.98452125991146],[128.0960474319299,34.983508122354884],[128.099153496512,34.98048164240654],[128.10345235461813,34.98384034624888],[128.1058817906435,34.98434629623453],[128.1097706098684,34.98677568618987],[128.11362585303152,34.98665239448076],[128.11596840220193,34.988951138323515],[128.11571842828653,34.99435502414953],[128.1098929234143,35.00135675795806]]]},"properties":{"UFID":"100034801004G01110100000000003990","BJCD":"4824012200","NAME":"백천동","DIVI":"HJD010","SCLS":"G0018117","FMTA":"R23123990"}},{"type":"Feature","geometry":{"type":"Polygon","coordinates":[[[128.09039417608116,34.98452125991146],[128.08226125831965,34.99170777320366],[128.07983463310396,34.992390271952004],[128.07322559086234,34.99070763566451],[128.0638862029254,34.99220144154243],[128.06278253270665,34.98671516425583],[128.0611036615857,34.98645234045248],[128.0601896051847,34.98468159041342],[128.05867528695128,34.98439696843994],[128.05727536182027,34.98068022155503],[128.0583436910631,34.980163442664384],[128.0572783328755,34.978763256404996],[128.06072958591946,34.97803483067589],[128.065732766631,34.979198219307975],[128.06702683112565,34.97819978107102],[128.06841501021893,34.98057189173722],[128.07784698191813,34.97864379810401],[128.08181690530378,34.98076253785756],[128.0805008146816,34.98166169405562],[128.0834190555796,34.98284568517814],[128.0848073738378,34.98481586437266],[128.09039417608116,34.98452125991146]]]},"properties":{"UFID":"100034801003G01110100000000003991","BJCD":"4824012300","NAME":"신벽동","DIVI":"HJD010","SCLS":"G0018117","FMTA":"R23123991"}},{"type":"Feature","geometry":{"type":"Polygon","coordinates":[[[128.0622275963378,34.992703181118046],[128.05857306683976,34.99274757933323],[128.05829480235946,34.99312589623476],[128.05729922400351,34.9926094875802],[128.05414418411019,34.993165699314055],[128.05309425875345,34.992892978618585],[128.05393542961087,34.99304130962851],[128.0540353395624,34.991302326706034],[128.0548608876664,34.990100642127146],[128.05047491034728,34.9898909611387],[128.05056175018362,34.988350850170605],[128.04785600579532,34.98822527449969],[128.04804466019763,34.9866962482956],[128.04500993974722,34.98548650977522],[128.0447443164658,34.98438317800476],[128.04399267131834,34.98473788006084],[128.04349660724282,34.98345765221322],[128.0454772306817,34.98137175990279],[128.04463711978266,34.979905966996526],[128.04589416035304,34.98156513024557],[128.04673723711545,34.980762120373164],[128.04581014565656,34.98072934009928],[128.04847497345816,34.978761384182825],[128.05236503816803,34.977632830049906],[128.05586686166106,34.977561144528714],[128.0572783328755,34.978763256404996],[128.0583436910631,34.980163442664384],[128.05727536182027,34.98068022155503],[128.05867528695128,34.98439696843994],[128.0601896051847,34.98468159041342],[128.0611036615857,34.98645234045248],[128.06278253270665,34.98671516425583],[128.0638862029254,34.99220144154243],[128.0622275963378,34.992703181118046]]]},"properties":{"UFID":"100034801003G01110100000000003992","BJCD":"4824012400","NAME":"노룡동","DIVI":"HJD010","SCLS":"G0018117","FMTA":"R23123992"}},{"type":"Feature","geometry":{"type":"Polygon","coordinates":[[[128.04399267131834,34.98473788006084],[128.0447443164658,34.98438317800476],[128.04500993974722,34.98548650977522],[128.04804466019763,34.9866962482956],[128.04785600579532,34.98822527449969],[128.05056175018362,34.988350850170605],[128.05047491034728,34.9898909611387],[128.0548608876664,34.990100642127146],[128.0540353395624,34.991302326706034],[128.05393542961087,34.99304130962851],[128.05309425875345,34.992892978618585],[128.04534616397487,34.99207721536865],[128.0393938748764,34.992575140090075],[128.04022928580227,34.99093063479379],[128.03870176436732,34.98958620322113],[128.03897401776769,34.98872513573223],[128.03981582592658,34.99030887407698],[128.04079288623987,34.98972785935532],[128.03903598277594,34.988184696056194],[128.04165577966742,34.98971688991389],[128.04345743136074,34.98804494234491],[128.04399267131834,34.98473788006084]]]},"properties":{"UFID":"100034801002G01110100000000003993","BJCD":"4824012500","NAME":"대포동","DIVI":"HJD010","SCLS":"G0018117","FMTA":"R23123993"}},{"type":"Feature","geometry":{"type":"Polygon","coordinates":[[[128.06072958591946,34.97803483067589],[128.0572783328755,34.978763256404996],[128.05586686166106,34.977561144528714],[128.05236503816803,34.977632830049906],[128.04984855656795,34.97366142908891],[128.05001608114924,34.970701020950195],[128.05194560430897,34.970245110927785],[128.05013096892162,34.97006822887795],[128.0492929612697,34.96892697650616],[128.04732661154995,34.970417271794354],[128.04597116095601,34.96672470833049],[128.04187716299612,34.96500066924096],[128.04024248564272,34.963139310414796],[128.0386991502497,34.96354733724779],[128.0400466633053,34.96308222136074],[128.0398025747101,34.962086900074716],[128.03855962864316,34.961970861393674],[128.03844815884048,34.96334007717214],[128.0383064180856,34.9619173982667],[128.03319167235196,34.958199165801474],[128.03688878003265,34.9569804837726],[128.0367024578835,34.95458686986922],[128.0383688127771,34.953430316974014],[128.04157833396445,34.95319480866624],[128.04393094664852,34.95325666965089],[128.04419403047444,34.95604491040572],[128.0479017120162,34.959083765037164],[128.05345374008394,34.95844516759712],[128.05901792126406,34.956473587400076],[128.06248361301724,34.95888285048948],[128.06520995856658,34.95888955215151],[128.0653116822634,34.96153497086928],[128.06692340200485,34.96182515959482],[128.06766407661456,34.96458909821222],[128.06332716644243,34.9699964879868],[128.0618174075993,34.97629463087107],[128.05942038353948,34.977623101112435],[128.06072958591946,34.97803483067589]]]},"properties":{"UFID":"100034801013G01110100000000003994","BJCD":"4824012600","NAME":"송포동","DIVI":"HJD010","SCLS":"G0018117","FMTA":"R23123994"}},{"type":"Feature","geometry":{"type":"Polygon","coordinates":[[[128.09039417608116,34.98452125991146],[128.0848073738378,34.98481586437266],[128.0834190555796,34.98284568517814],[128.0805008146816,34.98166169405562],[128.08181690530378,34.98076253785756],[128.07784698191813,34.97864379810401],[128.06841501021893,34.98057189173722],[128.06702683112565,34.97819978107102],[128.065732766631,34.979198219307975],[128.06072958591946,34.97803483067589],[128.05942038353948,34.977623101112435],[128.0618174075993,34.97629463087107],[128.06332716644243,34.9699964879868],[128.06766407661456,34.96458909821222],[128.06692340200485,34.96182515959482],[128.0653116822634,34.96153497086928],[128.06520995856658,34.95888955215151],[128.06248361301724,34.95888285048948],[128.05901792126406,34.956473587400076],[128.061808173635,34.953785928506846],[128.06429338502159,34.95305733154087],[128.06575763431965,34.9503470251507],[128.07299475547597,34.95667616461356],[128.07287923933896,34.95827267114352],[128.07685947567543,34.95610303080665],[128.07986582666473,34.95636159283478],[128.08008724579108,34.95710855955766],[128.07862524958426,34.957009271065694],[128.08003411469917,34.95912365584165],[128.07964150313464,34.96319131700358],[128.0814284917158,34.96393365938857],[128.0840796571573,34.96429772821992],[128.08761038996184,34.962483183294225],[128.09028124859418,34.964487360537255],[128.099153496512,34.98048164240654],[128.0960474319299,34.983508122354884],[128.09039417608116,34.98452125991146]]]},"properties":{"UFID":"100034801014G01110100000000003995","BJCD":"4824012700","NAME":"죽림동","DIVI":"HJD010","SCLS":"G0018117","FMTA":"R23123995"}},{"type":"Feature","geometry":{"type":"Polygon","coordinates":[[[128.14878659518735,35.07515715873362],[128.14794639560913,35.07757282584576],[128.15179990113688,35.08107765670362],[128.15617629306547,35.08030282460272],[128.157715943746,35.081030223059045],[128.16271183383074,35.07984570988866],[128.16593998697198,35.08264335398504],[128.16928102821595,35.08377168751541],[128.16774042618798,35.0856680722743],[128.17203638864586,35.09535609895051],[128.16984430780835,35.097092491205174],[128.16643267248037,35.09688403224223],[128.16263476016772,35.101630599535625],[128.16052843278322,35.10055894677915],[128.15876523647748,35.1007949790707],[128.158019554486,35.104099718422425],[128.1549408875756,35.10701376224841],[128.15545034489477,35.10880889003997],[128.15353208234674,35.11068020015977],[128.14734615414687,35.114464618402295],[128.14305217741753,35.11592927174356],[128.14100355022123,35.116256315244875],[128.1382933183877,35.11532866599546],[128.1353572469132,35.11728222019064],[128.13197616465982,35.11726558451489],[128.1281066233621,35.11459885259393],[128.12544372325695,35.11638041948442],[128.1208561384526,35.11375491790857],[128.118261249774,35.114240357886054],[128.11559915347488,35.10998839566614],[128.111757976804,35.10814342574404],[128.11145798090638,35.10692614029779],[128.10907204133264,35.10547874626586],[128.10773482899435,35.102514296534366],[128.11037590560176,35.10019318971977],[128.1100736490063,35.09952915934201],[128.10073415766385,35.09609767117686],[128.09966698880672,35.094080497976414],[128.08995769861758,35.09710230932564],[128.08795961621354,35.09402654297548],[128.08530710578748,35.093403693223976],[128.0843676298703,35.09412101349042],[128.08634863083114,35.095457365089],[128.08508486217352,35.097914640767506],[128.07707366349067,35.09887831132407],[128.0728039744158,35.098076719085725],[128.06995255813993,35.09992962936439],[128.06662110961074,35.09496387218539],[128.06129228940839,35.093678557457615],[128.05848855305146,35.09112653214164],[128.05747838949148,35.08872859128792],[128.05412038678182,35.081782859172215],[128.05722992136623,35.07868250920217],[128.06147129541554,35.079235768141054],[128.06195545209994,35.078666273124945],[128.062466336365,35.0779365783735],[128.06399044374936,35.078312782301595],[128.06483730649413,35.079695824790065],[128.06643451038136,35.07967372219312],[128.06659745858704,35.078250433397315],[128.07337857244633,35.076847006995],[128.0738571719519,35.07517743001922],[128.07471224940716,35.07522771128034],[128.0744082183348,35.073023618907655],[128.07868143053759,35.06731240248628],[128.08703254555428,35.081198318647324],[128.08804273790813,35.08064897012181],[128.0895950678572,35.07476521680267],[128.09295672285626,35.07450062107326],[128.09535120567887,35.075278186102],[128.0963639208046,35.074576777115055],[128.0999572649429,35.0764944217999],[128.09750163761984,35.079451278204935],[128.09876082747678,35.08063178283217],[128.1094321388809,35.08395881466421],[128.1131611962203,35.08016891567113],[128.11480523414448,35.080157014006275],[128.1200450848207,35.077133576878936],[128.12199184310907,35.078042705662725],[128.12502048355285,35.07758445405104],[128.1278555288348,35.07838688700969],[128.1323229278401,35.07466884351079],[128.13782651913795,35.0753856168053],[128.14694891526491,35.07453414426326],[128.14878659518735,35.07515715873362]]]},"properties":{"UFID":"100035813065G01110100000000003996","BJCD":"4824025000","NAME":"사천읍","DIVI":"HJD008","SCLS":"G0018116","FMTA":"R23123996"}},{"type":"Feature","geometry":{"type":"Polygon","coordinates":[[[128.14878659518735,35.07515715873362],[128.14694891526491,35.07453414426326],[128.13782651913795,35.0753856168053],[128.1323229278401,35.07466884351079],[128.1278555288348,35.07838688700969],[128.12502048355285,35.07758445405104],[128.12199184310907,35.078042705662725],[128.1200450848207,35.077133576878936],[128.11480523414448,35.080157014006275],[128.1131611962203,35.08016891567113],[128.1094321388809,35.08395881466421],[128.09876082747678,35.08063178283217],[128.09750163761984,35.079451278204935],[128.0999572649429,35.0764944217999],[128.0963639208046,35.074576777115055],[128.09535120567887,35.075278186102],[128.09295672285626,35.07450062107326],[128.0895950678572,35.07476521680267],[128.08804273790813,35.08064897012181],[128.08703254555428,35.081198318647324],[128.07868143053759,35.06731240248628],[128.08040971866023,35.06161048692875],[128.07925127660275,35.06046883559707],[128.083054254329,35.06093534720042],[128.08534492497444,35.05854846178297],[128.0891123284441,35.05753278534127],[128.08992141391087,35.056309710833595],[128.09482811707755,35.05552709039477],[128.0955355504777,35.05623638154279],[128.09692950424747,35.05577930904388],[128.09838069947853,35.05699641585174],[128.10320530569834,35.05550634441131],[128.10467354238432,35.05481886645108],[128.10913431099158,35.04913198346515],[128.1138923075078,35.04771762140683],[128.1159265134211,35.044670188429514],[128.12452393695935,35.04168582420075],[128.13322645503763,35.03665632577331],[128.13618189558903,35.03150914870506],[128.13868202414452,35.030093529974664],[128.14128857462725,35.025949450029664],[128.14189123661103,35.02116410449542],[128.14588490745535,35.017652594897136],[128.1465883892216,35.01374181543552],[128.14463603427978,35.011081278356585],[128.14961963231613,35.00702612728579],[128.1520826495179,35.006138909141086],[128.15442035976278,35.00012414506565],[128.1583405846412,34.998723771328315],[128.15974437112058,34.99629902064873],[128.16602615670635,34.99454599113754],[128.16264759053755,35.00024647094016],[128.15863766288243,35.00456348506302],[128.15782800076053,35.006985848956866],[128.15913567184916,35.00898699894194],[128.15837926242168,35.01183125110786],[128.15993476461423,35.01323680946347],[128.1626417071084,35.02722839338365],[128.16724955133432,35.029457380292946],[128.16688049849736,35.031446699505736],[128.16865485412112,35.030259925510826],[128.1735378951189,35.0314181581152],[128.17590924914217,35.036079057767054],[128.18003807514654,35.03850726145279],[128.18121062640498,35.0401976131996],[128.1819905038219,35.04752053226194],[128.18442163764962,35.05097877130513],[128.17811121078566,35.05355925741644],[128.1768401923743,35.05247893825783],[128.17247168457442,35.051919843324846],[128.16968502614122,35.05730708627873],[128.1673148960524,35.05909553726791],[128.16243934366491,35.06613555955951],[128.15597438122896,35.06578074093839],[128.1520272548088,35.074374030008286],[128.14878659518735,35.07515715873362]]]},"properties":{"UFID":"100035813076G01110100000000003997","BJCD":"4824031000","NAME":"정동면","DIVI":"HJD009","SCLS":"G0018118","FMTA":"R23123997"}},{"type":"Feature","geometry":{"type":"Polygon","coordinates":[[[128.07868143053759,35.06731240248628],[128.0744082183348,35.073023618907655],[128.07471224940716,35.07522771128034],[128.0738571719519,35.07517743001922],[128.07337857244633,35.076847006995],[128.06659745858704,35.078250433397315],[128.06643451038136,35.07967372219312],[128.06483730649413,35.079695824790065],[128.06399044374936,35.078312782301595],[128.062466336365,35.0779365783735],[128.06195545209994,35.078666273124945],[128.04444697222326,35.0665317528436],[128.03946861171082,35.05677566497699],[128.03833190608634,35.05110830238492],[128.04331160856458,35.05032101918802],[128.04442533104924,35.05108810016792],[128.04490668629958,35.04932611629869],[128.04677270924705,35.049924164263075],[128.04910283152253,35.047483696696695],[128.05461479448857,35.04998626470203],[128.0590437927382,35.046927966370404],[128.06406998186284,35.04539092197024],[128.06604068746958,35.046847461415354],[128.0672618432166,35.04590823830113],[128.07117220020163,35.04585118904969],[128.0735216748418,35.04743533573781],[128.0798046923498,35.0457631569807],[128.0804855620457,35.041805874757266],[128.08196074793608,35.039397305448986],[128.08449436657847,35.03793311217716],[128.08559057824337,35.036062823723526],[128.08502879490695,35.03409125942452],[128.08739777966665,35.03161035777639],[128.0872513916877,35.0306217586962],[128.0984398340783,35.02383196461913],[128.10777977732315,35.016164379524675],[128.10663252507396,35.01316992472685],[128.1092326852346,35.01063631675944],[128.1098807935836,35.00865432172495],[128.11095390018988,35.002978652501334],[128.1098929234143,35.00135675795806],[128.11571842828653,34.99435502414953],[128.11596840220193,34.988951138323515],[128.11362585303152,34.98665239448076],[128.114728428514,34.98370350232398],[128.11861906624273,34.97929571875391],[128.12207517262783,34.97024109234799],[128.130406405314,34.97133952218215],[128.1338662732407,34.96981078760218],[128.13462809661303,34.97084485082759],[128.1337997057719,34.97404740589561],[128.13450701993563,34.97969983017746],[128.13771631082247,34.981917319142646],[128.14343932952275,34.98954859050356],[128.14615320243246,34.99086327228636],[128.15254489644695,34.9912552501063],[128.15893255678725,34.98826401015215],[128.16038841636785,34.98667251154112],[128.1629384228639,34.986184307123494],[128.1662446364896,34.98354743581536],[128.17016950231522,34.984748363970645],[128.17052523338373,34.9862573429454],[128.16704349948049,34.989929951767486],[128.16602615670635,34.99454599113754],[128.15974437112058,34.99629902064873],[128.1583405846412,34.998723771328315],[128.15442035976278,35.00012414506565],[128.1520826495179,35.006138909141086],[128.14961963231613,35.00702612728579],[128.14463603427978,35.011081278356585],[128.1465883892216,35.01374181543552],[128.14588490745535,35.017652594897136],[128.14189123661103,35.02116410449542],[128.14128857462725,35.025949450029664],[128.13868202414452,35.030093529974664],[128.13618189558903,35.03150914870506],[128.13322645503763,35.03665632577331],[128.12452393695935,35.04168582420075],[128.1159265134211,35.044670188429514],[128.1138923075078,35.04771762140683],[128.10913431099158,35.04913198346515],[128.10467354238432,35.05481886645108],[128.10320530569834,35.05550634441131],[128.09838069947853,35.05699641585174],[128.09692950424747,35.05577930904388],[128.0955355504777,35.05623638154279],[128.09482811707755,35.05552709039477],[128.08992141391087,35.056309710833595],[128.0891123284441,35.05753278534127],[128.08534492497444,35.05854846178297],[128.083054254329,35.06093534720042],[128.07925127660275,35.06046883559707],[128.08040971866023,35.06161048692875],[128.07868143053759,35.06731240248628]]]},"properties":{"UFID":"100035813085G01110100000000003998","BJCD":"4824032000","NAME":"사남면","DIVI":"HJD009","SCLS":"G0018118","FMTA":"R23123998"}},{"type":"Feature","geometry":{"type":"Polygon","coordinates":[[[128.1098929234143,35.00135675795806],[128.11095390018988,35.002978652501334],[128.1098807935836,35.00865432172495],[128.1092326852346,35.01063631675944],[128.10663252507396,35.01316992472685],[128.10777977732315,35.016164379524675],[128.0984398340783,35.02383196461913],[128.0872513916877,35.0306217586962],[128.08739777966665,35.03161035777639],[128.08502879490695,35.03409125942452],[128.08559057824337,35.036062823723526],[128.08449436657847,35.03793311217716],[128.08196074793608,35.039397305448986],[128.0804855620457,35.041805874757266],[128.0798046923498,35.0457631569807],[128.0735216748418,35.04743533573781],[128.07117220020163,35.04585118904969],[128.0672618432166,35.04590823830113],[128.06604068746958,35.046847461415354],[128.06406998186284,35.04539092197024],[128.0590437927382,35.046927966370404],[128.05461479448857,35.04998626470203],[128.04910283152253,35.047483696696695],[128.04677270924705,35.049924164263075],[128.04490668629958,35.04932611629869],[128.04442533104924,35.05108810016792],[128.04331160856458,35.05032101918802],[128.03833190608634,35.05110830238492],[128.0382467458999,35.04878930604754],[128.0411604558831,35.04711454476478],[128.03882534898486,35.041630748207076],[128.03952613242808,35.04110459875948],[128.03880608454193,35.04072553228458],[128.03969491418565,35.04091560504616],[128.03863685364547,35.04037893041621],[128.03958542148044,35.040212765048686],[128.03891552839096,35.0365124507927],[128.04222007054022,35.03128172623107],[128.03482237212756,35.023008206416414],[128.03691533262045,35.021921072516406],[128.03639315372837,35.02053879540553],[128.03746384065698,35.018573956976894],[128.03778344429915,35.02120559909929],[128.04033107814587,35.021850469036906],[128.04285744723913,35.02451117875114],[128.04487594703713,35.024354988930405],[128.05056685775037,35.01610793582165],[128.0481648745391,35.01332550993024],[128.04937719117052,35.01272744996266],[128.04818462099414,35.01029261760058],[128.04697560260365,35.0095474063968],[128.0457999328059,35.01056004673284],[128.04696480890163,35.00949991770908],[128.04465200327508,35.007746396431074],[128.0426042595008,35.00849657787112],[128.0442258649265,35.00773072680565],[128.0425057057882,35.00583142312575],[128.04227487654393,35.00397847975104],[128.0379375369971,35.00136771059723],[128.0391416790147,35.001385581780845],[128.0400424070155,34.99963247283472],[128.03874540146091,34.998046388330884],[128.0393938748764,34.992575140090075],[128.04534616397487,34.99207721536865],[128.05309425875345,34.992892978618585],[128.05414418411019,34.993165699314055],[128.05729922400351,34.9926094875802],[128.05829480235946,34.99312589623476],[128.05857306683976,34.99274757933323],[128.0622275963378,34.992703181118046],[128.0684105142384,34.99314846757707],[128.0751297621455,34.99680635455529],[128.07834655498405,34.997200263131134],[128.07968159463798,35.00143478255062],[128.08087612019386,35.00178111600297],[128.0838815830089,35.00099901826814],[128.08576966435882,35.001848321739956],[128.09093531969748,35.00200069063766],[128.0981306927558,35.00467690399526],[128.1098929234143,35.00135675795806]]]},"properties":{"UFID":"100035813093G01110100000000003999","BJCD":"4824033000","NAME":"용현면","DIVI":"HJD009","SCLS":"G0018118","FMTA":"R23123999"}},{"type":"Feature","geometry":{"type":"Polygon","coordinates":[[[128.10907204133264,35.10547874626586],[128.09821901188565,35.10655020913793],[128.09735365115094,35.104916459243476],[128.09282020725297,35.10288434129178],[128.0927436424183,35.101356152509624],[128.09112571959136,35.101182367572584],[128.09090823164644,35.103656915427266],[128.08929108612844,35.10446438919528],[128.09047818250409,35.10734528556035],[128.0917985404006,35.107670226297486],[128.09109336727568,35.11606037184105],[128.08829476527924,35.11853960921241],[128.08142537111797,35.12015432962695],[128.08031108772002,35.12194731574285],[128.07569457677872,35.12319294248952],[128.07449356509912,35.12585364544883],[128.07055808325026,35.128306971668906],[128.05621038360906,35.12775962843306],[128.05549026074746,35.12966465849383],[128.0506305539945,35.13153216395419],[128.0476121629759,35.12781279160369],[128.0486984733699,35.12457154292907],[128.04396479656273,35.121019624453666],[128.04071985732799,35.12142905224122],[128.03718913129646,35.11974990324258],[128.0342285169409,35.12146195929103],[128.0323864705466,35.12099760265958],[128.02810270287216,35.122876053263916],[128.0245084161836,35.12151847221418],[128.0243408755606,35.11864126696026],[128.02108462791864,35.11695022572712],[128.02221793177253,35.11410690742167],[128.0261516790926,35.112033894462044],[128.02916246670458,35.10723726298983],[128.02863675676386,35.10496772282091],[128.02985056756398,35.100131530670936],[128.0365358662386,35.094007931689035],[128.03791674597466,35.091416115307844],[128.03457174736732,35.08679690486649],[128.03674557844082,35.08439954964281],[128.03376087180823,35.08058667824895],[128.0350445802279,35.078040776416515],[128.03908123600564,35.07820100853564],[128.0400424906932,35.07912199712979],[128.04224833367084,35.07789626232733],[128.04330156012014,35.07556357102964],[128.04603985389366,35.07543559970944],[128.05229897394355,35.07969330279457],[128.05416355512918,35.08563347525377],[128.0567315967303,35.08898101327703],[128.05747838949148,35.08872859128792],[128.05848855305146,35.09112653214164],[128.06129228940839,35.093678557457615],[128.06662110961074,35.09496387218539],[128.06995255813993,35.09992962936439],[128.0728039744158,35.098076719085725],[128.07707366349067,35.09887831132407],[128.08508486217352,35.097914640767506],[128.08634863083114,35.095457365089],[128.0843676298703,35.09412101349042],[128.08530710578748,35.093403693223976],[128.08795961621354,35.09402654297548],[128.08995769861758,35.09710230932564],[128.09966698880672,35.094080497976414],[128.10073415766385,35.09609767117686],[128.1100736490063,35.09952915934201],[128.11037590560176,35.10019318971977],[128.10773482899435,35.102514296534366],[128.10907204133264,35.10547874626586]]]},"properties":{"UFID":"100035813053G01110100000000004000","BJCD":"4824034000","NAME":"축동면","DIVI":"HJD009","SCLS":"G0018118","FMTA":"R23124000"}},{"type":"Feature","geometry":{"type":"MultiPolygon","coordinates":[[[[128.00300588916863,35.035509293304344],[128.0057536712937,35.036915585969865],[128.0053010649209,35.038503825887986],[128.0030939934563,35.0380958035069],[128.00300588916863,35.035509293304344]]],[[[128.02108462791864,35.11695022572712],[128.01912034631573,35.11877354805948],[128.0171108378416,35.11862356211886],[128.00919957756733,35.11332483993989],[128.00818638645535,35.11432367623864],[128.00656353005564,35.113472522898306],[128.0048623644378,35.11455376287691],[128.00261221322063,35.11424844556596],[127.99759622261996,35.11222936297764],[127.99663633313617,35.11006973716397],[127.9902864002857,35.10807634296881],[127.9886092011451,35.1055545987956],[127.98435953160634,35.10448532927995],[127.98460042677398,35.10216268323759],[127.98137852293797,35.10027659384215],[127.98329638725659,35.09722619244637],[127.97936088729261,35.0925860283307],[127.97648873305265,35.08724118209562],[127.97676068197948,35.08528341726958],[127.97383662604713,35.081862905785734],[127.97097265261911,35.082944674474184],[127.97036784809194,35.08542717004476],[127.96738191274551,35.086998345613765],[127.9667112618267,35.09009090834779],[127.96321725591652,35.09220026538607],[127.95991005829708,35.0957819957643],[127.95701873605314,35.09511582765898],[127.95130338377353,35.09761954238569],[127.94912118727952,35.09668290134755],[127.94738889171657,35.09289047922359],[127.94756471993139,35.09066937461796],[127.95314051526309,35.0859466054786],[127.95387557976778,35.083857263084965],[127.95620461234182,35.08303036245397],[127.95848119198538,35.07772450615837],[127.95442773573245,35.07628367998812],[127.95489621187552,35.074045966579774],[127.9535951950365,35.07382085932114],[127.95451837437962,35.06997926470722],[127.95311588402238,35.06939606882387],[127.95191462573328,35.0703559904515],[127.9464555504289,35.06534057707594],[127.94290679363729,35.06540222449134],[127.94071706889717,35.06927949612746],[127.93769194543249,35.07015294396053],[127.93811701783443,35.0719786873282],[127.93528517811377,35.077332059098374],[127.92654004384167,35.078397706739025],[127.92265203617707,35.08123131076894],[127.91732493966953,35.081064697091364],[127.9148279315769,35.08642406233964],[127.91235466614579,35.08899290550063],[127.90722428492475,35.08862292800512],[127.90449053430441,35.08669214256064],[127.90228250443687,35.08761185880592],[127.89351369674422,35.08656627491596],[127.89677925913635,35.08033123627356],[127.89864857511893,35.07885287051701],[127.90200531019342,35.079649515340115],[127.90631810228237,35.07882034939637],[127.90831872367288,35.07342146427737],[127.91170831548035,35.07344905180927],[127.91220931530201,35.070527023830344],[127.9137587053994,35.0692180060717],[127.91446751963694,35.064531041245544],[127.91888820230884,35.06355702259702],[127.92038567794043,35.0641740674286],[127.92365190439975,35.05911369496859],[127.92432210718515,35.05701491824975],[127.92351280564091,35.05645309020157],[127.92472806884244,35.05371050067158],[127.92676919319155,35.05270286326517],[127.92747596537043,35.05076927237743],[127.92944877684535,35.05038964598207],[127.93118359061593,35.047735384063095],[127.93343617522353,35.047308284564906],[127.93782522539556,35.04855314058312],[127.93936734665756,35.04808456072357],[127.94064905467015,35.04586745039564],[127.94418716633949,35.047210716572884],[127.94675083777592,35.045820431607545],[127.9498046411247,35.046432307012815],[127.95380333478104,35.045547804356076],[127.95558327484099,35.04646289932552],[127.95906447994679,35.04598024582231],[127.96211545861453,35.048738380940364],[127.96053725996454,35.048094132405375],[127.96281795717182,35.04911167080948],[127.96384918860034,35.05167089003578],[127.9658720459364,35.051976463390226],[127.96792142178404,35.0502064695685],[127.97030732682468,35.04499911959051],[127.9726532495676,35.0451894002168],[127.97423431368755,35.040416967501486],[127.97296240846697,35.037275529648205],[127.97358301164307,35.03548785857139],[127.97474866993501,35.0359944679402],[127.97876861024126,35.0347977780478],[127.98092944381787,35.03585972289792],[127.98412191613154,35.04535971595254],[127.98712151712519,35.046543061171796],[127.99054404514736,35.04530688601414],[127.99501223763359,35.046621989834165],[127.99848745624902,35.043974875868464],[128.00276312636944,35.0423961277454],[128.00243624407028,35.044242521043834],[128.0041674290418,35.04466834090454],[128.0048430554294,35.04362222235516],[128.00635324319418,35.043453236115845],[128.00497493329814,35.04197305644456],[128.00824859228047,35.03864725400231],[128.0140266488201,35.03960098098548],[128.01485023864905,35.040837072397814],[128.01403630608445,35.04290748832547],[128.00855004780772,35.047503959266734],[128.0098070665697,35.050054533766655],[128.0117618078529,35.04900229704152],[128.0131678926258,35.04678858314438],[128.0157654962133,35.04586894689548],[128.0194845423729,35.04069225414195],[128.01383524434152,35.03617229035493],[128.0119301861603,35.03622771951418],[128.0063551718576,35.03416168623025],[128.00593249141215,35.033062944639276],[128.00896424541057,35.03072940965836],[128.01437886688058,35.0286120606841],[128.01555828386225,35.02969477045668],[128.01868217325713,35.028162911739805],[128.01992160616535,35.02822547175338],[128.02067960356032,35.03021849928315],[128.0225245260877,35.03020491970728],[128.02296215758207,35.03048526140589],[128.02325903002276,35.03146971490239],[128.0228774116666,35.030680379729745],[128.02075447925327,35.03101771117847],[128.0207337414399,35.03133422689759],[128.02262911809598,35.031762965836336],[128.0246231315831,35.03147286844394],[128.02281186843817,35.03247628194238],[128.02570803530995,35.0337603495549],[128.0270636816058,35.04098716014303],[128.02611343759696,35.042660243592394],[128.0288832300659,35.04566639466141],[128.02797987811664,35.04846699831833],[128.02916328979086,35.04917379289254],[128.03036440664508,35.04844796345783],[128.03102839581882,35.050158959420024],[128.02967508381266,35.050931436976335],[128.0284744079946,35.049607038691505],[128.02621548997283,35.05103978215089],[128.02554901283452,35.052351893406495],[128.02643891856565,35.05297812758808],[128.02540811458263,35.05347691657097],[128.0264778900305,35.05590615691019],[128.02502932603852,35.055363585165935],[128.02486011624424,35.05598295249996],[128.02524841880745,35.056661103166896],[128.026669454884,35.056378827188496],[128.02892268663052,35.059922600388504],[128.0319304953821,35.061569756692386],[128.03283403937326,35.06086219926298],[128.03196840086966,35.061865942181804],[128.03474280492134,35.06272403045632],[128.03199870548707,35.068672620679116],[128.03251414361623,35.06938408589697],[128.0363234073603,35.06893732605981],[128.03732696766295,35.07157329300463],[128.03940357452845,35.07093941869547],[128.041123392471,35.07246832514289],[128.0403552228955,35.07556146632667],[128.03605683607984,35.07605584691716],[128.03410459966423,35.07759955351713],[128.0350445802279,35.078040776416515],[128.03376087180823,35.08058667824895],[128.03674557844082,35.08439954964281],[128.03457174736732,35.08679690486649],[128.03791674597466,35.091416115307844],[128.0365358662386,35.094007931689035],[128.02985056756398,35.100131530670936],[128.02863675676386,35.10496772282091],[128.02916246670458,35.10723726298983],[128.0261516790926,35.112033894462044],[128.02221793177253,35.11410690742167],[128.02108462791864,35.11695022572712]]]]},"properties":{"UFID":"100035716080G01110100000000004001","BJCD":"4824035000","NAME":"곤양면","DIVI":"HJD009","SCLS":"G0018118","FMTA":"R23124001"}},{"type":"Feature","geometry":{"type":"Polygon","coordinates":[[[128.00261221322063,35.11424844556596],[128.00306699471395,35.115155484401186],[128.00096149037856,35.11764689981936],[128.00152098163775,35.12175101417133],[127.99945488116788,35.12364016954981],[128.00124044003152,35.125018226108295],[128.00260265294125,35.128322208894346],[128.0031225583965,35.133545017684014],[128.00102119806306,35.13573678148854],[127.99850854751382,35.13641365301517],[128.0003100907595,35.13852509154022],[127.9985583616906,35.14085265238845],[127.99946393876905,35.1418065525734],[127.99667743517638,35.14492932981149],[127.99921875069343,35.146466193537606],[127.9991276671367,35.15086050336556],[127.9971933518049,35.152862414675866],[127.99863275359817,35.155155908601365],[127.98818845652038,35.15722227574956],[127.98140735188652,35.1565472141292],[127.98023516116514,35.15937028289942],[127.97592049386822,35.15757247690145],[127.9741623418437,35.15779842203987],[127.97207372002148,35.156280268425135],[127.96875667002226,35.15864340886909],[127.9667910769543,35.15715617664772],[127.96680254574635,35.154618162896334],[127.96504746640316,35.153972491689615],[127.96298796974459,35.15052683855438],[127.96186083085549,35.15069759080571],[127.96367498722667,35.15342651593956],[127.96350844190144,35.15561266287419],[127.96121302985543,35.15747252865352],[127.95827615595795,35.15760234545583],[127.95826913945959,35.15688883189955],[127.9548374224415,35.15597009214378],[127.95381412445988,35.15385672165028],[127.95101645856218,35.15197391761002],[127.94554866860199,35.1531520665787],[127.94350537701186,35.153097099711935],[127.94186677846959,35.151940986792326],[127.9386144705321,35.15258743446303],[127.9338906860752,35.149818483543605],[127.93183903351401,35.149724914876785],[127.93103450398797,35.14795654226492],[127.93154096054226,35.145471595258314],[127.92988759571529,35.14476172411688],[127.9271807285117,35.14627217816327],[127.92722292894123,35.14773302205405],[127.9214412042927,35.15032560409503],[127.91428907894627,35.15003074536905],[127.91298874767106,35.150980624099304],[127.91107987017709,35.148628246103065],[127.90965905109256,35.14839966014497],[127.90705772475823,35.15007730155226],[127.90309019600564,35.154867955434085],[127.90028267372601,35.15544771435972],[127.89885960959545,35.15668906605003],[127.89639063188882,35.156430984926644],[127.89651752294186,35.15279868296782],[127.88519893290224,35.15024511194796],[127.8844256150305,35.14774720760886],[127.88004029095312,35.14871047157201],[127.87896450163943,35.14564337691475],[127.88125282479129,35.142368728290975],[127.88066872131871,35.14057220680583],[127.8823231931609,35.13655266561658],[127.88512535405802,35.134281040418756],[127.88442887683225,35.13318070027899],[127.885437654751,35.13045631091669],[127.89108505108568,35.131011978439204],[127.89555799164104,35.12639255242058],[127.90202088262912,35.12551137724448],[127.90294871775866,35.12413937467267],[127.90563106848957,35.1233543242618],[127.90654751975026,35.12146956271861],[127.91050200160802,35.12065852236473],[127.91085476663172,35.11835804788206],[127.90607196440354,35.11435607187878],[127.90684814426604,35.113201513681005],[127.90611970582628,35.11293631508087],[127.90579835719673,35.11389892725488],[127.90271178970151,35.11154331155355],[127.90078835412433,35.11119719277556],[127.89968617681369,35.10967369094786],[127.90004322207498,35.10649200054692],[127.90931653973222,35.09812909631975],[127.9018721563723,35.09526678244866],[127.90228250443687,35.08761185880592],[127.90449053430441,35.08669214256064],[127.90722428492475,35.08862292800512],[127.91235466614579,35.08899290550063],[127.9148279315769,35.08642406233964],[127.91732493966953,35.081064697091364],[127.92265203617707,35.08123131076894],[127.92654004384167,35.078397706739025],[127.93528517811377,35.077332059098374],[127.93811701783443,35.0719786873282],[127.93769194543249,35.07015294396053],[127.94071706889717,35.06927949612746],[127.94290679363729,35.06540222449134],[127.9464555504289,35.06534057707594],[127.95191462573328,35.0703559904515],[127.95311588402238,35.06939606882387],[127.95451837437962,35.06997926470722],[127.9535951950365,35.07382085932114],[127.95489621187552,35.074045966579774],[127.95442773573245,35.07628367998812],[127.95848119198538,35.07772450615837],[127.95620461234182,35.08303036245397],[127.95387557976778,35.083857263084965],[127.95314051526309,35.0859466054786],[127.94756471993139,35.09066937461796],[127.94738889171657,35.09289047922359],[127.94912118727952,35.09668290134755],[127.95130338377353,35.09761954238569],[127.95701873605314,35.09511582765898],[127.95991005829708,35.0957819957643],[127.96321725591652,35.09220026538607],[127.9667112618267,35.09009090834779],[127.96738191274551,35.086998345613765],[127.97036784809194,35.08542717004476],[127.97097265261911,35.082944674474184],[127.97383662604713,35.081862905785734],[127.97676068197948,35.08528341726958],[127.97648873305265,35.08724118209562],[127.97936088729261,35.0925860283307],[127.98329638725659,35.09722619244637],[127.98137852293797,35.10027659384215],[127.98460042677398,35.10216268323759],[127.98435953160634,35.10448532927995],[127.9886092011451,35.1055545987956],[127.9902864002857,35.10807634296881],[127.99663633313617,35.11006973716397],[127.99759622261996,35.11222936297764],[128.00261221322063,35.11424844556596]]]},"properties":{"UFID":"100035716058G01110100000000004002","BJCD":"4824036000","NAME":"곤명면","DIVI":"HJD009","SCLS":"G0018118","FMTA":"R23124002"}},{"type":"Feature","geometry":{"type":"MultiPolygon","coordinates":[[[[127.97226361669425,34.96277438346934],[127.9713361541159,34.96326712483299],[127.96945745158321,34.96141136018846],[127.97060473506201,34.96100263068084],[127.97226361669425,34.96277438346934]]],[[[127.94817856732017,34.963929764785064],[127.94729140409093,34.963618801531815],[127.948698657087,34.96157135126407],[127.94817856732017,34.963929764785064]]],[[[127.95915212716548,34.96378561580377],[127.95793796285338,34.96374521130937],[127.95764706416354,34.9627038913425],[127.95915212716548,34.96378561580377]]],[[[127.96498076593406,34.96597449640229],[127.96329357938404,34.96601707708975],[127.96180368887096,34.96428373850335],[127.96074054757152,34.96427801145937],[127.96133676915845,34.961094960869815],[127.96500717235124,34.96086733960887],[127.96362267028786,34.963971107850796],[127.96513031005557,34.964864383474236],[127.96620719652576,34.96401986505778],[127.96687411889582,34.96545981146315],[127.96498076593406,34.96597449640229]]],[[[127.99605083498182,34.977734720274576],[127.99457014500985,34.977598696108146],[127.99579378752937,34.97558812446642],[127.99396860805793,34.97551250479344],[127.9938538910309,34.972498612526486],[127.99546583448067,34.97340111675008],[127.99749027360646,34.973244722529834],[127.99818721997597,34.97437916394358],[127.99764277890368,34.97518444197336],[127.99638666625943,34.97506888399831],[127.99753278221775,34.97656527919021],[127.99605083498182,34.977734720274576]]],[[[127.9362980561013,34.979145774103074],[127.93490812463163,34.97900676173309],[127.93458897121451,34.977390664467684],[127.93947948530291,34.97701621632609],[127.9362980561013,34.979145774103074]]],[[[128.00012528064502,34.98107527253121],[127.99977000570802,34.98228081943578],[127.99923139146043,34.98122055594209],[128.00012528064502,34.98107527253121]]],[[[127.96949361226432,34.99037060079997],[127.9657858315246,34.98977860869877],[127.96649944106159,34.98877833574619],[127.96513110878901,34.9876066708642],[127.9662069486266,34.985427503574925],[127.96562638406785,34.98220999723202],[127.9624778316951,34.98337608737001],[127.96353000710856,34.98165916792747],[127.96233500248569,34.97975499496585],[127.96367000660081,34.977058334465504],[127.96194250239579,34.975693608382635],[127.96379999847572,34.976051385428356],[127.96484778256718,34.97410638512217],[127.96245722229806,34.97167055725379],[127.96817500271129,34.969376944439794],[127.9690894469015,34.96729166505139],[127.97029587506603,34.96690529769835],[127.96973872313998,34.965797390230634],[127.97147231726598,34.967180553790996],[127.97224010633404,34.966066108470656],[127.97175524236388,34.96527072332355],[127.97057254486482,34.96547658339416],[127.97175398765903,34.96509960432994],[127.97263692683335,34.96602051396241],[127.9773257397884,34.96563376965886],[127.97908528071886,34.96418472074165],[127.98367471690008,34.96312944766529],[127.98248888937728,34.964251945938116],[127.9835009322836,34.965589925867256],[127.98806750502216,34.965904442438436],[127.98999500058574,34.96791000416396],[127.9908333338303,34.965699999114484],[127.99250917008928,34.96498166317789],[127.99110444296373,34.967679720463735],[127.99225961545929,34.96861051044609],[127.99523970715008,34.9673092110748],[127.99475500457308,34.97090805559403],[127.9919038877252,34.96986277683369],[127.99092305505259,34.972348607432714],[127.98901319900773,34.970585083494825],[127.98722227822165,34.97332848589862],[127.98701778189906,34.97146916614456],[127.98850278261763,34.968584448555305],[127.98656416333064,34.966693333873884],[127.98508750720917,34.96693498420871],[127.98334147875693,34.969284360387505],[127.9824456934774,34.96878673292963],[127.9817263090184,34.96944177949629],[127.98156055427965,34.968317503687274],[127.9803387839409,34.96868706278849],[127.97921730096071,34.97058128870113],[127.98265444539224,34.9721002783895],[127.98306972170774,34.97307777483548],[127.98048071393366,34.971996123630284],[127.976329044715,34.9746373925472],[127.97744416565672,34.977304442263225],[127.97429277637328,34.97713305257152],[127.97350305294044,34.980326106583476],[127.97437555403215,34.981137779647646],[127.9714187060327,34.98001899401333],[127.97092888602522,34.981726944061606],[127.96917333198225,34.98107277817145],[127.96871861182308,34.98185277892388],[127.9660877738257,34.981535556798725],[127.96619750381618,34.98295417120999],[127.96795889122531,34.98441222179484],[127.97132250246173,34.98409361132931],[127.96802265445638,34.985171696752595],[127.96983694593645,34.98785194593623],[127.96775198177814,34.98949243150253],[127.96949361226432,34.99037060079997]]],[[[127.93707264640761,35.00283242461501],[127.93587963764413,35.00325693074729],[127.93569354650442,35.002299756311295],[127.93707264640761,35.00283242461501]]],[[[127.97358301164307,35.03548785857139],[127.97296240846697,35.037275529648205],[127.97423431368755,35.040416967501486],[127.9726532495676,35.0451894002168],[127.97030732682468,35.04499911959051],[127.96792142178404,35.0502064695685],[127.9658720459364,35.051976463390226],[127.96384918860034,35.05167089003578],[127.96281795717182,35.04911167080948],[127.96053725996454,35.048094132405375],[127.96211545861453,35.048738380940364],[127.95906447994679,35.04598024582231],[127.95558327484099,35.04646289932552],[127.95380333478104,35.045547804356076],[127.9498046411247,35.046432307012815],[127.94675083777592,35.045820431607545],[127.94418716633949,35.047210716572884],[127.94064905467015,35.04586745039564],[127.93936734665756,35.04808456072357],[127.93782522539556,35.04855314058312],[127.93343617522353,35.047308284564906],[127.93118359061593,35.047735384063095],[127.93031964238436,35.0458908044745],[127.9276019403554,35.044630319277],[127.9270436846675,35.04271222119299],[127.92391950010602,35.04182989698948],[127.92326268101777,35.03801149072517],[127.92436615086726,35.03748645811053],[127.92471006055894,35.035223253710264],[127.92295088105405,35.033111301614646],[127.92387239813608,35.03189901835714],[127.92321321917726,35.03109474779753],[127.92509685770395,35.02930413920252],[127.92319326938305,35.026406212534084],[127.92101351924812,35.026641521267976],[127.91976460774504,35.025468201985596],[127.92112647222963,35.02540155636261],[127.92043619168417,35.02470238239939],[127.92189086778933,35.02368017834213],[127.92054052176822,35.02282532849665],[127.92419272310161,35.01802363669084],[127.92253071332753,35.01463887920042],[127.92653843549596,35.01337436590166],[127.92975850984656,35.01344711173082],[127.92843084241251,35.01209337627406],[127.93065322518973,35.01113953327973],[127.93025876344832,35.00914188645494],[127.93305271699073,35.00607327640458],[127.93502687125138,35.00592735209503],[127.93654290059047,35.00387371257001],[127.93751499360711,35.004092137770144],[127.93706313579591,35.005209771006896],[127.94072245391843,35.00418727135158],[127.94013847336586,35.003411885022345],[127.94079931636477,35.00363077544494],[127.94116016873109,35.00134773160451],[127.93543777266518,34.99829277878032],[127.93664083207206,34.997998056395524],[127.94295237975214,35.00022407845325],[127.9447666677736,34.999425832515236],[127.94464656913014,34.99805700773655],[127.94256639162836,34.99830249581055],[127.93805416349366,34.996976386048054],[127.94063893259627,34.99314701507134],[127.94001143836562,34.99246757667761],[127.93844166721375,34.99338361435501],[127.93748416100371,34.99220499972387],[127.93615139111587,34.992930003634065],[127.93614587132494,34.99637726890288],[127.93447139004452,34.99633861379029],[127.93436138560307,34.99451055393002],[127.93332333526673,34.99440499651325],[127.9318986074946,34.991977223062726],[127.93281750352247,34.990802781519704],[127.93436194982752,34.99071305531974],[127.93403916216916,34.9854147184721],[127.9383608318691,34.98977805754168],[127.93938333267297,34.989213614722374],[127.93895111253116,34.98755471828364],[127.94128749692386,34.98785749604176],[127.94055999768031,34.9853680527089],[127.94372027575855,34.98497083192604],[127.9444863846858,34.98413055496365],[127.94367888842504,34.98389139009851],[127.94404166693688,34.98279750189189],[127.94145638290925,34.98356166326735],[127.93999583861229,34.98265972031832],[127.93943694562418,34.98401111329047],[127.93773777580577,34.98350639056697],[127.93692583152118,34.984271392345676],[127.93468139282164,34.98226388596071],[127.9389799987271,34.980606944570354],[127.93999499877026,34.98155138861034],[127.94134554962272,34.98057805508984],[127.94073348039541,34.978962280832235],[127.9437374945237,34.97972860852201],[127.94490721649697,34.97794805424089],[127.94745388681135,34.977843609282125],[127.94979305211726,34.97626805489867],[127.95118138286395,34.976733889393984],[127.95314277601484,34.97586361182592],[127.95199916842012,34.9776525035446],[127.95073694308671,34.97733499727333],[127.94834583450002,34.97846111527454],[127.94815008878712,34.98012661521242],[127.94941833047652,34.98115499791762],[127.95294338846662,34.981100387224274],[127.95014528135763,34.98251666693495],[127.94731361015191,34.98238416856289],[127.94702388869068,34.983441668496695],[127.94915833456452,34.98488694326676],[127.95027083147677,34.98459722012724],[127.95006110956064,34.98604222556194],[127.95178722368297,34.985789723839936],[127.95299083128313,34.986711387554394],[127.95389110784184,34.98525444416903],[127.95775489772859,34.984223374204085],[127.95697594082813,34.985196819498384],[127.96085194589132,34.98803139044392],[127.96175722147709,34.98997333650523],[127.96157249939404,34.99456028135406],[127.96416490318579,34.99500386351329],[127.96776194326291,34.992308607562485],[127.96744216319219,34.99171358588676],[127.96843653466695,34.99244910107681],[127.9677590195836,34.99361593506067],[127.97210501889016,34.994072441055835],[127.97339686110591,34.992096745387464],[127.97199047186356,34.990882768119135],[127.97308993431595,34.99124550123609],[127.97464264760102,34.99018446243509],[127.97274917245609,34.986496944643],[127.97467639146979,34.98660777365786],[127.97409611407697,34.98473583117391],[127.97592555433395,34.98678138749625],[127.97785638785386,34.98546389222812],[127.97710361091983,34.98449027564],[127.97593805437425,34.98481611140837],[127.97732639362243,34.983982776954164],[127.97676999471607,34.98240416682375],[127.98132416781662,34.979670830310575],[127.9804825015519,34.97832305791603],[127.98286055740253,34.97789749777196],[127.98325138437782,34.97573472131936],[127.98456888911441,34.97664805468505],[127.98419541348399,34.977841231537205],[127.98524083231581,34.97910750010232],[127.98661139061905,34.97914388927148],[127.98802971859732,34.976912219956986],[127.98785110811009,34.97845277484357],[127.99107332727758,34.97963591636785],[127.98979305200004,34.979562219757774],[127.99173972157283,34.982318890830065],[127.98776736599768,34.98532711093365],[127.98855194537077,34.988750004883805],[127.99091499632293,34.989025558219225],[127.99160111040517,34.9866458305933],[127.99276888764162,34.98843111182098],[127.99451333825613,34.9867616717548],[127.99356083055018,34.98612249893224],[127.99385027723469,34.98451027449353],[127.99509471785801,34.985147503186234],[127.99461777357052,34.98597916472851],[127.99641166366419,34.98779166628893],[127.99453194715761,34.98829027836978],[127.99508333036144,34.98950166626556],[127.99365888798376,34.98953416322322],[127.99464721908552,34.99103444031579],[127.99336444835116,34.99160944211269],[127.99529000268427,34.993963892367994],[127.99693388745031,34.99339222154302],[127.99766135168181,34.9961896931677],[128.00031778344285,34.995133329581634],[128.00040864194543,34.9921856968246],[127.99897511485437,34.990887913877415],[128.00161055910115,34.990386387189254],[128.00226972581066,34.989281384499584],[128.00000583343433,34.98677194677926],[127.99991610810523,34.983582500746195],[128.0034819324106,34.987394231273115],[128.0054752751251,34.98816204138499],[128.0059686158411,34.9869091661413],[128.00497824807806,34.98591351053863],[128.0057404075993,34.98464382818664],[128.00413165905286,34.98470878764543],[128.00373527588587,34.98318249868077],[128.0080122233001,34.98230555375712],[128.0085160345468,34.98433282417924],[128.0128352369653,34.98649728030607],[128.01148032290322,34.986356237625145],[128.01212637702722,34.98710750883633],[128.01053592070957,34.98779028094823],[128.01110869628604,34.98718896485586],[128.00963934380437,34.98723850852719],[128.00922194578837,34.98980833486317],[128.0075030491016,34.989987559496996],[128.00952583299318,34.99255472291698],[128.0074312465196,34.99585777180719],[128.00894835131507,34.996671916453884],[128.0102310270763,34.99491454271661],[128.01223345531474,34.994262079405026],[128.01127840223396,34.9927973900825],[128.01317425154076,34.992441770483246],[128.01278740556873,34.99115436251383],[128.01370643096408,34.99110100106004],[128.01367426652487,34.990196823348256],[128.01584351639139,34.99453681616148],[128.01648037022025,34.99759526984593],[128.01569574063913,34.998289691894115],[128.0174034848089,34.99885411869777],[128.01806213678353,35.0011718686332],[128.0194279776387,35.00182355448706],[128.01567710626222,35.00114561096055],[128.01474206020478,35.00173739653036],[128.01620816643546,35.00358104343854],[128.01836156490455,35.00338326988837],[128.0198673408984,35.00454512007536],[128.0182946187267,35.006838976905165],[128.01696391585048,35.0064444978536],[128.0160679489147,35.007413364051665],[128.01818502644218,35.01026539549313],[128.01526206937857,35.010997148995905],[128.01282285245728,35.01025792065712],[128.01033338575223,35.01227487457586],[128.00759830375486,35.01265827220924],[128.00688530029413,35.014915877125745],[128.00840569086412,35.015543257160154],[128.00694116674214,35.016951724967164],[128.0076655972395,35.017768664712555],[128.0099273423872,35.01633948857357],[128.00703790856403,35.02138054501828],[128.0088012454121,35.0219982515532],[128.00780436172903,35.02340855540744],[128.00595555770934,35.02535437492616],[128.00503110581096,35.02464931564703],[128.00319674148577,35.02504395568062],[128.00337696535283,35.026445092868286],[128.00447434630763,35.02646317202109],[128.00083297541266,35.027800499576806],[127.9980237284628,35.031124190423114],[127.9943297001399,35.03201022626912],[127.99806963471488,35.03468876906927],[127.99691977839652,35.03455719367916],[127.99677667708205,35.03732030555309],[127.99242689140645,35.03713332004488],[127.9909413234275,35.03882445148144],[127.98802722137525,35.03903777864225],[127.98750082712212,35.035606697562464],[127.98897029397229,35.033816878888636],[127.98448667692341,35.03184602001036],[127.98248178949804,35.03229217427701],[127.97707346914228,35.03133500557089],[127.97358301164307,35.03548785857139]]]]},"properties":{"UFID":"100035716099G01110100000000004003","BJCD":"4824037000","NAME":"서포면","DIVI":"HJD009","SCLS":"G0018118","FMTA":"R23124003"}},{"type":"Feature","geometry":{"type":"LineString","coordinates":[[128.07099013989327,34.939174312702534],[128.06965653232206,34.93886143216975],[128.06957469918063,34.93672385467902],[128.0710245036322,34.934458369723],[128.0707892276055,34.930103632810805],[128.07203946405883,34.92736185290367]]},"properties":{"RANK":1,"TYPE":"inner"}},{"type":"Feature","geometry":{"type":"LineString","coordinates":[[128.07035641592688,34.92731141885029],[128.06877716157038,34.92950729638913],[128.069115343142,34.930924849959176],[128.06765760518266,34.93211176713036],[128.0666374103407,34.936399514694784],[128.06327986723795,34.9389120558732]]},"properties":{"RANK":1,"TYPE":"inner"}},{"type":"Feature","geometry":{"type":"LineString","coordinates":[[128.06327986723795,34.9389120558732],[128.0618641631233,34.9439740208398]]},"properties":{"RANK":1,"TYPE":"inner"}},{"type":"Feature","geometry":{"type":"LineString","coordinates":[[128.0618641631233,34.9439740208398],[128.0643104079082,34.94408506111251],[128.0665349989518,34.94628298409424]]},"properties":{"RANK":1,"TYPE":"inner"}},{"type":"Feature","geometry":{"type":"LineString","coordinates":[[128.0665349989518,34.94628298409424],[128.07075565295875,34.94244477551268],[128.07099013989327,34.939174312702534]]},"properties":{"RANK":1,"TYPE":"inner"}},{"type":"Feature","geometry":{"type":"LineString","coordinates":[[128.06318611744035,34.92716975035628],[128.06365322262943,34.930338963809476],[128.06519961172566,34.9301651575836],[128.0624268572575,34.93507185897795],[128.06327986723795,34.9389120558732]]},"properties":{"RANK":1,"TYPE":"inner"}},{"type":"Feature","geometry":{"type":"LineString","coordinates":[[128.07705522226988,34.93848675291604],[128.07644672712044,34.93496544862907]]},"properties":{"RANK":1,"TYPE":"inner"}},{"type":"Feature","geometry":{"type":"LineString","coordinates":[[128.07644672712044,34.93496544862907],[128.07499877782524,34.93285386638947],[128.07771181583973,34.92914237681542],[128.07548500265608,34.92874336826223],[128.07545955454697,34.92792902728112]]},"properties":{"RANK":1,"TYPE":"inner"}},{"type":"Feature","geometry":{"type":"LineString","coordinates":[[128.07545955454697,34.92792902728112],[128.07311068371988,34.92609335349066]]},"properties":{"RANK":1,"TYPE":"inner"}},{"type":"Feature","geometry":{"type":"LineString","coordinates":[[128.07099013989327,34.939174312702534],[128.07386141715708,34.93743704088293],[128.0760264331802,34.938828070785235],[128.0760228372403,34.937443792641666],[128.07705522226988,34.93848675291604]]},"properties":{"RANK":1,"TYPE":"inner"}},{"type":"Feature","geometry":{"type":"LineString","coordinates":[[128.08556432627273,34.93449292204533],[128.08697482053273,34.93419698975088],[128.08696905940528,34.932585425750894],[128.0842188498978,34.92695752991405]]},"properties":{"RANK":1,"TYPE":"inner"}},{"type":"Feature","geometry":{"type":"LineString","coordinates":[[128.0761724393923,34.925147572360956],[128.07696883726476,34.927407623252435],[128.07617878842848,34.92697216849323],[128.07545955454697,34.92792902728112]]},"properties":{"RANK":1,"TYPE":"inner"}},{"type":"Feature","geometry":{"type":"LineString","coordinates":[[128.07644672712044,34.93496544862907],[128.07720635205675,34.935402553840184],[128.07908530410208,34.934389485836796],[128.08156296849663,34.93559428728903],[128.08556432627273,34.93449292204533]]},"properties":{"RANK":1,"TYPE":"inner"}},{"type":"Feature","geometry":{"type":"LineString","coordinates":[[128.07758750180673,34.94670364017092],[128.0777092753029,34.94558427508999]]},"properties":{"RANK":1,"TYPE":"inner"}},{"type":"Feature","geometry":{"type":"LineString","coordinates":[[128.0777092753029,34.94558427508999],[128.07863447473324,34.94325014516796],[128.07705522226988,34.93848675291604]]},"properties":{"RANK":1,"TYPE":"inner"}},{"type":"Feature","geometry":{"type":"LineString","coordinates":[[128.0665349989518,34.94628298409424],[128.0681390521086,34.94876389059813],[128.06575763431965,34.9503470251507]]},"properties":{"RANK":1,"TYPE":"inner"}},{"type":"Feature","geometry":{"type":"LineString","coordinates":[[128.06575763431965,34.9503470251507],[128.07299475547597,34.95667616461356]]},"properties":{"RANK":1,"TYPE":"inner"}},{"type":"Feature","geometry":{"type":"LineString","coordinates":[[128.07299475547597,34.95667616461356],[128.076143451642,34.95190820360859],[128.07758750180673,34.94670364017092]]},"properties":{"RANK":1,"TYPE":"inner"}},{"type":"Feature","geometry":{"type":"LineString","coordinates":[[128.08761038996184,34.962483183294225],[128.08804624030284,34.95623770360807],[128.08889370326327,34.95559775059494],[128.08199627335398,34.95150101252755],[128.07758750180673,34.94670364017092]]},"properties":{"RANK":1,"TYPE":"inner"}},{"type":"Feature","geometry":{"type":"LineString","coordinates":[[128.07299475547597,34.95667616461356],[128.07287923933896,34.95827267114352],[128.07685947567543,34.95610303080665],[128.07986582666473,34.95636159283478],[128.08008724579108,34.95710855955766],[128.07862524958426,34.957009271065694],[128.08003411469917,34.95912365584165],[128.07964150313464,34.96319131700358],[128.0814284917158,34.96393365938857],[128.0840796571573,34.96429772821992],[128.08761038996184,34.962483183294225]]},"properties":{"RANK":1,"TYPE":"inner"}},{"type":"Feature","geometry":{"type":"LineString","coordinates":[[128.09179727087735,34.94202736462302],[128.09154767369668,34.939009481348286]]},"properties":{"RANK":1,"TYPE":"inner"}},{"type":"Feature","geometry":{"type":"LineString","coordinates":[[128.09154767369668,34.939009481348286],[128.08948854200528,34.93767845898177],[128.08872913975003,34.93754777448631],[128.08881806764683,34.93847550126457],[128.0866069521788,34.93792319481461],[128.08556432627273,34.93449292204533]]},"properties":{"RANK":1,"TYPE":"inner"}},{"type":"Feature","geometry":{"type":"LineString","coordinates":[[128.0777092753029,34.94558427508999],[128.07849557374104,34.94493515047205],[128.08050225568115,34.945477232918314],[128.08150924724006,34.943343834634184],[128.08906692114462,34.94296187649618],[128.09179727087735,34.94202736462302]]},"properties":{"RANK":1,"TYPE":"inner"}},{"type":"Feature","geometry":{"type":"LineString","coordinates":[[128.0992026704822,34.954163315431124],[128.09763430612762,34.95186596192203],[128.10000337106376,34.94964401268001]]},"properties":{"RANK":1,"TYPE":"inner"}},{"type":"Feature","geometry":{"type":"LineString","coordinates":[[128.10000337106376,34.94964401268001],[128.09767122299655,34.9491045654576],[128.09034849788827,34.951742319222085],[128.0904982022758,34.94980781565742],[128.0927100919326,34.94722513837858],[128.0907265957995,34.9456058097148],[128.09179727087735,34.94202736462302]]},"properties":{"RANK":1,"TYPE":"inner"}},{"type":"Feature","geometry":{"type":"LineString","coordinates":[[128.08761038996184,34.962483183294225],[128.09028124859418,34.964487360537255]]},"properties":{"RANK":1,"TYPE":"inner"}},{"type":"Feature","geometry":{"type":"LineString","coordinates":[[128.09028124859418,34.964487360537255],[128.09185144798633,34.9585475528821],[128.09401960524036,34.958364087803695],[128.09502908569561,34.95530833680678],[128.0992026704822,34.954163315431124]]},"properties":{"RANK":1,"TYPE":"inner"}},{"type":"Feature","geometry":{"type":"LineString","coordinates":[[128.11362585303152,34.98665239448076],[128.114728428514,34.98370350232398],[128.11861906624273,34.97929571875391],[128.12207517262783,34.97024109234799]]},"properties":{"RANK":1,"TYPE":"inner"}},{"type":"Feature","geometry":{"type":"LineString","coordinates":[[128.12207517262783,34.97024109234799],[128.1212305627798,34.96683084842515],[128.11619235634828,34.964173867780524],[128.11330036947666,34.95977340700365],[128.11083381561036,34.95797807899831]]},"properties":{"RANK":1,"TYPE":"inner"}},{"type":"Feature","geometry":{"type":"LineString","coordinates":[[128.11083381561036,34.95797807899831],[128.1039282531212,34.954667703916115],[128.0992026704822,34.954163315431124]]},"properties":{"RANK":1,"TYPE":"inner"}},{"type":"Feature","geometry":{"type":"LineString","coordinates":[[128.09028124859418,34.964487360537255],[128.099153496512,34.98048164240654]]},"properties":{"RANK":1,"TYPE":"inner"}},{"type":"Feature","geometry":{"type":"LineString","coordinates":[[128.099153496512,34.98048164240654],[128.10345235461813,34.98384034624888],[128.1058817906435,34.98434629623453],[128.1097706098684,34.98677568618987],[128.11362585303152,34.98665239448076]]},"properties":{"RANK":1,"TYPE":"inner"}},{"type":"Feature","geometry":{"type":"LineString","coordinates":[[128.10000337106376,34.94964401268001],[128.1006345133679,34.94875441088003],[128.10827214847308,34.94654784764884],[128.1110346969937,34.944567793337264],[128.11656720167016,34.945722418895464]]},"properties":{"RANK":1,"TYPE":"inner"}},{"type":"Feature","geometry":{"type":"LineString","coordinates":[[128.11656720167016,34.945722418895464],[128.1159003697807,34.94002946941182],[128.11244682601333,34.94030236453375],[128.112256486018,34.93866824971702],[128.1109862798524,34.93934177369055],[128.11076021015762,34.9384328871234]]},"properties":{"RANK":1,"TYPE":"inner"}},{"type":"Feature","geometry":{"type":"LineString","coordinates":[[128.11076021015762,34.9384328871234],[128.10475807142836,34.93661921902576],[128.10316339572304,34.942383524275876],[128.09788295605878,34.941787802155886],[128.09154767369668,34.939009481348286]]},"properties":{"RANK":1,"TYPE":"inner"}},{"type":"Feature","geometry":{"type":"LineString","coordinates":[[128.12016851118662,34.94734813748818],[128.11656720167016,34.945722418895464]]},"properties":{"RANK":1,"TYPE":"inner"}},{"type":"Feature","geometry":{"type":"LineString","coordinates":[[128.11083381561036,34.95797807899831],[128.11151304159063,34.95622662060006],[128.11559196399926,34.954525712605225],[128.12025096248985,34.95076540793795],[128.11954424262137,34.9492629125563],[128.12016851118662,34.94734813748818]]},"properties":{"RANK":1,"TYPE":"inner"}},{"type":"Feature","geometry":{"type":"LineString","coordinates":[[128.12312685885726,34.94911426396496],[128.12016851118662,34.94734813748818]]},"properties":{"RANK":1,"TYPE":"inner"}},{"type":"Feature","geometry":{"type":"LineString","coordinates":[[128.12207517262783,34.97024109234799],[128.130406405314,34.97133952218215],[128.1338662732407,34.96981078760218],[128.13462809661303,34.97084485082759]]},"properties":{"RANK":1,"TYPE":"inner"}},{"type":"Feature","geometry":{"type":"LineString","coordinates":[[128.11453572986076,34.93177383912778],[128.1123308634263,34.93265118208017]]},"properties":{"RANK":1,"TYPE":"inner"}},{"type":"Feature","geometry":{"type":"LineString","coordinates":[[128.1123308634263,34.93265118208017],[128.11110483952928,34.933240393353294],[128.11173172865387,34.93459021610164],[128.11076021015762,34.9384328871234]]},"properties":{"RANK":1,"TYPE":"inner"}},{"type":"Feature","geometry":{"type":"LineString","coordinates":[[128.10228916849422,34.92572500419419],[128.10125795594385,34.92850343562351],[128.10343422683238,34.929428018034834],[128.1074304708014,34.92882055286132],[128.1108936394908,34.929866154582335],[128.1123308634263,34.93265118208017]]},"properties":{"RANK":1,"TYPE":"inner"}},{"type":"Feature","geometry":{"type":"LineString","coordinates":[[128.04690987299443,34.934704810846185],[128.0486708093513,34.9398099503261],[128.05288282126253,34.939079239243654],[128.0528034872058,34.942369880556086],[128.05490736321102,34.94161282886047],[128.05727294843607,34.94320480433965],[128.0618641631233,34.9439740208398]]},"properties":{"RANK":1,"TYPE":"inner"}},{"type":"Feature","geometry":{"type":"LineString","coordinates":[[128.03319167235196,34.958199165801474],[128.03688878003265,34.9569804837726],[128.0367024578835,34.95458686986922],[128.0383688127771,34.953430316974014],[128.04157833396445,34.95319480866624],[128.04393094664852,34.95325666965089],[128.04419403047444,34.95604491040572],[128.0479017120162,34.959083765037164],[128.05345374008394,34.95844516759712],[128.05901792126406,34.956473587400076]]},"properties":{"RANK":1,"TYPE":"inner"}},{"type":"Feature","geometry":{"type":"LineString","coordinates":[[128.05901792126406,34.956473587400076],[128.061808173635,34.953785928506846],[128.06429338502159,34.95305733154087],[128.06575763431965,34.9503470251507]]},"properties":{"RANK":1,"TYPE":"inner"}},{"type":"Feature","geometry":{"type":"LineString","coordinates":[[128.1098929234143,35.00135675795806],[128.11571842828653,34.99435502414953],[128.11596840220193,34.988951138323515],[128.11362585303152,34.98665239448076]]},"properties":{"RANK":1,"TYPE":"inner"}},{"type":"Feature","geometry":{"type":"LineString","coordinates":[[128.099153496512,34.98048164240654],[128.0960474319299,34.983508122354884],[128.09039417608116,34.98452125991146]]},"properties":{"RANK":1,"TYPE":"inner"}},{"type":"Feature","geometry":{"type":"LineString","coordinates":[[128.09039417608116,34.98452125991146],[128.08226125831965,34.99170777320366],[128.07983463310396,34.992390271952004],[128.07322559086234,34.99070763566451],[128.0638862029254,34.99220144154243]]},"properties":{"RANK":1,"TYPE":"inner"}},{"type":"Feature","geometry":{"type":"LineString","coordinates":[[128.0638862029254,34.99220144154243],[128.0622275963378,34.992703181118046]]},"properties":{"RANK":1,"TYPE":"inner"}},{"type":"Feature","geometry":{"type":"LineString","coordinates":[[128.0622275963378,34.992703181118046],[128.0684105142384,34.99314846757707],[128.0751297621455,34.99680635455529],[128.07834655498405,34.997200263131134],[128.07968159463798,35.00143478255062],[128.08087612019386,35.00178111600297],[128.0838815830089,35.00099901826814],[128.08576966435882,35.001848321739956],[128.09093531969748,35.00200069063766],[128.0981306927558,35.00467690399526],[128.1098929234143,35.00135675795806]]},"properties":{"RANK":1,"TYPE":"inner"}},{"type":"Feature","geometry":{"type":"LineString","coordinates":[[128.09039417608116,34.98452125991146],[128.0848073738378,34.98481586437266],[128.0834190555796,34.98284568517814],[128.0805008146816,34.98166169405562],[128.08181690530378,34.98076253785756],[128.07784698191813,34.97864379810401],[128.06841501021893,34.98057189173722],[128.06702683112565,34.97819978107102],[128.065732766631,34.979198219307975],[128.06072958591946,34.97803483067589]]},"properties":{"RANK":1,"TYPE":"inner"}},{"type":"Feature","geometry":{"type":"LineString","coordinates":[[128.06072958591946,34.97803483067589],[128.0572783328755,34.978763256404996]]},"properties":{"RANK":1,"TYPE":"inner"}},{"type":"Feature","geometry":{"type":"LineString","coordinates":[[128.0572783328755,34.978763256404996],[128.0583436910631,34.980163442664384],[128.05727536182027,34.98068022155503],[128.05867528695128,34.98439696843994],[128.0601896051847,34.98468159041342],[128.0611036615857,34.98645234045248],[128.06278253270665,34.98671516425583],[128.0638862029254,34.99220144154243]]},"properties":{"RANK":1,"TYPE":"inner"}},{"type":"Feature","geometry":{"type":"LineString","coordinates":[[128.0572783328755,34.978763256404996],[128.05586686166106,34.977561144528714],[128.05236503816803,34.977632830049906]]},"properties":{"RANK":1,"TYPE":"inner"}},{"type":"Feature","geometry":{"type":"LineString","coordinates":[[128.04399267131834,34.98473788006084],[128.0447443164658,34.98438317800476],[128.04500993974722,34.98548650977522],[128.04804466019763,34.9866962482956],[128.04785600579532,34.98822527449969],[128.05056175018362,34.988350850170605],[128.05047491034728,34.9898909611387],[128.0548608876664,34.990100642127146],[128.0540353395624,34.991302326706034],[128.05393542961087,34.99304130962851],[128.05309425875345,34.992892978618585]]},"properties":{"RANK":1,"TYPE":"inner"}},{"type":"Feature","geometry":{"type":"LineString","coordinates":[[128.05309425875345,34.992892978618585],[128.05414418411019,34.993165699314055],[128.05729922400351,34.9926094875802],[128.05829480235946,34.99312589623476],[128.05857306683976,34.99274757933323],[128.0622275963378,34.992703181118046]]},"properties":{"RANK":1,"TYPE":"inner"}},{"type":"Feature","geometry":{"type":"LineString","coordinates":[[128.0393938748764,34.992575140090075],[128.04534616397487,34.99207721536865],[128.05309425875345,34.992892978618585]]},"properties":{"RANK":1,"TYPE":"inner"}},{"type":"Feature","geometry":{"type":"LineString","coordinates":[[128.06072958591946,34.97803483067589],[128.05942038353948,34.977623101112435],[128.0618174075993,34.97629463087107],[128.06332716644243,34.9699964879868],[128.06766407661456,34.96458909821222],[128.06692340200485,34.96182515959482],[128.0653116822634,34.96153497086928],[128.06520995856658,34.95888955215151],[128.06248361301724,34.95888285048948],[128.05901792126406,34.956473587400076]]},"properties":{"RANK":1,"TYPE":"inner"}},{"type":"Feature","geometry":{"type":"LineString","coordinates":[[128.14878659518735,35.07515715873362],[128.14694891526491,35.07453414426326],[128.13782651913795,35.0753856168053],[128.1323229278401,35.07466884351079],[128.1278555288348,35.07838688700969],[128.12502048355285,35.07758445405104],[128.12199184310907,35.078042705662725],[128.1200450848207,35.077133576878936],[128.11480523414448,35.080157014006275],[128.1131611962203,35.08016891567113],[128.1094321388809,35.08395881466421],[128.09876082747678,35.08063178283217],[128.09750163761984,35.079451278204935],[128.0999572649429,35.0764944217999],[128.0963639208046,35.074576777115055],[128.09535120567887,35.075278186102],[128.09295672285626,35.07450062107326],[128.0895950678572,35.07476521680267],[128.08804273790813,35.08064897012181],[128.08703254555428,35.081198318647324],[128.07868143053759,35.06731240248628]]},"properties":{"RANK":1,"TYPE":"inner"}},{"type":"Feature","geometry":{"type":"LineString","coordinates":[[128.07868143053759,35.06731240248628],[128.0744082183348,35.073023618907655],[128.07471224940716,35.07522771128034],[128.0738571719519,35.07517743001922],[128.07337857244633,35.076847006995],[128.06659745858704,35.078250433397315],[128.06643451038136,35.07967372219312],[128.06483730649413,35.079695824790065],[128.06399044374936,35.078312782301595],[128.062466336365,35.0779365783735],[128.06195545209994,35.078666273124945]]},"properties":{"RANK":1,"TYPE":"inner"}},{"type":"Feature","geometry":{"type":"LineString","coordinates":[[128.05747838949148,35.08872859128792],[128.05848855305146,35.09112653214164],[128.06129228940839,35.093678557457615],[128.06662110961074,35.09496387218539],[128.06995255813993,35.09992962936439],[128.0728039744158,35.098076719085725],[128.07707366349067,35.09887831132407],[128.08508486217352,35.097914640767506],[128.08634863083114,35.095457365089],[128.0843676298703,35.09412101349042],[128.08530710578748,35.093403693223976],[128.08795961621354,35.09402654297548],[128.08995769861758,35.09710230932564],[128.09966698880672,35.094080497976414],[128.10073415766385,35.09609767117686],[128.1100736490063,35.09952915934201],[128.11037590560176,35.10019318971977],[128.10773482899435,35.102514296534366],[128.10907204133264,35.10547874626586]]},"properties":{"RANK":1,"TYPE":"inner"}},{"type":"Feature","geometry":{"type":"LineString","coordinates":[[128.16602615670635,34.99454599113754],[128.15974437112058,34.99629902064873],[128.1583405846412,34.998723771328315],[128.15442035976278,35.00012414506565],[128.1520826495179,35.006138909141086],[128.14961963231613,35.00702612728579],[128.14463603427978,35.011081278356585],[128.1465883892216,35.01374181543552],[128.14588490745535,35.017652594897136],[128.14189123661103,35.02116410449542],[128.14128857462725,35.025949450029664],[128.13868202414452,35.030093529974664],[128.13618189558903,35.03150914870506],[128.13322645503763,35.03665632577331],[128.12452393695935,35.04168582420075],[128.1159265134211,35.044670188429514],[128.1138923075078,35.04771762140683],[128.10913431099158,35.04913198346515],[128.10467354238432,35.05481886645108],[128.10320530569834,35.05550634441131],[128.09838069947853,35.05699641585174],[128.09692950424747,35.05577930904388],[128.0955355504777,35.05623638154279],[128.09482811707755,35.05552709039477],[128.08992141391087,35.056309710833595],[128.0891123284441,35.05753278534127],[128.08534492497444,35.05854846178297],[128.083054254329,35.06093534720042],[128.07925127660275,35.06046883559707],[128.08040971866023,35.06161048692875],[128.07868143053759,35.06731240248628]]},"properties":{"RANK":1,"TYPE":"inner"}},{"type":"Feature","geometry":{"type":"LineString","coordinates":[[128.1098929234143,35.00135675795806],[128.11095390018988,35.002978652501334],[128.1098807935836,35.00865432172495],[128.1092326852346,35.01063631675944],[128.10663252507396,35.01316992472685],[128.10777977732315,35.016164379524675],[128.0984398340783,35.02383196461913],[128.0872513916877,35.0306217586962],[128.08739777966665,35.03161035777639],[128.08502879490695,35.03409125942452],[128.08559057824337,35.036062823723526],[128.08449436657847,35.03793311217716],[128.08196074793608,35.039397305448986],[128.0804855620457,35.041805874757266],[128.0798046923498,35.0457631569807],[128.0735216748418,35.04743533573781],[128.07117220020163,35.04585118904969],[128.0672618432166,35.04590823830113],[128.06604068746958,35.046847461415354],[128.06406998186284,35.04539092197024],[128.0590437927382,35.046927966370404],[128.05461479448857,35.04998626470203],[128.04910283152253,35.047483696696695],[128.04677270924705,35.049924164263075],[128.04490668629958,35.04932611629869],[128.04442533104924,35.05108810016792],[128.04331160856458,35.05032101918802],[128.03833190608634,35.05110830238492]]},"properties":{"RANK":1,"TYPE":"inner"}},{"type":"Feature","geometry":{"type":"LineString","coordinates":[[128.0350445802279,35.078040776416515],[128.03376087180823,35.08058667824895],[128.03674557844082,35.08439954964281],[128.03457174736732,35.08679690486649],[128.03791674597466,35.091416115307844],[128.0365358662386,35.094007931689035],[128.02985056756398,35.100131530670936],[128.02863675676386,35.10496772282091],[128.02916246670458,35.10723726298983],[128.0261516790926,35.112033894462044],[128.02221793177253,35.11410690742167],[128.02108462791864,35.11695022572712]]},"properties":{"RANK":1,"TYPE":"inner"}},{"type":"Feature","geometry":{"type":"LineString","coordinates":[[127.97358301164307,35.03548785857139],[127.97296240846697,35.037275529648205],[127.97423431368755,35.040416967501486],[127.9726532495676,35.0451894002168],[127.97030732682468,35.04499911959051],[127.96792142178404,35.0502064695685],[127.9658720459364,35.051976463390226],[127.96384918860034,35.05167089003578],[127.96281795717182,35.04911167080948],[127.96053725996454,35.048094132405375],[127.96211545861453,35.048738380940364],[127.95906447994679,35.04598024582231],[127.95558327484099,35.04646289932552],[127.95380333478104,35.045547804356076],[127.9498046411247,35.046432307012815],[127.94675083777592,35.045820431607545],[127.94418716633949,35.047210716572884],[127.94064905467015,35.04586745039564],[127.93936734665756,35.04808456072357],[127.93782522539556,35.04855314058312],[127.93343617522353,35.047308284564906],[127.93118359061593,35.047735384063095]]},"properties":{"RANK":1,"TYPE":"inner"}},{"type":"Feature","geometry":{"type":"LineString","coordinates":[[127.90228250443687,35.08761185880592],[127.90449053430441,35.08669214256064],[127.90722428492475,35.08862292800512],[127.91235466614579,35.08899290550063],[127.9148279315769,35.08642406233964],[127.91732493966953,35.081064697091364],[127.92265203617707,35.08123131076894],[127.92654004384167,35.078397706739025],[127.93528517811377,35.077332059098374],[127.93811701783443,35.0719786873282],[127.93769194543249,35.07015294396053],[127.94071706889717,35.06927949612746],[127.94290679363729,35.06540222449134],[127.9464555504289,35.06534057707594],[127.95191462573328,35.0703559904515],[127.95311588402238,35.06939606882387],[127.95451837437962,35.06997926470722],[127.9535951950365,35.07382085932114],[127.95489621187552,35.074045966579774],[127.95442773573245,35.07628367998812],[127.95848119198538,35.07772450615837],[127.95620461234182,35.08303036245397],[127.95387557976778,35.083857263084965],[127.95314051526309,35.0859466054786],[127.94756471993139,35.09066937461796],[127.94738889171657,35.09289047922359],[127.94912118727952,35.09668290134755],[127.95130338377353,35.09761954238569],[127.95701873605314,35.09511582765898],[127.95991005829708,35.0957819957643],[127.96321725591652,35.09220026538607],[127.9667112618267,35.09009090834779],[127.96738191274551,35.086998345613765],[127.97036784809194,35.08542717004476],[127.97097265261911,35.082944674474184],[127.97383662604713,35.081862905785734],[127.97676068197948,35.08528341726958],[127.97648873305265,35.08724118209562],[127.97936088729261,35.0925860283307],[127.98329638725659,35.09722619244637],[127.98137852293797,35.10027659384215],[127.98460042677398,35.10216268323759],[127.98435953160634,35.10448532927995],[127.9886092011451,35.1055545987956],[127.9902864002857,35.10807634296881],[127.99663633313617,35.11006973716397],[127.99759622261996,35.11222936297764],[128.00261221322063,35.11424844556596]]},"properties":{"RANK":1,"TYPE":"inner"}},{"type":"Feature","geometry":{"type":"LineString","coordinates":[[128.07203946405883,34.92736185290367],[128.07035641592688,34.92731141885029]]},"properties":{"RANK":0,"TYPE":"outer"}},{"type":"Feature","geometry":{"type":"LineString","coordinates":[[128.07035641592688,34.92731141885029],[128.0694073161992,34.9257413229355],[128.0675914798132,34.92676636443331],[128.06413484068813,34.92640268199037],[128.06441322376128,34.92435209470589],[128.06318611744035,34.92716975035628]]},"properties":{"RANK":0,"TYPE":"outer"}},{"type":"Feature","geometry":{"type":"LineString","coordinates":[[128.07311068371988,34.92609335349066],[128.07203946405883,34.92736185290367]]},"properties":{"RANK":0,"TYPE":"outer"}},{"type":"Feature","geometry":{"type":"LineString","coordinates":[[128.0842188498978,34.92695752991405],[128.07994085273322,34.926915979006885],[128.08139558627232,34.92706037653724],[128.08138699157598,34.92770777236961],[128.07958780784367,34.92846802235349],[128.07901071278246,34.927161725763675],[128.08000088802322,34.92565649317254],[128.07846291163972,34.92550111678924],[128.07843921680973,34.92702998497659],[128.07735591664508,34.927024738485535],[128.07737875259494,34.924125482121816],[128.0761724393923,34.925147572360956]]},"properties":{"RANK":0,"TYPE":"outer"}},{"type":"Feature","geometry":{"type":"MultiLineString","coordinates":[[[128.07953750224033,34.92280860622778],[128.0755060736015,34.92207161743273],[128.07807560974572,34.92258921149753],[128.07885832921616,34.92367666596042],[128.07953750224033,34.92280860622778]],[[128.0761724393923,34.925147572360956],[128.07561413403562,34.923429382787916],[128.0749544405314,34.92380388758929],[128.0754419449293,34.92306861242538],[128.07394444238886,34.92261694198664],[128.07384471751956,34.92345222394217],[128.07238383434947,34.92367350389231],[128.0670402044949,34.9231127966229],[128.07190472904358,34.924058579957524],[128.07311068371988,34.92609335349066]]]},"properties":{"RANK":0,"TYPE":"outer"}},{"type":"Feature","geometry":{"type":"LineString","coordinates":[[128.13462809661303,34.97084485082759],[128.1350138617198,34.96906826666537],[128.13204363677306,34.95892813269515],[128.126572329955,34.95191523265455],[128.12312685885726,34.94911426396496]]},"properties":{"RANK":0,"TYPE":"outer"}},{"type":"Feature","geometry":{"type":"LineString","coordinates":[[128.12312685885726,34.94911426396496],[128.12407340181016,34.94204740311097],[128.12275085255175,34.93893828701349],[128.120090935436,34.93800493054936],[128.11930701827967,34.93656353428426],[128.11738096994654,34.93647587951981],[128.11717090386267,34.935238089343486],[128.1143500271497,34.933845207791386],[128.11532692852145,34.93316022793044],[128.11453572986076,34.93177383912778]]},"properties":{"RANK":0,"TYPE":"outer"}},{"type":"Feature","geometry":{"type":"LineString","coordinates":[[128.11453572986076,34.93177383912778],[128.11592818183493,34.929551941356145],[128.1157509566544,34.92687859681931],[128.11965941792573,34.922422462893586],[128.11099458972416,34.923837771610046],[128.10286130375695,34.92036020929577],[128.1026103722204,34.92255588242962],[128.10417444843813,34.922876939904015],[128.10205571299093,34.92438178070489],[128.10292333600364,34.92500027485301],[128.10228916849422,34.92572500419419]]},"properties":{"RANK":0,"TYPE":"outer"}},{"type":"Feature","geometry":{"type":"LineString","coordinates":[[128.10228916849422,34.92572500419419],[128.09919025218792,34.924495251468],[128.09939840023756,34.923407838467526],[128.1003098454086,34.923577097635004],[128.09939901707398,34.92320012629031],[128.09908333724525,34.92112749672947],[128.09732664369798,34.92049487502126],[128.09799699461385,34.92444919155905],[128.09685539729895,34.9250848644245],[128.09701527773237,34.92618361617626],[128.0953441628597,34.92636749861579],[128.09391646570143,34.92454196372104],[128.09235892290687,34.92456960162899],[128.09380471953043,34.92429900799057],[128.09379865180182,34.923747008577216],[128.09468548109612,34.924216763313105],[128.09280278237557,34.923029444930854],[128.09177389020886,34.9231055568365],[128.0914333339328,34.92104166527513],[128.08998527864765,34.92077000226724],[128.0892883348597,34.91868860742767],[128.0876030505883,34.91913777502384],[128.0872163842318,34.91806083241202],[128.08259379610718,34.91621559444126],[128.08707418310817,34.91897274742618],[128.08325065084225,34.91698735143635],[128.08251129022105,34.9180266510967],[128.0859426379836,34.918992417603896],[128.0880107015684,34.92617337144245],[128.0842188498978,34.92695752991405]]},"properties":{"RANK":0,"TYPE":"outer"}},{"type":"Feature","geometry":{"type":"MultiLineString","coordinates":[[[128.0490904934784,34.92601028957612],[128.04843892609694,34.92574748383581],[128.0485158851508,34.92712002502107],[128.0490904934784,34.92601028957612]],[[128.06318611744035,34.92716975035628],[128.06279605782956,34.92803397805529],[128.05842345473272,34.928917808841824],[128.05764296726036,34.92776765410843],[128.05810167947214,34.92894759200769],[128.05623834240131,34.92922428619223],[128.0573985001944,34.92861694890741],[128.05626602726153,34.9285202855609],[128.0573477556353,34.92732963214395],[128.04690987299443,34.934704810846185]]]},"properties":{"RANK":0,"TYPE":"outer"}},{"type":"Feature","geometry":{"type":"LineString","coordinates":[[128.04690987299443,34.934704810846185],[128.0409448386538,34.94055980771727],[128.03959978787714,34.93998907680398],[128.04083456022917,34.94061715787115],[128.04020176146884,34.941273397832994],[128.03932185834074,34.94024378083833],[128.03940261391168,34.946403744268636],[128.0359656121084,34.95005658818999],[128.03463013575362,34.94982148393625],[128.03573985014194,34.95029769167569],[128.03484720988516,34.95098387214988],[128.03433692279276,34.949731362217804],[128.03263999407284,34.954060282578446],[128.02995416911878,34.95711722678981],[128.0301133291872,34.95874638859821],[128.03275736357642,34.95936300817595],[128.03212119330522,34.95874987834246],[128.03319167235196,34.958199165801474]]},"properties":{"RANK":0,"TYPE":"outer"}},{"type":"Feature","geometry":{"type":"MultiLineString","coordinates":[[[128.03227673151417,34.93240614307532],[128.03191999323192,34.93176836399264],[128.03126289936017,34.93231263334617],[128.03227673151417,34.93240614307532]],[[128.0307849966007,34.93828374191484],[128.03145959498355,34.938077027436314],[128.03051921601164,34.93806799379192],[128.0305891560208,34.93675663946746],[128.0319829969497,34.93776798907716],[128.0334972525555,34.93601766692937],[128.03321301962302,34.93425258320168],[128.0311882101233,34.934072957474235],[128.02811286456637,34.935565497486316],[128.02811746553013,34.937928337302246],[128.0298230137493,34.93870278830138],[128.0307849966007,34.93828374191484]],[[128.03057396363275,34.945401467964786],[128.03162341244297,34.94502198905027],[128.03083060893368,34.94479180733968],[128.0315102343006,34.94404764045917],[128.03179606115816,34.944646720457435],[128.03194791313786,34.94251929045358],[128.0295017616039,34.942374178209285],[128.02995522790278,34.946311882600526],[128.03057396363275,34.945401467964786]]]},"properties":{"RANK":0,"TYPE":"outer"}},{"type":"Feature","geometry":{"type":"MultiLineString","coordinates":[[[128.04503857623507,34.92263219011456],[128.0458223127007,34.9223632193066],[128.04392471594767,34.92211971137707],[128.04344039916455,34.92323380866565],[128.04503857623507,34.92263219011456]],[[128.03639083241697,34.927443050569],[128.0379404017709,34.92529421721822],[128.0392946864654,34.925431817195],[128.03799959224656,34.925197124352565],[128.03798718784498,34.92431149413765],[128.0398300957212,34.92318822515849],[128.04011400055685,34.92473255217225],[128.04205277921636,34.9218172188315],[128.0404297602197,34.921575072228585],[128.03714472008434,34.91885611002422],[128.0341802758971,34.92186722394075],[128.0355304333593,34.92343610399945],[128.03453138628652,34.92314416260177],[128.03490694329597,34.92364833304062],[128.03290084016965,34.92472694626103],[128.03489178657193,34.927321196896926],[128.03639083241697,34.927443050569]],[[128.04430750562003,34.92746361481003],[128.04624028461424,34.9260669437576],[128.04606666369472,34.92504055638126],[128.04346075570842,34.92450386366075],[128.04284406601127,34.925464949431664],[128.04248975090957,34.92476472916305],[128.0421811096706,34.926316107004894],[128.04430750562003,34.92746361481003]],[[128.03044341956596,34.92884127528985],[128.03145982135786,34.92740970175288],[128.02971288115148,34.926325544767266],[128.0284847677817,34.926846518433685],[128.02815569048875,34.92883166718234],[128.02902748882465,34.92953326163503],[128.03044341956596,34.92884127528985]]]},"properties":{"RANK":0,"TYPE":"outer"}},{"type":"Feature","geometry":{"type":"MultiLineString","coordinates":[[[128.05977575735005,34.90160324365428],[128.05979553631994,34.90089311042267],[128.05641801372056,34.90088991070117],[128.05707291858806,34.90166439004725],[128.0597967370081,34.90221126228747],[128.05977575735005,34.90160324365428]],[[128.0825045958171,34.90872556907731],[128.08360170079655,34.907230572736665],[128.08198249576884,34.90657240360432],[128.08161160364702,34.90828603752541],[128.0825045958171,34.90872556907731]],[[128.07609273186918,34.90972555659667],[128.07692202450633,34.90800497860286],[128.07997343302137,34.907504356918174],[128.08068597711107,34.90609288722819],[128.0779127186551,34.90393485997944],[128.0792326794604,34.90270394077387],[128.08190792511795,34.9025240600468],[128.0792122585026,34.90056666790885],[128.08218705151975,34.89889714771241],[128.08209267791213,34.897834347233264],[128.08356312237296,34.89751243665887],[128.08139451995726,34.89672160010626],[128.08045061281618,34.897791017822435],[128.07900485517214,34.89779636772384],[128.07835231157972,34.89709624977265],[128.0792297185507,34.89550264603112],[128.07554162833864,34.89442733578417],[128.0756111296972,34.890817841952305],[128.08026772891216,34.88897001857491],[128.07474607766403,34.886081866793994],[128.07356901035456,34.88647941378972],[128.07295106159168,34.8881475535851],[128.07143297503703,34.88841680209047],[128.07096078236864,34.8898541426162],[128.0729804514311,34.89238108059689],[128.072581708553,34.89439964122563],[128.07290521499436,34.89365808340356],[128.07369407398656,34.89421087882081],[128.07192636228407,34.89849605137466],[128.07254315609023,34.900346008547075],[128.0707508878354,34.902506598670534],[128.07384708667902,34.900208598026694],[128.07621576336555,34.90220056071752],[128.07496252857433,34.90213293685976],[128.0730206443632,34.9042893555993],[128.07034733477013,34.904019973012964],[128.0705850579441,34.90304837080921],[128.07020650312722,34.90401596638486],[128.0713470209809,34.90640551164917],[128.0730613760209,34.90561063126986],[128.07331401422152,34.90689565809886],[128.07473143162983,34.9071807402585],[128.0745775916676,34.90819416192769],[128.07184290492248,34.908898385102674],[128.07543468067257,34.91078343239823],[128.07609273186918,34.90972555659667]],[[128.0750216010496,34.91534441847717],[128.07442045005033,34.9147507066153],[128.07345234368984,34.91522910589759],[128.0750216010496,34.91534441847717]]]},"properties":{"RANK":0,"TYPE":"outer"}},{"type":"Feature","geometry":{"type":"LineString","coordinates":[[128.05236503816803,34.977632830049906],[128.04847497345816,34.978761384182825],[128.04581014565656,34.98072934009928],[128.04673723711545,34.980762120373164],[128.04589416035304,34.98156513024557],[128.04463711978266,34.979905966996526],[128.0454772306817,34.98137175990279],[128.04349660724282,34.98345765221322],[128.04399267131834,34.98473788006084]]},"properties":{"RANK":0,"TYPE":"outer"}},{"type":"Feature","geometry":{"type":"LineString","coordinates":[[128.04399267131834,34.98473788006084],[128.04345743136074,34.98804494234491],[128.04165577966742,34.98971688991389],[128.03903598277594,34.988184696056194],[128.04079288623987,34.98972785935532],[128.03981582592658,34.99030887407698],[128.03897401776769,34.98872513573223],[128.03870176436732,34.98958620322113],[128.04022928580227,34.99093063479379],[128.0393938748764,34.992575140090075]]},"properties":{"RANK":0,"TYPE":"outer"}},{"type":"Feature","geometry":{"type":"LineString","coordinates":[[128.03319167235196,34.958199165801474],[128.0383064180856,34.9619173982667],[128.03844815884048,34.96334007717214],[128.03855962864316,34.961970861393674],[128.0398025747101,34.962086900074716],[128.0400466633053,34.96308222136074],[128.0386991502497,34.96354733724779],[128.04024248564272,34.963139310414796],[128.04187716299612,34.96500066924096],[128.04597116095601,34.96672470833049],[128.04732661154995,34.970417271794354],[128.0492929612697,34.96892697650616],[128.05013096892162,34.97006822887795],[128.05194560430897,34.970245110927785],[128.05001608114924,34.970701020950195],[128.04984855656795,34.97366142908891],[128.05236503816803,34.977632830049906]]},"properties":{"RANK":0,"TYPE":"outer"}},{"type":"Feature","geometry":{"type":"MultiLineString","coordinates":[[[128.06195545209994,35.078666273124945],[128.06147129541554,35.079235768141054],[128.05722992136623,35.07868250920217],[128.05412038678182,35.081782859172215],[128.05747838949148,35.08872859128792]],[[128.10907204133264,35.10547874626586],[128.11145798090638,35.10692614029779],[128.111757976804,35.10814342574404],[128.11559915347488,35.10998839566614],[128.118261249774,35.114240357886054],[128.1208561384526,35.11375491790857],[128.12544372325695,35.11638041948442],[128.1281066233621,35.11459885259393],[128.13197616465982,35.11726558451489],[128.1353572469132,35.11728222019064],[128.1382933183877,35.11532866599546],[128.14100355022123,35.116256315244875],[128.14305217741753,35.11592927174356],[128.14734615414687,35.114464618402295],[128.15353208234674,35.11068020015977],[128.15545034489477,35.10880889003997],[128.1549408875756,35.10701376224841],[128.158019554486,35.104099718422425],[128.15876523647748,35.1007949790707],[128.16052843278322,35.10055894677915],[128.16263476016772,35.101630599535625],[128.16643267248037,35.09688403224223],[128.16984430780835,35.097092491205174],[128.17203638864586,35.09535609895051],[128.16774042618798,35.0856680722743],[128.16928102821595,35.08377168751541],[128.16593998697198,35.08264335398504],[128.16271183383074,35.07984570988866],[128.157715943746,35.081030223059045],[128.15617629306547,35.08030282460272],[128.15179990113688,35.08107765670362],[128.14794639560913,35.07757282584576],[128.14878659518735,35.07515715873362]]]},"properties":{"RANK":0,"TYPE":"outer"}},{"type":"Feature","geometry":{"type":"LineString","coordinates":[[128.14878659518735,35.07515715873362],[128.1520272548088,35.074374030008286],[128.15597438122896,35.06578074093839],[128.16243934366491,35.06613555955951],[128.1673148960524,35.05909553726791],[128.16968502614122,35.05730708627873],[128.17247168457442,35.051919843324846],[128.1768401923743,35.05247893825783],[128.17811121078566,35.05355925741644],[128.18442163764962,35.05097877130513],[128.1819905038219,35.04752053226194],[128.18121062640498,35.0401976131996],[128.18003807514654,35.03850726145279],[128.17590924914217,35.036079057767054],[128.1735378951189,35.0314181581152],[128.16865485412112,35.030259925510826],[128.16688049849736,35.031446699505736],[128.16724955133432,35.029457380292946],[128.1626417071084,35.02722839338365],[128.15993476461423,35.01323680946347],[128.15837926242168,35.01183125110786],[128.15913567184916,35.00898699894194],[128.15782800076053,35.006985848956866],[128.15863766288243,35.00456348506302],[128.16264759053755,35.00024647094016],[128.16602615670635,34.99454599113754]]},"properties":{"RANK":0,"TYPE":"outer"}},{"type":"Feature","geometry":{"type":"MultiLineString","coordinates":[[[128.16602615670635,34.99454599113754],[128.16704349948049,34.989929951767486],[128.17052523338373,34.9862573429454],[128.17016950231522,34.984748363970645],[128.1662446364896,34.98354743581536],[128.1629384228639,34.986184307123494],[128.16038841636785,34.98667251154112],[128.15893255678725,34.98826401015215],[128.15254489644695,34.9912552501063],[128.14615320243246,34.99086327228636],[128.14343932952275,34.98954859050356],[128.13771631082247,34.981917319142646],[128.13450701993563,34.97969983017746],[128.1337997057719,34.97404740589561],[128.13462809661303,34.97084485082759]],[[128.03833190608634,35.05110830238492],[128.03946861171082,35.05677566497699],[128.04444697222326,35.0665317528436],[128.06195545209994,35.078666273124945]]]},"properties":{"RANK":0,"TYPE":"outer"}},{"type":"Feature","geometry":{"type":"LineString","coordinates":[[128.0393938748764,34.992575140090075],[128.03874540146091,34.998046388330884],[128.0400424070155,34.99963247283472],[128.0391416790147,35.001385581780845],[128.0379375369971,35.00136771059723],[128.04227487654393,35.00397847975104],[128.0425057057882,35.00583142312575],[128.0442258649265,35.00773072680565],[128.0426042595008,35.00849657787112],[128.04465200327508,35.007746396431074],[128.04696480890163,35.00949991770908],[128.0457999328059,35.01056004673284],[128.04697560260365,35.0095474063968],[128.04818462099414,35.01029261760058],[128.04937719117052,35.01272744996266],[128.0481648745391,35.01332550993024],[128.05056685775037,35.01610793582165],[128.04487594703713,35.024354988930405],[128.04285744723913,35.02451117875114],[128.04033107814587,35.021850469036906],[128.03778344429915,35.02120559909929],[128.03746384065698,35.018573956976894],[128.03639315372837,35.02053879540553],[128.03691533262045,35.021921072516406],[128.03482237212756,35.023008206416414],[128.04222007054022,35.03128172623107],[128.03891552839096,35.0365124507927],[128.03958542148044,35.040212765048686],[128.03863685364547,35.04037893041621],[128.03969491418565,35.04091560504616],[128.03880608454193,35.04072553228458],[128.03952613242808,35.04110459875948],[128.03882534898486,35.041630748207076],[128.0411604558831,35.04711454476478],[128.0382467458999,35.04878930604754],[128.03833190608634,35.05110830238492]]},"properties":{"RANK":0,"TYPE":"outer"}},{"type":"Feature","geometry":{"type":"MultiLineString","coordinates":[[[128.05747838949148,35.08872859128792],[128.0567315967303,35.08898101327703],[128.05416355512918,35.08563347525377],[128.05229897394355,35.07969330279457],[128.04603985389366,35.07543559970944],[128.04330156012014,35.07556357102964],[128.04224833367084,35.07789626232733],[128.0400424906932,35.07912199712979],[128.03908123600564,35.07820100853564],[128.0350445802279,35.078040776416515]],[[128.02108462791864,35.11695022572712],[128.0243408755606,35.11864126696026],[128.0245084161836,35.12151847221418],[128.02810270287216,35.122876053263916],[128.0323864705466,35.12099760265958],[128.0342285169409,35.12146195929103],[128.03718913129646,35.11974990324258],[128.04071985732799,35.12142905224122],[128.04396479656273,35.121019624453666],[128.0486984733699,35.12457154292907],[128.0476121629759,35.12781279160369],[128.0506305539945,35.13153216395419],[128.05549026074746,35.12966465849383],[128.05621038360906,35.12775962843306],[128.07055808325026,35.128306971668906],[128.07449356509912,35.12585364544883],[128.07569457677872,35.12319294248952],[128.08031108772002,35.12194731574285],[128.08142537111797,35.12015432962695],[128.08829476527924,35.11853960921241],[128.09109336727568,35.11606037184105],[128.0917985404006,35.107670226297486],[128.09047818250409,35.10734528556035],[128.08929108612844,35.10446438919528],[128.09090823164644,35.103656915427266],[128.09112571959136,35.101182367572584],[128.0927436424183,35.101356152509624],[128.09282020725297,35.10288434129178],[128.09735365115094,35.104916459243476],[128.09821901188565,35.10655020913793],[128.10907204133264,35.10547874626586]]]},"properties":{"RANK":0,"TYPE":"outer"}},{"type":"Feature","geometry":{"type":"MultiLineString","coordinates":[[[128.00300588916863,35.035509293304344],[128.0030939934563,35.0380958035069],[128.0053010649209,35.038503825887986],[128.0057536712937,35.036915585969865],[128.00300588916863,35.035509293304344]],[[128.0350445802279,35.078040776416515],[128.03410459966423,35.07759955351713],[128.03605683607984,35.07605584691716],[128.0403552228955,35.07556146632667],[128.041123392471,35.07246832514289],[128.03940357452845,35.07093941869547],[128.03732696766295,35.07157329300463],[128.0363234073603,35.06893732605981],[128.03251414361623,35.06938408589697],[128.03199870548707,35.068672620679116],[128.03474280492134,35.06272403045632],[128.03196840086966,35.061865942181804],[128.03283403937326,35.06086219926298],[128.0319304953821,35.061569756692386],[128.02892268663052,35.059922600388504],[128.026669454884,35.056378827188496],[128.02524841880745,35.056661103166896],[128.02486011624424,35.05598295249996],[128.02502932603852,35.055363585165935],[128.0264778900305,35.05590615691019],[128.02540811458263,35.05347691657097],[128.02643891856565,35.05297812758808],[128.02554901283452,35.052351893406495],[128.02621548997283,35.05103978215089],[128.0284744079946,35.049607038691505],[128.02967508381266,35.050931436976335],[128.03102839581882,35.050158959420024],[128.03036440664508,35.04844796345783],[128.02916328979086,35.04917379289254],[128.02797987811664,35.04846699831833],[128.0288832300659,35.04566639466141],[128.02611343759696,35.042660243592394],[128.0270636816058,35.04098716014303],[128.02570803530995,35.0337603495549],[128.02281186843817,35.03247628194238],[128.0246231315831,35.03147286844394],[128.02262911809598,35.031762965836336],[128.0207337414399,35.03133422689759],[128.02075447925327,35.03101771117847],[128.0228774116666,35.030680379729745],[128.02325903002276,35.03146971490239],[128.02296215758207,35.03048526140589],[128.0225245260877,35.03020491970728],[128.02067960356032,35.03021849928315],[128.01992160616535,35.02822547175338],[128.01868217325713,35.028162911739805],[128.01555828386225,35.02969477045668],[128.01437886688058,35.0286120606841],[128.00896424541057,35.03072940965836],[128.00593249141215,35.033062944639276],[128.0063551718576,35.03416168623025],[128.0119301861603,35.03622771951418],[128.01383524434152,35.03617229035493],[128.0194845423729,35.04069225414195],[128.0157654962133,35.04586894689548],[128.0131678926258,35.04678858314438],[128.0117618078529,35.04900229704152],[128.0098070665697,35.050054533766655],[128.00855004780772,35.047503959266734],[128.01403630608445,35.04290748832547],[128.01485023864905,35.040837072397814],[128.0140266488201,35.03960098098548],[128.00824859228047,35.03864725400231],[128.00497493329814,35.04197305644456],[128.00635324319418,35.043453236115845],[128.0048430554294,35.04362222235516],[128.0041674290418,35.04466834090454],[128.00243624407028,35.044242521043834],[128.00276312636944,35.0423961277454],[127.99848745624902,35.043974875868464],[127.99501223763359,35.046621989834165],[127.99054404514736,35.04530688601414],[127.98712151712519,35.046543061171796],[127.98412191613154,35.04535971595254],[127.98092944381787,35.03585972289792],[127.97876861024126,35.0347977780478],[127.97474866993501,35.0359944679402],[127.97358301164307,35.03548785857139]],[[127.93118359061593,35.047735384063095],[127.92944877684535,35.05038964598207],[127.92747596537043,35.05076927237743],[127.92676919319155,35.05270286326517],[127.92472806884244,35.05371050067158],[127.92351280564091,35.05645309020157],[127.92432210718515,35.05701491824975],[127.92365190439975,35.05911369496859],[127.92038567794043,35.0641740674286],[127.91888820230884,35.06355702259702],[127.91446751963694,35.064531041245544],[127.9137587053994,35.0692180060717],[127.91220931530201,35.070527023830344],[127.91170831548035,35.07344905180927],[127.90831872367288,35.07342146427737],[127.90631810228237,35.07882034939637],[127.90200531019342,35.079649515340115],[127.89864857511893,35.07885287051701],[127.89677925913635,35.08033123627356],[127.89351369674422,35.08656627491596],[127.90228250443687,35.08761185880592]],[[128.00261221322063,35.11424844556596],[128.0048623644378,35.11455376287691],[128.00656353005564,35.113472522898306],[128.00818638645535,35.11432367623864],[128.00919957756733,35.11332483993989],[128.0171108378416,35.11862356211886],[128.01912034631573,35.11877354805948],[128.02108462791864,35.11695022572712]]]},"properties":{"RANK":0,"TYPE":"outer"}},{"type":"Feature","geometry":{"type":"LineString","coordinates":[[127.90228250443687,35.08761185880592],[127.9018721563723,35.09526678244866],[127.90931653973222,35.09812909631975],[127.90004322207498,35.10649200054692],[127.89968617681369,35.10967369094786],[127.90078835412433,35.11119719277556],[127.90271178970151,35.11154331155355],[127.90579835719673,35.11389892725488],[127.90611970582628,35.11293631508087],[127.90684814426604,35.113201513681005],[127.90607196440354,35.11435607187878],[127.91085476663172,35.11835804788206],[127.91050200160802,35.12065852236473],[127.90654751975026,35.12146956271861],[127.90563106848957,35.1233543242618],[127.90294871775866,35.12413937467267],[127.90202088262912,35.12551137724448],[127.89555799164104,35.12639255242058],[127.89108505108568,35.131011978439204],[127.885437654751,35.13045631091669],[127.88442887683225,35.13318070027899],[127.88512535405802,35.134281040418756],[127.8823231931609,35.13655266561658],[127.88066872131871,35.14057220680583],[127.88125282479129,35.142368728290975],[127.87896450163943,35.14564337691475],[127.88004029095312,35.14871047157201],[127.8844256150305,35.14774720760886],[127.88519893290224,35.15024511194796],[127.89651752294186,35.15279868296782],[127.89639063188882,35.156430984926644],[127.89885960959545,35.15668906605003],[127.90028267372601,35.15544771435972],[127.90309019600564,35.154867955434085],[127.90705772475823,35.15007730155226],[127.90965905109256,35.14839966014497],[127.91107987017709,35.148628246103065],[127.91298874767106,35.150980624099304],[127.91428907894627,35.15003074536905],[127.9214412042927,35.15032560409503],[127.92722292894123,35.14773302205405],[127.9271807285117,35.14627217816327],[127.92988759571529,35.14476172411688],[127.93154096054226,35.145471595258314],[127.93103450398797,35.14795654226492],[127.93183903351401,35.149724914876785],[127.9338906860752,35.149818483543605],[127.9386144705321,35.15258743446303],[127.94186677846959,35.151940986792326],[127.94350537701186,35.153097099711935],[127.94554866860199,35.1531520665787],[127.95101645856218,35.15197391761002],[127.95381412445988,35.15385672165028],[127.9548374224415,35.15597009214378],[127.95826913945959,35.15688883189955],[127.95827615595795,35.15760234545583],[127.96121302985543,35.15747252865352],[127.96350844190144,35.15561266287419],[127.96367498722667,35.15342651593956],[127.96186083085549,35.15069759080571],[127.96298796974459,35.15052683855438],[127.96504746640316,35.153972491689615],[127.96680254574635,35.154618162896334],[127.9667910769543,35.15715617664772],[127.96875667002226,35.15864340886909],[127.97207372002148,35.156280268425135],[127.9741623418437,35.15779842203987],[127.97592049386822,35.15757247690145],[127.98023516116514,35.15937028289942],[127.98140735188652,35.1565472141292],[127.98818845652038,35.15722227574956],[127.99863275359817,35.155155908601365],[127.9971933518049,35.152862414675866],[127.9991276671367,35.15086050336556],[127.99921875069343,35.146466193537606],[127.99667743517638,35.14492932981149],[127.99946393876905,35.1418065525734],[127.9985583616906,35.14085265238845],[128.0003100907595,35.13852509154022],[127.99850854751382,35.13641365301517],[128.00102119806306,35.13573678148854],[128.0031225583965,35.133545017684014],[128.00260265294125,35.128322208894346],[128.00124044003152,35.125018226108295],[127.99945488116788,35.12364016954981],[128.00152098163775,35.12175101417133],[128.00096149037856,35.11764689981936],[128.00306699471395,35.115155484401186],[128.00261221322063,35.11424844556596]]},"properties":{"RANK":0,"TYPE":"outer"}},{"type":"Feature","geometry":{"type":"MultiLineString","coordinates":[[[127.97226361669425,34.96277438346934],[127.97060473506201,34.96100263068084],[127.96945745158321,34.96141136018846],[127.9713361541159,34.96326712483299],[127.97226361669425,34.96277438346934]],[[127.94817856732017,34.963929764785064],[127.948698657087,34.96157135126407],[127.94729140409093,34.963618801531815],[127.94817856732017,34.963929764785064]],[[127.95915212716548,34.96378561580377],[127.95764706416354,34.9627038913425],[127.95793796285338,34.96374521130937],[127.95915212716548,34.96378561580377]],[[127.96498076593406,34.96597449640229],[127.96687411889582,34.96545981146315],[127.96620719652576,34.96401986505778],[127.96513031005557,34.964864383474236],[127.96362267028786,34.963971107850796],[127.96500717235124,34.96086733960887],[127.96133676915845,34.961094960869815],[127.96074054757152,34.96427801145937],[127.96180368887096,34.96428373850335],[127.96329357938404,34.96601707708975],[127.96498076593406,34.96597449640229]],[[127.99605083498182,34.977734720274576],[127.99753278221775,34.97656527919021],[127.99638666625943,34.97506888399831],[127.99764277890368,34.97518444197336],[127.99818721997597,34.97437916394358],[127.99749027360646,34.973244722529834],[127.99546583448067,34.97340111675008],[127.9938538910309,34.972498612526486],[127.99396860805793,34.97551250479344],[127.99579378752937,34.97558812446642],[127.99457014500985,34.977598696108146],[127.99605083498182,34.977734720274576]],[[127.9362980561013,34.979145774103074],[127.93947948530291,34.97701621632609],[127.93458897121451,34.977390664467684],[127.93490812463163,34.97900676173309],[127.9362980561013,34.979145774103074]],[[128.00012528064502,34.98107527253121],[127.99923139146043,34.98122055594209],[127.99977000570802,34.98228081943578],[128.00012528064502,34.98107527253121]],[[127.96949361226432,34.99037060079997],[127.96775198177814,34.98949243150253],[127.96983694593645,34.98785194593623],[127.96802265445638,34.985171696752595],[127.97132250246173,34.98409361132931],[127.96795889122531,34.98441222179484],[127.96619750381618,34.98295417120999],[127.9660877738257,34.981535556798725],[127.96871861182308,34.98185277892388],[127.96917333198225,34.98107277817145],[127.97092888602522,34.981726944061606],[127.9714187060327,34.98001899401333],[127.97437555403215,34.981137779647646],[127.97350305294044,34.980326106583476],[127.97429277637328,34.97713305257152],[127.97744416565672,34.977304442263225],[127.976329044715,34.9746373925472],[127.98048071393366,34.971996123630284],[127.98306972170774,34.97307777483548],[127.98265444539224,34.9721002783895],[127.97921730096071,34.97058128870113],[127.9803387839409,34.96868706278849],[127.98156055427965,34.968317503687274],[127.9817263090184,34.96944177949629],[127.9824456934774,34.96878673292963],[127.98334147875693,34.969284360387505],[127.98508750720917,34.96693498420871],[127.98656416333064,34.966693333873884],[127.98850278261763,34.968584448555305],[127.98701778189906,34.97146916614456],[127.98722227822165,34.97332848589862],[127.98901319900773,34.970585083494825],[127.99092305505259,34.972348607432714],[127.9919038877252,34.96986277683369],[127.99475500457308,34.97090805559403],[127.99523970715008,34.9673092110748],[127.99225961545929,34.96861051044609],[127.99110444296373,34.967679720463735],[127.99250917008928,34.96498166317789],[127.9908333338303,34.965699999114484],[127.98999500058574,34.96791000416396],[127.98806750502216,34.965904442438436],[127.9835009322836,34.965589925867256],[127.98248888937728,34.964251945938116],[127.98367471690008,34.96312944766529],[127.97908528071886,34.96418472074165],[127.9773257397884,34.96563376965886],[127.97263692683335,34.96602051396241],[127.97175398765903,34.96509960432994],[127.97057254486482,34.96547658339416],[127.97175524236388,34.96527072332355],[127.97224010633404,34.966066108470656],[127.97147231726598,34.967180553790996],[127.96973872313998,34.965797390230634],[127.97029587506603,34.96690529769835],[127.9690894469015,34.96729166505139],[127.96817500271129,34.969376944439794],[127.96245722229806,34.97167055725379],[127.96484778256718,34.97410638512217],[127.96379999847572,34.976051385428356],[127.96194250239579,34.975693608382635],[127.96367000660081,34.977058334465504],[127.96233500248569,34.97975499496585],[127.96353000710856,34.98165916792747],[127.9624778316951,34.98337608737001],[127.96562638406785,34.98220999723202],[127.9662069486266,34.985427503574925],[127.96513110878901,34.9876066708642],[127.96649944106159,34.98877833574619],[127.9657858315246,34.98977860869877],[127.96949361226432,34.99037060079997]],[[127.93707264640761,35.00283242461501],[127.93569354650442,35.002299756311295],[127.93587963764413,35.00325693074729],[127.93707264640761,35.00283242461501]],[[127.97358301164307,35.03548785857139],[127.97707346914228,35.03133500557089],[127.98248178949804,35.03229217427701],[127.98448667692341,35.03184602001036],[127.98897029397229,35.033816878888636],[127.98750082712212,35.035606697562464],[127.98802722137525,35.03903777864225],[127.9909413234275,35.03882445148144],[127.99242689140645,35.03713332004488],[127.99677667708205,35.03732030555309],[127.99691977839652,35.03455719367916],[127.99806963471488,35.03468876906927],[127.9943297001399,35.03201022626912],[127.9980237284628,35.031124190423114],[128.00083297541266,35.027800499576806],[128.00447434630763,35.02646317202109],[128.00337696535283,35.026445092868286],[128.00319674148577,35.02504395568062],[128.00503110581096,35.02464931564703],[128.00595555770934,35.02535437492616],[128.00780436172903,35.02340855540744],[128.0088012454121,35.0219982515532],[128.00703790856403,35.02138054501828],[128.0099273423872,35.01633948857357],[128.0076655972395,35.017768664712555],[128.00694116674214,35.016951724967164],[128.00840569086412,35.015543257160154],[128.00688530029413,35.014915877125745],[128.00759830375486,35.01265827220924],[128.01033338575223,35.01227487457586],[128.01282285245728,35.01025792065712],[128.01526206937857,35.010997148995905],[128.01818502644218,35.01026539549313],[128.0160679489147,35.007413364051665],[128.01696391585048,35.0064444978536],[128.0182946187267,35.006838976905165],[128.0198673408984,35.00454512007536],[128.01836156490455,35.00338326988837],[128.01620816643546,35.00358104343854],[128.01474206020478,35.00173739653036],[128.01567710626222,35.00114561096055],[128.0194279776387,35.00182355448706],[128.01806213678353,35.0011718686332],[128.0174034848089,34.99885411869777],[128.01569574063913,34.998289691894115],[128.01648037022025,34.99759526984593],[128.01584351639139,34.99453681616148],[128.01367426652487,34.990196823348256],[128.01370643096408,34.99110100106004],[128.01278740556873,34.99115436251383],[128.01317425154076,34.992441770483246],[128.01127840223396,34.9927973900825],[128.01223345531474,34.994262079405026],[128.0102310270763,34.99491454271661],[128.00894835131507,34.996671916453884],[128.0074312465196,34.99585777180719],[128.00952583299318,34.99255472291698],[128.0075030491016,34.989987559496996],[128.00922194578837,34.98980833486317],[128.00963934380437,34.98723850852719],[128.01110869628604,34.98718896485586],[128.01053592070957,34.98779028094823],[128.01212637702722,34.98710750883633],[128.01148032290322,34.986356237625145],[128.0128352369653,34.98649728030607],[128.0085160345468,34.98433282417924],[128.0080122233001,34.98230555375712],[128.00373527588587,34.98318249868077],[128.00413165905286,34.98470878764543],[128.0057404075993,34.98464382818664],[128.00497824807806,34.98591351053863],[128.0059686158411,34.9869091661413],[128.0054752751251,34.98816204138499],[128.0034819324106,34.987394231273115],[127.99991610810523,34.983582500746195],[128.00000583343433,34.98677194677926],[128.00226972581066,34.989281384499584],[128.00161055910115,34.990386387189254],[127.99897511485437,34.990887913877415],[128.00040864194543,34.9921856968246],[128.00031778344285,34.995133329581634],[127.99766135168181,34.9961896931677],[127.99693388745031,34.99339222154302],[127.99529000268427,34.993963892367994],[127.99336444835116,34.99160944211269],[127.99464721908552,34.99103444031579],[127.99365888798376,34.98953416322322],[127.99508333036144,34.98950166626556],[127.99453194715761,34.98829027836978],[127.99641166366419,34.98779166628893],[127.99461777357052,34.98597916472851],[127.99509471785801,34.985147503186234],[127.99385027723469,34.98451027449353],[127.99356083055018,34.98612249893224],[127.99451333825613,34.9867616717548],[127.99276888764162,34.98843111182098],[127.99160111040517,34.9866458305933],[127.99091499632293,34.989025558219225],[127.98855194537077,34.988750004883805],[127.98776736599768,34.98532711093365],[127.99173972157283,34.982318890830065],[127.98979305200004,34.979562219757774],[127.99107332727758,34.97963591636785],[127.98785110811009,34.97845277484357],[127.98802971859732,34.976912219956986],[127.98661139061905,34.97914388927148],[127.98524083231581,34.97910750010232],[127.98419541348399,34.977841231537205],[127.98456888911441,34.97664805468505],[127.98325138437782,34.97573472131936],[127.98286055740253,34.97789749777196],[127.9804825015519,34.97832305791603],[127.98132416781662,34.979670830310575],[127.97676999471607,34.98240416682375],[127.97732639362243,34.983982776954164],[127.97593805437425,34.98481611140837],[127.97710361091983,34.98449027564],[127.97785638785386,34.98546389222812],[127.97592555433395,34.98678138749625],[127.97409611407697,34.98473583117391],[127.97467639146979,34.98660777365786],[127.97274917245609,34.986496944643],[127.97464264760102,34.99018446243509],[127.97308993431595,34.99124550123609],[127.97199047186356,34.990882768119135],[127.97339686110591,34.992096745387464],[127.97210501889016,34.994072441055835],[127.9677590195836,34.99361593506067],[127.96843653466695,34.99244910107681],[127.96744216319219,34.99171358588676],[127.96776194326291,34.992308607562485],[127.96416490318579,34.99500386351329],[127.96157249939404,34.99456028135406],[127.96175722147709,34.98997333650523],[127.96085194589132,34.98803139044392],[127.95697594082813,34.985196819498384],[127.95775489772859,34.984223374204085],[127.95389110784184,34.98525444416903],[127.95299083128313,34.986711387554394],[127.95178722368297,34.985789723839936],[127.95006110956064,34.98604222556194],[127.95027083147677,34.98459722012724],[127.94915833456452,34.98488694326676],[127.94702388869068,34.983441668496695],[127.94731361015191,34.98238416856289],[127.95014528135763,34.98251666693495],[127.95294338846662,34.981100387224274],[127.94941833047652,34.98115499791762],[127.94815008878712,34.98012661521242],[127.94834583450002,34.97846111527454],[127.95073694308671,34.97733499727333],[127.95199916842012,34.9776525035446],[127.95314277601484,34.97586361182592],[127.95118138286395,34.976733889393984],[127.94979305211726,34.97626805489867],[127.94745388681135,34.977843609282125],[127.94490721649697,34.97794805424089],[127.9437374945237,34.97972860852201],[127.94073348039541,34.978962280832235],[127.94134554962272,34.98057805508984],[127.93999499877026,34.98155138861034],[127.9389799987271,34.980606944570354],[127.93468139282164,34.98226388596071],[127.93692583152118,34.984271392345676],[127.93773777580577,34.98350639056697],[127.93943694562418,34.98401111329047],[127.93999583861229,34.98265972031832],[127.94145638290925,34.98356166326735],[127.94404166693688,34.98279750189189],[127.94367888842504,34.98389139009851],[127.9444863846858,34.98413055496365],[127.94372027575855,34.98497083192604],[127.94055999768031,34.9853680527089],[127.94128749692386,34.98785749604176],[127.93895111253116,34.98755471828364],[127.93938333267297,34.989213614722374],[127.9383608318691,34.98977805754168],[127.93403916216916,34.9854147184721],[127.93436194982752,34.99071305531974],[127.93281750352247,34.990802781519704],[127.9318986074946,34.991977223062726],[127.93332333526673,34.99440499651325],[127.93436138560307,34.99451055393002],[127.93447139004452,34.99633861379029],[127.93614587132494,34.99637726890288],[127.93615139111587,34.992930003634065],[127.93748416100371,34.99220499972387],[127.93844166721375,34.99338361435501],[127.94001143836562,34.99246757667761],[127.94063893259627,34.99314701507134],[127.93805416349366,34.996976386048054],[127.94256639162836,34.99830249581055],[127.94464656913014,34.99805700773655],[127.9447666677736,34.999425832515236],[127.94295237975214,35.00022407845325],[127.93664083207206,34.997998056395524],[127.93543777266518,34.99829277878032],[127.94116016873109,35.00134773160451],[127.94079931636477,35.00363077544494],[127.94013847336586,35.003411885022345],[127.94072245391843,35.00418727135158],[127.93706313579591,35.005209771006896],[127.93751499360711,35.004092137770144],[127.93654290059047,35.00387371257001],[127.93502687125138,35.00592735209503],[127.93305271699073,35.00607327640458],[127.93025876344832,35.00914188645494],[127.93065322518973,35.01113953327973],[127.92843084241251,35.01209337627406],[127.92975850984656,35.01344711173082],[127.92653843549596,35.01337436590166],[127.92253071332753,35.01463887920042],[127.92419272310161,35.01802363669084],[127.92054052176822,35.02282532849665],[127.92189086778933,35.02368017834213],[127.92043619168417,35.02470238239939],[127.92112647222963,35.02540155636261],[127.91976460774504,35.025468201985596],[127.92101351924812,35.026641521267976],[127.92319326938305,35.026406212534084],[127.92509685770395,35.02930413920252],[127.92321321917726,35.03109474779753],[127.92387239813608,35.03189901835714],[127.92295088105405,35.033111301614646],[127.92471006055894,35.035223253710264],[127.92436615086726,35.03748645811053],[127.92326268101777,35.03801149072517],[127.92391950010602,35.04182989698948],[127.9270436846675,35.04271222119299],[127.9276019403554,35.044630319277],[127.93031964238436,35.0458908044745],[127.93118359061593,35.047735384063095]]]},"properties":{"RANK":0,"TYPE":"outer"}}]}
